/*******************************************************************************
 * Size: 28 px
 * Bpp: 4
 * Opts: undefined
 ******************************************************************************/

#ifdef LV_LVGL_H_INCLUDE_SIMPLE
#include "lvgl.h"
#else
#include "lvgl.h"
#endif

#ifndef LV_FONT_DAIMENG_28
#define LV_FONT_DAIMENG_28 1
#endif

#if LV_FONT_DAIMENG_28

/*-----------------
 *    BITMAPS
 *----------------*/

/*Store the image of the glyphs*/
static LV_ATTRIBUTE_LARGE_CONST const uint8_t glyph_bitmap[] = {
    /* U+0020 " " */

    /* U+0021 "!" */
    0x4, 0xec, 0x20, 0xef, 0xf8, 0xf, 0xff, 0xa1,
    0xff, 0xfb, 0x1f, 0xff, 0xb2, 0xff, 0xfb, 0x2f,
    0xff, 0xa2, 0xff, 0xf9, 0x2f, 0xff, 0x80, 0xff,
    0xf7, 0xa, 0xfe, 0x10, 0x1, 0x0, 0x0, 0x0,
    0x0, 0x9f, 0xb0, 0x5f, 0xff, 0x76, 0xff, 0xf8,
    0xa, 0xfb, 0x10,

    /* U+0022 "\"" */
    0xb, 0xdd, 0xc4, 0xa, 0xdd, 0xc5, 0x4f, 0xff,
    0xf3, 0x3f, 0xff, 0xf5, 0xaf, 0xff, 0xe0, 0x8f,
    0xff, 0xf0, 0x9f, 0xff, 0x80, 0x8f, 0xff, 0x90,
    0x1f, 0xff, 0x20, 0xe, 0xff, 0x30, 0x8f, 0xfa,
    0x0, 0x6f, 0xfc, 0x0, 0xbf, 0xd3, 0x0, 0x9f,
    0xe4, 0x0,

    /* U+0023 "#" */
    0x0, 0x0, 0x0, 0x0, 0x10, 0x0, 0x0, 0x0,
    0x10, 0x0, 0x0, 0x0, 0x0, 0x0, 0x7, 0xff,
    0x50, 0x0, 0x2d, 0xfd, 0x10, 0x0, 0x0, 0x0,
    0x0, 0x2f, 0xff, 0xe0, 0x0, 0x8f, 0xff, 0x70,
    0x0, 0x0, 0x0, 0x0, 0x6f, 0xff, 0xf0, 0x0,
    0xef, 0xff, 0x80, 0x0, 0x0, 0x0, 0x12, 0xaf,
    0xff, 0xe3, 0x34, 0xff, 0xff, 0xa4, 0x10, 0x0,
    0x5e, 0xff, 0xff, 0xff, 0xff, 0xff, 0xff, 0xff,
    0xff, 0xf4, 0x0, 0xff, 0xff, 0xff, 0xff, 0xff,
    0xff, 0xff, 0xff, 0xff, 0xfa, 0x1, 0xff, 0xff,
    0xff, 0xff, 0xff, 0xff, 0xff, 0xff, 0xff, 0xf6,
    0x0, 0x6e, 0xff, 0xff, 0xff, 0xff, 0xff, 0xff,
    0xfd, 0xa9, 0x50, 0x0, 0x0, 0x8, 0xff, 0xff,
    0x10, 0xf, 0xff, 0xf6, 0x0, 0x0, 0x0, 0x0,
    0xb, 0xff, 0xfd, 0x0, 0x3f, 0xff, 0xf3, 0x0,
    0x0, 0x0, 0x0, 0xf, 0xff, 0xfa, 0x0, 0x7f,
    0xff, 0xf5, 0x41, 0x0, 0x5, 0xcf, 0xff, 0xff,
    0xff, 0xff, 0xff, 0xff, 0xff, 0xff, 0x50, 0x3f,
    0xff, 0xff, 0xff, 0xff, 0xff, 0xff, 0xff, 0xff,
    0xff, 0xd0, 0x4f, 0xff, 0xff, 0xff, 0xff, 0xff,
    0xff, 0xff, 0xff, 0xff, 0x90, 0x7, 0xdf, 0xff,
    0xff, 0xff, 0xff, 0xff, 0xff, 0xff, 0xfa, 0x10,
    0x0, 0x0, 0xff, 0xff, 0xb0, 0x4, 0xff, 0xff,
    0x40, 0x0, 0x0, 0x0, 0x0, 0xff, 0xff, 0x70,
    0x7, 0xff, 0xff, 0x10, 0x0, 0x0, 0x0, 0x0,
    0xff, 0xff, 0x30, 0x6, 0xff, 0xfc, 0x0, 0x0,
    0x0, 0x0, 0x0, 0x4c, 0xe6, 0x0, 0x0, 0x9f,
    0xc2, 0x0, 0x0, 0x0,

    /* U+0024 "$" */
    0x0, 0x0, 0x1, 0x98, 0x0, 0x0, 0x0, 0x0,
    0x0, 0x7, 0xff, 0x20, 0x0, 0x0, 0x0, 0x1,
    0x6e, 0xff, 0xd9, 0x30, 0x0, 0x0, 0x5f, 0xff,
    0xff, 0xff, 0xf7, 0x0, 0x5, 0xff, 0xff, 0xff,
    0xff, 0xff, 0x0, 0xe, 0xff, 0xff, 0xff, 0xff,
    0xff, 0x20, 0x5f, 0xff, 0xec, 0xff, 0xcf, 0xf9,
    0x0, 0x8f, 0xff, 0x99, 0xff, 0x40, 0x10, 0x0,
    0x9f, 0xff, 0xfd, 0xff, 0x40, 0x0, 0x0, 0x6f,
    0xff, 0xff, 0xff, 0x70, 0x0, 0x0, 0x2f, 0xff,
    0xff, 0xff, 0xfe, 0x60, 0x0, 0x7, 0xff, 0xff,
    0xff, 0xff, 0xfa, 0x0, 0x0, 0x6e, 0xff, 0xff,
    0xff, 0xff, 0x80, 0x0, 0x1, 0x6d, 0xff, 0xff,
    0xff, 0xf1, 0x0, 0x0, 0xa, 0xff, 0xef, 0xff,
    0xf4, 0x0, 0x0, 0xa, 0xff, 0x4f, 0xff, 0xf5,
    0x1, 0x78, 0x2b, 0xff, 0x5f, 0xff, 0xf3, 0xc,
    0xff, 0xff, 0xff, 0xff, 0xff, 0xf1, 0x1f, 0xff,
    0xff, 0xff, 0xff, 0xff, 0xb0, 0xe, 0xff, 0xff,
    0xff, 0xff, 0xff, 0x20, 0x5, 0xff, 0xff, 0xff,
    0xff, 0xd3, 0x0, 0x0, 0x19, 0xdf, 0xff, 0xc6,
    0x0, 0x0, 0x0, 0x0, 0xb, 0xff, 0x10, 0x0,
    0x0, 0x0, 0x0, 0x5, 0xfa, 0x0, 0x0, 0x0,

    /* U+0025 "%" */
    0x0, 0x2b, 0xee, 0xa2, 0x0, 0x0, 0x0, 0x0,
    0x0, 0x0, 0x4, 0xff, 0xff, 0xff, 0x30, 0x0,
    0x0, 0x9f, 0xa0, 0x0, 0xe, 0xff, 0xff, 0xff,
    0xc0, 0x0, 0xa, 0xff, 0xf3, 0x0, 0x5f, 0xff,
    0x46, 0xff, 0xf1, 0x0, 0x7f, 0xff, 0xe0, 0x0,
    0x7f, 0xfd, 0x2, 0xff, 0xf2, 0x4, 0xff, 0xff,
    0x40, 0x0, 0x6f, 0xff, 0x28, 0xff, 0xf0, 0x1e,
    0xff, 0xf7, 0x0, 0x0, 0x2f, 0xff, 0xff, 0xff,
    0xa0, 0xcf, 0xff, 0xb0, 0x0, 0x0, 0x7, 0xff,
    0xff, 0xfe, 0x19, 0xff, 0xfd, 0x10, 0x0, 0x0,
    0x0, 0x5b, 0xff, 0xa1, 0x6f, 0xff, 0xf3, 0x0,
    0x0, 0x0, 0x0, 0x0, 0x0, 0x3, 0xff, 0xff,
    0x60, 0x0, 0x0, 0x0, 0x0, 0x0, 0x0, 0x1e,
    0xff, 0xf9, 0x1a, 0xdf, 0xb4, 0x0, 0x0, 0x0,
    0x0, 0xbf, 0xff, 0xd3, 0xff, 0xff, 0xff, 0x60,
    0x0, 0x0, 0x8, 0xff, 0xff, 0x2c, 0xff, 0xff,
    0xff, 0xf0, 0x0, 0x0, 0x4f, 0xff, 0xf4, 0x3f,
    0xff, 0x63, 0xff, 0xf4, 0x0, 0x1, 0xff, 0xff,
    0x80, 0x5f, 0xfe, 0x0, 0xff, 0xf6, 0x0, 0xb,
    0xff, 0xfc, 0x0, 0x4f, 0xff, 0x24, 0xff, 0xf4,
    0x0, 0x5f, 0xff, 0xe1, 0x0, 0x1f, 0xff, 0xff,
    0xff, 0xe0, 0x0, 0x6f, 0xff, 0x30, 0x0, 0x6,
    0xff, 0xff, 0xff, 0x40, 0x0, 0x6, 0x92, 0x0,
    0x0, 0x0, 0x4b, 0xee, 0xa3, 0x0,

    /* U+0026 "&" */
    0x0, 0x0, 0x0, 0x4, 0x65, 0x10, 0x0, 0x0,
    0x0, 0x0, 0x0, 0x0, 0x4e, 0xff, 0xff, 0xa0,
    0x0, 0x0, 0x0, 0x0, 0x0, 0x4f, 0xff, 0xff,
    0xff, 0xb0, 0x0, 0x0, 0x0, 0x0, 0xe, 0xff,
    0xff, 0xff, 0xff, 0x40, 0x0, 0x0, 0x0, 0x4,
    0xff, 0xfc, 0x26, 0xff, 0xf8, 0x0, 0x0, 0x0,
    0x0, 0x6f, 0xff, 0x80, 0x6f, 0xff, 0x70, 0x0,
    0x0, 0x0, 0x5, 0xff, 0xfc, 0x5f, 0xff, 0xf2,
    0x0, 0x0, 0x0, 0x0, 0x1f, 0xff, 0xff, 0xff,
    0xf8, 0x0, 0x0, 0x0, 0x0, 0x0, 0xaf, 0xff,
    0xff, 0xfc, 0x0, 0x0, 0x0, 0x0, 0x0, 0x1b,
    0xff, 0xff, 0xfb, 0x0, 0x0, 0x0, 0x0, 0x0,
    0x2e, 0xff, 0xff, 0xff, 0x60, 0x0, 0x2c, 0xe5,
    0x0, 0x1e, 0xff, 0xff, 0xff, 0xff, 0x60, 0xd,
    0xff, 0xf0, 0x9, 0xff, 0xff, 0x7c, 0xff, 0xff,
    0xab, 0xff, 0xfd, 0x0, 0xef, 0xff, 0x50, 0x1c,
    0xff, 0xff, 0xff, 0xff, 0x40, 0x1f, 0xff, 0xe0,
    0x0, 0x1c, 0xff, 0xff, 0xff, 0x90, 0x0, 0xff,
    0xff, 0x20, 0x0, 0x5f, 0xff, 0xff, 0xf4, 0x0,
    0xc, 0xff, 0xfe, 0xaa, 0xdf, 0xff, 0xff, 0xff,
    0xf6, 0x0, 0x5f, 0xff, 0xff, 0xff, 0xff, 0xff,
    0xff, 0xff, 0xf4, 0x0, 0x8f, 0xff, 0xff, 0xff,
    0xfc, 0x44, 0xef, 0xff, 0x40, 0x0, 0x39, 0xce,
    0xfd, 0xa4, 0x0, 0x1, 0xae, 0xb0, 0x0, 0x0,
    0x0, 0x0, 0x0, 0x0, 0x0, 0x0, 0x0, 0x0,

    /* U+0027 "'" */
    0x1, 0xcd, 0xdc, 0x20, 0x6f, 0xff, 0xf2, 0xc,
    0xff, 0xfc, 0x0, 0xbf, 0xff, 0x60, 0x2, 0xff,
    0xf0, 0x0, 0x9f, 0xf8, 0x0, 0xc, 0xfd, 0x10,
    0x0,

    /* U+0028 "(" */
    0x0, 0x0, 0x3d, 0xe5, 0x0, 0x0, 0x4f, 0xff,
    0xf0, 0x0, 0x1e, 0xff, 0xff, 0x0, 0x8, 0xff,
    0xff, 0x60, 0x1, 0xff, 0xff, 0x90, 0x0, 0x7f,
    0xff, 0xf2, 0x0, 0xc, 0xff, 0xfb, 0x0, 0x0,
    0xff, 0xff, 0x50, 0x0, 0x2f, 0xff, 0xf1, 0x0,
    0x5, 0xff, 0xfe, 0x0, 0x0, 0x8f, 0xff, 0xb0,
    0x0, 0xa, 0xff, 0xf9, 0x0, 0x0, 0x9f, 0xff,
    0xa0, 0x0, 0x8, 0xff, 0xfc, 0x0, 0x0, 0x5f,
    0xff, 0xf1, 0x0, 0x1, 0xff, 0xff, 0x80, 0x0,
    0xa, 0xff, 0xff, 0x10, 0x0, 0x3f, 0xff, 0xf9,
    0x0, 0x0, 0xbf, 0xff, 0xf0, 0x0, 0x2, 0xef,
    0xff, 0x10, 0x0, 0x2, 0xcf, 0x70, 0x0,

    /* U+0029 ")" */
    0xa, 0xea, 0x10, 0x0, 0x5f, 0xff, 0xc0, 0x0,
    0x3f, 0xff, 0xf8, 0x0, 0xa, 0xff, 0xff, 0x10,
    0x0, 0xff, 0xff, 0x60, 0x0, 0xaf, 0xff, 0xb0,
    0x0, 0x4f, 0xff, 0xf0, 0x0, 0x1f, 0xff, 0xf4,
    0x0, 0xd, 0xff, 0xf6, 0x0, 0xb, 0xff, 0xf7,
    0x0, 0xa, 0xff, 0xf9, 0x0, 0xc, 0xff, 0xf8,
    0x0, 0xd, 0xff, 0xf6, 0x0, 0x1f, 0xff, 0xf3,
    0x0, 0x7f, 0xff, 0xf0, 0x0, 0xdf, 0xff, 0xb0,
    0x7, 0xff, 0xff, 0x40, 0xd, 0xff, 0xfc, 0x0,
    0xf, 0xff, 0xf3, 0x0, 0x5, 0xed, 0x40, 0x0,

    /* U+002A "*" */
    0x0, 0x0, 0x10, 0x0, 0x0, 0x0, 0x4f, 0x70,
    0x0, 0x0, 0x7, 0xfb, 0x0, 0x4, 0xea, 0xaf,
    0xd9, 0xe8, 0x6f, 0xff, 0xff, 0xff, 0xa0, 0x3b,
    0xff, 0xfd, 0x50, 0x1, 0xef, 0xef, 0xf4, 0x0,
    0x6f, 0xc0, 0x9f, 0xa0, 0x0, 0x40, 0x0, 0x41,
    0x0,

    /* U+002B "+" */
    0x0, 0x0, 0x0, 0x0, 0x0, 0x0, 0x0, 0x0,
    0x0, 0xbf, 0x90, 0x0, 0x0, 0x0, 0x0, 0x4f,
    0xff, 0x0, 0x0, 0x0, 0x0, 0x7, 0xff, 0xf0,
    0x0, 0x0, 0x0, 0x0, 0x8f, 0xff, 0x10, 0x0,
    0x1, 0x45, 0x6c, 0xff, 0xf8, 0x65, 0x10, 0xaf,
    0xff, 0xff, 0xff, 0xff, 0xff, 0x1c, 0xff, 0xff,
    0xff, 0xff, 0xff, 0xf5, 0x3b, 0xff, 0xff, 0xff,
    0xff, 0xfb, 0x0, 0x0, 0x8, 0xff, 0xf1, 0x0,
    0x0, 0x0, 0x0, 0x8f, 0xff, 0x0, 0x0, 0x0,
    0x0, 0x7, 0xff, 0xd0, 0x0, 0x0, 0x0, 0x0,
    0x1d, 0xe5, 0x0, 0x0, 0x0,

    /* U+002C "," */
    0x0, 0x5, 0x61, 0x0, 0xb, 0xff, 0xd0, 0x4,
    0xff, 0xff, 0x30, 0xcf, 0xff, 0xf0, 0x3f, 0xff,
    0xf9, 0x8, 0xff, 0xff, 0x20, 0x7f, 0xff, 0xa0,
    0x0, 0xaf, 0xc1, 0x0,

    /* U+002D "-" */
    0x15, 0x67, 0x77, 0x77, 0x88, 0x61, 0xa, 0xff,
    0xff, 0xff, 0xff, 0xff, 0xe1, 0xcf, 0xff, 0xff,
    0xff, 0xff, 0xff, 0x43, 0xcf, 0xff, 0xff, 0xff,
    0xff, 0xb0, 0x0, 0x0, 0x0, 0x0, 0x0, 0x0,
    0x0,

    /* U+002E "." */
    0x0, 0x6b, 0xb7, 0x0, 0xa, 0xff, 0xff, 0xb0,
    0x4f, 0xff, 0xff, 0xf4, 0x7f, 0xff, 0xff, 0xf7,
    0x6f, 0xff, 0xff, 0xf5, 0xe, 0xff, 0xff, 0xc0,
    0x1, 0xae, 0xe9, 0x0,

    /* U+002F "/" */
    0x0, 0x0, 0x0, 0x7, 0xfb, 0x0, 0x0, 0x0,
    0x5, 0xff, 0xf6, 0x0, 0x0, 0x0, 0xdf, 0xff,
    0x40, 0x0, 0x0, 0x5f, 0xff, 0xc0, 0x0, 0x0,
    0xc, 0xff, 0xf5, 0x0, 0x0, 0x4, 0xff, 0xfd,
    0x0, 0x0, 0x0, 0xcf, 0xff, 0x60, 0x0, 0x0,
    0x3f, 0xff, 0xe0, 0x0, 0x0, 0xb, 0xff, 0xf6,
    0x0, 0x0, 0x3, 0xff, 0xfe, 0x0, 0x0, 0x0,
    0xaf, 0xff, 0x70, 0x0, 0x0, 0x2f, 0xff, 0xf0,
    0x0, 0x0, 0xa, 0xff, 0xf8, 0x0, 0x0, 0x2,
    0xff, 0xff, 0x10, 0x0, 0x0, 0x8f, 0xff, 0x90,
    0x0, 0x0, 0xb, 0xff, 0xf1, 0x0, 0x0, 0x0,
    0x3d, 0xe6, 0x0, 0x0, 0x0, 0x0,

    /* U+0030 "0" */
    0x0, 0x0, 0x0, 0x38, 0xde, 0xfd, 0xb8, 0x10,
    0x0, 0x0, 0x0, 0x0, 0x3d, 0xff, 0xff, 0xff,
    0xff, 0xfa, 0x0, 0x0, 0x0, 0x7, 0xff, 0xff,
    0xff, 0xff, 0xff, 0xff, 0xd1, 0x0, 0x0, 0x6f,
    0xff, 0xff, 0xff, 0xff, 0xff, 0xff, 0xfb, 0x0,
    0x3, 0xff, 0xff, 0xff, 0xff, 0xff, 0xff, 0xff,
    0xff, 0x50, 0xb, 0xff, 0xff, 0xff, 0xff, 0xff,
    0xff, 0xff, 0xff, 0xd0, 0x2f, 0xff, 0xff, 0xff,
    0xc4, 0x4a, 0xff, 0xff, 0xff, 0xf2, 0x7f, 0xff,
    0xff, 0xfc, 0x0, 0x0, 0xcf, 0xff, 0xff, 0xf6,
    0xaf, 0xff, 0xff, 0xf7, 0x0, 0x0, 0x5f, 0xff,
    0xff, 0xf7, 0xcf, 0xff, 0xff, 0xf4, 0x0, 0x0,
    0x3f, 0xff, 0xff, 0xf9, 0xdf, 0xff, 0xff, 0xf4,
    0x0, 0x0, 0x4f, 0xff, 0xff, 0xf9, 0xbf, 0xff,
    0xff, 0xf6, 0x0, 0x0, 0x6f, 0xff, 0xff, 0xf8,
    0x9f, 0xff, 0xff, 0xfc, 0x0, 0x0, 0xcf, 0xff,
    0xff, 0xf5, 0x5f, 0xff, 0xff, 0xff, 0xa3, 0x4a,
    0xff, 0xff, 0xff, 0xf1, 0x1f, 0xff, 0xff, 0xff,
    0xff, 0xff, 0xff, 0xff, 0xff, 0xa0, 0x8, 0xff,
    0xff, 0xff, 0xff, 0xff, 0xff, 0xff, 0xff, 0x30,
    0x0, 0xdf, 0xff, 0xff, 0xff, 0xff, 0xff, 0xff,
    0xf8, 0x0, 0x0, 0x2d, 0xff, 0xff, 0xff, 0xff,
    0xff, 0xff, 0xa0, 0x0, 0x0, 0x1, 0xaf, 0xff,
    0xff, 0xff, 0xff, 0xf7, 0x0, 0x0, 0x0, 0x0,
    0x1, 0x8b, 0xdf, 0xfe, 0xc7, 0x10, 0x0, 0x0,

    /* U+0031 "1" */
    0x0, 0x9f, 0xe8, 0x0, 0x8, 0xff, 0xff, 0x70,
    0xf, 0xff, 0xff, 0xd0, 0x2f, 0xff, 0xff, 0xf0,
    0x4f, 0xff, 0xff, 0xf0, 0x6f, 0xff, 0xff, 0xf0,
    0x8f, 0xff, 0xff, 0xf1, 0x9f, 0xff, 0xff, 0xf1,
    0xaf, 0xff, 0xff, 0xf2, 0xbf, 0xff, 0xff, 0xf3,
    0xcf, 0xff, 0xff, 0xf3, 0xcf, 0xff, 0xff, 0xf4,
    0xcf, 0xff, 0xff, 0xf4, 0xbf, 0xff, 0xff, 0xf5,
    0xbf, 0xff, 0xff, 0xf4, 0x9f, 0xff, 0xff, 0xf3,
    0x7f, 0xff, 0xff, 0xf2, 0x4f, 0xff, 0xff, 0xf0,
    0xd, 0xff, 0xff, 0xb0, 0x1, 0xae, 0xea, 0x0,

    /* U+0032 "2" */
    0x0, 0x0, 0x18, 0xbd, 0xfe, 0xc8, 0x20, 0x0,
    0x0, 0x0, 0x8f, 0xff, 0xff, 0xff, 0xff, 0x90,
    0x0, 0x0, 0x9f, 0xff, 0xff, 0xff, 0xff, 0xff,
    0xa0, 0x0, 0x5f, 0xff, 0xff, 0xff, 0xff, 0xff,
    0xff, 0x30, 0xa, 0xff, 0xff, 0xff, 0xff, 0xff,
    0xff, 0xf7, 0x0, 0xcf, 0xff, 0xff, 0xff, 0xff,
    0xff, 0xff, 0x90, 0x8, 0xff, 0xfe, 0x82, 0x4e,
    0xff, 0xff, 0xf7, 0x0, 0x6, 0x96, 0x0, 0x0,
    0xbf, 0xff, 0xff, 0x20, 0x0, 0x0, 0x0, 0x0,
    0x3f, 0xff, 0xff, 0xc0, 0x0, 0x0, 0x0, 0x0,
    0x3f, 0xff, 0xff, 0xf2, 0x0, 0x0, 0x0, 0x0,
    0x4f, 0xff, 0xff, 0xf5, 0x0, 0x0, 0x0, 0x0,
    0x8f, 0xff, 0xff, 0xf5, 0x0, 0x0, 0x0, 0x2,
    0xdf, 0xff, 0xff, 0xf4, 0x0, 0x0, 0x0, 0x4,
    0xff, 0xff, 0xff, 0xf9, 0x33, 0x31, 0x0, 0x3,
    0xff, 0xff, 0xff, 0xff, 0xff, 0xff, 0xfb, 0x0,
    0xcf, 0xff, 0xff, 0xff, 0xff, 0xff, 0xff, 0xfa,
    0xf, 0xff, 0xff, 0xff, 0xff, 0xff, 0xff, 0xff,
    0xe0, 0xdf, 0xff, 0xff, 0xff, 0xff, 0xff, 0xff,
    0xfc, 0x5, 0xff, 0xff, 0xff, 0xff, 0xff, 0xff,
    0xff, 0x40, 0x3, 0x9c, 0xef, 0xff, 0xff, 0xff,
    0xeb, 0x40,

    /* U+0033 "3" */
    0x0, 0x3, 0x9b, 0xdf, 0xec, 0xa3, 0x0, 0x0,
    0x0, 0xa, 0xff, 0xff, 0xff, 0xff, 0xfd, 0x40,
    0x0, 0xa, 0xff, 0xff, 0xff, 0xff, 0xff, 0xff,
    0x50, 0x0, 0xff, 0xff, 0xff, 0xff, 0xff, 0xff,
    0xff, 0x10, 0xd, 0xff, 0xff, 0xff, 0xff, 0xff,
    0xff, 0xf8, 0x0, 0x3c, 0xeb, 0x75, 0x49, 0xff,
    0xff, 0xff, 0xb0, 0x0, 0x0, 0x0, 0x0, 0xd,
    0xff, 0xff, 0xfa, 0x0, 0x0, 0x0, 0x0, 0x0,
    0xef, 0xff, 0xff, 0x70, 0x0, 0x0, 0x2, 0x58,
    0xdf, 0xff, 0xff, 0xd0, 0x0, 0x0, 0xa, 0xff,
    0xff, 0xff, 0xff, 0xc1, 0x0, 0x0, 0x3, 0xff,
    0xff, 0xff, 0xff, 0xf5, 0x0, 0x0, 0x0, 0x1f,
    0xff, 0xff, 0xff, 0xff, 0xf6, 0x0, 0x0, 0x0,
    0x28, 0xac, 0xff, 0xff, 0xff, 0xf4, 0x0, 0x0,
    0x0, 0x0, 0x0, 0xaf, 0xff, 0xff, 0xd0, 0x0,
    0x0, 0x0, 0x0, 0x4, 0xff, 0xff, 0xff, 0x20,
    0x0, 0x10, 0x0, 0x0, 0x8f, 0xff, 0xff, 0xf2,
    0x1, 0xcf, 0xfb, 0x87, 0xbf, 0xff, 0xff, 0xff,
    0x10, 0xaf, 0xff, 0xff, 0xff, 0xff, 0xff, 0xff,
    0xc0, 0xc, 0xff, 0xff, 0xff, 0xff, 0xff, 0xff,
    0xf4, 0x0, 0x8f, 0xff, 0xff, 0xff, 0xff, 0xff,
    0xf7, 0x0, 0x0, 0xcf, 0xff, 0xff, 0xff, 0xff,
    0xe5, 0x0, 0x0, 0x0, 0x5b, 0xde, 0xfe, 0xca,
    0x50, 0x0, 0x0,

    /* U+0034 "4" */
    0x0, 0x0, 0x6, 0xde, 0x80, 0x0, 0x2b, 0xb5,
    0x0, 0x0, 0x0, 0x0, 0x5f, 0xff, 0xf6, 0x2,
    0xef, 0xff, 0x30, 0x0, 0x0, 0x0, 0xdf, 0xff,
    0xf9, 0x8, 0xff, 0xff, 0x70, 0x0, 0x0, 0x4,
    0xff, 0xff, 0xf7, 0xc, 0xff, 0xff, 0xb0, 0x0,
    0x0, 0xa, 0xff, 0xff, 0xf2, 0xd, 0xff, 0xff,
    0xc0, 0x0, 0x0, 0x1f, 0xff, 0xff, 0xe0, 0xf,
    0xff, 0xff, 0xd0, 0x0, 0x0, 0x7f, 0xff, 0xff,
    0xa0, 0xf, 0xff, 0xff, 0xd0, 0x0, 0x0, 0xdf,
    0xff, 0xff, 0x60, 0x2f, 0xff, 0xff, 0xe0, 0x0,
    0x3, 0xff, 0xff, 0xff, 0x10, 0x3f, 0xff, 0xff,
    0xd0, 0x0, 0x9, 0xff, 0xff, 0xfc, 0x0, 0x3f,
    0xff, 0xff, 0xd0, 0x0, 0xe, 0xff, 0xff, 0xf8,
    0x0, 0x4f, 0xff, 0xff, 0xe2, 0x0, 0x3f, 0xff,
    0xff, 0xfe, 0xcb, 0xdf, 0xff, 0xff, 0xff, 0xb1,
    0x6f, 0xff, 0xff, 0xff, 0xff, 0xff, 0xff, 0xff,
    0xff, 0xf7, 0x6f, 0xff, 0xff, 0xff, 0xff, 0xff,
    0xff, 0xff, 0xff, 0xfa, 0x1f, 0xff, 0xff, 0xff,
    0xff, 0xff, 0xff, 0xff, 0xff, 0xf4, 0x4, 0xef,
    0xff, 0xff, 0xff, 0xff, 0xff, 0xff, 0xfa, 0x30,
    0x0, 0x3, 0x69, 0xaa, 0xbb, 0xdf, 0xff, 0xff,
    0xb0, 0x0, 0x0, 0x0, 0x0, 0x0, 0x0, 0x4f,
    0xff, 0xff, 0x90, 0x0, 0x0, 0x0, 0x0, 0x0,
    0x0, 0xe, 0xff, 0xff, 0x30, 0x0, 0x0, 0x0,
    0x0, 0x0, 0x0, 0x3, 0xcf, 0xd6, 0x0, 0x0,

    /* U+0035 "5" */
    0x2, 0xae, 0xff, 0xff, 0xff, 0xff, 0xfb, 0x30,
    0x0, 0xdf, 0xff, 0xff, 0xff, 0xff, 0xff, 0xfe,
    0x0, 0x2f, 0xff, 0xff, 0xff, 0xff, 0xff, 0xff,
    0xe0, 0x5, 0xff, 0xff, 0xff, 0xff, 0xff, 0xff,
    0xe4, 0x0, 0x5f, 0xff, 0xff, 0xc6, 0x65, 0x43,
    0x10, 0x0, 0x6, 0xff, 0xff, 0xfa, 0x10, 0x0,
    0x0, 0x0, 0x0, 0x7f, 0xff, 0xff, 0xff, 0xfe,
    0xca, 0x40, 0x0, 0x7, 0xff, 0xff, 0xff, 0xff,
    0xff, 0xff, 0xc1, 0x0, 0x5f, 0xff, 0xff, 0xff,
    0xff, 0xff, 0xff, 0xc0, 0x2, 0xff, 0xff, 0xff,
    0xff, 0xff, 0xff, 0xff, 0x60, 0x9, 0xff, 0xff,
    0xa7, 0xcf, 0xff, 0xff, 0xfc, 0x0, 0x7, 0xc9,
    0x20, 0x0, 0xff, 0xff, 0xff, 0xf0, 0x0, 0x0,
    0x0, 0x0, 0xe, 0xff, 0xff, 0xff, 0x10, 0x38,
    0x63, 0x0, 0x9, 0xff, 0xff, 0xff, 0xf0, 0x4f,
    0xff, 0xff, 0xff, 0xff, 0xff, 0xff, 0xfd, 0xc,
    0xff, 0xff, 0xff, 0xff, 0xff, 0xff, 0xff, 0x70,
    0xdf, 0xff, 0xff, 0xff, 0xff, 0xff, 0xff, 0xd0,
    0x8, 0xff, 0xff, 0xff, 0xff, 0xff, 0xff, 0xe2,
    0x0, 0xa, 0xff, 0xff, 0xff, 0xff, 0xff, 0xb2,
    0x0, 0x0, 0x3, 0x8c, 0xff, 0xed, 0xb8, 0x30,
    0x0, 0x0,

    /* U+0036 "6" */
    0x0, 0x0, 0x0, 0x2, 0xae, 0xd3, 0x0, 0x0,
    0x0, 0x0, 0x0, 0x0, 0x3f, 0xff, 0xfe, 0x0,
    0x0, 0x0, 0x0, 0x0, 0x3, 0xff, 0xff, 0xff,
    0x20, 0x0, 0x0, 0x0, 0x0, 0x3f, 0xff, 0xff,
    0xfb, 0x0, 0x0, 0x0, 0x0, 0x1, 0xef, 0xff,
    0xff, 0xf3, 0x0, 0x0, 0x0, 0x0, 0x9, 0xff,
    0xff, 0xff, 0x90, 0x0, 0x0, 0x0, 0x0, 0x4f,
    0xff, 0xff, 0xfe, 0x0, 0x0, 0x0, 0x0, 0x0,
    0xdf, 0xff, 0xff, 0xfa, 0x31, 0x0, 0x0, 0x0,
    0x5, 0xff, 0xff, 0xff, 0xff, 0xff, 0xe9, 0x20,
    0x0, 0xb, 0xff, 0xff, 0xff, 0xff, 0xff, 0xff,
    0xf7, 0x0, 0x1f, 0xff, 0xff, 0xff, 0xff, 0xff,
    0xff, 0xff, 0x60, 0x3f, 0xff, 0xff, 0xff, 0xff,
    0xff, 0xff, 0xff, 0xe0, 0x6f, 0xff, 0xff, 0xff,
    0xff, 0xff, 0xff, 0xff, 0xf4, 0x7f, 0xff, 0xff,
    0xfb, 0x20, 0x7f, 0xff, 0xff, 0xf7, 0x6f, 0xff,
    0xff, 0xf5, 0x0, 0xf, 0xff, 0xff, 0xf8, 0x2f,
    0xff, 0xff, 0xfb, 0x0, 0x5f, 0xff, 0xff, 0xf5,
    0xc, 0xff, 0xff, 0xff, 0xfe, 0xff, 0xff, 0xff,
    0xf1, 0x4, 0xff, 0xff, 0xff, 0xff, 0xff, 0xff,
    0xff, 0x90, 0x0, 0x6f, 0xff, 0xff, 0xff, 0xff,
    0xff, 0xfd, 0x10, 0x0, 0x4, 0xdf, 0xff, 0xff,
    0xff, 0xff, 0xb1, 0x0, 0x0, 0x0, 0x4, 0x7b,
    0xef, 0xec, 0x94, 0x0, 0x0,

    /* U+0037 "7" */
    0x4, 0xdf, 0xff, 0xff, 0xff, 0xff, 0xff, 0xb2,
    0x2, 0xff, 0xff, 0xff, 0xff, 0xff, 0xff, 0xff,
    0xf1, 0x7f, 0xff, 0xff, 0xff, 0xff, 0xff, 0xff,
    0xff, 0x45, 0xff, 0xff, 0xff, 0xff, 0xff, 0xff,
    0xff, 0xf3, 0xd, 0xff, 0xff, 0xff, 0xff, 0xff,
    0xff, 0xff, 0x10, 0x19, 0xcd, 0xef, 0xff, 0xff,
    0xff, 0xff, 0xe0, 0x0, 0x0, 0x0, 0x0, 0x8,
    0xff, 0xff, 0xf9, 0x0, 0x0, 0x0, 0x0, 0x0,
    0xcf, 0xff, 0xff, 0x50, 0x0, 0x0, 0x0, 0x0,
    0x3f, 0xff, 0xff, 0xf1, 0x0, 0x0, 0x0, 0x0,
    0xa, 0xff, 0xff, 0xfc, 0x0, 0x0, 0x0, 0x0,
    0x1, 0xff, 0xff, 0xff, 0x80, 0x0, 0x0, 0x0,
    0x0, 0x8f, 0xff, 0xff, 0xf3, 0x0, 0x0, 0x0,
    0x0, 0xe, 0xff, 0xff, 0xfe, 0x0, 0x0, 0x0,
    0x0, 0x6, 0xff, 0xff, 0xff, 0x80, 0x0, 0x0,
    0x0, 0x0, 0xdf, 0xff, 0xff, 0xf2, 0x0, 0x0,
    0x0, 0x0, 0x3f, 0xff, 0xff, 0xfc, 0x0, 0x0,
    0x0, 0x0, 0x8, 0xff, 0xff, 0xff, 0x60, 0x0,
    0x0, 0x0, 0x0, 0xbf, 0xff, 0xff, 0xe1, 0x0,
    0x0, 0x0, 0x0, 0x6, 0xff, 0xff, 0xf6, 0x0,
    0x0, 0x0, 0x0, 0x0, 0x7, 0xdf, 0xc6, 0x0,
    0x0, 0x0,

    /* U+0038 "8" */
    0x0, 0x0, 0x17, 0xbd, 0xfe, 0xca, 0x50, 0x0,
    0x0, 0x0, 0x6, 0xff, 0xff, 0xff, 0xff, 0xfe,
    0x30, 0x0, 0x0, 0x5f, 0xff, 0xff, 0xff, 0xff,
    0xff, 0xe2, 0x0, 0x0, 0xff, 0xff, 0xff, 0xff,
    0xff, 0xff, 0xf9, 0x0, 0x3, 0xff, 0xff, 0xf5,
    0x0, 0x6f, 0xff, 0xfd, 0x0, 0x5, 0xff, 0xff,
    0xf4, 0x0, 0x6f, 0xff, 0xfc, 0x0, 0x1, 0xff,
    0xff, 0xff, 0xee, 0xff, 0xff, 0xf6, 0x0, 0x0,
    0xbf, 0xff, 0xff, 0xff, 0xff, 0xff, 0xa0, 0x0,
    0x0, 0x1c, 0xff, 0xff, 0xff, 0xff, 0xff, 0x30,
    0x0, 0x0, 0x5e, 0xff, 0xff, 0xff, 0xff, 0xff,
    0xf7, 0x0, 0x6, 0xff, 0xff, 0xff, 0xff, 0xff,
    0xff, 0xff, 0x40, 0x1f, 0xff, 0xff, 0xff, 0xff,
    0xff, 0xff, 0xff, 0xe0, 0x8f, 0xff, 0xff, 0xfb,
    0x12, 0xbf, 0xff, 0xff, 0xf1, 0xbf, 0xff, 0xff,
    0xf2, 0x0, 0x1f, 0xff, 0xff, 0xf5, 0xcf, 0xff,
    0xff, 0xf2, 0x0, 0x1f, 0xff, 0xff, 0xf4, 0x9f,
    0xff, 0xff, 0xfc, 0x33, 0xbf, 0xff, 0xff, 0xf0,
    0x2f, 0xff, 0xff, 0xff, 0xff, 0xff, 0xff, 0xff,
    0x90, 0x7, 0xff, 0xff, 0xff, 0xff, 0xff, 0xff,
    0xfb, 0x0, 0x0, 0x5e, 0xff, 0xff, 0xff, 0xff,
    0xff, 0x90, 0x0, 0x0, 0x0, 0x39, 0xde, 0xff,
    0xdc, 0x71, 0x0, 0x0,

    /* U+0039 "9" */
    0x0, 0x0, 0x17, 0xbe, 0xfe, 0xca, 0x50, 0x0,
    0x0, 0x0, 0x7f, 0xff, 0xff, 0xff, 0xff, 0xe4,
    0x0, 0x0, 0xaf, 0xff, 0xff, 0xff, 0xff, 0xff,
    0xf5, 0x0, 0x6f, 0xff, 0xff, 0xff, 0xff, 0xff,
    0xff, 0xe1, 0xe, 0xff, 0xff, 0xff, 0xff, 0xff,
    0xff, 0xff, 0x74, 0xff, 0xff, 0xff, 0x74, 0x9f,
    0xff, 0xff, 0xfb, 0x7f, 0xff, 0xff, 0x90, 0x0,
    0xdf, 0xff, 0xff, 0xd8, 0xff, 0xff, 0xf8, 0x0,
    0xd, 0xff, 0xff, 0xfe, 0x7f, 0xff, 0xff, 0xe4,
    0x17, 0xff, 0xff, 0xff, 0xb4, 0xff, 0xff, 0xff,
    0xff, 0xff, 0xff, 0xff, 0xf9, 0xe, 0xff, 0xff,
    0xff, 0xff, 0xff, 0xff, 0xff, 0x70, 0x4f, 0xff,
    0xff, 0xff, 0xff, 0xff, 0xff, 0xf4, 0x0, 0x5f,
    0xff, 0xff, 0xff, 0xff, 0xff, 0xfe, 0x0, 0x0,
    0x17, 0xce, 0xff, 0xff, 0xff, 0xff, 0x90, 0x0,
    0x0, 0x0, 0x0, 0xbf, 0xff, 0xff, 0xf4, 0x0,
    0x0, 0x0, 0x0, 0x1f, 0xff, 0xff, 0xfe, 0x0,
    0x0, 0x0, 0x0, 0x7, 0xff, 0xff, 0xff, 0x60,
    0x0, 0x0, 0x0, 0x0, 0xdf, 0xff, 0xff, 0xe0,
    0x0, 0x0, 0x0, 0x0, 0x2f, 0xff, 0xff, 0xf4,
    0x0, 0x0, 0x0, 0x0, 0x2, 0xff, 0xff, 0xf9,
    0x0, 0x0, 0x0, 0x0, 0x0, 0x8, 0xff, 0xf8,
    0x0, 0x0, 0x0, 0x0, 0x0, 0x0, 0x1, 0x20,
    0x0, 0x0, 0x0,

    /* U+003A ":" */
    0x2, 0x9a, 0x50, 0xe, 0xff, 0xf6, 0x3f, 0xff,
    0xfa, 0xf, 0xff, 0xf6, 0x4, 0xde, 0x90, 0x0,
    0x0, 0x0, 0x0, 0x0, 0x0, 0x1, 0x78, 0x30,
    0xb, 0xff, 0xf2, 0xf, 0xff, 0xf7, 0xe, 0xff,
    0xf4, 0x3, 0xce, 0x80,

    /* U+003B ";" */
    0x4, 0xdf, 0xb1, 0xe, 0xff, 0xfa, 0xf, 0xff,
    0xfb, 0xb, 0xff, 0xf6, 0x1, 0x8a, 0x60, 0x0,
    0x0, 0x0, 0x0, 0xab, 0x30, 0x9, 0xff, 0xe1,
    0xb, 0xff, 0xf5, 0x7, 0xff, 0xf6, 0x2, 0xff,
    0xf4, 0x4, 0xff, 0xd0, 0x2, 0xed, 0x30,

    /* U+003C "<" */
    0x0, 0x0, 0x0, 0x10, 0x0, 0x0, 0x0, 0x7,
    0xff, 0x70, 0x0, 0x0, 0x3f, 0xff, 0xf0, 0x0,
    0x4, 0xff, 0xff, 0xc0, 0x0, 0x9f, 0xff, 0xfd,
    0x10, 0x3e, 0xff, 0xff, 0xc1, 0x0, 0xbf, 0xff,
    0xf8, 0x0, 0x0, 0xcf, 0xff, 0xf9, 0x0, 0x0,
    0x2b, 0xff, 0xff, 0xc2, 0x0, 0x0, 0x5e, 0xff,
    0xfe, 0x30, 0x0, 0x1, 0xdf, 0xff, 0xe0, 0x0,
    0x0, 0x1f, 0xff, 0xd0, 0x0, 0x0, 0x5, 0xed,
    0x40,

    /* U+003D "=" */
    0x0, 0x0, 0x0, 0x0, 0x1, 0x0, 0x0, 0xa,
    0xef, 0xff, 0xff, 0xff, 0xfe, 0x50, 0x1f, 0xff,
    0xff, 0xff, 0xff, 0xff, 0xf0, 0xd, 0xff, 0xff,
    0xff, 0xff, 0xff, 0xd0, 0x0, 0x47, 0x77, 0x77,
    0x77, 0x75, 0x10, 0x0, 0x0, 0x0, 0x0, 0x0,
    0x0, 0x0, 0x0, 0x0, 0x0, 0x0, 0x0, 0x0,
    0x0, 0x2, 0x56, 0x77, 0x77, 0x88, 0x85, 0x0,
    0xe, 0xff, 0xff, 0xff, 0xff, 0xff, 0xb0, 0x1f,
    0xff, 0xff, 0xff, 0xff, 0xff, 0xf0, 0x6, 0xdf,
    0xff, 0xff, 0xff, 0xfe, 0x70, 0x0, 0x0, 0x0,
    0x0, 0x0, 0x0, 0x0,

    /* U+003E ">" */
    0x0, 0x0, 0x0, 0x0, 0x0, 0x8, 0xff, 0x60,
    0x0, 0x0, 0xf, 0xff, 0xf3, 0x0, 0x0, 0xc,
    0xff, 0xfe, 0x30, 0x0, 0x1, 0xdf, 0xff, 0xf8,
    0x0, 0x0, 0x1c, 0xff, 0xff, 0xd2, 0x0, 0x0,
    0x8f, 0xff, 0xfa, 0x0, 0x0, 0xaf, 0xff, 0xfa,
    0x0, 0x2d, 0xff, 0xff, 0xb1, 0x4, 0xff, 0xff,
    0xe4, 0x0, 0xe, 0xff, 0xfc, 0x10, 0x0, 0xe,
    0xff, 0xe1, 0x0, 0x0, 0x4, 0xee, 0x40, 0x0,
    0x0,

    /* U+003F "?" */
    0x0, 0x17, 0xce, 0xfd, 0x81, 0x0, 0x4, 0xef,
    0xff, 0xff, 0xff, 0x40, 0x2f, 0xff, 0xff, 0xff,
    0xff, 0xe1, 0xaf, 0xff, 0xd8, 0x8e, 0xff, 0xf6,
    0xdf, 0xfc, 0x0, 0x2, 0xff, 0xf9, 0x4e, 0xc1,
    0x0, 0x6, 0xff, 0xf8, 0x0, 0x0, 0x0, 0x8f,
    0xff, 0xf4, 0x0, 0x0, 0x1c, 0xff, 0xff, 0x90,
    0x0, 0x0, 0xcf, 0xff, 0xf9, 0x0, 0x0, 0x3,
    0xff, 0xfe, 0x40, 0x0, 0x0, 0x3, 0xff, 0xf5,
    0x0, 0x0, 0x0, 0x0, 0x9d, 0x80, 0x0, 0x0,
    0x0, 0x0, 0x0, 0x0, 0x0, 0x0, 0x0, 0x0,
    0x7d, 0x90, 0x0, 0x0, 0x0, 0x4, 0xff, 0xf6,
    0x0, 0x0, 0x0, 0x5, 0xff, 0xf7, 0x0, 0x0,
    0x0, 0x0, 0xae, 0xa1, 0x0, 0x0,

    /* U+0040 "@" */
    0x0, 0x0, 0x0, 0x26, 0xbd, 0xff, 0xdb, 0x61,
    0x0, 0x0, 0x0, 0x0, 0x2, 0xaf, 0xff, 0xff,
    0xff, 0xff, 0xf9, 0x10, 0x0, 0x0, 0x5, 0xff,
    0xff, 0xff, 0xff, 0xff, 0xff, 0xfd, 0x20, 0x0,
    0x6, 0xff, 0xff, 0xb5, 0x20, 0x2, 0x6c, 0xff,
    0xfd, 0x10, 0x4, 0xff, 0xfd, 0x40, 0x0, 0x0,
    0x0, 0x5, 0xff, 0xfa, 0x0, 0xdf, 0xfe, 0x20,
    0x4c, 0xfd, 0x80, 0x63, 0x5, 0xff, 0xf1, 0x5f,
    0xff, 0x50, 0x6f, 0xff, 0xff, 0xff, 0xf0, 0xd,
    0xff, 0x6a, 0xff, 0xe0, 0x1f, 0xff, 0xfe, 0xff,
    0xff, 0x10, 0x8f, 0xf9, 0xdf, 0xf9, 0x7, 0xff,
    0xf2, 0x9, 0xff, 0xf0, 0x7, 0xff, 0xae, 0xff,
    0x70, 0x9f, 0xfc, 0x0, 0x6f, 0xff, 0x0, 0x9f,
    0xf8, 0xef, 0xf7, 0x7, 0xff, 0xe1, 0x1d, 0xff,
    0xf3, 0xd, 0xff, 0x5b, 0xff, 0xa0, 0x2f, 0xff,
    0xff, 0xff, 0xff, 0xff, 0xff, 0xf0, 0x8f, 0xff,
    0x10, 0x5f, 0xff, 0xff, 0xcf, 0xff, 0xff, 0xf5,
    0x1, 0xff, 0xfa, 0x0, 0x27, 0x98, 0x20, 0x3b,
    0xfe, 0xb3, 0x0, 0x9, 0xff, 0xfa, 0x10, 0x0,
    0x0, 0x0, 0x0, 0x0, 0x0, 0x0, 0xc, 0xff,
    0xfe, 0x83, 0x10, 0x13, 0x85, 0x0, 0x0, 0x0,
    0x0, 0x1b, 0xff, 0xff, 0xff, 0xff, 0xff, 0xf4,
    0x0, 0x0, 0x0, 0x0, 0x6, 0xef, 0xff, 0xff,
    0xff, 0xff, 0x40, 0x0, 0x0, 0x0, 0x0, 0x0,
    0x4a, 0xce, 0xff, 0xd9, 0x30, 0x0, 0x0, 0x0,

    /* U+0041 "A" */
    0x0, 0x0, 0x0, 0x0, 0x4c, 0xfd, 0x91, 0x0,
    0x0, 0x0, 0x0, 0x0, 0x0, 0x8f, 0xff, 0xff,
    0xd2, 0x0, 0x0, 0x0, 0x0, 0x0, 0xaf, 0xff,
    0xff, 0xff, 0xc0, 0x0, 0x0, 0x0, 0x0, 0x7f,
    0xff, 0xff, 0xff, 0xff, 0x50, 0x0, 0x0, 0x0,
    0x3f, 0xff, 0xff, 0xff, 0xff, 0xfc, 0x0, 0x0,
    0x0, 0xc, 0xff, 0xff, 0xe5, 0xff, 0xff, 0xf2,
    0x0, 0x0, 0x5, 0xff, 0xff, 0xf4, 0xf, 0xff,
    0xff, 0x70, 0x0, 0x0, 0xcf, 0xff, 0xfc, 0x0,
    0xdf, 0xff, 0xfa, 0x0, 0x0, 0x2f, 0xff, 0xff,
    0x60, 0x9, 0xff, 0xff, 0xd0, 0x0, 0x9, 0xff,
    0xff, 0xf1, 0x0, 0x6f, 0xff, 0xff, 0x10, 0x0,
    0xdf, 0xff, 0xff, 0xff, 0xff, 0xff, 0xff, 0xf4,
    0x0, 0x2f, 0xff, 0xff, 0xff, 0xff, 0xff, 0xff,
    0xff, 0x70, 0x6, 0xff, 0xff, 0xff, 0xff, 0xff,
    0xff, 0xff, 0xf9, 0x0, 0x9f, 0xff, 0xff, 0xff,
    0xff, 0xff, 0xff, 0xff, 0xb0, 0xd, 0xff, 0xff,
    0xff, 0xee, 0xee, 0xff, 0xff, 0xfe, 0x0, 0xff,
    0xff, 0xf7, 0x0, 0x0, 0xa, 0xff, 0xff, 0xf0,
    0xf, 0xff, 0xff, 0x40, 0x0, 0x0, 0x9f, 0xff,
    0xff, 0x10, 0xff, 0xff, 0xf0, 0x0, 0x0, 0x7,
    0xff, 0xff, 0xf0, 0xd, 0xff, 0xfa, 0x0, 0x0,
    0x0, 0x2f, 0xff, 0xfc, 0x0, 0x3b, 0xeb, 0x10,
    0x0, 0x0, 0x0, 0x4c, 0xfc, 0x30,

    /* U+0042 "B" */
    0x0, 0x0, 0x0, 0x2, 0x23, 0x20, 0x0, 0x0,
    0x0, 0x0, 0x1, 0x7b, 0xef, 0xff, 0xff, 0xc6,
    0x0, 0x0, 0x0, 0x4f, 0xff, 0xff, 0xff, 0xff,
    0xff, 0xe3, 0x0, 0x2, 0xff, 0xff, 0xff, 0xff,
    0xff, 0xff, 0xff, 0x30, 0x8, 0xff, 0xff, 0xff,
    0xff, 0xff, 0xff, 0xff, 0xd0, 0xb, 0xff, 0xfe,
    0x53, 0x1, 0x38, 0xff, 0xff, 0xf4, 0xd, 0xff,
    0xfd, 0x0, 0x0, 0x0, 0x6f, 0xff, 0xf7, 0xe,
    0xff, 0xfd, 0x0, 0x0, 0x0, 0x9f, 0xff, 0xf7,
    0xf, 0xff, 0xfd, 0x0, 0x0, 0x4a, 0xff, 0xff,
    0xf4, 0xf, 0xff, 0xff, 0xac, 0xef, 0xff, 0xff,
    0xff, 0xd0, 0x1f, 0xff, 0xff, 0xff, 0xff, 0xff,
    0xff, 0xff, 0x30, 0x2f, 0xff, 0xff, 0xff, 0xff,
    0xff, 0xff, 0xf3, 0x0, 0x2f, 0xff, 0xff, 0xff,
    0xff, 0xff, 0xff, 0xf5, 0x0, 0x1f, 0xff, 0xff,
    0xfe, 0xef, 0xff, 0xff, 0xfd, 0x0, 0xf, 0xff,
    0xff, 0x0, 0x0, 0x7f, 0xff, 0xff, 0x10, 0xf,
    0xff, 0xff, 0x10, 0x0, 0xf, 0xff, 0xff, 0x20,
    0xe, 0xff, 0xff, 0x10, 0x0, 0x5f, 0xff, 0xff,
    0x10, 0xc, 0xff, 0xff, 0x10, 0x39, 0xff, 0xff,
    0xfe, 0x0, 0x8, 0xff, 0xfe, 0xa, 0xff, 0xff,
    0xff, 0xf7, 0x0, 0x1, 0xef, 0xf6, 0x5f, 0xff,
    0xff, 0xff, 0xd1, 0x0, 0x0, 0x15, 0x20, 0x7f,
    0xff, 0xff, 0xfd, 0x10, 0x0, 0x0, 0x0, 0x0,
    0x3f, 0xff, 0xff, 0x80, 0x0, 0x0, 0x0, 0x0,
    0x0, 0x2, 0x76, 0x40, 0x0, 0x0, 0x0,

    /* U+0043 "C" */
    0x0, 0x0, 0x0, 0x39, 0xdf, 0xfd, 0xa3, 0x0,
    0x0, 0x0, 0x1, 0xbf, 0xff, 0xff, 0xff, 0xf7,
    0x0, 0x0, 0x3, 0xef, 0xff, 0xff, 0xff, 0xff,
    0xd0, 0x0, 0x2, 0xef, 0xff, 0xff, 0xff, 0xff,
    0xfa, 0x0, 0x0, 0xdf, 0xff, 0xff, 0xfd, 0xbb,
    0xb8, 0x0, 0x0, 0x6f, 0xff, 0xff, 0xe3, 0x0,
    0x0, 0x0, 0x0, 0xe, 0xff, 0xff, 0xf3, 0x0,
    0x0, 0x0, 0x0, 0x4, 0xff, 0xff, 0xf6, 0x0,
    0x0, 0x0, 0x0, 0x0, 0x8f, 0xff, 0xfe, 0x0,
    0x0, 0x0, 0x0, 0x0, 0xc, 0xff, 0xff, 0x90,
    0x0, 0x0, 0x0, 0x0, 0x0, 0xdf, 0xff, 0xf7,
    0x0, 0x0, 0x0, 0x0, 0x0, 0xe, 0xff, 0xff,
    0x60, 0x0, 0x0, 0x0, 0x0, 0x0, 0xcf, 0xff,
    0xf9, 0x0, 0x0, 0x0, 0x0, 0x0, 0xb, 0xff,
    0xff, 0xf2, 0x0, 0x0, 0x0, 0x0, 0x0, 0x6f,
    0xff, 0xff, 0xf8, 0x31, 0x36, 0xbe, 0xd4, 0x1,
    0xff, 0xff, 0xff, 0xff, 0xff, 0xff, 0xff, 0xf1,
    0x7, 0xff, 0xff, 0xff, 0xff, 0xff, 0xff, 0xff,
    0x40, 0xa, 0xff, 0xff, 0xff, 0xff, 0xff, 0xff,
    0xf1, 0x0, 0x6, 0xef, 0xff, 0xff, 0xff, 0xff,
    0xd3, 0x0, 0x0, 0x0, 0x5a, 0xde, 0xfe, 0xd9,
    0x50, 0x0,

    /* U+0044 "D" */
    0x0, 0x18, 0xdf, 0xed, 0xa6, 0x10, 0x0, 0x0,
    0x0, 0x2, 0xef, 0xff, 0xff, 0xff, 0xfa, 0x20,
    0x0, 0x0, 0x8, 0xff, 0xff, 0xff, 0xff, 0xff,
    0xf7, 0x0, 0x0, 0xa, 0xff, 0xff, 0xff, 0xff,
    0xff, 0xff, 0xa0, 0x0, 0xb, 0xff, 0xff, 0xff,
    0xff, 0xff, 0xff, 0xf9, 0x0, 0xb, 0xff, 0xff,
    0x86, 0x9f, 0xff, 0xff, 0xff, 0x40, 0xb, 0xff,
    0xff, 0x50, 0x2, 0xbf, 0xff, 0xff, 0xc0, 0xc,
    0xff, 0xff, 0x50, 0x0, 0xc, 0xff, 0xff, 0xf1,
    0xc, 0xff, 0xff, 0x50, 0x0, 0x4, 0xff, 0xff,
    0xf5, 0xc, 0xff, 0xff, 0x60, 0x0, 0x0, 0xff,
    0xff, 0xf6, 0xc, 0xff, 0xff, 0x60, 0x0, 0x1,
    0xff, 0xff, 0xf6, 0xd, 0xff, 0xff, 0x60, 0x0,
    0x8, 0xff, 0xff, 0xf4, 0xd, 0xff, 0xff, 0x60,
    0x0, 0x5f, 0xff, 0xff, 0xf1, 0xe, 0xff, 0xff,
    0x60, 0x4a, 0xff, 0xff, 0xff, 0xb0, 0xe, 0xff,
    0xff, 0xdf, 0xff, 0xff, 0xff, 0xff, 0x20, 0x2f,
    0xff, 0xff, 0xff, 0xff, 0xff, 0xff, 0xf7, 0x0,
    0xaf, 0xff, 0xff, 0xff, 0xff, 0xff, 0xff, 0x70,
    0x0, 0xdf, 0xff, 0xff, 0xff, 0xff, 0xff, 0xd3,
    0x0, 0x0, 0x9f, 0xff, 0xff, 0xff, 0xff, 0xb4,
    0x0, 0x0, 0x0, 0x9, 0xef, 0xec, 0x96, 0x30,
    0x0, 0x0, 0x0, 0x0,

    /* U+0045 "E" */
    0x0, 0x0, 0x57, 0xad, 0xef, 0xff, 0xea, 0x30,
    0x0, 0xc, 0xff, 0xff, 0xff, 0xff, 0xff, 0xf1,
    0x0, 0x4f, 0xff, 0xff, 0xff, 0xff, 0xff, 0xf4,
    0x0, 0x9f, 0xff, 0xff, 0xff, 0xff, 0xff, 0xf1,
    0x0, 0xcf, 0xff, 0xff, 0xff, 0xff, 0xfd, 0x40,
    0x0, 0xff, 0xff, 0xf2, 0x0, 0x0, 0x0, 0x0,
    0x3, 0xff, 0xff, 0xe0, 0x0, 0x0, 0x0, 0x0,
    0x6, 0xff, 0xff, 0xfe, 0xff, 0xfe, 0x80, 0x0,
    0x9, 0xff, 0xff, 0xff, 0xff, 0xff, 0xf4, 0x0,
    0xc, 0xff, 0xff, 0xff, 0xff, 0xff, 0xf2, 0x0,
    0xf, 0xff, 0xff, 0xff, 0xff, 0xff, 0xb0, 0x0,
    0x1f, 0xff, 0xff, 0x85, 0x55, 0x43, 0x0, 0x0,
    0x4f, 0xff, 0xff, 0x20, 0x0, 0x0, 0x0, 0x0,
    0x5f, 0xff, 0xff, 0x0, 0x0, 0x0, 0x0, 0x0,
    0x6f, 0xff, 0xff, 0x23, 0x45, 0x79, 0x96, 0x0,
    0x7f, 0xff, 0xff, 0xff, 0xff, 0xff, 0xff, 0xc0,
    0x6f, 0xff, 0xff, 0xff, 0xff, 0xff, 0xff, 0xf1,
    0x3f, 0xff, 0xff, 0xff, 0xff, 0xff, 0xff, 0xe0,
    0xa, 0xff, 0xff, 0xff, 0xff, 0xff, 0xfe, 0x40,
    0x0, 0x6b, 0xde, 0xff, 0xdc, 0xb9, 0x51, 0x0,

    /* U+0046 "F" */
    0x0, 0x1, 0x68, 0xac, 0xee, 0xff, 0xff, 0xd7,
    0x0, 0x2, 0xff, 0xff, 0xff, 0xff, 0xff, 0xff,
    0xf5, 0x0, 0x8f, 0xff, 0xff, 0xff, 0xff, 0xff,
    0xff, 0x70, 0xc, 0xff, 0xff, 0xff, 0xff, 0xff,
    0xff, 0xf2, 0x0, 0xef, 0xff, 0xff, 0xff, 0xfe,
    0xcb, 0x92, 0x0, 0xf, 0xff, 0xfe, 0x21, 0x0,
    0x0, 0x0, 0x0, 0x2, 0xff, 0xff, 0xd0, 0x0,
    0x0, 0x0, 0x0, 0x0, 0x4f, 0xff, 0xfc, 0x0,
    0x0, 0x0, 0x0, 0x0, 0x6, 0xff, 0xff, 0xfc,
    0xdd, 0xee, 0xed, 0x70, 0x0, 0x8f, 0xff, 0xff,
    0xff, 0xff, 0xff, 0xff, 0x60, 0xa, 0xff, 0xff,
    0xff, 0xff, 0xff, 0xff, 0xf8, 0x0, 0xcf, 0xff,
    0xff, 0xff, 0xff, 0xff, 0xff, 0x30, 0xe, 0xff,
    0xff, 0xff, 0xff, 0xed, 0xc9, 0x30, 0x0, 0xff,
    0xff, 0xf7, 0x21, 0x0, 0x0, 0x0, 0x0, 0x1f,
    0xff, 0xff, 0x30, 0x0, 0x0, 0x0, 0x0, 0x3,
    0xff, 0xff, 0xf1, 0x0, 0x0, 0x0, 0x0, 0x0,
    0x5f, 0xff, 0xff, 0x0, 0x0, 0x0, 0x0, 0x0,
    0x7, 0xff, 0xff, 0xd0, 0x0, 0x0, 0x0, 0x0,
    0x0, 0x8f, 0xff, 0xf9, 0x0, 0x0, 0x0, 0x0,
    0x0, 0x6, 0xff, 0xff, 0x40, 0x0, 0x0, 0x0,
    0x0, 0x0, 0x1e, 0xff, 0xa0, 0x0, 0x0, 0x0,
    0x0, 0x0, 0x0, 0x26, 0x40, 0x0, 0x0, 0x0,
    0x0, 0x0, 0x0,

    /* U+0047 "G" */
    0x0, 0x0, 0x0, 0x6, 0xad, 0xff, 0xeb, 0x61,
    0x0, 0x0, 0x0, 0x0, 0x7, 0xef, 0xff, 0xff,
    0xff, 0xff, 0x90, 0x0, 0x0, 0x1, 0xcf, 0xff,
    0xff, 0xff, 0xff, 0xff, 0xf9, 0x0, 0x0, 0xc,
    0xff, 0xff, 0xff, 0xff, 0xff, 0xff, 0xff, 0x0,
    0x0, 0xbf, 0xff, 0xff, 0xff, 0xff, 0xff, 0xff,
    0xfb, 0x0, 0x4, 0xff, 0xff, 0xff, 0xd6, 0x10,
    0x2, 0x69, 0x80, 0x0, 0xd, 0xff, 0xff, 0xfa,
    0x0, 0x0, 0x0, 0x0, 0x0, 0x0, 0x3f, 0xff,
    0xff, 0xc0, 0x0, 0x0, 0x0, 0x0, 0x0, 0x0,
    0x8f, 0xff, 0xff, 0x40, 0x0, 0x3a, 0xdf, 0xdb,
    0x60, 0x0, 0xbf, 0xff, 0xfd, 0x0, 0x2, 0xff,
    0xff, 0xff, 0xfe, 0x20, 0xcf, 0xff, 0xfa, 0x0,
    0x5, 0xff, 0xff, 0xff, 0xff, 0xc0, 0xef, 0xff,
    0xf9, 0x0, 0x1, 0xef, 0xff, 0xff, 0xff, 0xf0,
    0xcf, 0xff, 0xfc, 0x0, 0x0, 0x5, 0x6a, 0xff,
    0xff, 0xf1, 0xaf, 0xff, 0xff, 0x60, 0x0, 0x0,
    0xb, 0xff, 0xff, 0xf0, 0x5f, 0xff, 0xff, 0xfa,
    0x40, 0x2, 0xaf, 0xff, 0xff, 0xb0, 0xd, 0xff,
    0xff, 0xff, 0xff, 0xff, 0xff, 0xff, 0xff, 0x40,
    0x4, 0xff, 0xff, 0xff, 0xff, 0xff, 0xff, 0xff,
    0xfa, 0x0, 0x0, 0x5f, 0xff, 0xff, 0xff, 0xff,
    0xff, 0xff, 0xd1, 0x0, 0x0, 0x2, 0xbf, 0xff,
    0xff, 0xff, 0xff, 0xfa, 0x10, 0x0, 0x0, 0x0,
    0x1, 0x7a, 0xce, 0xfe, 0xc8, 0x20, 0x0, 0x0,

    /* U+0048 "H" */
    0x0, 0x2c, 0xf9, 0x0, 0x0, 0x0, 0x0, 0x5,
    0xec, 0x30, 0x0, 0xbf, 0xff, 0x30, 0x0, 0x0,
    0x0, 0x1f, 0xff, 0xc0, 0x1, 0xff, 0xff, 0x60,
    0x0, 0x0, 0x0, 0x6f, 0xff, 0xf0, 0x4, 0xff,
    0xff, 0x60, 0x0, 0x0, 0x0, 0x8f, 0xff, 0xf1,
    0x6, 0xff, 0xff, 0x60, 0x0, 0x0, 0x0, 0xbf,
    0xff, 0xf2, 0x8, 0xff, 0xff, 0x50, 0x0, 0x0,
    0x0, 0xdf, 0xff, 0xf3, 0xa, 0xff, 0xff, 0x40,
    0x0, 0x0, 0x0, 0xff, 0xff, 0xf3, 0xb, 0xff,
    0xff, 0x40, 0x0, 0x0, 0x1, 0xff, 0xff, 0xf3,
    0xd, 0xff, 0xff, 0xff, 0xff, 0xff, 0xff, 0xff,
    0xff, 0xf2, 0xf, 0xff, 0xff, 0xff, 0xff, 0xff,
    0xff, 0xff, 0xff, 0xf2, 0xf, 0xff, 0xff, 0xff,
    0xff, 0xff, 0xff, 0xff, 0xff, 0xf1, 0xf, 0xff,
    0xff, 0xff, 0xff, 0xff, 0xff, 0xff, 0xff, 0xf0,
    0x1f, 0xff, 0xff, 0xff, 0xfe, 0xed, 0xde, 0xff,
    0xff, 0xf0, 0x1f, 0xff, 0xff, 0x0, 0x0, 0x0,
    0x8, 0xff, 0xff, 0xf0, 0x2f, 0xff, 0xff, 0x0,
    0x0, 0x0, 0x9, 0xff, 0xff, 0xe0, 0x2f, 0xff,
    0xfd, 0x0, 0x0, 0x0, 0x9, 0xff, 0xff, 0xd0,
    0x1f, 0xff, 0xfc, 0x0, 0x0, 0x0, 0x8, 0xff,
    0xff, 0xc0, 0x1f, 0xff, 0xfb, 0x0, 0x0, 0x0,
    0x8, 0xff, 0xff, 0x90, 0xf, 0xff, 0xf9, 0x0,
    0x0, 0x0, 0x5, 0xff, 0xff, 0x30, 0xc, 0xff,
    0xf3, 0x0, 0x0, 0x0, 0x0, 0xbf, 0xf7, 0x0,
    0x4, 0xff, 0x90, 0x0, 0x0, 0x0, 0x0, 0x2,
    0x0, 0x0, 0x0, 0x2, 0x0, 0x0, 0x0, 0x0,
    0x0, 0x0, 0x0, 0x0,

    /* U+0049 "I" */
    0x0, 0x8f, 0xd7, 0x0, 0x5f, 0xff, 0xf2, 0x8,
    0xff, 0xff, 0x40, 0xaf, 0xff, 0xf6, 0xb, 0xff,
    0xff, 0x70, 0xcf, 0xff, 0xf8, 0xc, 0xff, 0xff,
    0x80, 0xdf, 0xff, 0xf8, 0xd, 0xff, 0xff, 0x70,
    0xef, 0xff, 0xf6, 0xf, 0xff, 0xff, 0x60, 0xff,
    0xff, 0xf5, 0xf, 0xff, 0xff, 0x40, 0xff, 0xff,
    0xf4, 0x1f, 0xff, 0xff, 0x32, 0xff, 0xff, 0xf1,
    0x2f, 0xff, 0xfe, 0x1, 0xff, 0xff, 0xb0, 0xe,
    0xff, 0xf7, 0x0, 0x4d, 0xe9, 0x0,

    /* U+004A "J" */
    0x0, 0x0, 0x0, 0x0, 0x0, 0x7e, 0xfa, 0x0,
    0x0, 0x0, 0x0, 0x0, 0x2, 0xff, 0xff, 0x80,
    0x0, 0x0, 0x0, 0x0, 0x6, 0xff, 0xff, 0xc0,
    0x0, 0x0, 0x0, 0x0, 0x6, 0xff, 0xff, 0xe0,
    0x0, 0x0, 0x0, 0x0, 0x5, 0xff, 0xff, 0xf0,
    0x0, 0x0, 0x0, 0x0, 0x5, 0xff, 0xff, 0xf1,
    0x0, 0x0, 0x0, 0x0, 0x4, 0xff, 0xff, 0xf2,
    0x0, 0x0, 0x0, 0x0, 0x3, 0xff, 0xff, 0xf3,
    0x0, 0x0, 0x0, 0x0, 0x3, 0xff, 0xff, 0xf3,
    0x0, 0x0, 0x0, 0x0, 0x4, 0xff, 0xff, 0xf2,
    0x0, 0x0, 0x0, 0x0, 0x5, 0xff, 0xff, 0xf1,
    0x2, 0x98, 0x20, 0x0, 0x8, 0xff, 0xff, 0xf0,
    0x1e, 0xff, 0xe0, 0x0, 0xa, 0xff, 0xff, 0xc0,
    0x5f, 0xff, 0xf8, 0x0, 0x1f, 0xff, 0xff, 0x90,
    0x6f, 0xff, 0xff, 0x96, 0xcf, 0xff, 0xff, 0x60,
    0x3f, 0xff, 0xff, 0xff, 0xff, 0xff, 0xff, 0x10,
    0xd, 0xff, 0xff, 0xff, 0xff, 0xff, 0xf8, 0x0,
    0x3, 0xff, 0xff, 0xff, 0xff, 0xff, 0xd1, 0x0,
    0x0, 0x2e, 0xff, 0xff, 0xff, 0xfc, 0x20, 0x0,
    0x0, 0x1, 0x6b, 0xef, 0xeb, 0x50, 0x0, 0x0,

    /* U+004B "K" */
    0x0, 0x5e, 0xe5, 0x0, 0x0, 0x0, 0x0, 0x0,
    0x0, 0xff, 0xfe, 0x0, 0x0, 0x0, 0x0, 0x0,
    0x4, 0xff, 0xff, 0x10, 0x0, 0x5, 0xde, 0x90,
    0x6, 0xff, 0xff, 0x30, 0x0, 0x7f, 0xff, 0xf5,
    0x7, 0xff, 0xff, 0x40, 0x8, 0xff, 0xff, 0xf6,
    0x8, 0xff, 0xff, 0x50, 0x9f, 0xff, 0xff, 0xe1,
    0x9, 0xff, 0xff, 0x79, 0xff, 0xff, 0xfe, 0x30,
    0xa, 0xff, 0xff, 0xef, 0xff, 0xff, 0xe2, 0x0,
    0xb, 0xff, 0xff, 0xff, 0xff, 0xfd, 0x20, 0x0,
    0xb, 0xff, 0xff, 0xff, 0xff, 0xd1, 0x0, 0x0,
    0xc, 0xff, 0xff, 0xff, 0xff, 0xd0, 0x0, 0x0,
    0xd, 0xff, 0xff, 0xff, 0xff, 0xfb, 0x0, 0x0,
    0xe, 0xff, 0xff, 0xdf, 0xff, 0xff, 0x90, 0x0,
    0xf, 0xff, 0xff, 0x5d, 0xff, 0xff, 0xf5, 0x0,
    0xf, 0xff, 0xff, 0x44, 0xff, 0xff, 0xff, 0x20,
    0xf, 0xff, 0xff, 0x30, 0x9f, 0xff, 0xff, 0xc0,
    0x1f, 0xff, 0xff, 0x20, 0x1e, 0xff, 0xff, 0xf3,
    0x1f, 0xff, 0xff, 0x0, 0x5, 0xff, 0xff, 0xf6,
    0x1f, 0xff, 0xff, 0x0, 0x0, 0xaf, 0xff, 0xf4,
    0xd, 0xff, 0xfc, 0x0, 0x0, 0xa, 0xff, 0x80,
    0x4, 0xff, 0xf4, 0x0, 0x0, 0x0, 0x10, 0x0,
    0x0, 0x24, 0x10, 0x0, 0x0, 0x0, 0x0, 0x0,

    /* U+004C "L" */
    0x0, 0x6, 0xba, 0x10, 0x0, 0x0, 0x0, 0x0,
    0x5, 0xff, 0xfd, 0x0, 0x0, 0x0, 0x0, 0x0,
    0xbf, 0xff, 0xf2, 0x0, 0x0, 0x0, 0x0, 0xf,
    0xff, 0xff, 0x30, 0x0, 0x0, 0x0, 0x3, 0xff,
    0xff, 0xf2, 0x0, 0x0, 0x0, 0x0, 0x6f, 0xff,
    0xff, 0x0, 0x0, 0x0, 0x0, 0x8, 0xff, 0xff,
    0xe0, 0x0, 0x0, 0x0, 0x0, 0xbf, 0xff, 0xfc,
    0x0, 0x0, 0x0, 0x0, 0xe, 0xff, 0xff, 0xa0,
    0x0, 0x0, 0x0, 0x0, 0xff, 0xff, 0xf8, 0x0,
    0x0, 0x0, 0x0, 0x1f, 0xff, 0xff, 0x70, 0x0,
    0x0, 0x0, 0x2, 0xff, 0xff, 0xf6, 0x0, 0x0,
    0x0, 0x0, 0x3f, 0xff, 0xff, 0x50, 0x0, 0x0,
    0x0, 0x5, 0xff, 0xff, 0xf4, 0x0, 0x1, 0x10,
    0x0, 0x6f, 0xff, 0xff, 0xbb, 0xef, 0xff, 0xe9,
    0x6, 0xff, 0xff, 0xff, 0xff, 0xff, 0xff, 0xf5,
    0x4f, 0xff, 0xff, 0xff, 0xff, 0xff, 0xff, 0x81,
    0xff, 0xff, 0xff, 0xff, 0xff, 0xff, 0xf3, 0x9,
    0xff, 0xff, 0xff, 0xff, 0xff, 0xe6, 0x0, 0x6,
    0xcf, 0xfd, 0xb9, 0x64, 0x20, 0x0,

    /* U+004D "M" */
    0x0, 0x0, 0x19, 0xde, 0xa1, 0x0, 0x0, 0x0,
    0x8e, 0xfc, 0x40, 0x0, 0x0, 0x1, 0xdf, 0xff,
    0xfe, 0x10, 0x0, 0x1d, 0xff, 0xff, 0xf3, 0x0,
    0x0, 0xc, 0xff, 0xff, 0xff, 0xb0, 0x0, 0xcf,
    0xff, 0xff, 0xfc, 0x0, 0x0, 0x3f, 0xff, 0xff,
    0xff, 0xf5, 0x8, 0xff, 0xff, 0xff, 0xff, 0x40,
    0x0, 0xaf, 0xff, 0xff, 0xff, 0xfd, 0x3f, 0xff,
    0xff, 0xff, 0xff, 0x80, 0x0, 0xdf, 0xff, 0xff,
    0xff, 0xff, 0xff, 0xff, 0xff, 0xff, 0xff, 0xc0,
    0x1, 0xff, 0xff, 0xff, 0xff, 0xff, 0xff, 0xff,
    0xff, 0xff, 0xff, 0xe0, 0x5, 0xff, 0xff, 0xfa,
    0xff, 0xff, 0xff, 0xff, 0xfa, 0xff, 0xff, 0xf0,
    0x9, 0xff, 0xff, 0xf0, 0xef, 0xff, 0xff, 0xff,
    0x97, 0xff, 0xff, 0xf0, 0xc, 0xff, 0xff, 0xc0,
    0x6f, 0xff, 0xff, 0xff, 0x16, 0xff, 0xff, 0xf1,
    0xf, 0xff, 0xff, 0x90, 0x1f, 0xff, 0xff, 0xf8,
    0x5, 0xff, 0xff, 0xf2, 0x1f, 0xff, 0xff, 0x70,
    0xd, 0xff, 0xff, 0xe0, 0x4, 0xff, 0xff, 0xf3,
    0x2f, 0xff, 0xff, 0x50, 0x8, 0xff, 0xff, 0x70,
    0x3, 0xff, 0xff, 0xf4, 0x4f, 0xff, 0xff, 0x30,
    0x0, 0xaf, 0xf9, 0x0, 0x3, 0xff, 0xff, 0xf4,
    0x6f, 0xff, 0xff, 0x20, 0x0, 0x0, 0x0, 0x0,
    0x2, 0xff, 0xff, 0xf4, 0x8f, 0xff, 0xff, 0x0,
    0x0, 0x0, 0x0, 0x0, 0x2, 0xff, 0xff, 0xf3,
    0x8f, 0xff, 0xff, 0x0, 0x0, 0x0, 0x0, 0x0,
    0x1, 0xff, 0xff, 0xf1, 0x6f, 0xff, 0xfc, 0x0,
    0x0, 0x0, 0x0, 0x0, 0x1, 0xff, 0xff, 0xe0,
    0x1f, 0xff, 0xf7, 0x0, 0x0, 0x0, 0x0, 0x0,
    0x0, 0xdf, 0xff, 0x80, 0x4, 0xde, 0x90, 0x0,
    0x0, 0x0, 0x0, 0x0, 0x0, 0x2c, 0xfb, 0x10,

    /* U+004E "N" */
    0x0, 0x0, 0x0, 0x0, 0x0, 0x0, 0x0, 0x1a,
    0xfd, 0x40, 0x0, 0x4, 0xcd, 0x90, 0x0, 0x0,
    0x0, 0xaf, 0xff, 0xf0, 0x0, 0x2f, 0xff, 0xfb,
    0x0, 0x0, 0x0, 0xff, 0xff, 0xf3, 0x0, 0xaf,
    0xff, 0xff, 0x50, 0x0, 0x3, 0xff, 0xff, 0xf4,
    0x0, 0xef, 0xff, 0xff, 0xe0, 0x0, 0x5, 0xff,
    0xff, 0xf3, 0x2, 0xff, 0xff, 0xff, 0xf9, 0x0,
    0x7, 0xff, 0xff, 0xf1, 0x5, 0xff, 0xff, 0xff,
    0xff, 0x30, 0x9, 0xff, 0xff, 0xf0, 0x7, 0xff,
    0xff, 0xff, 0xff, 0xc0, 0xb, 0xff, 0xff, 0xe0,
    0x9, 0xff, 0xff, 0xff, 0xff, 0xf4, 0xd, 0xff,
    0xff, 0xc0, 0xb, 0xff, 0xff, 0xff, 0xff, 0xfd,
    0xf, 0xff, 0xff, 0xa0, 0xe, 0xff, 0xff, 0xff,
    0xff, 0xff, 0x8f, 0xff, 0xff, 0x90, 0xf, 0xff,
    0xff, 0xbf, 0xff, 0xff, 0xff, 0xff, 0xff, 0x60,
    0x1f, 0xff, 0xff, 0x68, 0xff, 0xff, 0xff, 0xff,
    0xff, 0x30, 0x3f, 0xff, 0xff, 0x40, 0xef, 0xff,
    0xff, 0xff, 0xff, 0x10, 0x4f, 0xff, 0xff, 0x20,
    0x4f, 0xff, 0xff, 0xff, 0xfe, 0x0, 0x5f, 0xff,
    0xff, 0x0, 0xa, 0xff, 0xff, 0xff, 0xfc, 0x0,
    0x7f, 0xff, 0xfc, 0x0, 0x1, 0xff, 0xff, 0xff,
    0xf8, 0x0, 0x8f, 0xff, 0xf9, 0x0, 0x0, 0x6f,
    0xff, 0xff, 0xf2, 0x0, 0x4f, 0xff, 0xf3, 0x0,
    0x0, 0x8, 0xff, 0xff, 0xb0, 0x0, 0x6, 0xee,
    0x60, 0x0, 0x0, 0x0, 0x6d, 0xfa, 0x10, 0x0,

    /* U+004F "O" */
    0x0, 0x0, 0x4, 0x9d, 0xef, 0xfd, 0xb8, 0x30,
    0x0, 0x0, 0x0, 0x1, 0xaf, 0xff, 0xff, 0xff,
    0xff, 0xfb, 0x10, 0x0, 0x0, 0x1c, 0xff, 0xff,
    0xff, 0xff, 0xff, 0xff, 0xc0, 0x0, 0x0, 0xaf,
    0xff, 0xff, 0xff, 0xff, 0xff, 0xff, 0xfb, 0x0,
    0x3, 0xff, 0xff, 0xff, 0xff, 0xff, 0xff, 0xff,
    0xff, 0x30, 0x9, 0xff, 0xff, 0xff, 0xeb, 0xcf,
    0xff, 0xff, 0xff, 0x90, 0xe, 0xff, 0xff, 0xf7,
    0x0, 0x2, 0xcf, 0xff, 0xff, 0xd0, 0x4f, 0xff,
    0xff, 0xc0, 0x0, 0x0, 0x1f, 0xff, 0xff, 0xf0,
    0x7f, 0xff, 0xff, 0x40, 0x0, 0x0, 0xb, 0xff,
    0xff, 0xf1, 0x9f, 0xff, 0xff, 0x0, 0x0, 0x0,
    0xb, 0xff, 0xff, 0xf1, 0xbf, 0xff, 0xfd, 0x0,
    0x0, 0x0, 0xe, 0xff, 0xff, 0xf0, 0xbf, 0xff,
    0xfe, 0x0, 0x0, 0x0, 0x5f, 0xff, 0xff, 0xc0,
    0xaf, 0xff, 0xff, 0x40, 0x0, 0x2, 0xef, 0xff,
    0xff, 0x80, 0x7f, 0xff, 0xff, 0xf8, 0x45, 0x9f,
    0xff, 0xff, 0xff, 0x20, 0x3f, 0xff, 0xff, 0xff,
    0xff, 0xff, 0xff, 0xff, 0xfa, 0x0, 0xd, 0xff,
    0xff, 0xff, 0xff, 0xff, 0xff, 0xff, 0xf2, 0x0,
    0x5, 0xff, 0xff, 0xff, 0xff, 0xff, 0xff, 0xff,
    0x60, 0x0, 0x0, 0x9f, 0xff, 0xff, 0xff, 0xff,
    0xff, 0xf7, 0x0, 0x0, 0x0, 0x7, 0xff, 0xff,
    0xff, 0xff, 0xfd, 0x40, 0x0, 0x0, 0x0, 0x0,
    0x16, 0xbd, 0xfe, 0xda, 0x50, 0x0, 0x0, 0x0,

    /* U+0050 "P" */
    0x0, 0x0, 0x4, 0xac, 0xef, 0xec, 0x82, 0x0,
    0x0, 0x0, 0x0, 0x4d, 0xff, 0xff, 0xff, 0xff,
    0xfa, 0x10, 0x0, 0x0, 0x3f, 0xff, 0xff, 0xff,
    0xff, 0xff, 0xfd, 0x10, 0x0, 0xc, 0xff, 0xff,
    0xff, 0xff, 0xff, 0xff, 0xfb, 0x0, 0x2, 0xff,
    0xff, 0xff, 0xff, 0xff, 0xff, 0xff, 0xf3, 0x0,
    0x8f, 0xff, 0xff, 0xb5, 0x36, 0xdf, 0xff, 0xff,
    0xa0, 0xb, 0xff, 0xff, 0xd0, 0x0, 0x1, 0xdf,
    0xff, 0xfe, 0x0, 0xcf, 0xff, 0xfa, 0x0, 0x0,
    0x7, 0xff, 0xff, 0xf0, 0xe, 0xff, 0xff, 0xa0,
    0x0, 0x0, 0x5f, 0xff, 0xff, 0x20, 0xff, 0xff,
    0xfa, 0x0, 0x0, 0x8, 0xff, 0xff, 0xf0, 0x1f,
    0xff, 0xff, 0xa0, 0x0, 0x3, 0xff, 0xff, 0xfe,
    0x1, 0xff, 0xff, 0xfe, 0x86, 0x59, 0xff, 0xff,
    0xff, 0x90, 0x2f, 0xff, 0xff, 0xff, 0xff, 0xff,
    0xff, 0xff, 0xf2, 0x2, 0xff, 0xff, 0xff, 0xff,
    0xff, 0xff, 0xff, 0xfa, 0x0, 0x2f, 0xff, 0xff,
    0xff, 0xff, 0xff, 0xff, 0xfb, 0x0, 0x2, 0xff,
    0xff, 0xff, 0xff, 0xff, 0xff, 0xf8, 0x0, 0x0,
    0x3f, 0xff, 0xff, 0xfe, 0xff, 0xdb, 0x61, 0x0,
    0x0, 0x4, 0xff, 0xff, 0xf9, 0x0, 0x0, 0x0,
    0x0, 0x0, 0x0, 0x3f, 0xff, 0xff, 0x60, 0x0,
    0x0, 0x0, 0x0, 0x0, 0x0, 0xff, 0xff, 0xf1,
    0x0, 0x0, 0x0, 0x0, 0x0, 0x0, 0x4, 0xef,
    0xf6, 0x0, 0x0, 0x0, 0x0, 0x0, 0x0, 0x0,
    0x0, 0x20, 0x0, 0x0, 0x0, 0x0, 0x0, 0x0,
    0x0,

    /* U+0051 "Q" */
    0x0, 0x0, 0x17, 0xbd, 0xff, 0xfd, 0xa4, 0x0,
    0x0, 0x0, 0x0, 0x4e, 0xff, 0xff, 0xff, 0xff,
    0xfd, 0x30, 0x0, 0x0, 0x5f, 0xff, 0xff, 0xff,
    0xff, 0xff, 0xff, 0x50, 0x0, 0x2f, 0xff, 0xff,
    0xff, 0xff, 0xff, 0xff, 0xff, 0x20, 0xb, 0xff,
    0xff, 0xff, 0xfb, 0xbf, 0xff, 0xff, 0xfb, 0x2,
    0xff, 0xff, 0xff, 0xd1, 0x0, 0x1c, 0xff, 0xff,
    0xf1, 0x7f, 0xff, 0xff, 0xf1, 0x0, 0x0, 0x2f,
    0xff, 0xff, 0x5b, 0xff, 0xff, 0xf8, 0x0, 0x0,
    0x0, 0xaf, 0xff, 0xf8, 0xdf, 0xff, 0xff, 0x50,
    0x0, 0x0, 0x7, 0xff, 0xff, 0xaf, 0xff, 0xff,
    0xf2, 0x0, 0x36, 0x30, 0x7f, 0xff, 0xfa, 0xef,
    0xff, 0xff, 0x10, 0x6f, 0xff, 0x99, 0xff, 0xff,
    0x8c, 0xff, 0xff, 0xf2, 0xd, 0xff, 0xff, 0xff,
    0xff, 0xf6, 0xaf, 0xff, 0xff, 0x70, 0xbf, 0xff,
    0xff, 0xff, 0xff, 0x48, 0xff, 0xff, 0xfe, 0x14,
    0xff, 0xff, 0xff, 0xff, 0xe0, 0x2f, 0xff, 0xff,
    0xfe, 0x8d, 0xff, 0xff, 0xff, 0xf7, 0x0, 0xaf,
    0xff, 0xff, 0xff, 0xff, 0xff, 0xff, 0xff, 0x10,
    0x1, 0xef, 0xff, 0xff, 0xff, 0xff, 0xff, 0xff,
    0xfa, 0x0, 0x3, 0xff, 0xff, 0xff, 0xff, 0xff,
    0xff, 0xff, 0xf5, 0x0, 0x2, 0xcf, 0xff, 0xff,
    0xff, 0xff, 0xff, 0xff, 0x80, 0x0, 0x0, 0x4a,
    0xdf, 0xfd, 0xa5, 0xbf, 0xff, 0xf4, 0x0, 0x0,
    0x0, 0x0, 0x0, 0x0, 0x0, 0x7e, 0xe7, 0x0,

    /* U+0052 "R" */
    0x0, 0x0, 0x18, 0xce, 0xfd, 0xa5, 0x0, 0x0,
    0x0, 0x0, 0x7, 0xff, 0xff, 0xff, 0xff, 0xd3,
    0x0, 0x0, 0x0, 0x7f, 0xff, 0xff, 0xff, 0xff,
    0xff, 0x30, 0x0, 0x0, 0xff, 0xff, 0xff, 0xff,
    0xff, 0xff, 0xd0, 0x0, 0x3, 0xff, 0xff, 0xd5,
    0x48, 0xff, 0xff, 0xf4, 0x0, 0x8, 0xff, 0xff,
    0x30, 0x0, 0x7f, 0xff, 0xf8, 0x0, 0xa, 0xff,
    0xff, 0x0, 0x0, 0x7f, 0xff, 0xf9, 0x0, 0xc,
    0xff, 0xfe, 0x0, 0x3, 0xef, 0xff, 0xf8, 0x0,
    0xe, 0xff, 0xff, 0x67, 0xaf, 0xff, 0xff, 0xf3,
    0x0, 0xf, 0xff, 0xff, 0xff, 0xff, 0xff, 0xff,
    0xb0, 0x0, 0x1f, 0xff, 0xff, 0xff, 0xff, 0xff,
    0xfd, 0x10, 0x0, 0x2f, 0xff, 0xff, 0xff, 0xff,
    0xff, 0xc1, 0x0, 0x0, 0x3f, 0xff, 0xff, 0xff,
    0xff, 0xff, 0xe4, 0x0, 0x0, 0x4f, 0xff, 0xff,
    0xff, 0xff, 0xff, 0xff, 0xb1, 0x0, 0x5f, 0xff,
    0xff, 0xff, 0xff, 0xff, 0xff, 0xfe, 0x20, 0x5f,
    0xff, 0xff, 0x68, 0xff, 0xff, 0xff, 0xff, 0xb0,
    0x4f, 0xff, 0xff, 0x30, 0x1b, 0xff, 0xff, 0xff,
    0xf0, 0x2f, 0xff, 0xff, 0x0, 0x0, 0x5e, 0xff,
    0xff, 0xd0, 0xd, 0xff, 0xfc, 0x0, 0x0, 0x1,
    0x7e, 0xfe, 0x30, 0x3, 0xcf, 0xc2, 0x0, 0x0,
    0x0, 0x0, 0x20, 0x0,

    /* U+0053 "S" */
    0x0, 0x0, 0x2, 0x8c, 0xfe, 0xb5, 0x0, 0x0,
    0x0, 0x8, 0xff, 0xff, 0xff, 0xf8, 0x0, 0x0,
    0xb, 0xff, 0xff, 0xff, 0xff, 0xf1, 0x0, 0x7,
    0xff, 0xff, 0xff, 0xff, 0xff, 0x0, 0x0, 0xdf,
    0xff, 0xff, 0xa7, 0x9a, 0x30, 0x0, 0x1f, 0xff,
    0xff, 0x30, 0x0, 0x0, 0x0, 0x1, 0xff, 0xff,
    0xf6, 0x0, 0x0, 0x0, 0x0, 0xe, 0xff, 0xff,
    0xfc, 0x40, 0x0, 0x0, 0x0, 0x5f, 0xff, 0xff,
    0xff, 0xc3, 0x0, 0x0, 0x0, 0x6f, 0xff, 0xff,
    0xff, 0xf5, 0x0, 0x0, 0x0, 0x2b, 0xff, 0xff,
    0xff, 0xf6, 0x0, 0x0, 0x0, 0x3, 0xcf, 0xff,
    0xff, 0xe0, 0x0, 0x0, 0x0, 0x0, 0x6f, 0xff,
    0xff, 0x40, 0x0, 0x0, 0x0, 0x0, 0xef, 0xff,
    0xf7, 0x2, 0xce, 0xb7, 0x33, 0x8f, 0xff, 0xff,
    0x60, 0xdf, 0xff, 0xff, 0xff, 0xff, 0xff, 0xf3,
    0xf, 0xff, 0xff, 0xff, 0xff, 0xff, 0xfb, 0x0,
    0xcf, 0xff, 0xff, 0xff, 0xff, 0xfe, 0x20, 0x1,
    0xdf, 0xff, 0xff, 0xff, 0xfc, 0x20, 0x0, 0x0,
    0x6b, 0xdf, 0xed, 0x94, 0x0, 0x0,

    /* U+0054 "T" */
    0x2, 0x79, 0xab, 0xbc, 0xde, 0xef, 0xea, 0x40,
    0x1e, 0xff, 0xff, 0xff, 0xff, 0xff, 0xff, 0xf2,
    0x7f, 0xff, 0xff, 0xff, 0xff, 0xff, 0xff, 0xf7,
    0x7f, 0xff, 0xff, 0xff, 0xff, 0xff, 0xff, 0xf6,
    0xa, 0xef, 0xff, 0xff, 0xff, 0xff, 0xfe, 0x80,
    0x0, 0x0, 0xb, 0xff, 0xff, 0x20, 0x0, 0x0,
    0x0, 0x0, 0xb, 0xff, 0xff, 0x30, 0x0, 0x0,
    0x0, 0x0, 0xc, 0xff, 0xff, 0x40, 0x0, 0x0,
    0x0, 0x0, 0xd, 0xff, 0xff, 0x50, 0x0, 0x0,
    0x0, 0x0, 0xd, 0xff, 0xff, 0x60, 0x0, 0x0,
    0x0, 0x0, 0xe, 0xff, 0xff, 0x70, 0x0, 0x0,
    0x0, 0x0, 0xe, 0xff, 0xff, 0x80, 0x0, 0x0,
    0x0, 0x0, 0xe, 0xff, 0xff, 0x90, 0x0, 0x0,
    0x0, 0x0, 0xe, 0xff, 0xff, 0xa0, 0x0, 0x0,
    0x0, 0x0, 0xd, 0xff, 0xff, 0xb0, 0x0, 0x0,
    0x0, 0x0, 0xc, 0xff, 0xff, 0xc0, 0x0, 0x0,
    0x0, 0x0, 0xb, 0xff, 0xff, 0xa0, 0x0, 0x0,
    0x0, 0x0, 0x6, 0xff, 0xff, 0x60, 0x0, 0x0,
    0x0, 0x0, 0x0, 0x7e, 0xd7, 0x0, 0x0, 0x0,

    /* U+0055 "U" */
    0x0, 0x27, 0x30, 0x0, 0x0, 0x0, 0x26, 0x50,
    0x0, 0x3f, 0xff, 0x40, 0x0, 0x0, 0x4f, 0xff,
    0xc0, 0xb, 0xff, 0xf9, 0x0, 0x0, 0xb, 0xff,
    0xff, 0x41, 0xff, 0xff, 0xa0, 0x0, 0x0, 0xef,
    0xff, 0xf7, 0x4f, 0xff, 0xfa, 0x0, 0x0, 0xe,
    0xff, 0xff, 0x95, 0xff, 0xff, 0xa0, 0x0, 0x0,
    0xff, 0xff, 0xf9, 0x7f, 0xff, 0xfb, 0x0, 0x0,
    0x1f, 0xff, 0xff, 0x87, 0xff, 0xff, 0xb0, 0x0,
    0x2, 0xff, 0xff, 0xf7, 0x7f, 0xff, 0xfc, 0x0,
    0x0, 0x4f, 0xff, 0xff, 0x46, 0xff, 0xff, 0xe0,
    0x0, 0x7, 0xff, 0xff, 0xf2, 0x5f, 0xff, 0xff,
    0x10, 0x0, 0xbf, 0xff, 0xfe, 0x3, 0xff, 0xff,
    0xf4, 0x0, 0x2f, 0xff, 0xff, 0xa0, 0xf, 0xff,
    0xff, 0xa0, 0xa, 0xff, 0xff, 0xf5, 0x0, 0xcf,
    0xff, 0xff, 0x9b, 0xff, 0xff, 0xfe, 0x0, 0x7,
    0xff, 0xff, 0xff, 0xff, 0xff, 0xff, 0x70, 0x0,
    0xf, 0xff, 0xff, 0xff, 0xff, 0xff, 0xc0, 0x0,
    0x0, 0x6f, 0xff, 0xff, 0xff, 0xff, 0xf2, 0x0,
    0x0, 0x0, 0x8f, 0xff, 0xff, 0xff, 0xe3, 0x0,
    0x0, 0x0, 0x0, 0x29, 0xcf, 0xec, 0x70, 0x0,
    0x0, 0x0,

    /* U+0056 "V" */
    0x5, 0xde, 0x80, 0x0, 0x0, 0x0, 0x0, 0x7e,
    0xe7, 0x0, 0xff, 0xff, 0x70, 0x0, 0x0, 0x0,
    0x6f, 0xff, 0xf5, 0x2f, 0xff, 0xff, 0x0, 0x0,
    0x0, 0x1f, 0xff, 0xff, 0x90, 0xff, 0xff, 0xf6,
    0x0, 0x0, 0x8, 0xff, 0xff, 0xf5, 0xb, 0xff,
    0xff, 0xc0, 0x0, 0x1, 0xff, 0xff, 0xff, 0x0,
    0x7f, 0xff, 0xff, 0x20, 0x0, 0x8f, 0xff, 0xff,
    0x90, 0x3, 0xff, 0xff, 0xf9, 0x0, 0x1f, 0xff,
    0xff, 0xf3, 0x0, 0xe, 0xff, 0xff, 0xe0, 0x7,
    0xff, 0xff, 0xfc, 0x0, 0x0, 0x9f, 0xff, 0xff,
    0x40, 0xef, 0xff, 0xff, 0x50, 0x0, 0x4, 0xff,
    0xff, 0xfa, 0x6f, 0xff, 0xff, 0xd0, 0x0, 0x0,
    0xe, 0xff, 0xff, 0xfd, 0xff, 0xff, 0xf6, 0x0,
    0x0, 0x0, 0x9f, 0xff, 0xff, 0xff, 0xff, 0xfe,
    0x0, 0x0, 0x0, 0x4, 0xff, 0xff, 0xff, 0xff,
    0xff, 0x70, 0x0, 0x0, 0x0, 0xd, 0xff, 0xff,
    0xff, 0xff, 0xf1, 0x0, 0x0, 0x0, 0x0, 0x7f,
    0xff, 0xff, 0xff, 0xf8, 0x0, 0x0, 0x0, 0x0,
    0x0, 0xef, 0xff, 0xff, 0xff, 0x10, 0x0, 0x0,
    0x0, 0x0, 0x5, 0xff, 0xff, 0xff, 0x80, 0x0,
    0x0, 0x0, 0x0, 0x0, 0xa, 0xff, 0xff, 0xd0,
    0x0, 0x0, 0x0, 0x0, 0x0, 0x0, 0x7, 0xcf,
    0xa1, 0x0, 0x0, 0x0, 0x0,

    /* U+0057 "W" */
    0x0, 0x8e, 0xd4, 0x0, 0x0, 0x0, 0x0, 0x0,
    0x0, 0x0, 0x6d, 0xd7, 0x0, 0x6f, 0xff, 0xe0,
    0x0, 0x0, 0x0, 0x0, 0x0, 0x0, 0x3f, 0xff,
    0xf4, 0xb, 0xff, 0xff, 0x10, 0x0, 0x0, 0x0,
    0x0, 0x0, 0x8, 0xff, 0xff, 0x90, 0xff, 0xff,
    0xf1, 0x0, 0x0, 0x0, 0x0, 0x0, 0x0, 0xaf,
    0xff, 0xfc, 0x2f, 0xff, 0xff, 0x10, 0x0, 0x0,
    0x0, 0x0, 0x0, 0xb, 0xff, 0xff, 0xd4, 0xff,
    0xff, 0xf0, 0x0, 0x0, 0x0, 0x0, 0x0, 0x0,
    0xbf, 0xff, 0xfe, 0x5f, 0xff, 0xff, 0x0, 0x0,
    0x2c, 0xe9, 0x0, 0x0, 0xc, 0xff, 0xff, 0xd6,
    0xff, 0xff, 0xf0, 0x0, 0xc, 0xff, 0xf7, 0x0,
    0x0, 0xdf, 0xff, 0xfb, 0x6f, 0xff, 0xff, 0x10,
    0x4, 0xff, 0xff, 0xb0, 0x0, 0xf, 0xff, 0xff,
    0xa5, 0xff, 0xff, 0xf2, 0x0, 0xbf, 0xff, 0xfe,
    0x0, 0x1, 0xff, 0xff, 0xf8, 0x4f, 0xff, 0xff,
    0x30, 0x3f, 0xff, 0xff, 0xf0, 0x0, 0x4f, 0xff,
    0xff, 0x72, 0xff, 0xff, 0xf7, 0xc, 0xff, 0xff,
    0xff, 0x30, 0x8, 0xff, 0xff, 0xf3, 0xf, 0xff,
    0xff, 0xb8, 0xff, 0xff, 0xff, 0xf8, 0x0, 0xcf,
    0xff, 0xff, 0x0, 0xcf, 0xff, 0xff, 0xff, 0xff,
    0xff, 0xff, 0xe1, 0x1f, 0xff, 0xff, 0xc0, 0x8,
    0xff, 0xff, 0xff, 0xff, 0xff, 0xff, 0xff, 0xbc,
    0xff, 0xff, 0xf7, 0x0, 0x2f, 0xff, 0xff, 0xff,
    0xff, 0xdf, 0xff, 0xff, 0xff, 0xff, 0xff, 0x10,
    0x0, 0xbf, 0xff, 0xff, 0xff, 0xc0, 0xdf, 0xff,
    0xff, 0xff, 0xff, 0x90, 0x0, 0x1, 0xdf, 0xff,
    0xff, 0xd1, 0x3, 0xff, 0xff, 0xff, 0xff, 0xe1,
    0x0, 0x0, 0x1, 0xcf, 0xff, 0xa0, 0x0, 0x3,
    0xef, 0xff, 0xff, 0xf3, 0x0, 0x0, 0x0, 0x0,
    0x24, 0x10, 0x0, 0x0, 0x2, 0x9d, 0xfe, 0x91,
    0x0, 0x0,

    /* U+0058 "X" */
    0x1, 0x64, 0x0, 0x0, 0x0, 0x0, 0x3, 0x63,
    0x1, 0xef, 0xfa, 0x0, 0x0, 0x0, 0x8, 0xff,
    0xf7, 0x5f, 0xff, 0xf9, 0x0, 0x0, 0x8, 0xff,
    0xff, 0xe4, 0xff, 0xff, 0xf4, 0x0, 0x8, 0xff,
    0xff, 0xfb, 0x1f, 0xff, 0xff, 0xe1, 0x6, 0xff,
    0xff, 0xff, 0x30, 0x9f, 0xff, 0xff, 0xb4, 0xff,
    0xff, 0xff, 0x80, 0x0, 0xef, 0xff, 0xff, 0xff,
    0xff, 0xff, 0xc0, 0x0, 0x4, 0xff, 0xff, 0xff,
    0xff, 0xff, 0xe1, 0x0, 0x0, 0x8, 0xff, 0xff,
    0xff, 0xff, 0xf3, 0x0, 0x0, 0x0, 0xd, 0xff,
    0xff, 0xff, 0xf5, 0x0, 0x0, 0x0, 0x0, 0x9f,
    0xff, 0xff, 0xfc, 0x0, 0x0, 0x0, 0x0, 0x5f,
    0xff, 0xff, 0xff, 0xf9, 0x0, 0x0, 0x0, 0x3f,
    0xff, 0xff, 0xff, 0xff, 0xf7, 0x0, 0x0, 0x1e,
    0xff, 0xff, 0xff, 0xff, 0xff, 0xf5, 0x0, 0xa,
    0xff, 0xff, 0xfe, 0xff, 0xff, 0xff, 0xf3, 0x5,
    0xff, 0xff, 0xff, 0x45, 0xff, 0xff, 0xff, 0xd0,
    0xcf, 0xff, 0xff, 0x80, 0x9, 0xff, 0xff, 0xff,
    0x5e, 0xff, 0xff, 0xb0, 0x0, 0xc, 0xff, 0xff,
    0xf7, 0xbf, 0xff, 0xe1, 0x0, 0x0, 0x1c, 0xff,
    0xff, 0x32, 0xcf, 0xb2, 0x0, 0x0, 0x0, 0x9,
    0xed, 0x50,

    /* U+0059 "Y" */
    0x5, 0xdd, 0x60, 0x0, 0x0, 0x0, 0x6, 0xed,
    0x50, 0x1f, 0xff, 0xf4, 0x0, 0x0, 0x0, 0x7f,
    0xff, 0xf1, 0x3f, 0xff, 0xfc, 0x0, 0x0, 0x4,
    0xff, 0xff, 0xf0, 0x2f, 0xff, 0xff, 0x50, 0x0,
    0x1e, 0xff, 0xff, 0xb0, 0xf, 0xff, 0xff, 0xe1,
    0x0, 0xbf, 0xff, 0xff, 0x30, 0x9, 0xff, 0xff,
    0xfa, 0x8, 0xff, 0xff, 0xf8, 0x0, 0x2, 0xff,
    0xff, 0xff, 0x9f, 0xff, 0xff, 0xd0, 0x0, 0x0,
    0x9f, 0xff, 0xff, 0xff, 0xff, 0xff, 0x30, 0x0,
    0x0, 0x1d, 0xff, 0xff, 0xff, 0xff, 0xf6, 0x0,
    0x0, 0x0, 0x2, 0xef, 0xff, 0xff, 0xff, 0x90,
    0x0, 0x0, 0x0, 0x0, 0x2c, 0xff, 0xff, 0xfd,
    0x0, 0x0, 0x0, 0x0, 0x0, 0x0, 0xbf, 0xff,
    0xfb, 0x0, 0x0, 0x0, 0x0, 0x0, 0x0, 0x9f,
    0xff, 0xfc, 0x0, 0x0, 0x0, 0x0, 0x0, 0x0,
    0x9f, 0xff, 0xfd, 0x0, 0x0, 0x0, 0x0, 0x0,
    0x0, 0x8f, 0xff, 0xff, 0x0, 0x0, 0x0, 0x0,
    0x0, 0x0, 0x7f, 0xff, 0xff, 0x0, 0x0, 0x0,
    0x0, 0x0, 0x0, 0x7f, 0xff, 0xff, 0x10, 0x0,
    0x0, 0x0, 0x0, 0x0, 0x6f, 0xff, 0xff, 0x10,
    0x0, 0x0, 0x0, 0x0, 0x0, 0x2f, 0xff, 0xfc,
    0x0, 0x0, 0x0, 0x0, 0x0, 0x0, 0x5, 0xdf,
    0xb2, 0x0, 0x0, 0x0,

    /* U+005A "Z" */
    0x6, 0xdf, 0xff, 0xff, 0xec, 0x95, 0x0, 0x0,
    0x6, 0xff, 0xff, 0xff, 0xff, 0xff, 0xfd, 0x30,
    0x0, 0xbf, 0xff, 0xff, 0xff, 0xff, 0xff, 0xfe,
    0x10, 0xa, 0xff, 0xff, 0xff, 0xff, 0xff, 0xff,
    0xf5, 0x0, 0x3e, 0xff, 0xff, 0xff, 0xff, 0xff,
    0xff, 0x50, 0x0, 0x16, 0x9b, 0xcc, 0xef, 0xff,
    0xff, 0xf2, 0x0, 0x0, 0x0, 0x0, 0x1e, 0xff,
    0xff, 0xfb, 0x0, 0x0, 0x0, 0x0, 0xc, 0xff,
    0xff, 0xfe, 0x10, 0x0, 0x0, 0x0, 0x9, 0xff,
    0xff, 0xff, 0x50, 0x0, 0x0, 0x0, 0x6, 0xff,
    0xff, 0xff, 0x90, 0x0, 0x0, 0x0, 0x4, 0xff,
    0xff, 0xff, 0xc0, 0x0, 0x0, 0x0, 0x2, 0xef,
    0xff, 0xff, 0xe1, 0x0, 0x0, 0x0, 0x0, 0xdf,
    0xff, 0xff, 0xf4, 0x0, 0x0, 0x0, 0x0, 0x8f,
    0xff, 0xff, 0xf7, 0x0, 0x0, 0x0, 0x0, 0x1f,
    0xff, 0xff, 0xff, 0xab, 0xcd, 0xef, 0xd5, 0x5,
    0xff, 0xff, 0xff, 0xff, 0xff, 0xff, 0xff, 0xf1,
    0x8f, 0xff, 0xff, 0xff, 0xff, 0xff, 0xff, 0xff,
    0x46, 0xff, 0xff, 0xff, 0xff, 0xff, 0xff, 0xff,
    0xf2, 0xc, 0xff, 0xff, 0xff, 0xff, 0xff, 0xff,
    0xf6, 0x0, 0x5, 0xad, 0xff, 0xed, 0xca, 0x86,
    0x41, 0x0,

    /* U+005B "[" */
    0x5d, 0xff, 0xf6, 0xef, 0xff, 0xfb, 0xff, 0xfe,
    0xa3, 0xff, 0xf6, 0x0, 0xff, 0xf5, 0x0, 0xff,
    0xf6, 0x0, 0xff, 0xf6, 0x0, 0xff, 0xf6, 0x0,
    0xff, 0xf6, 0x0, 0xff, 0xf5, 0x0, 0xff, 0xf6,
    0x0, 0xff, 0xf8, 0x0, 0xff, 0xfe, 0x92, 0xdf,
    0xff, 0xfb, 0x4d, 0xff, 0xe6, 0x0, 0x0, 0x0,

    /* U+005C "\\" */
    0x2c, 0xe5, 0x0, 0x0, 0x0, 0x9, 0xff, 0xf2,
    0x0, 0x0, 0x0, 0x7f, 0xff, 0xa0, 0x0, 0x0,
    0x0, 0xff, 0xff, 0x20, 0x0, 0x0, 0x8, 0xff,
    0xf9, 0x0, 0x0, 0x0, 0x1f, 0xff, 0xf1, 0x0,
    0x0, 0x0, 0x9f, 0xff, 0x90, 0x0, 0x0, 0x1,
    0xff, 0xff, 0x10, 0x0, 0x0, 0x9, 0xff, 0xf8,
    0x0, 0x0, 0x0, 0x2f, 0xff, 0xf1, 0x0, 0x0,
    0x0, 0xaf, 0xff, 0x70, 0x0, 0x0, 0x3, 0xff,
    0xfe, 0x0, 0x0, 0x0, 0xb, 0xff, 0xf7, 0x0,
    0x0, 0x0, 0x3f, 0xff, 0xe0, 0x0, 0x0, 0x0,
    0xcf, 0xff, 0x50, 0x0, 0x0, 0x4, 0xff, 0xf8,
    0x0, 0x0, 0x0, 0x8, 0xec, 0x10,

    /* U+005D "]" */
    0x6f, 0xff, 0xd5, 0xbf, 0xff, 0xfe, 0x3a, 0xef,
    0xff, 0x0, 0x5f, 0xff, 0x0, 0x5f, 0xff, 0x0,
    0x6f, 0xff, 0x0, 0x6f, 0xff, 0x0, 0x6f, 0xff,
    0x0, 0x5f, 0xff, 0x0, 0x5f, 0xff, 0x0, 0x6f,
    0xff, 0x0, 0x7f, 0xff, 0x29, 0xef, 0xff, 0xbf,
    0xff, 0xfe, 0x5e, 0xff, 0xd4, 0x0, 0x0, 0x0,

    /* U+005E "^" */
    0x0, 0x0, 0x5, 0x40, 0x0, 0x0, 0x0, 0x0,
    0xaf, 0xf6, 0x0, 0x0, 0x0, 0x5, 0xff, 0xff,
    0x10, 0x0, 0x0, 0x2e, 0xff, 0xff, 0xc0, 0x0,
    0x4, 0xef, 0xfd, 0xff, 0xfc, 0x20, 0x5f, 0xff,
    0xe2, 0x7f, 0xff, 0xf1, 0x8f, 0xff, 0x40, 0x9,
    0xff, 0xf3, 0x1d, 0xf6, 0x0, 0x0, 0x8e, 0xa0,
    0x0, 0x0, 0x0, 0x0, 0x0, 0x0,

    /* U+005F "_" */
    0x15, 0x67, 0x77, 0x77, 0x77, 0x77, 0x77, 0x76,
    0x20, 0xcf, 0xff, 0xff, 0xff, 0xff, 0xff, 0xff,
    0xff, 0xf4, 0xef, 0xff, 0xff, 0xff, 0xff, 0xff,
    0xff, 0xff, 0xf8, 0x4c, 0xff, 0xff, 0xff, 0xff,
    0xff, 0xff, 0xff, 0xc2,

    /* U+0060 "`" */
    0x0, 0x56, 0x10, 0x0, 0x9f, 0xfd, 0x10, 0xf,
    0xff, 0xf8, 0x0, 0xcf, 0xff, 0xf1, 0x5, 0xff,
    0xff, 0x70, 0xd, 0xff, 0xfc, 0x0, 0x6f, 0xff,
    0xb0, 0x0, 0x9f, 0xc2,

    /* U+0061 "a" */
    0x0, 0x6, 0xce, 0xfe, 0xa3, 0x0, 0x0, 0x0,
    0x2e, 0xff, 0xff, 0xff, 0xf7, 0x0, 0x0, 0xb,
    0xff, 0xff, 0xff, 0xff, 0xf5, 0x0, 0x0, 0xdf,
    0xff, 0xff, 0xff, 0xff, 0xd0, 0x0, 0x3, 0xb8,
    0x30, 0xb, 0xff, 0xff, 0x30, 0x0, 0x0, 0x0,
    0x0, 0x4f, 0xff, 0xf6, 0x0, 0x0, 0x28, 0xde,
    0xff, 0xff, 0xff, 0x90, 0x0, 0x6f, 0xff, 0xff,
    0xff, 0xff, 0xfa, 0x0, 0x3f, 0xff, 0xfe, 0xad,
    0xff, 0xff, 0xb0, 0xb, 0xff, 0xfe, 0x10, 0x7f,
    0xff, 0xfd, 0x0, 0xef, 0xff, 0xc0, 0x7, 0xff,
    0xff, 0xf2, 0xd, 0xff, 0xff, 0x88, 0xff, 0xff,
    0xff, 0xc0, 0x9f, 0xff, 0xff, 0xff, 0xff, 0xff,
    0xff, 0x1, 0xdf, 0xff, 0xff, 0xff, 0xff, 0xff,
    0xa0, 0x0, 0x8d, 0xfe, 0xb6, 0x3a, 0xef, 0x90,
    0x0,

    /* U+0062 "b" */
    0x0, 0x4d, 0xe9, 0x0, 0x0, 0x0, 0x0, 0x0,
    0x1e, 0xff, 0xf2, 0x0, 0x0, 0x0, 0x0, 0x7,
    0xff, 0xff, 0x40, 0x0, 0x0, 0x0, 0x0, 0xbf,
    0xff, 0xf3, 0x0, 0x0, 0x0, 0x0, 0xe, 0xff,
    0xff, 0x10, 0x0, 0x0, 0x0, 0x0, 0xff, 0xff,
    0xfa, 0xdf, 0xda, 0x20, 0x0, 0x3f, 0xff, 0xff,
    0xff, 0xff, 0xff, 0x60, 0x4, 0xff, 0xff, 0xff,
    0xff, 0xff, 0xff, 0x30, 0x5f, 0xff, 0xff, 0xff,
    0xff, 0xff, 0xfc, 0x6, 0xff, 0xff, 0xfb, 0x47,
    0xff, 0xff, 0xf1, 0x5f, 0xff, 0xff, 0x0, 0xb,
    0xff, 0xff, 0x35, 0xff, 0xff, 0xc0, 0x0, 0x8f,
    0xff, 0xf3, 0x4f, 0xff, 0xfd, 0x0, 0xd, 0xff,
    0xff, 0x12, 0xff, 0xff, 0xfb, 0x7c, 0xff, 0xff,
    0xd0, 0xf, 0xff, 0xff, 0xff, 0xff, 0xff, 0xf6,
    0x0, 0xef, 0xff, 0xff, 0xff, 0xff, 0xfc, 0x0,
    0x8, 0xff, 0xff, 0xff, 0xff, 0xfc, 0x10, 0x0,
    0xb, 0xe8, 0x4b, 0xef, 0xc6, 0x0, 0x0,

    /* U+0063 "c" */
    0x0, 0x0, 0x4, 0x78, 0x51, 0x0, 0x0, 0x5,
    0xef, 0xff, 0xfe, 0x40, 0x0, 0x9f, 0xff, 0xff,
    0xff, 0xf0, 0x6, 0xff, 0xff, 0xff, 0xff, 0xf0,
    0x1e, 0xff, 0xff, 0xff, 0xfe, 0x60, 0x6f, 0xff,
    0xff, 0xa0, 0x0, 0x0, 0xaf, 0xff, 0xfd, 0x0,
    0x0, 0x0, 0xcf, 0xff, 0xf8, 0x0, 0x0, 0x0,
    0xcf, 0xff, 0xf7, 0x0, 0x0, 0x0, 0xaf, 0xff,
    0xfd, 0x10, 0x2, 0x0, 0x7f, 0xff, 0xff, 0xfe,
    0xff, 0xf2, 0x1f, 0xff, 0xff, 0xff, 0xff, 0xf9,
    0x7, 0xff, 0xff, 0xff, 0xff, 0xf8, 0x0, 0x7f,
    0xff, 0xff, 0xff, 0xd1, 0x0, 0x2, 0x9d, 0xff,
    0xc7, 0x0,

    /* U+0064 "d" */
    0x0, 0x0, 0x0, 0x0, 0x1, 0xbf, 0xb1, 0x0,
    0x0, 0x0, 0x0, 0x0, 0xbf, 0xff, 0x90, 0x0,
    0x0, 0x0, 0x0, 0xf, 0xff, 0xfe, 0x0, 0x0,
    0x0, 0x0, 0x2, 0xff, 0xff, 0xf1, 0x0, 0x0,
    0x0, 0x0, 0x3f, 0xff, 0xff, 0x10, 0x0, 0x5b,
    0xee, 0xba, 0xff, 0xff, 0xf2, 0x0, 0x9f, 0xff,
    0xff, 0xff, 0xff, 0xff, 0x20, 0x8f, 0xff, 0xff,
    0xff, 0xff, 0xff, 0xf2, 0x2f, 0xff, 0xff, 0xff,
    0xff, 0xff, 0xff, 0x28, 0xff, 0xff, 0xf9, 0xbf,
    0xff, 0xff, 0xf3, 0xbf, 0xff, 0xf5, 0x0, 0xcf,
    0xff, 0xff, 0x3d, 0xff, 0xff, 0x10, 0x9, 0xff,
    0xff, 0xf4, 0xcf, 0xff, 0xf4, 0x1, 0xef, 0xff,
    0xff, 0x4a, 0xff, 0xff, 0xfb, 0xef, 0xff, 0xff,
    0xf5, 0x4f, 0xff, 0xff, 0xff, 0xff, 0xff, 0xff,
    0x60, 0xcf, 0xff, 0xff, 0xff, 0xff, 0xff, 0xf7,
    0x1, 0xcf, 0xff, 0xff, 0xff, 0xff, 0xff, 0x30,
    0x0, 0x6b, 0xff, 0xd8, 0x4a, 0xed, 0x60,

    /* U+0065 "e" */
    0x0, 0x0, 0x6c, 0xef, 0xd9, 0x20, 0x0, 0x0,
    0x2c, 0xff, 0xff, 0xff, 0xf4, 0x0, 0x1, 0xef,
    0xff, 0xff, 0xff, 0xff, 0x20, 0xb, 0xff, 0xff,
    0xfe, 0xff, 0xff, 0x70, 0x4f, 0xff, 0xfd, 0x10,
    0xdf, 0xff, 0x80, 0x9f, 0xff, 0xf8, 0x5b, 0xff,
    0xff, 0x50, 0xcf, 0xff, 0xff, 0xff, 0xff, 0xfc,
    0x0, 0xef, 0xff, 0xff, 0xff, 0xff, 0xc0, 0x0,
    0xdf, 0xff, 0xff, 0xff, 0xb5, 0x0, 0x0, 0xbf,
    0xff, 0xff, 0x50, 0x2, 0x8a, 0x40, 0x6f, 0xff,
    0xff, 0xff, 0xff, 0xff, 0xf2, 0xe, 0xff, 0xff,
    0xff, 0xff, 0xff, 0xf4, 0x4, 0xff, 0xff, 0xff,
    0xff, 0xff, 0xd1, 0x0, 0x4e, 0xff, 0xff, 0xff,
    0xfe, 0x20, 0x0, 0x0, 0x5b, 0xdf, 0xdb, 0x60,
    0x0,

    /* U+0066 "f" */
    0x0, 0x0, 0x0, 0x5b, 0xef, 0xc7, 0x0, 0x0,
    0x0, 0xb, 0xff, 0xff, 0xff, 0xc0, 0x0, 0x0,
    0x9f, 0xff, 0xff, 0xff, 0xf6, 0x0, 0x2, 0xff,
    0xff, 0xff, 0xff, 0xfa, 0x0, 0x7, 0xff, 0xff,
    0xfa, 0xff, 0xf5, 0x0, 0xa, 0xff, 0xff, 0xc0,
    0x26, 0x40, 0x0, 0xc, 0xff, 0xff, 0x90, 0x0,
    0x0, 0x0, 0x1e, 0xff, 0xff, 0xb5, 0x42, 0x0,
    0xb, 0xff, 0xff, 0xff, 0xff, 0xff, 0x50, 0x5f,
    0xff, 0xff, 0xff, 0xff, 0xff, 0xb0, 0x5f, 0xff,
    0xff, 0xff, 0xff, 0xff, 0x90, 0x1c, 0xff, 0xff,
    0xff, 0xff, 0xe8, 0x0, 0x0, 0x3c, 0xff, 0xff,
    0xe0, 0x0, 0x0, 0x0, 0x8, 0xff, 0xff, 0xf0,
    0x0, 0x0, 0x0, 0x5, 0xff, 0xff, 0xf2, 0x0,
    0x0, 0x0, 0x2, 0xff, 0xff, 0xf5, 0x0, 0x0,
    0x0, 0x0, 0xef, 0xff, 0xf5, 0x0, 0x0, 0x0,
    0x0, 0x9f, 0xff, 0xf1, 0x0, 0x0, 0x0, 0x0,
    0x9, 0xed, 0x40, 0x0, 0x0,

    /* U+0067 "g" */
    0x0, 0x3, 0xad, 0xec, 0x71, 0x66, 0x0, 0x0,
    0x9f, 0xff, 0xff, 0xff, 0xff, 0xc0, 0x7, 0xff,
    0xff, 0xff, 0xff, 0xff, 0xf4, 0x3f, 0xff, 0xff,
    0xff, 0xff, 0xff, 0xf8, 0x9f, 0xff, 0xfb, 0x13,
    0xdf, 0xff, 0xfa, 0xcf, 0xff, 0xf1, 0x0, 0xbf,
    0xff, 0xfb, 0xef, 0xff, 0xf0, 0x0, 0xdf, 0xff,
    0xfc, 0xcf, 0xff, 0xf7, 0x17, 0xff, 0xff, 0xfe,
    0x9f, 0xff, 0xff, 0xff, 0xff, 0xff, 0xfd, 0x2f,
    0xff, 0xff, 0xff, 0xff, 0xff, 0xfc, 0x6, 0xff,
    0xff, 0xff, 0xff, 0xff, 0xfb, 0x0, 0x3b, 0xef,
    0xfa, 0xff, 0xff, 0xf8, 0x0, 0x0, 0x0, 0x2,
    0xff, 0xff, 0xf5, 0x0, 0x20, 0x0, 0x8, 0xff,
    0xff, 0xf1, 0x1e, 0xff, 0x96, 0x9f, 0xff, 0xff,
    0xb0, 0x9f, 0xff, 0xff, 0xff, 0xff, 0xff, 0x30,
    0x9f, 0xff, 0xff, 0xff, 0xff, 0xf6, 0x0, 0x2e,
    0xff, 0xff, 0xff, 0xfe, 0x50, 0x0, 0x0, 0x7b,
    0xef, 0xeb, 0x61, 0x0, 0x0,

    /* U+0068 "h" */
    0x0, 0x2c, 0xfb, 0x0, 0x0, 0x0, 0x0, 0x0,
    0x0, 0xdf, 0xff, 0x80, 0x0, 0x0, 0x0, 0x0,
    0x6, 0xff, 0xff, 0xb0, 0x0, 0x0, 0x0, 0x0,
    0xa, 0xff, 0xff, 0xa0, 0x0, 0x0, 0x0, 0x0,
    0xe, 0xff, 0xff, 0x80, 0x34, 0x30, 0x0, 0x0,
    0xf, 0xff, 0xff, 0xde, 0xff, 0xff, 0xb1, 0x0,
    0x3f, 0xff, 0xff, 0xff, 0xff, 0xff, 0xff, 0x20,
    0x4f, 0xff, 0xff, 0xff, 0xff, 0xff, 0xff, 0xb0,
    0x5f, 0xff, 0xff, 0xff, 0xff, 0xff, 0xff, 0xf2,
    0x6f, 0xff, 0xff, 0xff, 0xdf, 0xff, 0xff, 0xf6,
    0x6f, 0xff, 0xff, 0xf3, 0x7, 0xff, 0xff, 0xf9,
    0x5f, 0xff, 0xff, 0xa0, 0x3, 0xff, 0xff, 0xfa,
    0x3f, 0xff, 0xff, 0x70, 0x2, 0xff, 0xff, 0xfa,
    0x2f, 0xff, 0xff, 0x50, 0x4, 0xff, 0xff, 0xf9,
    0xf, 0xff, 0xff, 0x40, 0x5, 0xff, 0xff, 0xf7,
    0xd, 0xff, 0xff, 0x20, 0x5, 0xff, 0xff, 0xf4,
    0x7, 0xff, 0xfd, 0x0, 0x1, 0xff, 0xff, 0xd0,
    0x0, 0x9e, 0xc3, 0x0, 0x0, 0x5c, 0xea, 0x10,

    /* U+0069 "i" */
    0x0, 0x8e, 0xd7, 0x0, 0x7f, 0xff, 0xf4, 0xa,
    0xff, 0xff, 0x70, 0x5f, 0xff, 0xf3, 0x0, 0x38,
    0x82, 0x0, 0x0, 0x0, 0x0, 0x2, 0xcf, 0xe5,
    0x0, 0xbf, 0xff, 0xf1, 0xf, 0xff, 0xff, 0x53,
    0xff, 0xff, 0xf7, 0x5f, 0xff, 0xff, 0x66, 0xff,
    0xff, 0xf5, 0x6f, 0xff, 0xff, 0x46, 0xff, 0xff,
    0xf2, 0x4f, 0xff, 0xff, 0x0, 0xef, 0xff, 0xa0,
    0x3, 0xcf, 0xb0, 0x0,

    /* U+006A "j" */
    0x0, 0x0, 0x4, 0xde, 0xa0, 0x0, 0x0, 0x1,
    0xff, 0xff, 0x90, 0x0, 0x0, 0x4f, 0xff, 0xfb,
    0x0, 0x0, 0x1, 0xdf, 0xff, 0x40, 0x0, 0x0,
    0x1, 0x57, 0x30, 0x0, 0x0, 0x0, 0x3, 0x41,
    0x0, 0x0, 0x0, 0x8, 0xff, 0xe2, 0x0, 0x0,
    0x2, 0xff, 0xff, 0x90, 0x0, 0x0, 0x4f, 0xff,
    0xfe, 0x0, 0x0, 0x5, 0xff, 0xff, 0xf1, 0x0,
    0x0, 0x5f, 0xff, 0xff, 0x30, 0x0, 0x5, 0xff,
    0xff, 0xf3, 0x0, 0x0, 0x5f, 0xff, 0xff, 0x40,
    0x0, 0x6, 0xff, 0xff, 0xf3, 0x0, 0x0, 0x8f,
    0xff, 0xff, 0x20, 0x0, 0xb, 0xff, 0xff, 0xf0,
    0x0, 0x58, 0xff, 0xff, 0xfd, 0x0, 0xcf, 0xff,
    0xff, 0xff, 0x70, 0x6f, 0xff, 0xff, 0xff, 0xf2,
    0x7, 0xff, 0xff, 0xff, 0xfa, 0x0, 0x1e, 0xff,
    0xff, 0xfb, 0x0, 0x0, 0x3b, 0xfe, 0xc6, 0x0,
    0x0,

    /* U+006B "k" */
    0x0, 0x6, 0xde, 0x80, 0x0, 0x0, 0x0, 0x0,
    0x0, 0x5f, 0xff, 0xf5, 0x0, 0x0, 0x0, 0x0,
    0x0, 0xcf, 0xff, 0xf8, 0x0, 0x0, 0x0, 0x0,
    0x2, 0xff, 0xff, 0xf7, 0x0, 0x0, 0x0, 0x0,
    0x7, 0xff, 0xff, 0xf4, 0x0, 0x1a, 0xfd, 0x30,
    0xb, 0xff, 0xff, 0xf2, 0x6, 0xff, 0xff, 0xe0,
    0xd, 0xff, 0xff, 0xf2, 0xbf, 0xff, 0xff, 0xf1,
    0xf, 0xff, 0xff, 0xfe, 0xff, 0xff, 0xff, 0xa0,
    0x1f, 0xff, 0xff, 0xff, 0xff, 0xff, 0xfc, 0x0,
    0x2f, 0xff, 0xff, 0xff, 0xff, 0xff, 0x90, 0x0,
    0x3f, 0xff, 0xff, 0xff, 0xff, 0xf8, 0x0, 0x0,
    0x4f, 0xff, 0xff, 0xff, 0xff, 0xff, 0x70, 0x0,
    0x3f, 0xff, 0xff, 0xff, 0xff, 0xff, 0xfa, 0x0,
    0x2f, 0xff, 0xff, 0xdf, 0xff, 0xff, 0xff, 0xb0,
    0x1f, 0xff, 0xff, 0x84, 0xff, 0xff, 0xff, 0xf5,
    0xf, 0xff, 0xff, 0x50, 0x3e, 0xff, 0xff, 0xf9,
    0xa, 0xff, 0xff, 0x10, 0x2, 0xcf, 0xff, 0xf6,
    0x1, 0xbf, 0xc3, 0x0, 0x0, 0x8, 0xde, 0x90,

    /* U+006C "l" */
    0x0, 0xa, 0xfc, 0x40, 0x0, 0xa, 0xff, 0xfe,
    0x0, 0x2, 0xff, 0xff, 0xf1, 0x0, 0x8f, 0xff,
    0xff, 0x0, 0xc, 0xff, 0xff, 0xf0, 0x0, 0xff,
    0xff, 0xfd, 0x0, 0x2f, 0xff, 0xff, 0xa0, 0x4,
    0xff, 0xff, 0xf7, 0x0, 0x5f, 0xff, 0xff, 0x50,
    0x6, 0xff, 0xff, 0xf4, 0x0, 0x6f, 0xff, 0xff,
    0x30, 0x5, 0xff, 0xff, 0xf4, 0x0, 0x4f, 0xff,
    0xff, 0x60, 0x2, 0xff, 0xff, 0xfe, 0x30, 0xd,
    0xff, 0xff, 0xfe, 0x0, 0x6f, 0xff, 0xff, 0xf0,
    0x0, 0xbf, 0xff, 0xfb, 0x0, 0x0, 0x8e, 0xea,
    0x10,

    /* U+006D "m" */
    0x0, 0x8e, 0xd2, 0x4b, 0xdf, 0xc6, 0x0, 0x5c,
    0xff, 0xb4, 0x0, 0x0, 0x6f, 0xff, 0xff, 0xff,
    0xff, 0xf9, 0x9f, 0xff, 0xff, 0xf5, 0x0, 0xd,
    0xff, 0xff, 0xff, 0xff, 0xff, 0xff, 0xff, 0xff,
    0xff, 0xf1, 0x1, 0xff, 0xff, 0xff, 0xff, 0xff,
    0xff, 0xff, 0xff, 0xff, 0xff, 0x70, 0x3f, 0xff,
    0xff, 0xff, 0xff, 0xff, 0xff, 0xff, 0xff, 0xff,
    0xfc, 0x4, 0xff, 0xff, 0xff, 0x83, 0xdf, 0xff,
    0xff, 0x6b, 0xff, 0xff, 0xe0, 0x5f, 0xff, 0xff,
    0xc0, 0x8, 0xff, 0xff, 0x80, 0x3f, 0xff, 0xff,
    0x6, 0xff, 0xff, 0xf8, 0x0, 0x7f, 0xff, 0xf2,
    0x1, 0xff, 0xff, 0xf0, 0x5f, 0xff, 0xff, 0x50,
    0x9, 0xff, 0xfe, 0x0, 0x1f, 0xff, 0xff, 0x4,
    0xff, 0xff, 0xf4, 0x0, 0xaf, 0xff, 0xc0, 0x2,
    0xff, 0xff, 0xe0, 0x2f, 0xff, 0xff, 0x20, 0xb,
    0xff, 0xf8, 0x0, 0x4f, 0xff, 0xfb, 0x0, 0xef,
    0xff, 0xf0, 0x0, 0x7f, 0xff, 0x20, 0x3, 0xff,
    0xff, 0x70, 0x8, 0xff, 0xfa, 0x0, 0x0, 0x79,
    0x30, 0x0, 0x1f, 0xff, 0xe1, 0x0, 0xa, 0xfb,
    0x10, 0x0, 0x0, 0x0, 0x0, 0x0, 0x5c, 0xa2,
    0x0,

    /* U+006E "n" */
    0x0, 0x8e, 0xd4, 0x5, 0xbe, 0xfd, 0x81, 0x0,
    0x0, 0x8f, 0xff, 0xfd, 0xff, 0xff, 0xff, 0xe1,
    0x0, 0xe, 0xff, 0xff, 0xff, 0xff, 0xff, 0xff,
    0xc0, 0x2, 0xff, 0xff, 0xff, 0xff, 0xff, 0xff,
    0xff, 0x50, 0x4f, 0xff, 0xff, 0xff, 0xff, 0xff,
    0xff, 0xfb, 0x5, 0xff, 0xff, 0xff, 0xb2, 0x3e,
    0xff, 0xff, 0xf0, 0x6f, 0xff, 0xff, 0xf1, 0x0,
    0x7f, 0xff, 0xff, 0x6, 0xff, 0xff, 0xfa, 0x0,
    0x4, 0xff, 0xff, 0xf1, 0x5f, 0xff, 0xff, 0x70,
    0x0, 0x5f, 0xff, 0xff, 0x4, 0xff, 0xff, 0xf5,
    0x0, 0x8, 0xff, 0xff, 0xf0, 0x3f, 0xff, 0xff,
    0x40, 0x0, 0xaf, 0xff, 0xfc, 0x1, 0xff, 0xff,
    0xf2, 0x0, 0xc, 0xff, 0xff, 0x70, 0xb, 0xff,
    0xfc, 0x0, 0x0, 0x9f, 0xff, 0xf1, 0x0, 0x1b,
    0xfb, 0x20, 0x0, 0x0, 0xae, 0xc3, 0x0,

    /* U+006F "o" */
    0x0, 0x0, 0x4, 0x67, 0x62, 0x0, 0x0, 0x0,
    0x0, 0x6e, 0xff, 0xff, 0xfc, 0x30, 0x0, 0x0,
    0xaf, 0xff, 0xff, 0xff, 0xff, 0x50, 0x0, 0x8f,
    0xff, 0xff, 0xff, 0xff, 0xff, 0x10, 0x2f, 0xff,
    0xff, 0xff, 0xff, 0xff, 0xf9, 0x8, 0xff, 0xff,
    0xf4, 0x1b, 0xff, 0xff, 0xd0, 0xcf, 0xff, 0xf8,
    0x0, 0x3f, 0xff, 0xff, 0xd, 0xff, 0xff, 0x50,
    0x5, 0xff, 0xff, 0xf0, 0xcf, 0xff, 0xfb, 0x0,
    0xcf, 0xff, 0xfd, 0xa, 0xff, 0xff, 0xff, 0xff,
    0xff, 0xff, 0x80, 0x4f, 0xff, 0xff, 0xff, 0xff,
    0xff, 0xe1, 0x0, 0xaf, 0xff, 0xff, 0xff, 0xff,
    0xf4, 0x0, 0x0, 0xaf, 0xff, 0xff, 0xff, 0xe4,
    0x0, 0x0, 0x0, 0x4a, 0xdf, 0xec, 0x71, 0x0,
    0x0,

    /* U+0070 "p" */
    0x0, 0x3, 0x40, 0x4a, 0xdf, 0xd8, 0x10, 0x0,
    0x0, 0xaf, 0xff, 0xff, 0xff, 0xff, 0xe4, 0x0,
    0x3, 0xff, 0xff, 0xff, 0xff, 0xff, 0xff, 0x20,
    0x9, 0xff, 0xff, 0xff, 0xff, 0xff, 0xff, 0xa0,
    0xc, 0xff, 0xff, 0xf9, 0x6b, 0xff, 0xff, 0xf1,
    0xe, 0xff, 0xff, 0xc0, 0x0, 0xcf, 0xff, 0xf3,
    0xf, 0xff, 0xff, 0x90, 0x0, 0x8f, 0xff, 0xf5,
    0x2f, 0xff, 0xff, 0x90, 0x0, 0xbf, 0xff, 0xf4,
    0x3f, 0xff, 0xff, 0xf9, 0x6b, 0xff, 0xff, 0xf1,
    0x4f, 0xff, 0xff, 0xff, 0xff, 0xff, 0xff, 0xb0,
    0x5f, 0xff, 0xff, 0xff, 0xff, 0xff, 0xff, 0x30,
    0x6f, 0xff, 0xff, 0xff, 0xff, 0xff, 0xf4, 0x0,
    0x6f, 0xff, 0xff, 0xcb, 0xef, 0xd8, 0x10, 0x0,
    0x5f, 0xff, 0xff, 0x60, 0x0, 0x0, 0x0, 0x0,
    0x4f, 0xff, 0xff, 0x60, 0x0, 0x0, 0x0, 0x0,
    0x1f, 0xff, 0xff, 0x50, 0x0, 0x0, 0x0, 0x0,
    0xa, 0xff, 0xff, 0x10, 0x0, 0x0, 0x0, 0x0,
    0x1, 0xbf, 0xc5, 0x0, 0x0, 0x0, 0x0, 0x0,

    /* U+0071 "q" */
    0x0, 0x1, 0x8c, 0xda, 0x60, 0x2, 0x10, 0x0,
    0x4, 0xef, 0xff, 0xff, 0xcd, 0xff, 0x80, 0x4,
    0xff, 0xff, 0xff, 0xff, 0xff, 0xff, 0x20, 0xdf,
    0xff, 0xff, 0xff, 0xff, 0xff, 0xf6, 0x5f, 0xff,
    0xfd, 0x31, 0xbf, 0xff, 0xff, 0x69, 0xff, 0xff,
    0x40, 0x7, 0xff, 0xff, 0xf6, 0xcf, 0xff, 0xf0,
    0x0, 0x8f, 0xff, 0xff, 0x5d, 0xff, 0xff, 0x0,
    0x9, 0xff, 0xff, 0xf5, 0xbf, 0xff, 0xf9, 0x14,
    0xef, 0xff, 0xff, 0x48, 0xff, 0xff, 0xff, 0xff,
    0xff, 0xff, 0xf3, 0x2f, 0xff, 0xff, 0xff, 0xff,
    0xff, 0xff, 0x20, 0x5f, 0xff, 0xff, 0xff, 0xff,
    0xff, 0xf1, 0x0, 0x3a, 0xdf, 0xeb, 0xcf, 0xff,
    0xff, 0x10, 0x0, 0x0, 0x0, 0x8, 0xff, 0xff,
    0xf1, 0x0, 0x0, 0x0, 0x0, 0x8f, 0xff, 0xff,
    0x0, 0x0, 0x0, 0x0, 0x6, 0xff, 0xff, 0xf0,
    0x0, 0x0, 0x0, 0x0, 0x2f, 0xff, 0xfa, 0x0,
    0x0, 0x0, 0x0, 0x0, 0x5d, 0xea, 0x0,

    /* U+0072 "r" */
    0x1, 0xaf, 0xb1, 0x0, 0x0, 0x0, 0x0, 0xaf,
    0xff, 0x90, 0x26, 0x73, 0x0, 0xf, 0xff, 0xfe,
    0x9f, 0xff, 0xfa, 0x2, 0xff, 0xff, 0xff, 0xff,
    0xff, 0xf5, 0x3f, 0xff, 0xff, 0xff, 0xff, 0xff,
    0x94, 0xff, 0xff, 0xff, 0xff, 0xff, 0xf6, 0x4f,
    0xff, 0xff, 0xfc, 0x9c, 0xf9, 0x5, 0xff, 0xff,
    0xfd, 0x0, 0x0, 0x0, 0x5f, 0xff, 0xff, 0x70,
    0x0, 0x0, 0x5, 0xff, 0xff, 0xf4, 0x0, 0x0,
    0x0, 0x4f, 0xff, 0xff, 0x20, 0x0, 0x0, 0x3,
    0xff, 0xff, 0xf0, 0x0, 0x0, 0x0, 0xe, 0xff,
    0xfa, 0x0, 0x0, 0x0, 0x0, 0x3d, 0xfa, 0x10,
    0x0, 0x0, 0x0,

    /* U+0073 "s" */
    0x0, 0x0, 0x0, 0x12, 0x10, 0x0, 0x0, 0x0,
    0x6, 0xcf, 0xff, 0xd6, 0x0, 0x0, 0xb, 0xff,
    0xff, 0xff, 0xf5, 0x0, 0xa, 0xff, 0xff, 0xff,
    0xff, 0x80, 0x1, 0xff, 0xff, 0xff, 0xff, 0xf3,
    0x0, 0x4f, 0xff, 0xff, 0x21, 0x31, 0x0, 0x2,
    0xff, 0xff, 0xfc, 0x50, 0x0, 0x0, 0xc, 0xff,
    0xff, 0xff, 0xd4, 0x0, 0x0, 0x1b, 0xff, 0xff,
    0xff, 0xf4, 0x0, 0x0, 0x4, 0xbf, 0xff, 0xff,
    0xe0, 0x0, 0x0, 0x0, 0x5f, 0xff, 0xff, 0x20,
    0x5e, 0xfc, 0x8b, 0xff, 0xff, 0xf3, 0xe, 0xff,
    0xff, 0xff, 0xff, 0xff, 0x0, 0xff, 0xff, 0xff,
    0xff, 0xff, 0x70, 0x8, 0xff, 0xff, 0xff, 0xff,
    0x60, 0x0, 0x4, 0xbe, 0xfd, 0xb6, 0x10, 0x0,

    /* U+0074 "t" */
    0x0, 0x0, 0x5, 0xde, 0x80, 0x0, 0x0, 0x0,
    0x0, 0x2f, 0xff, 0xf6, 0x0, 0x0, 0x0, 0x0,
    0xaf, 0xff, 0xf8, 0x0, 0x0, 0x0, 0x0, 0xff,
    0xff, 0xf6, 0x0, 0x0, 0x5, 0xdf, 0xff, 0xff,
    0xff, 0xfc, 0x50, 0x1f, 0xff, 0xff, 0xff, 0xff,
    0xff, 0xf0, 0x5f, 0xff, 0xff, 0xff, 0xff, 0xff,
    0xf1, 0x2f, 0xff, 0xff, 0xff, 0xff, 0xff, 0xa0,
    0x3, 0x8f, 0xff, 0xff, 0xe8, 0x85, 0x0, 0x0,
    0xf, 0xff, 0xff, 0xa0, 0x0, 0x0, 0x0, 0xf,
    0xff, 0xff, 0x90, 0x0, 0x0, 0x0, 0xe, 0xff,
    0xff, 0xc0, 0x16, 0x20, 0x0, 0xc, 0xff, 0xff,
    0xff, 0xff, 0xf3, 0x0, 0x7, 0xff, 0xff, 0xff,
    0xff, 0xf7, 0x0, 0x1, 0xff, 0xff, 0xff, 0xff,
    0xf5, 0x0, 0x0, 0x3e, 0xff, 0xff, 0xff, 0xc0,
    0x0, 0x0, 0x1, 0x8d, 0xff, 0xc6, 0x0,

    /* U+0075 "u" */
    0x0, 0x9e, 0xd4, 0x0, 0x0, 0x2c, 0xeb, 0x10,
    0x0, 0x9f, 0xff, 0xe0, 0x0, 0xe, 0xff, 0xfc,
    0x0, 0x1f, 0xff, 0xff, 0x10, 0x3, 0xff, 0xff,
    0xf0, 0x4, 0xff, 0xff, 0xf0, 0x0, 0x6f, 0xff,
    0xff, 0x20, 0x7f, 0xff, 0xfe, 0x0, 0x7, 0xff,
    0xff, 0xf3, 0x9, 0xff, 0xff, 0xd0, 0x0, 0x7f,
    0xff, 0xff, 0x30, 0xaf, 0xff, 0xfc, 0x0, 0x8,
    0xff, 0xff, 0xf2, 0x8, 0xff, 0xff, 0xe0, 0x0,
    0xcf, 0xff, 0xff, 0x10, 0x7f, 0xff, 0xff, 0x81,
    0x6f, 0xff, 0xff, 0xf2, 0x3, 0xff, 0xff, 0xff,
    0xff, 0xff, 0xff, 0xff, 0x70, 0xd, 0xff, 0xff,
    0xff, 0xff, 0xff, 0xff, 0xff, 0x20, 0x4f, 0xff,
    0xff, 0xff, 0xff, 0xff, 0xff, 0xf5, 0x0, 0x6f,
    0xff, 0xff, 0xff, 0xdf, 0xff, 0xff, 0x20, 0x0,
    0x29, 0xdf, 0xeb, 0x50, 0x3c, 0xfd, 0x40,

    /* U+0076 "v" */
    0x3, 0xce, 0xb1, 0x0, 0x0, 0x0, 0x5d, 0xe8,
    0x0, 0xef, 0xff, 0xb0, 0x0, 0x0, 0x6f, 0xff,
    0xf6, 0x3f, 0xff, 0xff, 0x40, 0x0, 0x2f, 0xff,
    0xff, 0x83, 0xff, 0xff, 0xfb, 0x0, 0xb, 0xff,
    0xff, 0xf5, 0xf, 0xff, 0xff, 0xf1, 0x4, 0xff,
    0xff, 0xfe, 0x0, 0xaf, 0xff, 0xff, 0x80, 0xdf,
    0xff, 0xff, 0x60, 0x4, 0xff, 0xff, 0xfe, 0x7f,
    0xff, 0xff, 0xe0, 0x0, 0xd, 0xff, 0xff, 0xff,
    0xff, 0xff, 0xf6, 0x0, 0x0, 0x6f, 0xff, 0xff,
    0xff, 0xff, 0xfc, 0x0, 0x0, 0x0, 0xef, 0xff,
    0xff, 0xff, 0xff, 0x20, 0x0, 0x0, 0x7, 0xff,
    0xff, 0xff, 0xff, 0x80, 0x0, 0x0, 0x0, 0x1e,
    0xff, 0xff, 0xff, 0xc0, 0x0, 0x0, 0x0, 0x0,
    0x3f, 0xff, 0xff, 0xd1, 0x0, 0x0, 0x0, 0x0,
    0x0, 0x4c, 0xfe, 0x90, 0x0, 0x0, 0x0,

    /* U+0077 "w" */
    0x0, 0xae, 0xc3, 0x0, 0x0, 0x0, 0x0, 0x0,
    0x9, 0xfd, 0x50, 0xb, 0xff, 0xfe, 0x0, 0x0,
    0x0, 0x0, 0x0, 0x7f, 0xff, 0xf1, 0x2f, 0xff,
    0xff, 0x10, 0x0, 0x0, 0x0, 0x0, 0xcf, 0xff,
    0xf7, 0x5f, 0xff, 0xff, 0x0, 0x3, 0x97, 0x10,
    0x0, 0xdf, 0xff, 0xf8, 0x7f, 0xff, 0xfe, 0x0,
    0x5f, 0xff, 0xc0, 0x0, 0xff, 0xff, 0xf7, 0x8f,
    0xff, 0xfd, 0x1, 0xff, 0xff, 0xf8, 0x1, 0xff,
    0xff, 0xf6, 0x8f, 0xff, 0xff, 0xb, 0xff, 0xff,
    0xff, 0x25, 0xff, 0xff, 0xf4, 0x6f, 0xff, 0xff,
    0xcf, 0xff, 0xff, 0xff, 0xce, 0xff, 0xff, 0xf0,
    0x4f, 0xff, 0xff, 0xff, 0xff, 0xff, 0xff, 0xff,
    0xff, 0xff, 0xa0, 0xf, 0xff, 0xff, 0xff, 0xff,
    0xff, 0xff, 0xff, 0xff, 0xff, 0x50, 0xa, 0xff,
    0xff, 0xff, 0xff, 0x8f, 0xff, 0xff, 0xff, 0xfe,
    0x0, 0x2, 0xff, 0xff, 0xff, 0xf6, 0x9, 0xff,
    0xff, 0xff, 0xf5, 0x0, 0x0, 0x8f, 0xff, 0xff,
    0x70, 0x0, 0xaf, 0xff, 0xff, 0x70, 0x0, 0x0,
    0x7, 0xdf, 0xa3, 0x0, 0x0, 0x7, 0xdf, 0xd5,
    0x0, 0x0,

    /* U+0078 "x" */
    0x0, 0x8e, 0xd7, 0x0, 0x0, 0x2, 0xae, 0xc3,
    0x0, 0x5f, 0xff, 0xfa, 0x0, 0x5, 0xff, 0xff,
    0xe0, 0x7, 0xff, 0xff, 0xfc, 0x18, 0xff, 0xff,
    0xfe, 0x0, 0x4f, 0xff, 0xff, 0xff, 0xff, 0xff,
    0xff, 0x80, 0x0, 0x9f, 0xff, 0xff, 0xff, 0xff,
    0xff, 0xb0, 0x0, 0x0, 0xcf, 0xff, 0xff, 0xff,
    0xff, 0xb0, 0x0, 0x0, 0x0, 0xcf, 0xff, 0xff,
    0xff, 0xb0, 0x0, 0x0, 0x0, 0x2e, 0xff, 0xff,
    0xff, 0xfd, 0x20, 0x0, 0x0, 0x2e, 0xff, 0xff,
    0xff, 0xff, 0xfe, 0x20, 0x0, 0x1e, 0xff, 0xff,
    0xff, 0xff, 0xff, 0xfd, 0x10, 0xa, 0xff, 0xff,
    0xff, 0xaf, 0xff, 0xff, 0xf8, 0x0, 0xff, 0xff,
    0xfe, 0x30, 0x8f, 0xff, 0xff, 0xc0, 0xe, 0xff,
    0xfe, 0x20, 0x0, 0x7f, 0xff, 0xf9, 0x0, 0x4d,
    0xe9, 0x10, 0x0, 0x0, 0x5c, 0xfb, 0x0,

    /* U+0079 "y" */
    0x0, 0x37, 0x40, 0x0, 0x0, 0x5, 0x72, 0x0,
    0x9, 0xff, 0xf8, 0x0, 0x0, 0xcf, 0xff, 0x40,
    0x3f, 0xff, 0xff, 0x0, 0x4, 0xff, 0xff, 0xb0,
    0x7f, 0xff, 0xfe, 0x0, 0x7, 0xff, 0xff, 0xf1,
    0xaf, 0xff, 0xfd, 0x0, 0xa, 0xff, 0xff, 0xf4,
    0xbf, 0xff, 0xfe, 0x0, 0x3f, 0xff, 0xff, 0xf6,
    0x9f, 0xff, 0xff, 0xec, 0xff, 0xff, 0xff, 0xf6,
    0x5f, 0xff, 0xff, 0xff, 0xff, 0xff, 0xff, 0xf6,
    0xd, 0xff, 0xff, 0xff, 0xff, 0xff, 0xff, 0xf4,
    0x1, 0xdf, 0xff, 0xff, 0xff, 0xff, 0xff, 0xf3,
    0x0, 0x17, 0xcf, 0xfd, 0x8c, 0xff, 0xff, 0xf1,
    0x0, 0x0, 0x0, 0x0, 0xe, 0xff, 0xff, 0xc0,
    0x2, 0x87, 0x30, 0x0, 0xaf, 0xff, 0xff, 0x80,
    0xe, 0xff, 0xff, 0xef, 0xff, 0xff, 0xff, 0x20,
    0x4f, 0xff, 0xff, 0xff, 0xff, 0xff, 0xf8, 0x0,
    0x2f, 0xff, 0xff, 0xff, 0xff, 0xff, 0xc0, 0x0,
    0x6, 0xff, 0xff, 0xff, 0xff, 0xf8, 0x0, 0x0,
    0x0, 0x28, 0xbd, 0xfe, 0xc8, 0x20, 0x0, 0x0,

    /* U+007A "z" */
    0x4, 0xae, 0xef, 0xff, 0xed, 0xb5, 0x0, 0x4f,
    0xff, 0xff, 0xff, 0xff, 0xff, 0x60, 0xcf, 0xff,
    0xff, 0xff, 0xff, 0xff, 0xb0, 0xaf, 0xff, 0xff,
    0xff, 0xff, 0xff, 0xa0, 0x1a, 0xdd, 0xdd, 0xff,
    0xff, 0xff, 0x20, 0x0, 0x0, 0x1b, 0xff, 0xff,
    0xf4, 0x0, 0x0, 0x2, 0xdf, 0xff, 0xff, 0x50,
    0x0, 0x0, 0x3e, 0xff, 0xff, 0xf5, 0x0, 0x0,
    0x4, 0xff, 0xff, 0xfe, 0x30, 0x23, 0x0, 0x1e,
    0xff, 0xff, 0xfe, 0xef, 0xff, 0xd1, 0x9f, 0xff,
    0xff, 0xff, 0xff, 0xff, 0xf7, 0xbf, 0xff, 0xff,
    0xff, 0xff, 0xff, 0xf7, 0x7f, 0xff, 0xff, 0xff,
    0xff, 0xff, 0xe1, 0x7, 0xcf, 0xff, 0xff, 0xec,
    0x95, 0x0,

    /* U+007B "{" */
    0x0, 0x0, 0x2, 0x58, 0x71, 0x0, 0x0, 0xaf,
    0xff, 0xfb, 0x0, 0x8, 0xff, 0xff, 0xfb, 0x0,
    0xe, 0xff, 0xe9, 0x71, 0x0, 0xf, 0xff, 0x60,
    0x0, 0x0, 0xf, 0xff, 0x60, 0x0, 0x0, 0xf,
    0xff, 0x70, 0x0, 0x0, 0xf, 0xff, 0x80, 0x0,
    0x0, 0x4f, 0xff, 0x60, 0x0, 0x5, 0xef, 0xff,
    0x10, 0x0, 0x9f, 0xff, 0xf5, 0x0, 0x0, 0xef,
    0xff, 0xd0, 0x0, 0x0, 0x7f, 0xff, 0xfb, 0x0,
    0x0, 0x1, 0xcf, 0xff, 0x30, 0x0, 0x0, 0x1f,
    0xff, 0x70, 0x0, 0x0, 0xf, 0xff, 0x80, 0x0,
    0x0, 0xf, 0xff, 0x70, 0x0, 0x0, 0x1f, 0xff,
    0x60, 0x0, 0x0, 0xf, 0xff, 0xa1, 0x0, 0x0,
    0xd, 0xff, 0xff, 0xf6, 0x0, 0x4, 0xff, 0xff,
    0xfc, 0x0, 0x0, 0x3b, 0xef, 0xd4, 0x0, 0x0,
    0x0, 0x0, 0x0,

    /* U+007C "|" */
    0x0, 0x32, 0x0, 0x8f, 0xf5, 0xe, 0xff, 0x70,
    0xff, 0xf9, 0xf, 0xff, 0x91, 0xff, 0xf9, 0x1f,
    0xff, 0x91, 0xff, 0xf9, 0x1f, 0xff, 0x91, 0xff,
    0xf9, 0x1f, 0xff, 0x91, 0xff, 0xf9, 0xf, 0xff,
    0x90, 0xff, 0xf9, 0xf, 0xff, 0x90, 0xff, 0xf9,
    0xf, 0xff, 0x90, 0xff, 0xf9, 0x1f, 0xff, 0x91,
    0xff, 0xf8, 0x1f, 0xff, 0x81, 0xff, 0xf7, 0xf,
    0xff, 0x50, 0x7f, 0xa0,

    /* U+007D "}" */
    0x3, 0x99, 0x72, 0x0, 0x0, 0x0, 0xff, 0xff,
    0xf8, 0x0, 0x0, 0x1f, 0xff, 0xff, 0xf3, 0x0,
    0x0, 0x27, 0x9f, 0xff, 0x90, 0x0, 0x0, 0x0,
    0xcf, 0xfb, 0x0, 0x0, 0x0, 0xc, 0xff, 0xb0,
    0x0, 0x0, 0x0, 0xcf, 0xfa, 0x0, 0x0, 0x0,
    0xd, 0xff, 0xa0, 0x0, 0x0, 0x0, 0xaf, 0xfe,
    0x0, 0x0, 0x0, 0x5, 0xff, 0xfc, 0x30, 0x0,
    0x0, 0xb, 0xff, 0xff, 0x60, 0x0, 0x0, 0x3f,
    0xff, 0xf9, 0x0, 0x0, 0x1f, 0xff, 0xfd, 0x20,
    0x0, 0x7, 0xff, 0xf6, 0x0, 0x0, 0x0, 0xbf,
    0xfd, 0x0, 0x0, 0x0, 0xd, 0xff, 0xa0, 0x0,
    0x0, 0x0, 0xcf, 0xfb, 0x0, 0x0, 0x0, 0xb,
    0xff, 0xc0, 0x0, 0x0, 0x14, 0xef, 0xfb, 0x0,
    0x0, 0xcf, 0xff, 0xff, 0x60, 0x0, 0x2f, 0xff,
    0xff, 0xc0, 0x0, 0x0, 0x9e, 0xfd, 0x70, 0x0,
    0x0,

    /* U+007E "~" */
    0x0, 0x0, 0x0, 0x0, 0x0, 0x2, 0x64, 0x0,
    0x1, 0x57, 0x50, 0x0, 0x2, 0xef, 0xf6, 0x6,
    0xff, 0xff, 0xe6, 0x0, 0xaf, 0xff, 0xb2, 0xff,
    0xff, 0xff, 0xfc, 0x9f, 0xff, 0xf9, 0x8f, 0xff,
    0xff, 0xff, 0xff, 0xff, 0xff, 0x34, 0xff, 0xff,
    0xff, 0xff, 0xff, 0xff, 0xa0, 0x3, 0x62, 0x6,
    0xff, 0xff, 0xff, 0xb0, 0x0, 0x0, 0x0, 0x1,
    0x9d, 0xfc, 0x60, 0x0,

    /* U+4F5C "作" */
    0x0, 0x0, 0x0, 0x0, 0x0, 0x0, 0x1d, 0xe4,
    0x0, 0x0, 0x0, 0x0, 0x0, 0x0, 0x0, 0x0,
    0x0, 0x0, 0x7f, 0xfa, 0x0, 0x0, 0x0, 0x0,
    0x0, 0x0, 0x0, 0x3c, 0xf9, 0x0, 0xdf, 0xfd,
    0x9b, 0xde, 0xfe, 0x90, 0x0, 0x0, 0x5, 0xff,
    0xff, 0x53, 0xff, 0xff, 0xff, 0xff, 0xff, 0xf5,
    0x0, 0x0, 0xaf, 0xff, 0xff, 0x79, 0xff, 0xff,
    0xff, 0xff, 0xff, 0xf2, 0x0, 0x3d, 0xff, 0xff,
    0xff, 0x4e, 0xff, 0xff, 0xff, 0xff, 0xeb, 0x30,
    0x5, 0xff, 0xff, 0xff, 0xfc, 0x5f, 0xff, 0xff,
    0xff, 0x70, 0x0, 0x0, 0x2f, 0xff, 0xff, 0xff,
    0xf4, 0xbf, 0xff, 0xbf, 0xff, 0x94, 0x52, 0x0,
    0x7f, 0xff, 0xff, 0xff, 0xa0, 0xef, 0xfd, 0x7f,
    0xff, 0xff, 0xff, 0x60, 0x6f, 0xff, 0xff, 0xff,
    0x30, 0xbf, 0xf3, 0x8f, 0xff, 0xff, 0xff, 0xa0,
    0xd, 0xff, 0xff, 0xff, 0x50, 0x3, 0x10, 0x9f,
    0xff, 0xff, 0xff, 0x40, 0x0, 0x57, 0xdf, 0xff,
    0x80, 0x0, 0x0, 0xaf, 0xff, 0xe9, 0x61, 0x0,
    0x0, 0x0, 0xbf, 0xff, 0xc0, 0x0, 0x0, 0xbf,
    0xff, 0xc0, 0x21, 0x0, 0x0, 0x0, 0xcf, 0xff,
    0xf0, 0x0, 0x0, 0xcf, 0xff, 0xff, 0xff, 0xc0,
    0x0, 0x0, 0xcf, 0xff, 0xf1, 0x0, 0x0, 0xdf,
    0xff, 0xff, 0xff, 0xf3, 0x0, 0x0, 0xdf, 0xff,
    0xf2, 0x0, 0x0, 0xef, 0xff, 0xff, 0xff, 0xe1,
    0x0, 0x0, 0xdf, 0xff, 0xf4, 0x0, 0x0, 0xef,
    0xff, 0xff, 0xd8, 0x10, 0x0, 0x0, 0xbf, 0xff,
    0xf4, 0x0, 0x0, 0xdf, 0xff, 0xf0, 0x0, 0x0,
    0x0, 0x0, 0xaf, 0xff, 0xf3, 0x0, 0x0, 0xbf,
    0xff, 0xd0, 0x0, 0x0, 0x0, 0x0, 0x3f, 0xff,
    0xd0, 0x0, 0x0, 0x6f, 0xff, 0x90, 0x0, 0x0,
    0x0, 0x0, 0x7, 0xec, 0x20, 0x0, 0x0, 0xa,
    0xfc, 0x10, 0x0, 0x0,

    /* U+5DE5 "工" */
    0x0, 0x0, 0x1, 0x23, 0x44, 0x44, 0x10, 0x0,
    0x0, 0x6d, 0xff, 0xff, 0xff, 0xff, 0xf8, 0x0,
    0x3, 0xff, 0xff, 0xff, 0xff, 0xff, 0xff, 0x10,
    0x4, 0xff, 0xff, 0xff, 0xff, 0xff, 0xff, 0x0,
    0x0, 0xbf, 0xff, 0xff, 0xff, 0xff, 0xd5, 0x0,
    0x0, 0x2, 0x44, 0xcf, 0xfe, 0x20, 0x0, 0x0,
    0x0, 0x0, 0x0, 0x9f, 0xff, 0x0, 0x0, 0x0,
    0x0, 0x0, 0x0, 0xaf, 0xff, 0x10, 0x0, 0x0,
    0x0, 0x0, 0x0, 0xbf, 0xff, 0x10, 0x0, 0x0,
    0x0, 0x0, 0x0, 0xdf, 0xff, 0x0, 0x0, 0x0,
    0x0, 0x0, 0x2, 0xff, 0xfe, 0x0, 0x0, 0x0,
    0x2, 0x56, 0x7b, 0xff, 0xff, 0xbc, 0xee, 0xa1,
    0x4f, 0xff, 0xff, 0xff, 0xff, 0xff, 0xff, 0xf9,
    0xaf, 0xff, 0xff, 0xff, 0xff, 0xff, 0xff, 0xf9,
    0x7f, 0xff, 0xff, 0xff, 0xff, 0xff, 0xff, 0xd2,
    0x7, 0xbc, 0xdd, 0xcc, 0xb9, 0x86, 0x53, 0x0,

    /* U+6599 "料" */
    0x0, 0x0, 0x3, 0x40, 0x0, 0x0, 0x0, 0x0,
    0x0, 0x0, 0x0, 0x0, 0x0, 0x3f, 0xf4, 0x0,
    0x0, 0x0, 0x2, 0xef, 0x50, 0x0, 0x3, 0x50,
    0x7f, 0xfa, 0x0, 0x0, 0x41, 0x8, 0xff, 0xc0,
    0x0, 0x1f, 0xf7, 0x9f, 0xfb, 0x4d, 0x37, 0xff,
    0x5a, 0xff, 0xf0, 0x0, 0x1f, 0xff, 0xdf, 0xfd,
    0xef, 0x67, 0xff, 0xbb, 0xff, 0xf0, 0x0, 0x8,
    0xff, 0xff, 0xff, 0xfd, 0x0, 0x9d, 0x5c, 0xff,
    0xf2, 0x0, 0x0, 0x66, 0xbf, 0xfd, 0x41, 0x3,
    0x10, 0xd, 0xff, 0xf3, 0x0, 0x6, 0xef, 0xff,
    0xff, 0xfb, 0x7f, 0xf4, 0xe, 0xff, 0xf4, 0x0,
    0xe, 0xff, 0xff, 0xff, 0xff, 0x8f, 0xfb, 0xe,
    0xff, 0xf5, 0x0, 0x9, 0xff, 0xff, 0xff, 0xf8,
    0x9, 0xd4, 0xf, 0xff, 0xf5, 0x0, 0x0, 0x1e,
    0xff, 0xfd, 0x0, 0x0, 0x0, 0x3f, 0xff, 0xfd,
    0x80, 0x0, 0x6f, 0xff, 0xfe, 0x20, 0x7, 0xcf,
    0xff, 0xff, 0xff, 0xf6, 0x0, 0xdf, 0xff, 0xff,
    0xf6, 0x5f, 0xff, 0xff, 0xff, 0xff, 0xf4, 0x6,
    0xff, 0xff, 0xff, 0xff, 0x4f, 0xff, 0xff, 0xff,
    0xfd, 0x40, 0xe, 0xff, 0xdf, 0xfd, 0xc9, 0x4,
    0x87, 0x7f, 0xff, 0xf7, 0x0, 0x3f, 0xf9, 0xaf,
    0xfb, 0x0, 0x0, 0x0, 0xf, 0xff, 0xf7, 0x0,
    0xb, 0xc0, 0xaf, 0xfb, 0x0, 0x0, 0x0, 0xf,
    0xff, 0xf6, 0x0, 0x0, 0x0, 0x9f, 0xfa, 0x0,
    0x0, 0x0, 0xe, 0xff, 0xf5, 0x0, 0x0, 0x0,
    0x6f, 0xf6, 0x0, 0x0, 0x0, 0xa, 0xff, 0xf1,
    0x0, 0x0, 0x0, 0x8, 0x80, 0x0, 0x0, 0x0,
    0x1, 0x9c, 0x40, 0x0,

    /* U+65F6 "时" */
    0x0, 0x0, 0x0, 0x0, 0x0, 0x0, 0x0, 0x1,
    0xce, 0x90, 0x0, 0x0, 0x0, 0x0, 0x0, 0x0,
    0x0, 0x0, 0x0, 0x8f, 0xff, 0x50, 0x0, 0x0,
    0x0, 0x0, 0x0, 0x0, 0x0, 0x0, 0xa, 0xff,
    0xf9, 0x0, 0x0, 0x18, 0xcd, 0xb8, 0x10, 0x0,
    0x0, 0x11, 0xbf, 0xff, 0xe6, 0x0, 0xd, 0xff,
    0xff, 0xfe, 0x0, 0x7d, 0xff, 0xff, 0xff, 0xff,
    0xfc, 0x6, 0xff, 0xff, 0xff, 0xf5, 0x5f, 0xff,
    0xff, 0xff, 0xff, 0xff, 0xf0, 0xaf, 0xff, 0xbf,
    0xff, 0xa6, 0xff, 0xff, 0xff, 0xff, 0xff, 0xfe,
    0xc, 0xff, 0x80, 0x6f, 0xfc, 0x1c, 0xff, 0xee,
    0xef, 0xff, 0xfd, 0x40, 0xdf, 0xf5, 0x4, 0xff,
    0xe0, 0x0, 0x0, 0x3, 0xff, 0xff, 0x0, 0xe,
    0xff, 0xeb, 0x4f, 0xff, 0x3, 0xca, 0x20, 0x2f,
    0xff, 0xf0, 0x0, 0xff, 0xff, 0xf7, 0xff, 0xe0,
    0xdf, 0xff, 0x32, 0xff, 0xff, 0x0, 0xf, 0xff,
    0xb6, 0x3f, 0xfd, 0xb, 0xff, 0xfa, 0x2f, 0xff,
    0xf0, 0x0, 0xdf, 0xf6, 0x4, 0xff, 0xc0, 0x2f,
    0xff, 0xa2, 0xff, 0xfe, 0x0, 0xc, 0xff, 0xa0,
    0xaf, 0xfb, 0x0, 0x3a, 0x91, 0x3f, 0xff, 0xe0,
    0x0, 0x8f, 0xff, 0xff, 0xff, 0x70, 0x0, 0x0,
    0x9, 0xff, 0xfe, 0x0, 0x3, 0xff, 0xff, 0xff,
    0xf2, 0x0, 0x2, 0xbf, 0xff, 0xff, 0xc0, 0x0,
    0x6, 0xff, 0xff, 0xf6, 0x0, 0x0, 0xcf, 0xff,
    0xff, 0xfa, 0x0, 0x0, 0x1, 0x45, 0x51, 0x0,
    0x0, 0x1f, 0xff, 0xff, 0xff, 0x80, 0x0, 0x0,
    0x0, 0x0, 0x0, 0x0, 0x0, 0xef, 0xff, 0xff,
    0xf3, 0x0, 0x0, 0x0, 0x0, 0x0, 0x0, 0x0,
    0x9, 0xff, 0xff, 0xfc, 0x0, 0x0, 0x0, 0x0,
    0x0, 0x0, 0x0, 0x0, 0x7, 0xdf, 0xc8, 0x10,
    0x0, 0x0,

    /* U+6708 "月" */
    0x0, 0x0, 0x0, 0x1, 0x59, 0xcd, 0xfe, 0xda,
    0x40, 0x0, 0x0, 0x0, 0x0, 0x0, 0x7f, 0xff,
    0xff, 0xff, 0xff, 0xfb, 0x10, 0x0, 0x0, 0x0,
    0xa, 0xff, 0xff, 0xff, 0xff, 0xff, 0xff, 0xc0,
    0x0, 0x0, 0x0, 0x4f, 0xff, 0xff, 0xff, 0xff,
    0xff, 0xff, 0xf7, 0x0, 0x0, 0x0, 0xcf, 0xff,
    0xff, 0xfe, 0xdf, 0xff, 0xff, 0xfd, 0x0, 0x0,
    0x0, 0xef, 0xff, 0xf9, 0x10, 0x0, 0x5f, 0xff,
    0xff, 0x30, 0x0, 0x1, 0xff, 0xff, 0xe0, 0x0,
    0x0, 0x9, 0xff, 0xff, 0x70, 0x0, 0x1, 0xff,
    0xff, 0xfc, 0xcd, 0xda, 0x14, 0xff, 0xff, 0xa0,
    0x0, 0x1, 0xff, 0xff, 0xff, 0xff, 0xff, 0x91,
    0xff, 0xff, 0xd0, 0x0, 0x0, 0xff, 0xff, 0xff,
    0xff, 0xff, 0x50, 0xef, 0xff, 0xe0, 0x0, 0x0,
    0xff, 0xff, 0xe7, 0x65, 0x41, 0x0, 0xdf, 0xff,
    0xf0, 0x0, 0x0, 0xff, 0xff, 0xd0, 0x0, 0x0,
    0x0, 0xcf, 0xff, 0xf0, 0x0, 0x2, 0xff, 0xff,
    0xfe, 0xef, 0xfc, 0x30, 0xbf, 0xff, 0xf2, 0x0,
    0x5, 0xff, 0xff, 0xff, 0xff, 0xff, 0xa0, 0xcf,
    0xff, 0xf2, 0x0, 0x9, 0xff, 0xff, 0xff, 0xff,
    0xfe, 0x40, 0xdf, 0xff, 0xf2, 0x0, 0x2f, 0xff,
    0xff, 0x95, 0x32, 0x10, 0x0, 0xff, 0xff, 0xf1,
    0x0, 0xbf, 0xff, 0xff, 0x10, 0x0, 0x0, 0x46,
    0xff, 0xff, 0xf0, 0x4, 0xff, 0xff, 0xfb, 0x0,
    0x0, 0x1d, 0xff, 0xff, 0xff, 0xd0, 0xd, 0xff,
    0xff, 0xf5, 0x0, 0x0, 0x7f, 0xff, 0xff, 0xff,
    0x90, 0x1f, 0xff, 0xff, 0xc0, 0x0, 0x0, 0x9f,
    0xff, 0xff, 0xff, 0x40, 0xf, 0xff, 0xff, 0x20,
    0x0, 0x0, 0x4f, 0xff, 0xff, 0xfb, 0x0, 0x5,
    0xff, 0xe4, 0x0, 0x0, 0x0, 0x7, 0xff, 0xff,
    0xc1, 0x0, 0x0, 0x2, 0x0, 0x0, 0x0, 0x0,
    0x0, 0x14, 0x52, 0x0, 0x0,

    /* U+6BCF "每" */
    0x0, 0x0, 0x0, 0x20, 0x0, 0x0, 0x0, 0x0,
    0x0, 0x0, 0x0, 0x0, 0xd, 0xf9, 0x0, 0x0,
    0x0, 0x0, 0x0, 0x0, 0x0, 0x0, 0xaf, 0xfe,
    0x55, 0x66, 0x78, 0x88, 0x62, 0x0, 0x0, 0x6,
    0xff, 0xff, 0xff, 0xff, 0xff, 0xff, 0xfd, 0x0,
    0x0, 0x2f, 0xff, 0xff, 0xff, 0xff, 0xff, 0xff,
    0xfc, 0x0, 0x0, 0x7f, 0xff, 0xca, 0x98, 0x88,
    0x77, 0x66, 0x40, 0x0, 0x0, 0x2e, 0xfa, 0x26,
    0xab, 0xcb, 0xa7, 0x10, 0x0, 0x0, 0x0, 0x0,
    0x28, 0xff, 0xff, 0xff, 0xff, 0xf6, 0x0, 0x0,
    0x0, 0x0, 0xaf, 0xff, 0xff, 0xff, 0xff, 0xff,
    0x30, 0x0, 0x0, 0x6, 0xff, 0xfe, 0x78, 0x45,
    0xdf, 0xff, 0xb0, 0x0, 0x0, 0xd, 0xff, 0xf3,
    0x5f, 0xf1, 0x4f, 0xff, 0xf0, 0x0, 0x0, 0x2f,
    0xff, 0xe2, 0x5f, 0xf7, 0x7f, 0xff, 0xf7, 0x30,
    0x3b, 0xef, 0xff, 0xff, 0xff, 0xff, 0xff, 0xff,
    0xff, 0xf4, 0xaf, 0xff, 0xff, 0xff, 0xff, 0xff,
    0xff, 0xff, 0xff, 0xf5, 0x6f, 0xff, 0xff, 0xff,
    0xff, 0xfe, 0xef, 0xff, 0xfe, 0xa0, 0x2, 0x7f,
    0xff, 0x90, 0xcf, 0xc0, 0x4f, 0xff, 0xf2, 0x0,
    0x0, 0x2f, 0xff, 0xd0, 0x6f, 0xc0, 0x7f, 0xff,
    0xf1, 0x0, 0x0, 0xf, 0xff, 0xfb, 0x55, 0x44,
    0xdf, 0xff, 0xfc, 0x10, 0x0, 0x8, 0xff, 0xff,
    0xff, 0xff, 0xff, 0xff, 0xff, 0x60, 0x0, 0x0,
    0xaf, 0xff, 0xff, 0xff, 0xff, 0xff, 0xff, 0x20,
    0x0, 0x0, 0x3, 0x8b, 0xcc, 0xff, 0xff, 0xff,
    0x61, 0x0, 0x0, 0x0, 0x0, 0x0, 0x0, 0xef,
    0xff, 0xfa, 0x0, 0x0, 0x0, 0x0, 0x0, 0x0,
    0x0, 0xaf, 0xff, 0xb0, 0x0, 0x0, 0x0, 0x0,
    0x0, 0x0, 0x0, 0x3, 0x53, 0x0, 0x0, 0x0,

    /* U+8349 "草" */
    0x0, 0x0, 0x0, 0x0, 0x0, 0x0, 0x0, 0x0,
    0x0, 0x0, 0x0, 0x4b, 0x80, 0x0, 0x6e, 0xc1,
    0x0, 0x0, 0x0, 0x0, 0xff, 0xf3, 0x2, 0xff,
    0xf8, 0x10, 0x0, 0x2, 0x8b, 0xff, 0xff, 0xff,
    0xff, 0xff, 0xf9, 0x0, 0xb, 0xff, 0xff, 0xff,
    0xff, 0xff, 0xff, 0xff, 0x0, 0x9, 0xff, 0xff,
    0xff, 0xff, 0xff, 0xff, 0xf8, 0x0, 0x0, 0x13,
    0x8f, 0xf6, 0x56, 0xff, 0xa2, 0x0, 0x0, 0x0,
    0x0, 0x3, 0x32, 0x32, 0x23, 0x0, 0x0, 0x0,
    0x0, 0x7, 0xef, 0xff, 0xff, 0xff, 0xeb, 0x40,
    0x0, 0x0, 0x5f, 0xff, 0xff, 0xff, 0xff, 0xff,
    0xf2, 0x0, 0x0, 0xaf, 0xff, 0x74, 0x33, 0x5b,
    0xff, 0xf8, 0x0, 0x0, 0xdf, 0xff, 0xaa, 0xbb,
    0x83, 0xff, 0xfa, 0x0, 0x0, 0xef, 0xff, 0xff,
    0xff, 0xd3, 0xff, 0xfa, 0x0, 0x0, 0xef, 0xff,
    0x21, 0x10, 0x6, 0xff, 0xf8, 0x0, 0x0, 0xdf,
    0xff, 0xfd, 0xdd, 0xef, 0xff, 0xf5, 0x0, 0x0,
    0x6f, 0xff, 0xff, 0xff, 0xff, 0xff, 0xb0, 0x0,
    0x0, 0x0, 0x45, 0x6c, 0xff, 0xc7, 0x63, 0x0,
    0x0, 0x0, 0x1, 0x23, 0x4c, 0xff, 0xd9, 0x9a,
    0xbb, 0x70, 0xc, 0xff, 0xff, 0xff, 0xff, 0xff,
    0xff, 0xff, 0xf2, 0x3f, 0xff, 0xff, 0xff, 0xff,
    0xff, 0xff, 0xff, 0xf1, 0x8, 0xcd, 0xff, 0xff,
    0xff, 0xfc, 0xa9, 0x86, 0x20, 0x0, 0x0, 0x0,
    0x1f, 0xff, 0xe0, 0x0, 0x0, 0x0, 0x0, 0x0,
    0x0, 0x2f, 0xff, 0xd0, 0x0, 0x0, 0x0, 0x0,
    0x0, 0x0, 0x3f, 0xff, 0xc0, 0x0, 0x0, 0x0,
    0x0, 0x0, 0x0, 0xe, 0xff, 0x80, 0x0, 0x0,
    0x0, 0x0, 0x0, 0x0, 0x1, 0x54, 0x0, 0x0,
    0x0, 0x0,

    /* U+957F "长" */
    0x0, 0x0, 0x0, 0x1b, 0xfb, 0x10, 0x0, 0x0,
    0x0, 0x0, 0x0, 0x0, 0x0, 0x0, 0xcf, 0xff,
    0x80, 0x0, 0x0, 0x5a, 0x70, 0x0, 0x0, 0x0,
    0x5, 0xff, 0xff, 0xa0, 0x0, 0x1d, 0xff, 0xf8,
    0x0, 0x0, 0x0, 0xa, 0xff, 0xff, 0x90, 0x0,
    0xcf, 0xff, 0xf6, 0x0, 0x0, 0x0, 0xe, 0xff,
    0xff, 0x80, 0x5, 0xff, 0xff, 0xb0, 0x0, 0x0,
    0x0, 0x2f, 0xff, 0xff, 0x60, 0x2, 0xef, 0xc6,
    0x0, 0x0, 0x0, 0x0, 0x6f, 0xff, 0xff, 0x62,
    0x22, 0x11, 0x0, 0x0, 0x0, 0x0, 0x6a, 0xef,
    0xff, 0xff, 0xff, 0xff, 0xff, 0xfe, 0xc9, 0x30,
    0x2e, 0xff, 0xff, 0xff, 0xff, 0xff, 0xff, 0xff,
    0xff, 0xff, 0xf5, 0x7f, 0xff, 0xff, 0xff, 0xff,
    0xff, 0xff, 0xff, 0xff, 0xff, 0xf7, 0x3f, 0xff,
    0xff, 0xff, 0xff, 0xff, 0xff, 0xff, 0xff, 0xff,
    0x80, 0x1, 0x8a, 0xff, 0xff, 0xff, 0xdd, 0xcc,
    0xb9, 0x86, 0x30, 0x0, 0x0, 0x1, 0xff, 0xff,
    0xfc, 0x0, 0x0, 0x1, 0x0, 0x0, 0x0, 0x0,
    0x2, 0xff, 0xff, 0xfb, 0x0, 0x0, 0x4f, 0xfb,
    0x20, 0x0, 0x0, 0x2, 0xff, 0xff, 0xfc, 0x0,
    0x0, 0xbf, 0xff, 0xf5, 0x0, 0x0, 0x0, 0xff,
    0xff, 0xfe, 0x10, 0x0, 0x8f, 0xff, 0xff, 0x50,
    0x0, 0x0, 0xef, 0xff, 0xff, 0xea, 0x30, 0x1f,
    0xff, 0xff, 0xe0, 0x0, 0x0, 0xbf, 0xff, 0xff,
    0xff, 0xf2, 0x7, 0xff, 0xff, 0xf3, 0x0, 0x0,
    0x5f, 0xff, 0xff, 0xff, 0xf5, 0x0, 0x8f, 0xff,
    0xf0, 0x0, 0x0, 0xa, 0xff, 0xff, 0xff, 0xf1,
    0x0, 0x3, 0x9a, 0x20, 0x0, 0x0, 0x0, 0x6b,
    0xef, 0xea, 0x20, 0x0, 0x0, 0x0, 0x0,

    /* U+F001 "" */
    0x0, 0x0, 0x0, 0x0, 0x0, 0x0, 0x0, 0x0,
    0x0, 0x0, 0x0, 0x0, 0x1, 0x30, 0x0, 0x0,
    0x0, 0x0, 0x0, 0x0, 0x0, 0x0, 0x0, 0x0,
    0x0, 0x38, 0xdf, 0xf9, 0x0, 0x0, 0x0, 0x0,
    0x0, 0x0, 0x0, 0x0, 0x0, 0x15, 0xae, 0xff,
    0xff, 0xff, 0x0, 0x0, 0x0, 0x0, 0x0, 0x0,
    0x0, 0x2, 0x7c, 0xff, 0xff, 0xff, 0xff, 0xff,
    0x0, 0x0, 0x0, 0x0, 0x0, 0x0, 0x49, 0xef,
    0xff, 0xff, 0xff, 0xff, 0xff, 0xff, 0x0, 0x0,
    0x0, 0x0, 0x16, 0xbf, 0xff, 0xff, 0xff, 0xff,
    0xff, 0xff, 0xff, 0xff, 0x0, 0x0, 0x0, 0x8,
    0xff, 0xff, 0xff, 0xff, 0xff, 0xff, 0xff, 0xff,
    0xff, 0xff, 0x0, 0x0, 0x0, 0xf, 0xff, 0xff,
    0xff, 0xff, 0xff, 0xff, 0xff, 0xff, 0xff, 0xff,
    0x0, 0x0, 0x0, 0xf, 0xff, 0xff, 0xff, 0xff,
    0xff, 0xff, 0xff, 0xe9, 0xbf, 0xff, 0x0, 0x0,
    0x0, 0xf, 0xff, 0xff, 0xff, 0xff, 0xff, 0xfc,
    0x73, 0x0, 0x8f, 0xff, 0x0, 0x0, 0x0, 0xf,
    0xff, 0xff, 0xff, 0xfe, 0xa5, 0x10, 0x0, 0x0,
    0x8f, 0xff, 0x0, 0x0, 0x0, 0xf, 0xff, 0xff,
    0xd8, 0x40, 0x0, 0x0, 0x0, 0x0, 0x8f, 0xff,
    0x0, 0x0, 0x0, 0xf, 0xff, 0xa2, 0x0, 0x0,
    0x0, 0x0, 0x0, 0x0, 0x8f, 0xff, 0x0, 0x0,
    0x0, 0xf, 0xff, 0x80, 0x0, 0x0, 0x0, 0x0,
    0x0, 0x0, 0x8f, 0xff, 0x0, 0x0, 0x0, 0xf,
    0xff, 0x80, 0x0, 0x0, 0x0, 0x0, 0x0, 0x0,
    0x8f, 0xff, 0x0, 0x0, 0x0, 0xf, 0xff, 0x80,
    0x0, 0x0, 0x0, 0x0, 0x0, 0x0, 0x8f, 0xff,
    0x0, 0x0, 0x0, 0xf, 0xff, 0x80, 0x0, 0x0,
    0x0, 0x0, 0x0, 0x0, 0x8f, 0xff, 0x0, 0x0,
    0x0, 0xf, 0xff, 0x80, 0x0, 0x0, 0x0, 0x0,
    0x0, 0x0, 0x8f, 0xff, 0x0, 0x0, 0x0, 0xf,
    0xff, 0x80, 0x0, 0x0, 0x0, 0x1, 0x7a, 0xca,
    0xcf, 0xff, 0x0, 0x0, 0x0, 0xf, 0xff, 0x80,
    0x0, 0x0, 0x0, 0x5f, 0xff, 0xff, 0xff, 0xff,
    0x0, 0x0, 0x0, 0xf, 0xff, 0x80, 0x0, 0x0,
    0x2, 0xff, 0xff, 0xff, 0xff, 0xff, 0x0, 0x1,
    0x33, 0x1f, 0xff, 0x80, 0x0, 0x0, 0x7, 0xff,
    0xff, 0xff, 0xff, 0xff, 0x3, 0xcf, 0xff, 0xff,
    0xff, 0x80, 0x0, 0x0, 0x5, 0xff, 0xff, 0xff,
    0xff, 0xfd, 0x5f, 0xff, 0xff, 0xff, 0xff, 0x80,
    0x0, 0x0, 0x0, 0xbf, 0xff, 0xff, 0xff, 0xf4,
    0xdf, 0xff, 0xff, 0xff, 0xff, 0x80, 0x0, 0x0,
    0x0, 0x7, 0xef, 0xff, 0xfb, 0x20, 0xff, 0xff,
    0xff, 0xff, 0xff, 0x70, 0x0, 0x0, 0x0, 0x0,
    0x1, 0x32, 0x0, 0x0, 0xaf, 0xff, 0xff, 0xff,
    0xff, 0x20, 0x0, 0x0, 0x0, 0x0, 0x0, 0x0,
    0x0, 0x0, 0xa, 0xff, 0xff, 0xff, 0xe4, 0x0,
    0x0, 0x0, 0x0, 0x0, 0x0, 0x0, 0x0, 0x0,
    0x0, 0x27, 0xaa, 0x95, 0x0, 0x0, 0x0, 0x0,
    0x0, 0x0, 0x0, 0x0, 0x0, 0x0,

    /* U+F008 "" */
    0x9b, 0x0, 0xc, 0xff, 0xff, 0xff, 0xff, 0xff,
    0xff, 0xff, 0xff, 0xb0, 0x0, 0xb9, 0xfe, 0x44,
    0x4e, 0xff, 0xff, 0xff, 0xff, 0xff, 0xff, 0xff,
    0xff, 0xe4, 0x44, 0xef, 0xff, 0xff, 0xff, 0xff,
    0xaa, 0xaa, 0xaa, 0xaa, 0xaa, 0xaa, 0xff, 0xff,
    0xff, 0xff, 0xff, 0x88, 0x8f, 0xfd, 0x0, 0x0,
    0x0, 0x0, 0x0, 0x0, 0xef, 0xf8, 0x88, 0xff,
    0xfc, 0x0, 0xc, 0xfd, 0x0, 0x0, 0x0, 0x0,
    0x0, 0x0, 0xef, 0xb0, 0x0, 0xcf, 0xfc, 0x0,
    0xc, 0xfd, 0x0, 0x0, 0x0, 0x0, 0x0, 0x0,
    0xef, 0xb0, 0x0, 0xcf, 0xfd, 0x0, 0xd, 0xfd,
    0x0, 0x0, 0x0, 0x0, 0x0, 0x0, 0xef, 0xd0,
    0x0, 0xdf, 0xff, 0xff, 0xff, 0xfd, 0x0, 0x0,
    0x0, 0x0, 0x0, 0x0, 0xef, 0xff, 0xff, 0xff,
    0xff, 0xcc, 0xcf, 0xfe, 0x0, 0x0, 0x0, 0x0,
    0x0, 0x0, 0xef, 0xfc, 0xcc, 0xff, 0xfc, 0x0,
    0xc, 0xff, 0xdd, 0xdd, 0xdd, 0xdd, 0xdd, 0xdd,
    0xff, 0xc0, 0x0, 0xcf, 0xfc, 0x0, 0xc, 0xff,
    0xff, 0xff, 0xff, 0xff, 0xff, 0xff, 0xff, 0xb0,
    0x0, 0xcf, 0xfc, 0x0, 0xc, 0xff, 0xdd, 0xdd,
    0xdd, 0xdd, 0xdd, 0xdd, 0xff, 0xc0, 0x0, 0xcf,
    0xff, 0xcc, 0xcf, 0xfe, 0x0, 0x0, 0x0, 0x0,
    0x0, 0x0, 0xef, 0xfc, 0xcc, 0xff, 0xff, 0xff,
    0xff, 0xfd, 0x0, 0x0, 0x0, 0x0, 0x0, 0x0,
    0xef, 0xff, 0xff, 0xff, 0xfd, 0x0, 0xd, 0xfd,
    0x0, 0x0, 0x0, 0x0, 0x0, 0x0, 0xef, 0xd0,
    0x0, 0xdf, 0xfc, 0x0, 0xc, 0xfd, 0x0, 0x0,
    0x0, 0x0, 0x0, 0x0, 0xef, 0xb0, 0x0, 0xcf,
    0xfc, 0x0, 0xc, 0xfd, 0x0, 0x0, 0x0, 0x0,
    0x0, 0x0, 0xef, 0xb0, 0x0, 0xcf, 0xff, 0x88,
    0x8f, 0xfd, 0x0, 0x0, 0x0, 0x0, 0x0, 0x0,
    0xef, 0xf8, 0x88, 0xff, 0xff, 0xff, 0xff, 0xff,
    0xaa, 0xaa, 0xaa, 0xaa, 0xaa, 0xaa, 0xff, 0xff,
    0xff, 0xff, 0xfe, 0x44, 0x4e, 0xff, 0xff, 0xff,
    0xff, 0xff, 0xff, 0xff, 0xff, 0xe4, 0x44, 0xef,
    0xab, 0x0, 0xc, 0xff, 0xff, 0xff, 0xff, 0xff,
    0xff, 0xff, 0xff, 0xb0, 0x0, 0xb9,

    /* U+F00B "" */
    0x9f, 0xff, 0xff, 0xfb, 0x0, 0xaf, 0xff, 0xff,
    0xff, 0xff, 0xff, 0xff, 0xff, 0xf9, 0xff, 0xff,
    0xff, 0xff, 0x21, 0xff, 0xff, 0xff, 0xff, 0xff,
    0xff, 0xff, 0xff, 0xff, 0xff, 0xff, 0xff, 0xff,
    0x21, 0xff, 0xff, 0xff, 0xff, 0xff, 0xff, 0xff,
    0xff, 0xff, 0xff, 0xff, 0xff, 0xff, 0x21, 0xff,
    0xff, 0xff, 0xff, 0xff, 0xff, 0xff, 0xff, 0xff,
    0xff, 0xff, 0xff, 0xff, 0x21, 0xff, 0xff, 0xff,
    0xff, 0xff, 0xff, 0xff, 0xff, 0xff, 0xff, 0xff,
    0xff, 0xff, 0x21, 0xff, 0xff, 0xff, 0xff, 0xff,
    0xff, 0xff, 0xff, 0xff, 0xaf, 0xff, 0xff, 0xfc,
    0x0, 0xcf, 0xff, 0xff, 0xff, 0xff, 0xff, 0xff,
    0xff, 0xfa, 0x0, 0x0, 0x0, 0x0, 0x0, 0x0,
    0x0, 0x0, 0x0, 0x0, 0x0, 0x0, 0x0, 0x0,
    0x0, 0x0, 0x0, 0x0, 0x0, 0x0, 0x0, 0x0,
    0x0, 0x0, 0x0, 0x0, 0x0, 0x0, 0x9f, 0xff,
    0xff, 0xfb, 0x0, 0xbf, 0xff, 0xff, 0xff, 0xff,
    0xff, 0xff, 0xff, 0xf9, 0xff, 0xff, 0xff, 0xff,
    0x21, 0xff, 0xff, 0xff, 0xff, 0xff, 0xff, 0xff,
    0xff, 0xff, 0xff, 0xff, 0xff, 0xff, 0x21, 0xff,
    0xff, 0xff, 0xff, 0xff, 0xff, 0xff, 0xff, 0xff,
    0xff, 0xff, 0xff, 0xff, 0x21, 0xff, 0xff, 0xff,
    0xff, 0xff, 0xff, 0xff, 0xff, 0xff, 0xff, 0xff,
    0xff, 0xff, 0x21, 0xff, 0xff, 0xff, 0xff, 0xff,
    0xff, 0xff, 0xff, 0xff, 0xff, 0xff, 0xff, 0xff,
    0x21, 0xff, 0xff, 0xff, 0xff, 0xff, 0xff, 0xff,
    0xff, 0xff, 0xaf, 0xff, 0xff, 0xfc, 0x0, 0xbf,
    0xff, 0xff, 0xff, 0xff, 0xff, 0xff, 0xff, 0xf9,
    0x0, 0x0, 0x0, 0x0, 0x0, 0x0, 0x0, 0x0,
    0x0, 0x0, 0x0, 0x0, 0x0, 0x0, 0x0, 0x0,
    0x0, 0x0, 0x0, 0x0, 0x0, 0x0, 0x0, 0x0,
    0x0, 0x0, 0x0, 0x0, 0xaf, 0xff, 0xff, 0xfc,
    0x0, 0xcf, 0xff, 0xff, 0xff, 0xff, 0xff, 0xff,
    0xff, 0xfa, 0xff, 0xff, 0xff, 0xff, 0x21, 0xff,
    0xff, 0xff, 0xff, 0xff, 0xff, 0xff, 0xff, 0xff,
    0xff, 0xff, 0xff, 0xff, 0x21, 0xff, 0xff, 0xff,
    0xff, 0xff, 0xff, 0xff, 0xff, 0xff, 0xff, 0xff,
    0xff, 0xff, 0x21, 0xff, 0xff, 0xff, 0xff, 0xff,
    0xff, 0xff, 0xff, 0xff, 0xff, 0xff, 0xff, 0xff,
    0x21, 0xff, 0xff, 0xff, 0xff, 0xff, 0xff, 0xff,
    0xff, 0xff, 0xff, 0xff, 0xff, 0xff, 0x21, 0xff,
    0xff, 0xff, 0xff, 0xff, 0xff, 0xff, 0xff, 0xff,
    0x9f, 0xff, 0xff, 0xfb, 0x0, 0xaf, 0xff, 0xff,
    0xff, 0xff, 0xff, 0xff, 0xff, 0xf9,

    /* U+F00C "" */
    0x0, 0x0, 0x0, 0x0, 0x0, 0x0, 0x0, 0x0,
    0x0, 0x0, 0x0, 0x6, 0xe9, 0x0, 0x0, 0x0,
    0x0, 0x0, 0x0, 0x0, 0x0, 0x0, 0x0, 0x0,
    0x0, 0x6f, 0xff, 0xa0, 0x0, 0x0, 0x0, 0x0,
    0x0, 0x0, 0x0, 0x0, 0x0, 0x0, 0x6, 0xff,
    0xff, 0xf9, 0x0, 0x0, 0x0, 0x0, 0x0, 0x0,
    0x0, 0x0, 0x0, 0x0, 0x6f, 0xff, 0xff, 0xff,
    0x0, 0x0, 0x0, 0x0, 0x0, 0x0, 0x0, 0x0,
    0x0, 0x6, 0xff, 0xff, 0xff, 0xf8, 0x0, 0x0,
    0x0, 0x0, 0x0, 0x0, 0x0, 0x0, 0x0, 0x6f,
    0xff, 0xff, 0xff, 0x80, 0x0, 0x0, 0x0, 0x0,
    0x0, 0x0, 0x0, 0x0, 0x6, 0xff, 0xff, 0xff,
    0xf8, 0x0, 0x0, 0x8e, 0x50, 0x0, 0x0, 0x0,
    0x0, 0x0, 0x6f, 0xff, 0xff, 0xff, 0x80, 0x0,
    0x9, 0xff, 0xf6, 0x0, 0x0, 0x0, 0x0, 0x6,
    0xff, 0xff, 0xff, 0xf8, 0x0, 0x0, 0x9f, 0xff,
    0xff, 0x60, 0x0, 0x0, 0x0, 0x6f, 0xff, 0xff,
    0xff, 0x80, 0x0, 0x0, 0xff, 0xff, 0xff, 0xf6,
    0x0, 0x0, 0x6, 0xff, 0xff, 0xff, 0xf8, 0x0,
    0x0, 0x0, 0x8f, 0xff, 0xff, 0xff, 0x60, 0x0,
    0x6f, 0xff, 0xff, 0xff, 0x80, 0x0, 0x0, 0x0,
    0x8, 0xff, 0xff, 0xff, 0xf6, 0x6, 0xff, 0xff,
    0xff, 0xf8, 0x0, 0x0, 0x0, 0x0, 0x0, 0x8f,
    0xff, 0xff, 0xff, 0xaf, 0xff, 0xff, 0xff, 0x80,
    0x0, 0x0, 0x0, 0x0, 0x0, 0x8, 0xff, 0xff,
    0xff, 0xff, 0xff, 0xff, 0xf8, 0x0, 0x0, 0x0,
    0x0, 0x0, 0x0, 0x0, 0x8f, 0xff, 0xff, 0xff,
    0xff, 0xff, 0x80, 0x0, 0x0, 0x0, 0x0, 0x0,
    0x0, 0x0, 0x8, 0xff, 0xff, 0xff, 0xff, 0xf8,
    0x0, 0x0, 0x0, 0x0, 0x0, 0x0, 0x0, 0x0,
    0x0, 0x8f, 0xff, 0xff, 0xff, 0x70, 0x0, 0x0,
    0x0, 0x0, 0x0, 0x0, 0x0, 0x0, 0x0, 0x7,
    0xff, 0xff, 0xf7, 0x0, 0x0, 0x0, 0x0, 0x0,
    0x0, 0x0, 0x0, 0x0, 0x0, 0x0, 0x7f, 0xff,
    0x70, 0x0, 0x0, 0x0, 0x0, 0x0, 0x0, 0x0,
    0x0, 0x0, 0x0, 0x0, 0x7, 0xe7, 0x0, 0x0,
    0x0, 0x0, 0x0, 0x0, 0x0, 0x0,

    /* U+F00D "" */
    0x0, 0x0, 0x0, 0x0, 0x0, 0x0, 0x0, 0x0,
    0x10, 0x0, 0x6, 0xff, 0x40, 0x0, 0x0, 0x0,
    0x0, 0x2d, 0xfa, 0x0, 0x6f, 0xff, 0xf5, 0x0,
    0x0, 0x0, 0x2, 0xef, 0xff, 0xa0, 0xef, 0xff,
    0xff, 0x50, 0x0, 0x0, 0x2e, 0xff, 0xff, 0xf2,
    0xcf, 0xff, 0xff, 0xf5, 0x0, 0x2, 0xef, 0xff,
    0xff, 0xf1, 0x2e, 0xff, 0xff, 0xff, 0x50, 0x2e,
    0xff, 0xff, 0xff, 0x50, 0x2, 0xef, 0xff, 0xff,
    0xf6, 0xef, 0xff, 0xff, 0xf5, 0x0, 0x0, 0x2e,
    0xff, 0xff, 0xff, 0xff, 0xff, 0xff, 0x50, 0x0,
    0x0, 0x2, 0xef, 0xff, 0xff, 0xff, 0xff, 0xf5,
    0x0, 0x0, 0x0, 0x0, 0x2e, 0xff, 0xff, 0xff,
    0xff, 0x50, 0x0, 0x0, 0x0, 0x0, 0x4, 0xff,
    0xff, 0xff, 0xf8, 0x0, 0x0, 0x0, 0x0, 0x0,
    0x2e, 0xff, 0xff, 0xff, 0xff, 0x50, 0x0, 0x0,
    0x0, 0x2, 0xef, 0xff, 0xff, 0xff, 0xff, 0xf5,
    0x0, 0x0, 0x0, 0x2e, 0xff, 0xff, 0xff, 0xff,
    0xff, 0xff, 0x50, 0x0, 0x2, 0xef, 0xff, 0xff,
    0xf6, 0xef, 0xff, 0xff, 0xf5, 0x0, 0x2e, 0xff,
    0xff, 0xff, 0x40, 0x2e, 0xff, 0xff, 0xff, 0x50,
    0xcf, 0xff, 0xff, 0xf4, 0x0, 0x2, 0xef, 0xff,
    0xff, 0xf1, 0xef, 0xff, 0xff, 0x40, 0x0, 0x0,
    0x2e, 0xff, 0xff, 0xf2, 0x6f, 0xff, 0xf4, 0x0,
    0x0, 0x0, 0x2, 0xef, 0xff, 0xa0, 0x6, 0xff,
    0x40, 0x0, 0x0, 0x0, 0x0, 0x2d, 0xfa, 0x0,
    0x0, 0x0, 0x0, 0x0, 0x0, 0x0, 0x0, 0x0,
    0x10, 0x0,

    /* U+F011 "" */
    0x0, 0x0, 0x0, 0x0, 0x0, 0x0, 0x69, 0x96,
    0x0, 0x0, 0x0, 0x0, 0x0, 0x0, 0x0, 0x0,
    0x0, 0x0, 0x0, 0x2, 0xff, 0xff, 0x20, 0x0,
    0x0, 0x0, 0x0, 0x0, 0x0, 0x0, 0x0, 0x0,
    0x0, 0x3, 0xff, 0xff, 0x30, 0x0, 0x0, 0x0,
    0x0, 0x0, 0x0, 0x0, 0x1, 0xa8, 0x0, 0x3,
    0xff, 0xff, 0x30, 0x0, 0x8a, 0x10, 0x0, 0x0,
    0x0, 0x0, 0x3e, 0xff, 0x60, 0x3, 0xff, 0xff,
    0x30, 0x6, 0xff, 0xe3, 0x0, 0x0, 0x0, 0x2,
    0xef, 0xff, 0xe0, 0x3, 0xff, 0xff, 0x30, 0xe,
    0xff, 0xff, 0x30, 0x0, 0x0, 0xd, 0xff, 0xff,
    0xe0, 0x3, 0xff, 0xff, 0x30, 0xe, 0xff, 0xff,
    0xd1, 0x0, 0x0, 0x9f, 0xff, 0xfe, 0x30, 0x3,
    0xff, 0xff, 0x30, 0x3, 0xef, 0xff, 0xf9, 0x0,
    0x2, 0xff, 0xff, 0xe2, 0x0, 0x3, 0xff, 0xff,
    0x30, 0x0, 0x2e, 0xff, 0xff, 0x20, 0x9, 0xff,
    0xff, 0x50, 0x0, 0x3, 0xff, 0xff, 0x30, 0x0,
    0x5, 0xff, 0xff, 0x90, 0xe, 0xff, 0xfc, 0x0,
    0x0, 0x3, 0xff, 0xff, 0x30, 0x0, 0x0, 0xcf,
    0xff, 0xe0, 0x3f, 0xff, 0xf5, 0x0, 0x0, 0x3,
    0xff, 0xff, 0x30, 0x0, 0x0, 0x6f, 0xff, 0xf3,
    0x6f, 0xff, 0xf0, 0x0, 0x0, 0x3, 0xff, 0xff,
    0x30, 0x0, 0x0, 0xf, 0xff, 0xf6, 0x7f, 0xff,
    0xe0, 0x0, 0x0, 0x3, 0xff, 0xff, 0x30, 0x0,
    0x0, 0xe, 0xff, 0xf8, 0x8f, 0xff, 0xd0, 0x0,
    0x0, 0x2, 0xff, 0xff, 0x20, 0x0, 0x0, 0xd,
    0xff, 0xf8, 0x8f, 0xff, 0xe0, 0x0, 0x0, 0x0,
    0xef, 0xfe, 0x0, 0x0, 0x0, 0xe, 0xff, 0xf7,
    0x6f, 0xff, 0xf0, 0x0, 0x0, 0x0, 0x2, 0x20,
    0x0, 0x0, 0x0, 0xf, 0xff, 0xf6, 0x3f, 0xff,
    0xf5, 0x0, 0x0, 0x0, 0x0, 0x0, 0x0, 0x0,
    0x0, 0x5f, 0xff, 0xf3, 0xe, 0xff, 0xfb, 0x0,
    0x0, 0x0, 0x0, 0x0, 0x0, 0x0, 0x0, 0xbf,
    0xff, 0xe0, 0x9, 0xff, 0xff, 0x40, 0x0, 0x0,
    0x0, 0x0, 0x0, 0x0, 0x4, 0xff, 0xff, 0x90,
    0x2, 0xff, 0xff, 0xe2, 0x0, 0x0, 0x0, 0x0,
    0x0, 0x0, 0x2e, 0xff, 0xff, 0x20, 0x0, 0x9f,
    0xff, 0xfe, 0x30, 0x0, 0x0, 0x0, 0x0, 0x3,
    0xef, 0xff, 0xf9, 0x0, 0x0, 0x1e, 0xff, 0xff,
    0xf8, 0x0, 0x0, 0x0, 0x0, 0x8f, 0xff, 0xff,
    0xd1, 0x0, 0x0, 0x3, 0xff, 0xff, 0xff, 0xfa,
    0x75, 0x57, 0xaf, 0xff, 0xff, 0xfe, 0x20, 0x0,
    0x0, 0x0, 0x3e, 0xff, 0xff, 0xff, 0xff, 0xff,
    0xff, 0xff, 0xff, 0xe3, 0x0, 0x0, 0x0, 0x0,
    0x2, 0xcf, 0xff, 0xff, 0xff, 0xff, 0xff, 0xff,
    0xfc, 0x10, 0x0, 0x0, 0x0, 0x0, 0x0, 0x6,
    0xef, 0xff, 0xff, 0xff, 0xff, 0xfe, 0x60, 0x0,
    0x0, 0x0, 0x0, 0x0, 0x0, 0x0, 0x4, 0x9d,
    0xff, 0xfe, 0xd9, 0x40, 0x0, 0x0, 0x0, 0x0,
    0x0, 0x0, 0x0, 0x0, 0x0, 0x0, 0x0, 0x0,
    0x0, 0x0, 0x0, 0x0, 0x0, 0x0,

    /* U+F013 "" */
    0x0, 0x0, 0x0, 0x0, 0x0, 0x0, 0x0, 0x0,
    0x0, 0x0, 0x0, 0x0, 0x0, 0x0, 0x0, 0x0,
    0x0, 0x0, 0x2c, 0xff, 0xff, 0xd6, 0x0, 0x0,
    0x0, 0x0, 0x0, 0x0, 0x0, 0x0, 0x0, 0x5,
    0xff, 0xff, 0xff, 0xa0, 0x0, 0x0, 0x0, 0x0,
    0x0, 0x0, 0x0, 0x0, 0x0, 0x5f, 0xff, 0xff,
    0xfa, 0x0, 0x0, 0x0, 0x0, 0x0, 0x0, 0x0,
    0x0, 0x0, 0x8, 0xff, 0xff, 0xff, 0xc1, 0x0,
    0x0, 0x0, 0x0, 0x0, 0x1, 0xc8, 0x0, 0x5d,
    0xff, 0xff, 0xff, 0xff, 0xf8, 0x0, 0x6d, 0x40,
    0x0, 0x0, 0xcf, 0xfe, 0xaf, 0xff, 0xff, 0xff,
    0xff, 0xff, 0xfc, 0xcf, 0xfe, 0x10, 0x0, 0x7f,
    0xff, 0xff, 0xff, 0xff, 0xff, 0xff, 0xff, 0xff,
    0xff, 0xff, 0xfb, 0x0, 0x1f, 0xff, 0xff, 0xff,
    0xff, 0xff, 0xff, 0xff, 0xff, 0xff, 0xff, 0xff,
    0xf4, 0x7, 0xff, 0xff, 0xff, 0xff, 0xff, 0xff,
    0xff, 0xff, 0xff, 0xff, 0xff, 0xff, 0xb0, 0xcf,
    0xff, 0xff, 0xff, 0xff, 0xe7, 0x32, 0x5d, 0xff,
    0xff, 0xff, 0xff, 0xff, 0x13, 0xcf, 0xff, 0xff,
    0xff, 0xe1, 0x0, 0x0, 0xb, 0xff, 0xff, 0xff,
    0xfe, 0x60, 0x0, 0x7f, 0xff, 0xff, 0xf4, 0x0,
    0x0, 0x0, 0xe, 0xff, 0xff, 0xfb, 0x10, 0x0,
    0x4, 0xff, 0xff, 0xfe, 0x0, 0x0, 0x0, 0x0,
    0x9f, 0xff, 0xff, 0x90, 0x0, 0x0, 0x5f, 0xff,
    0xff, 0xc0, 0x0, 0x0, 0x0, 0x8, 0xff, 0xff,
    0xfa, 0x0, 0x0, 0x4, 0xff, 0xff, 0xfe, 0x0,
    0x0, 0x0, 0x0, 0x9f, 0xff, 0xff, 0x80, 0x0,
    0x0, 0x7f, 0xff, 0xff, 0xf4, 0x0, 0x0, 0x0,
    0xe, 0xff, 0xff, 0xfb, 0x10, 0x3, 0xcf, 0xff,
    0xff, 0xff, 0xe1, 0x0, 0x0, 0xb, 0xff, 0xff,
    0xff, 0xfe, 0x60, 0xcf, 0xff, 0xff, 0xff, 0xff,
    0xe7, 0x32, 0x5d, 0xff, 0xff, 0xff, 0xff, 0xff,
    0x17, 0xff, 0xff, 0xff, 0xff, 0xff, 0xff, 0xff,
    0xff, 0xff, 0xff, 0xff, 0xff, 0xb0, 0x1e, 0xff,
    0xff, 0xff, 0xff, 0xff, 0xff, 0xff, 0xff, 0xff,
    0xff, 0xff, 0xf4, 0x0, 0x7f, 0xff, 0xff, 0xff,
    0xff, 0xff, 0xff, 0xff, 0xff, 0xff, 0xff, 0xfb,
    0x0, 0x0, 0xcf, 0xfe, 0xaf, 0xff, 0xff, 0xff,
    0xff, 0xff, 0xfc, 0xcf, 0xfe, 0x10, 0x0, 0x1,
    0xc8, 0x0, 0x5d, 0xff, 0xff, 0xff, 0xff, 0xf8,
    0x0, 0x5d, 0x40, 0x0, 0x0, 0x0, 0x0, 0x0,
    0x8, 0xff, 0xff, 0xff, 0xc0, 0x0, 0x0, 0x0,
    0x0, 0x0, 0x0, 0x0, 0x0, 0x0, 0x5f, 0xff,
    0xff, 0xfa, 0x0, 0x0, 0x0, 0x0, 0x0, 0x0,
    0x0, 0x0, 0x0, 0x5, 0xff, 0xff, 0xff, 0xa0,
    0x0, 0x0, 0x0, 0x0, 0x0, 0x0, 0x0, 0x0,
    0x0, 0x2c, 0xff, 0xff, 0xd6, 0x0, 0x0, 0x0,
    0x0, 0x0, 0x0, 0x0, 0x0, 0x0, 0x0, 0x0,
    0x0, 0x0, 0x0, 0x0, 0x0, 0x0, 0x0, 0x0,

    /* U+F015 "" */
    0x0, 0x0, 0x0, 0x0, 0x0, 0x0, 0x0, 0x37,
    0x60, 0x0, 0x0, 0x48, 0x88, 0x40, 0x0, 0x0,
    0x0, 0x0, 0x0, 0x0, 0x0, 0x0, 0x7, 0xff,
    0xfd, 0x10, 0x0, 0xaf, 0xff, 0xa0, 0x0, 0x0,
    0x0, 0x0, 0x0, 0x0, 0x0, 0x0, 0xaf, 0xff,
    0xff, 0xe3, 0x0, 0xbf, 0xff, 0xb0, 0x0, 0x0,
    0x0, 0x0, 0x0, 0x0, 0x0, 0x1c, 0xff, 0xff,
    0xff, 0xff, 0x60, 0xbf, 0xff, 0xb0, 0x0, 0x0,
    0x0, 0x0, 0x0, 0x0, 0x3, 0xef, 0xff, 0xf8,
    0xcf, 0xff, 0xf9, 0xbf, 0xff, 0xb0, 0x0, 0x0,
    0x0, 0x0, 0x0, 0x0, 0x6f, 0xff, 0xfe, 0x30,
    0xa, 0xff, 0xff, 0xff, 0xff, 0xb0, 0x0, 0x0,
    0x0, 0x0, 0x0, 0x8, 0xff, 0xff, 0xd2, 0x3,
    0x10, 0x7f, 0xff, 0xff, 0xff, 0xb0, 0x0, 0x0,
    0x0, 0x0, 0x1, 0xbf, 0xff, 0xfb, 0x0, 0x8f,
    0xd2, 0x4, 0xff, 0xff, 0xff, 0xb0, 0x0, 0x0,
    0x0, 0x0, 0x2d, 0xff, 0xff, 0x80, 0xb, 0xff,
    0xff, 0x40, 0x2d, 0xff, 0xff, 0xb0, 0x0, 0x0,
    0x0, 0x4, 0xff, 0xff, 0xf5, 0x2, 0xdf, 0xff,
    0xff, 0xf7, 0x1, 0xbf, 0xff, 0xfa, 0x0, 0x0,
    0x0, 0x7f, 0xff, 0xfe, 0x30, 0x3e, 0xff, 0xff,
    0xff, 0xff, 0xa0, 0x9, 0xff, 0xff, 0xc1, 0x0,
    0xa, 0xff, 0xff, 0xc1, 0x6, 0xff, 0xff, 0xff,
    0xff, 0xff, 0xfc, 0x10, 0x6f, 0xff, 0xfe, 0x30,
    0xbf, 0xff, 0xfa, 0x0, 0x9f, 0xff, 0xff, 0xff,
    0xff, 0xff, 0xff, 0xe3, 0x4, 0xef, 0xff, 0xf4,
    0xbf, 0xff, 0x70, 0x1b, 0xff, 0xff, 0xff, 0xff,
    0xff, 0xff, 0xff, 0xff, 0x50, 0x2d, 0xff, 0xf3,
    0xd, 0xf4, 0x2, 0xdf, 0xff, 0xff, 0xff, 0xff,
    0xff, 0xff, 0xff, 0xff, 0xf8, 0x0, 0xbf, 0x60,
    0x1, 0x20, 0xb, 0xff, 0xff, 0xff, 0xff, 0xff,
    0xff, 0xff, 0xff, 0xff, 0xff, 0x30, 0x3, 0x0,
    0x0, 0x0, 0xc, 0xff, 0xff, 0xff, 0xff, 0xff,
    0xff, 0xff, 0xff, 0xff, 0xff, 0x40, 0x0, 0x0,
    0x0, 0x0, 0xc, 0xff, 0xff, 0xff, 0xff, 0xff,
    0xff, 0xff, 0xff, 0xff, 0xff, 0x40, 0x0, 0x0,
    0x0, 0x0, 0xc, 0xff, 0xff, 0xff, 0xf4, 0x0,
    0x0, 0xcf, 0xff, 0xff, 0xff, 0x40, 0x0, 0x0,
    0x0, 0x0, 0xc, 0xff, 0xff, 0xff, 0xf2, 0x0,
    0x0, 0xaf, 0xff, 0xff, 0xff, 0x40, 0x0, 0x0,
    0x0, 0x0, 0xc, 0xff, 0xff, 0xff, 0xf2, 0x0,
    0x0, 0xaf, 0xff, 0xff, 0xff, 0x40, 0x0, 0x0,
    0x0, 0x0, 0xc, 0xff, 0xff, 0xff, 0xf2, 0x0,
    0x0, 0xaf, 0xff, 0xff, 0xff, 0x40, 0x0, 0x0,
    0x0, 0x0, 0xc, 0xff, 0xff, 0xff, 0xf2, 0x0,
    0x0, 0xaf, 0xff, 0xff, 0xff, 0x40, 0x0, 0x0,
    0x0, 0x0, 0xc, 0xff, 0xff, 0xff, 0xf2, 0x0,
    0x0, 0xaf, 0xff, 0xff, 0xff, 0x40, 0x0, 0x0,
    0x0, 0x0, 0x8, 0xff, 0xff, 0xff, 0xd0, 0x0,
    0x0, 0x6f, 0xff, 0xff, 0xfe, 0x10, 0x0, 0x0,

    /* U+F019 "" */
    0x0, 0x0, 0x0, 0x0, 0x0, 0x3, 0x55, 0x55,
    0x30, 0x0, 0x0, 0x0, 0x0, 0x0, 0x0, 0x0,
    0x0, 0x0, 0x0, 0x5f, 0xff, 0xff, 0xf5, 0x0,
    0x0, 0x0, 0x0, 0x0, 0x0, 0x0, 0x0, 0x0,
    0x0, 0x8f, 0xff, 0xff, 0xf8, 0x0, 0x0, 0x0,
    0x0, 0x0, 0x0, 0x0, 0x0, 0x0, 0x0, 0x8f,
    0xff, 0xff, 0xf8, 0x0, 0x0, 0x0, 0x0, 0x0,
    0x0, 0x0, 0x0, 0x0, 0x0, 0x8f, 0xff, 0xff,
    0xf8, 0x0, 0x0, 0x0, 0x0, 0x0, 0x0, 0x0,
    0x0, 0x0, 0x0, 0x8f, 0xff, 0xff, 0xf8, 0x0,
    0x0, 0x0, 0x0, 0x0, 0x0, 0x0, 0x0, 0x0,
    0x0, 0x8f, 0xff, 0xff, 0xf8, 0x0, 0x0, 0x0,
    0x0, 0x0, 0x0, 0x0, 0x0, 0x0, 0x0, 0x8f,
    0xff, 0xff, 0xf8, 0x0, 0x0, 0x0, 0x0, 0x0,
    0x0, 0x0, 0x0, 0x0, 0x0, 0x8f, 0xff, 0xff,
    0xf8, 0x0, 0x0, 0x0, 0x0, 0x0, 0x0, 0x0,
    0x0, 0x0, 0x0, 0x8f, 0xff, 0xff, 0xf8, 0x0,
    0x0, 0x0, 0x0, 0x0, 0x0, 0x0, 0x0, 0x0,
    0x0, 0x8f, 0xff, 0xff, 0xf8, 0x0, 0x0, 0x0,
    0x0, 0x0, 0x0, 0x0, 0x1c, 0xdd, 0xdd, 0xef,
    0xff, 0xff, 0xfe, 0xdd, 0xdd, 0xc1, 0x0, 0x0,
    0x0, 0x0, 0x4f, 0xff, 0xff, 0xff, 0xff, 0xff,
    0xff, 0xff, 0xff, 0xf4, 0x0, 0x0, 0x0, 0x0,
    0x9, 0xff, 0xff, 0xff, 0xff, 0xff, 0xff, 0xff,
    0xff, 0x90, 0x0, 0x0, 0x0, 0x0, 0x0, 0x9f,
    0xff, 0xff, 0xff, 0xff, 0xff, 0xff, 0xf9, 0x0,
    0x0, 0x0, 0x0, 0x0, 0x0, 0x9, 0xff, 0xff,
    0xff, 0xff, 0xff, 0xff, 0x90, 0x0, 0x0, 0x0,
    0x0, 0x0, 0x0, 0x0, 0x8f, 0xff, 0xff, 0xff,
    0xff, 0xf8, 0x0, 0x0, 0x0, 0x0, 0x0, 0x0,
    0x0, 0x0, 0x8, 0xff, 0xff, 0xff, 0xff, 0x80,
    0x0, 0x0, 0x0, 0x0, 0x0, 0x0, 0x0, 0x0,
    0x0, 0x8f, 0xff, 0xff, 0xf8, 0x0, 0x0, 0x0,
    0x0, 0x0, 0x1, 0x11, 0x11, 0x11, 0x10, 0x8,
    0xff, 0xff, 0x80, 0x1, 0x11, 0x11, 0x11, 0x10,
    0xbf, 0xff, 0xff, 0xff, 0xfd, 0x10, 0x8f, 0xf8,
    0x1, 0xdf, 0xff, 0xff, 0xff, 0xfb, 0xff, 0xff,
    0xff, 0xff, 0xff, 0xe2, 0x6, 0x60, 0x2d, 0xff,
    0xff, 0xff, 0xff, 0xff, 0xff, 0xff, 0xff, 0xff,
    0xff, 0xfe, 0x30, 0x3, 0xef, 0xff, 0xff, 0xff,
    0xff, 0xff, 0xff, 0xff, 0xff, 0xff, 0xff, 0xff,
    0xfd, 0xdf, 0xff, 0xff, 0xff, 0xff, 0xff, 0xff,
    0xff, 0xff, 0xff, 0xff, 0xff, 0xff, 0xff, 0xff,
    0xff, 0xff, 0xff, 0xff, 0xff, 0xff, 0xff, 0xff,
    0xff, 0xff, 0xff, 0xff, 0xff, 0xff, 0xff, 0xf4,
    0x1e, 0xb0, 0x8f, 0xff, 0xff, 0xff, 0xff, 0xff,
    0xff, 0xff, 0xff, 0xff, 0xff, 0xf5, 0x2e, 0xc1,
    0x8f, 0xff, 0xef, 0xff, 0xff, 0xff, 0xff, 0xff,
    0xff, 0xff, 0xff, 0xff, 0xff, 0xff, 0xff, 0xfe,
    0x37, 0x88, 0x88, 0x88, 0x88, 0x88, 0x88, 0x88,
    0x88, 0x88, 0x88, 0x88, 0x88, 0x73,

    /* U+F01C "" */
    0x0, 0x0, 0x0, 0x2b, 0xff, 0xff, 0xff, 0xff,
    0xff, 0xff, 0xff, 0xfe, 0x80, 0x0, 0x0, 0x0,
    0x0, 0x0, 0x1, 0xef, 0xff, 0xff, 0xff, 0xff,
    0xff, 0xff, 0xff, 0xff, 0xf8, 0x0, 0x0, 0x0,
    0x0, 0x0, 0xa, 0xff, 0xff, 0xff, 0xff, 0xff,
    0xff, 0xff, 0xff, 0xff, 0xff, 0x30, 0x0, 0x0,
    0x0, 0x0, 0x5f, 0xff, 0xd8, 0x88, 0x88, 0x88,
    0x88, 0x88, 0x88, 0x9f, 0xff, 0xd0, 0x0, 0x0,
    0x0, 0x1, 0xef, 0xff, 0x30, 0x0, 0x0, 0x0,
    0x0, 0x0, 0x0, 0xb, 0xff, 0xf8, 0x0, 0x0,
    0x0, 0xa, 0xff, 0xf8, 0x0, 0x0, 0x0, 0x0,
    0x0, 0x0, 0x0, 0x1, 0xef, 0xff, 0x30, 0x0,
    0x0, 0x5f, 0xff, 0xd0, 0x0, 0x0, 0x0, 0x0,
    0x0, 0x0, 0x0, 0x0, 0x5f, 0xff, 0xd0, 0x0,
    0x1, 0xef, 0xff, 0x30, 0x0, 0x0, 0x0, 0x0,
    0x0, 0x0, 0x0, 0x0, 0xb, 0xff, 0xf8, 0x0,
    0xa, 0xff, 0xf8, 0x0, 0x0, 0x0, 0x0, 0x0,
    0x0, 0x0, 0x0, 0x0, 0x1, 0xef, 0xff, 0x30,
    0x5f, 0xff, 0xd0, 0x0, 0x0, 0x0, 0x0, 0x0,
    0x0, 0x0, 0x0, 0x0, 0x0, 0x5f, 0xff, 0xd0,
    0xdf, 0xff, 0xb8, 0x88, 0x88, 0x70, 0x0, 0x0,
    0x0, 0x0, 0x48, 0x88, 0x88, 0x8e, 0xff, 0xf5,
    0xff, 0xff, 0xff, 0xff, 0xff, 0xf6, 0x0, 0x0,
    0x0, 0x0, 0xef, 0xff, 0xff, 0xff, 0xff, 0xf7,
    0xff, 0xff, 0xff, 0xff, 0xff, 0xfe, 0x0, 0x0,
    0x0, 0x7, 0xff, 0xff, 0xff, 0xff, 0xff, 0xf8,
    0xff, 0xff, 0xff, 0xff, 0xff, 0xff, 0x60, 0x0,
    0x0, 0xe, 0xff, 0xff, 0xff, 0xff, 0xff, 0xf8,
    0xff, 0xff, 0xff, 0xff, 0xff, 0xff, 0xff, 0xff,
    0xff, 0xff, 0xff, 0xff, 0xff, 0xff, 0xff, 0xf8,
    0xff, 0xff, 0xff, 0xff, 0xff, 0xff, 0xff, 0xff,
    0xff, 0xff, 0xff, 0xff, 0xff, 0xff, 0xff, 0xf8,
    0xff, 0xff, 0xff, 0xff, 0xff, 0xff, 0xff, 0xff,
    0xff, 0xff, 0xff, 0xff, 0xff, 0xff, 0xff, 0xf8,
    0xff, 0xff, 0xff, 0xff, 0xff, 0xff, 0xff, 0xff,
    0xff, 0xff, 0xff, 0xff, 0xff, 0xff, 0xff, 0xf8,
    0xff, 0xff, 0xff, 0xff, 0xff, 0xff, 0xff, 0xff,
    0xff, 0xff, 0xff, 0xff, 0xff, 0xff, 0xff, 0xf7,
    0xbf, 0xff, 0xff, 0xff, 0xff, 0xff, 0xff, 0xff,
    0xff, 0xff, 0xff, 0xff, 0xff, 0xff, 0xff, 0xf3,
    0x1b, 0xff, 0xff, 0xff, 0xff, 0xff, 0xff, 0xff,
    0xff, 0xff, 0xff, 0xff, 0xff, 0xff, 0xfe, 0x50,

    /* U+F021 "" */
    0x0, 0x0, 0x0, 0x0, 0x0, 0x0, 0x0, 0x0,
    0x0, 0x0, 0x0, 0x0, 0x58, 0x86, 0x0, 0x0,
    0x0, 0x0, 0x4, 0x9d, 0xef, 0xfe, 0xb7, 0x20,
    0x0, 0x0, 0xdf, 0xff, 0x0, 0x0, 0x0, 0x6,
    0xdf, 0xff, 0xff, 0xff, 0xff, 0xfb, 0x30, 0x0,
    0xdf, 0xff, 0x0, 0x0, 0x1, 0xbf, 0xff, 0xff,
    0xff, 0xff, 0xff, 0xff, 0xfa, 0x10, 0xcf, 0xff,
    0x0, 0x0, 0x2e, 0xff, 0xff, 0xff, 0xfe, 0xef,
    0xff, 0xff, 0xff, 0xe3, 0xbf, 0xff, 0x0, 0x2,
    0xef, 0xff, 0xff, 0x94, 0x0, 0x0, 0x4b, 0xff,
    0xff, 0xfe, 0xdf, 0xff, 0x0, 0xd, 0xff, 0xff,
    0xc2, 0x0, 0x0, 0x0, 0x0, 0x3c, 0xff, 0xff,
    0xff, 0xff, 0x0, 0x9f, 0xff, 0xf9, 0x0, 0x0,
    0x0, 0x0, 0x0, 0x0, 0x8f, 0xff, 0xff, 0xff,
    0x2, 0xff, 0xff, 0x90, 0x0, 0x0, 0x0, 0x0,
    0x11, 0x0, 0x8, 0xff, 0xff, 0xff, 0x9, 0xff,
    0xfd, 0x0, 0x0, 0x0, 0x0, 0x3, 0xff, 0xff,
    0xee, 0xff, 0xff, 0xff, 0xe, 0xff, 0xf4, 0x0,
    0x0, 0x0, 0x0, 0x4, 0xff, 0xff, 0xff, 0xff,
    0xff, 0xff, 0x3f, 0xff, 0xe0, 0x0, 0x0, 0x0,
    0x0, 0x4, 0xff, 0xff, 0xff, 0xff, 0xff, 0xff,
    0x2b, 0xcc, 0x60, 0x0, 0x0, 0x0, 0x0, 0x1,
    0xbc, 0xcc, 0xcc, 0xcc, 0xcc, 0xca, 0x0, 0x0,
    0x0, 0x0, 0x0, 0x0, 0x0, 0x0, 0x0, 0x0,
    0x0, 0x0, 0x0, 0x0, 0x0, 0x0, 0x0, 0x0,
    0x0, 0x0, 0x0, 0x0, 0x0, 0x0, 0x0, 0x0,
    0x0, 0x0, 0x0, 0x0, 0x0, 0x0, 0x0, 0x0,
    0x0, 0x0, 0x0, 0x0, 0x0, 0x0, 0x0, 0x0,
    0xac, 0xcc, 0xcc, 0xcc, 0xcc, 0xcb, 0x10, 0x0,
    0x0, 0x0, 0x0, 0x6, 0xbc, 0xb2, 0xff, 0xff,
    0xff, 0xff, 0xff, 0xff, 0x40, 0x0, 0x0, 0x0,
    0x0, 0xe, 0xff, 0xf2, 0xff, 0xff, 0xff, 0xff,
    0xff, 0xff, 0x40, 0x0, 0x0, 0x0, 0x0, 0x5f,
    0xff, 0xe0, 0xff, 0xff, 0xff, 0xee, 0xff, 0xff,
    0x30, 0x0, 0x0, 0x0, 0x0, 0xdf, 0xff, 0x90,
    0xff, 0xff, 0xff, 0x80, 0x0, 0x11, 0x0, 0x0,
    0x0, 0x0, 0xa, 0xff, 0xff, 0x20, 0xff, 0xff,
    0xff, 0xf8, 0x0, 0x0, 0x0, 0x0, 0x0, 0x0,
    0x9f, 0xff, 0xf9, 0x0, 0xff, 0xff, 0xff, 0xff,
    0xb2, 0x0, 0x0, 0x0, 0x0, 0x2c, 0xff, 0xff,
    0xd0, 0x0, 0xff, 0xfd, 0xef, 0xff, 0xff, 0xa4,
    0x0, 0x0, 0x4a, 0xff, 0xff, 0xfe, 0x20, 0x0,
    0xff, 0xfb, 0x3e, 0xff, 0xff, 0xff, 0xfe, 0xef,
    0xff, 0xff, 0xff, 0xe2, 0x0, 0x0, 0xff, 0xfc,
    0x1, 0xaf, 0xff, 0xff, 0xff, 0xff, 0xff, 0xff,
    0xfb, 0x10, 0x0, 0x0, 0xff, 0xfd, 0x0, 0x3,
    0xbf, 0xff, 0xff, 0xff, 0xff, 0xfd, 0x60, 0x0,
    0x0, 0x0, 0xff, 0xfd, 0x0, 0x0, 0x2, 0x7c,
    0xff, 0xff, 0xd9, 0x40, 0x0, 0x0, 0x0, 0x0,
    0x68, 0x85, 0x0, 0x0, 0x0, 0x0, 0x0, 0x0,
    0x0, 0x0, 0x0, 0x0, 0x0, 0x0,

    /* U+F026 "" */
    0x0, 0x0, 0x0, 0x0, 0x0, 0x0, 0x0, 0x0,
    0x0, 0x0, 0x0, 0x0, 0x3, 0xb6, 0x0, 0x0,
    0x0, 0x0, 0x0, 0x3f, 0xff, 0x0, 0x0, 0x0,
    0x0, 0x3, 0xff, 0xff, 0x0, 0x0, 0x0, 0x0,
    0x3f, 0xff, 0xff, 0x0, 0x0, 0x0, 0x3, 0xff,
    0xff, 0xff, 0x38, 0x88, 0x88, 0x8f, 0xff, 0xff,
    0xff, 0xef, 0xff, 0xff, 0xff, 0xff, 0xff, 0xff,
    0xff, 0xff, 0xff, 0xff, 0xff, 0xff, 0xff, 0xff,
    0xff, 0xff, 0xff, 0xff, 0xff, 0xff, 0xff, 0xff,
    0xff, 0xff, 0xff, 0xff, 0xff, 0xff, 0xff, 0xff,
    0xff, 0xff, 0xff, 0xff, 0xff, 0xff, 0xff, 0xff,
    0xff, 0xff, 0xff, 0xff, 0xff, 0xff, 0xff, 0xff,
    0xff, 0xff, 0xff, 0xff, 0xff, 0xff, 0xff, 0xff,
    0xff, 0xff, 0xff, 0xff, 0xff, 0xff, 0xff, 0xff,
    0x9f, 0xff, 0xff, 0xff, 0xff, 0xff, 0xff, 0x0,
    0x0, 0x0, 0x8, 0xff, 0xff, 0xff, 0x0, 0x0,
    0x0, 0x0, 0x8f, 0xff, 0xff, 0x0, 0x0, 0x0,
    0x0, 0x8, 0xff, 0xff, 0x0, 0x0, 0x0, 0x0,
    0x0, 0x8f, 0xff, 0x0, 0x0, 0x0, 0x0, 0x0,
    0x8, 0xfc, 0x0, 0x0, 0x0, 0x0, 0x0, 0x0,
    0x10,

    /* U+F027 "" */
    0x0, 0x0, 0x0, 0x0, 0x0, 0x0, 0x0, 0x0,
    0x0, 0x0, 0x0, 0x0, 0x0, 0x0, 0x0, 0x0,
    0x3b, 0x60, 0x0, 0x0, 0x0, 0x0, 0x0, 0x0,
    0x0, 0x0, 0x3e, 0xff, 0x0, 0x0, 0x0, 0x0,
    0x0, 0x0, 0x0, 0x0, 0x3f, 0xff, 0xf0, 0x0,
    0x0, 0x0, 0x0, 0x0, 0x0, 0x0, 0x3f, 0xff,
    0xff, 0x0, 0x0, 0x0, 0x0, 0x0, 0x0, 0x0,
    0x3f, 0xff, 0xff, 0xf0, 0x0, 0x0, 0x0, 0x38,
    0x88, 0x88, 0x8f, 0xff, 0xff, 0xff, 0x0, 0x0,
    0x0, 0xe, 0xff, 0xff, 0xff, 0xff, 0xff, 0xff,
    0xf0, 0x1, 0xb9, 0x0, 0xff, 0xff, 0xff, 0xff,
    0xff, 0xff, 0xff, 0x0, 0x6f, 0xfc, 0xf, 0xff,
    0xff, 0xff, 0xff, 0xff, 0xff, 0xf0, 0x1, 0xcf,
    0xf7, 0xff, 0xff, 0xff, 0xff, 0xff, 0xff, 0xff,
    0x0, 0x0, 0xef, 0xdf, 0xff, 0xff, 0xff, 0xff,
    0xff, 0xff, 0xf0, 0x0, 0xa, 0xff, 0xff, 0xff,
    0xff, 0xff, 0xff, 0xff, 0xff, 0x0, 0x0, 0xdf,
    0xdf, 0xff, 0xff, 0xff, 0xff, 0xff, 0xff, 0xf0,
    0x0, 0xbf, 0xf8, 0xff, 0xff, 0xff, 0xff, 0xff,
    0xff, 0xff, 0x0, 0x6f, 0xfd, 0xf, 0xff, 0xff,
    0xff, 0xff, 0xff, 0xff, 0xf0, 0x2, 0xdb, 0x10,
    0x9f, 0xff, 0xff, 0xff, 0xff, 0xff, 0xff, 0x0,
    0x0, 0x0, 0x0, 0x0, 0x0, 0x0, 0x9f, 0xff,
    0xff, 0xf0, 0x0, 0x0, 0x0, 0x0, 0x0, 0x0,
    0x0, 0x9f, 0xff, 0xff, 0x0, 0x0, 0x0, 0x0,
    0x0, 0x0, 0x0, 0x0, 0x9f, 0xff, 0xf0, 0x0,
    0x0, 0x0, 0x0, 0x0, 0x0, 0x0, 0x0, 0x9f,
    0xff, 0x0, 0x0, 0x0, 0x0, 0x0, 0x0, 0x0,
    0x0, 0x0, 0x8f, 0xc0, 0x0, 0x0, 0x0, 0x0,
    0x0, 0x0, 0x0, 0x0, 0x0, 0x20, 0x0, 0x0,
    0x0, 0x0,

    /* U+F028 "" */
    0x0, 0x0, 0x0, 0x0, 0x0, 0x0, 0x0, 0x0,
    0x0, 0x0, 0x0, 0x18, 0x50, 0x0, 0x0, 0x0,
    0x0, 0x0, 0x0, 0x0, 0x0, 0x0, 0x0, 0x0,
    0x0, 0x0, 0x0, 0x7f, 0xfa, 0x0, 0x0, 0x0,
    0x0, 0x0, 0x0, 0x0, 0x0, 0x0, 0x0, 0x0,
    0x0, 0x0, 0x0, 0x3f, 0xff, 0xc1, 0x0, 0x0,
    0x0, 0x0, 0x0, 0x0, 0x0, 0x3, 0xb6, 0x0,
    0x0, 0x0, 0x0, 0x2, 0xdf, 0xfc, 0x0, 0x0,
    0x0, 0x0, 0x0, 0x0, 0x0, 0x3f, 0xff, 0x0,
    0x0, 0x0, 0x21, 0x0, 0x1c, 0xff, 0x90, 0x0,
    0x0, 0x0, 0x0, 0x0, 0x3, 0xff, 0xff, 0x0,
    0x0, 0x4, 0xfe, 0x50, 0x1, 0xef, 0xf3, 0x0,
    0x0, 0x0, 0x0, 0x0, 0x3f, 0xff, 0xff, 0x0,
    0x0, 0x5, 0xff, 0xf6, 0x0, 0x4f, 0xfc, 0x0,
    0x0, 0x0, 0x0, 0x3, 0xff, 0xff, 0xff, 0x0,
    0x0, 0x0, 0x7f, 0xff, 0x40, 0xa, 0xff, 0x40,
    0x38, 0x88, 0x88, 0x8f, 0xff, 0xff, 0xff, 0x0,
    0x0, 0x0, 0x5, 0xff, 0xe0, 0x2, 0xff, 0xa0,
    0xef, 0xff, 0xff, 0xff, 0xff, 0xff, 0xff, 0x0,
    0x1c, 0xa1, 0x0, 0x8f, 0xf6, 0x0, 0xcf, 0xf0,
    0xff, 0xff, 0xff, 0xff, 0xff, 0xff, 0xff, 0x0,
    0x6f, 0xfd, 0x0, 0x1f, 0xfc, 0x0, 0x8f, 0xf2,
    0xff, 0xff, 0xff, 0xff, 0xff, 0xff, 0xff, 0x0,
    0x1c, 0xff, 0x80, 0xa, 0xff, 0x0, 0x4f, 0xf5,
    0xff, 0xff, 0xff, 0xff, 0xff, 0xff, 0xff, 0x0,
    0x0, 0xdf, 0xd0, 0x7, 0xff, 0x20, 0x3f, 0xf7,
    0xff, 0xff, 0xff, 0xff, 0xff, 0xff, 0xff, 0x0,
    0x0, 0xaf, 0xf0, 0x6, 0xff, 0x30, 0x2f, 0xf7,
    0xff, 0xff, 0xff, 0xff, 0xff, 0xff, 0xff, 0x0,
    0x0, 0xdf, 0xd0, 0x7, 0xff, 0x20, 0x3f, 0xf7,
    0xff, 0xff, 0xff, 0xff, 0xff, 0xff, 0xff, 0x0,
    0x1c, 0xff, 0x80, 0xa, 0xff, 0x0, 0x4f, 0xf5,
    0xff, 0xff, 0xff, 0xff, 0xff, 0xff, 0xff, 0x0,
    0x6f, 0xfd, 0x0, 0x1f, 0xfc, 0x0, 0x8f, 0xf2,
    0xff, 0xff, 0xff, 0xff, 0xff, 0xff, 0xff, 0x0,
    0x1c, 0xa1, 0x0, 0x9f, 0xf6, 0x0, 0xdf, 0xe0,
    0x9f, 0xff, 0xff, 0xff, 0xff, 0xff, 0xff, 0x0,
    0x0, 0x0, 0x5, 0xff, 0xe0, 0x3, 0xff, 0xa0,
    0x0, 0x0, 0x0, 0x8, 0xff, 0xff, 0xff, 0x0,
    0x0, 0x0, 0x7f, 0xff, 0x40, 0xa, 0xff, 0x40,
    0x0, 0x0, 0x0, 0x0, 0x8f, 0xff, 0xff, 0x0,
    0x0, 0x5, 0xff, 0xf6, 0x0, 0x4f, 0xfc, 0x0,
    0x0, 0x0, 0x0, 0x0, 0x8, 0xff, 0xff, 0x0,
    0x0, 0x4, 0xfe, 0x50, 0x1, 0xef, 0xf3, 0x0,
    0x0, 0x0, 0x0, 0x0, 0x0, 0x8f, 0xff, 0x0,
    0x0, 0x0, 0x21, 0x0, 0x1d, 0xff, 0x90, 0x0,
    0x0, 0x0, 0x0, 0x0, 0x0, 0x8, 0xfc, 0x0,
    0x0, 0x0, 0x0, 0x2, 0xdf, 0xfc, 0x0, 0x0,
    0x0, 0x0, 0x0, 0x0, 0x0, 0x0, 0x10, 0x0,
    0x0, 0x0, 0x0, 0x3f, 0xff, 0xc1, 0x0, 0x0,
    0x0, 0x0, 0x0, 0x0, 0x0, 0x0, 0x0, 0x0,
    0x0, 0x0, 0x0, 0x7f, 0xfa, 0x0, 0x0, 0x0,
    0x0, 0x0, 0x0, 0x0, 0x0, 0x0, 0x0, 0x0,
    0x0, 0x0, 0x0, 0x18, 0x50, 0x0, 0x0, 0x0,

    /* U+F03E "" */
    0x1b, 0xff, 0xff, 0xff, 0xff, 0xff, 0xff, 0xff,
    0xff, 0xff, 0xff, 0xff, 0xff, 0xb1, 0xbf, 0xff,
    0xff, 0xff, 0xff, 0xff, 0xff, 0xff, 0xff, 0xff,
    0xff, 0xff, 0xff, 0xfb, 0xff, 0xff, 0xff, 0xff,
    0xff, 0xff, 0xff, 0xff, 0xff, 0xff, 0xff, 0xff,
    0xff, 0xff, 0xff, 0xff, 0x93, 0x27, 0xff, 0xff,
    0xff, 0xff, 0xff, 0xff, 0xff, 0xff, 0xff, 0xff,
    0xff, 0xf9, 0x0, 0x0, 0x5f, 0xff, 0xff, 0xff,
    0xff, 0xff, 0xff, 0xff, 0xff, 0xff, 0xff, 0xf2,
    0x0, 0x0, 0xe, 0xff, 0xff, 0xff, 0xff, 0xff,
    0xff, 0xff, 0xff, 0xff, 0xff, 0xf2, 0x0, 0x0,
    0xe, 0xff, 0xff, 0xff, 0xff, 0xd8, 0xff, 0xff,
    0xff, 0xff, 0xff, 0xf7, 0x0, 0x0, 0x3f, 0xff,
    0xff, 0xff, 0xfc, 0x10, 0x6f, 0xff, 0xff, 0xff,
    0xff, 0xff, 0x50, 0x3, 0xdf, 0xff, 0xff, 0xff,
    0xc1, 0x0, 0x6, 0xff, 0xff, 0xff, 0xff, 0xff,
    0xfe, 0xef, 0xff, 0xff, 0xff, 0xfc, 0x10, 0x0,
    0x0, 0x6f, 0xff, 0xff, 0xff, 0xff, 0xff, 0xfe,
    0xff, 0xff, 0xff, 0xc1, 0x0, 0x0, 0x0, 0x6,
    0xff, 0xff, 0xff, 0xff, 0xff, 0xc1, 0x3e, 0xff,
    0xfc, 0x10, 0x0, 0x0, 0x0, 0x0, 0x9f, 0xff,
    0xff, 0xff, 0xfc, 0x10, 0x3, 0xef, 0xc1, 0x0,
    0x0, 0x0, 0x0, 0x0, 0x8f, 0xff, 0xff, 0xff,
    0xc1, 0x0, 0x0, 0x3b, 0x10, 0x0, 0x0, 0x0,
    0x0, 0x0, 0x8f, 0xff, 0xff, 0xfd, 0x10, 0x0,
    0x0, 0x0, 0x0, 0x0, 0x0, 0x0, 0x0, 0x0,
    0x8f, 0xff, 0xff, 0xf8, 0x0, 0x0, 0x0, 0x0,
    0x0, 0x0, 0x0, 0x0, 0x0, 0x0, 0x8f, 0xff,
    0xff, 0xf8, 0x0, 0x0, 0x0, 0x0, 0x0, 0x0,
    0x0, 0x0, 0x0, 0x0, 0x8f, 0xff, 0xff, 0xfc,
    0x88, 0x88, 0x88, 0x88, 0x88, 0x88, 0x88, 0x88,
    0x88, 0x88, 0xcf, 0xff, 0xff, 0xff, 0xff, 0xff,
    0xff, 0xff, 0xff, 0xff, 0xff, 0xff, 0xff, 0xff,
    0xff, 0xff, 0xbf, 0xff, 0xff, 0xff, 0xff, 0xff,
    0xff, 0xff, 0xff, 0xff, 0xff, 0xff, 0xff, 0xfb,
    0x1b, 0xff, 0xff, 0xff, 0xff, 0xff, 0xff, 0xff,
    0xff, 0xff, 0xff, 0xff, 0xff, 0xb1,

    /* U+F043 "" */
    0x0, 0x0, 0x0, 0x0, 0x39, 0x50, 0x0, 0x0,
    0x0, 0x0, 0x0, 0x0, 0x0, 0x0, 0xef, 0xf2,
    0x0, 0x0, 0x0, 0x0, 0x0, 0x0, 0x0, 0x4,
    0xff, 0xf8, 0x0, 0x0, 0x0, 0x0, 0x0, 0x0,
    0x0, 0xa, 0xff, 0xfe, 0x0, 0x0, 0x0, 0x0,
    0x0, 0x0, 0x0, 0x1f, 0xff, 0xff, 0x40, 0x0,
    0x0, 0x0, 0x0, 0x0, 0x0, 0x8f, 0xff, 0xff,
    0xc0, 0x0, 0x0, 0x0, 0x0, 0x0, 0x1, 0xff,
    0xff, 0xff, 0xf4, 0x0, 0x0, 0x0, 0x0, 0x0,
    0x8, 0xff, 0xff, 0xff, 0xfc, 0x0, 0x0, 0x0,
    0x0, 0x0, 0x2f, 0xff, 0xff, 0xff, 0xff, 0x60,
    0x0, 0x0, 0x0, 0x0, 0xcf, 0xff, 0xff, 0xff,
    0xff, 0xf1, 0x0, 0x0, 0x0, 0x7, 0xff, 0xff,
    0xff, 0xff, 0xff, 0xfb, 0x0, 0x0, 0x0, 0x3f,
    0xff, 0xff, 0xff, 0xff, 0xff, 0xff, 0x70, 0x0,
    0x0, 0xdf, 0xff, 0xff, 0xff, 0xff, 0xff, 0xff,
    0xf3, 0x0, 0x7, 0xff, 0xff, 0xff, 0xff, 0xff,
    0xff, 0xff, 0xfb, 0x0, 0xe, 0xff, 0xff, 0xff,
    0xff, 0xff, 0xff, 0xff, 0xff, 0x30, 0x6f, 0xff,
    0xff, 0xff, 0xff, 0xff, 0xff, 0xff, 0xff, 0x90,
    0xbf, 0xff, 0xff, 0xff, 0xff, 0xff, 0xff, 0xff,
    0xff, 0xe0, 0xdf, 0xff, 0xff, 0xff, 0xff, 0xff,
    0xff, 0xff, 0xff, 0xf1, 0xff, 0xfa, 0xd, 0xff,
    0xff, 0xff, 0xff, 0xff, 0xff, 0xf3, 0xef, 0xf8,
    0xa, 0xff, 0xff, 0xff, 0xff, 0xff, 0xff, 0xf2,
    0xdf, 0xfc, 0x6, 0xff, 0xff, 0xff, 0xff, 0xff,
    0xff, 0xf1, 0x9f, 0xff, 0x20, 0xcf, 0xff, 0xff,
    0xff, 0xff, 0xff, 0xd0, 0x4f, 0xff, 0xb0, 0x9,
    0xff, 0xff, 0xff, 0xff, 0xff, 0x70, 0xc, 0xff,
    0xfa, 0x0, 0x2, 0xcf, 0xff, 0xff, 0xfe, 0x10,
    0x2, 0xff, 0xff, 0xd6, 0x10, 0xbf, 0xff, 0xff,
    0xf5, 0x0, 0x0, 0x5f, 0xff, 0xff, 0xff, 0xff,
    0xff, 0xff, 0x80, 0x0, 0x0, 0x4, 0xef, 0xff,
    0xff, 0xff, 0xff, 0xf6, 0x0, 0x0, 0x0, 0x0,
    0x18, 0xff, 0xff, 0xff, 0xfa, 0x20, 0x0, 0x0,
    0x0, 0x0, 0x0, 0x4, 0x67, 0x64, 0x0, 0x0,
    0x0, 0x0,

    /* U+F048 "" */
    0x48, 0x88, 0x0, 0x0, 0x0, 0x0, 0x0, 0x7,
    0x70, 0xbf, 0xff, 0x30, 0x0, 0x0, 0x0, 0x0,
    0xbf, 0xf9, 0xbf, 0xff, 0x30, 0x0, 0x0, 0x0,
    0x1c, 0xff, 0xfc, 0xbf, 0xff, 0x30, 0x0, 0x0,
    0x1, 0xdf, 0xff, 0xfc, 0xbf, 0xff, 0x30, 0x0,
    0x0, 0x2e, 0xff, 0xff, 0xfc, 0xbf, 0xff, 0x30,
    0x0, 0x3, 0xef, 0xff, 0xff, 0xfc, 0xbf, 0xff,
    0x30, 0x0, 0x4f, 0xff, 0xff, 0xff, 0xfc, 0xbf,
    0xff, 0x30, 0x4, 0xff, 0xff, 0xff, 0xff, 0xfc,
    0xbf, 0xff, 0x30, 0x6f, 0xff, 0xff, 0xff, 0xff,
    0xfc, 0xbf, 0xff, 0x37, 0xff, 0xff, 0xff, 0xff,
    0xff, 0xfc, 0xbf, 0xff, 0xbf, 0xff, 0xff, 0xff,
    0xff, 0xff, 0xfc, 0xbf, 0xff, 0xff, 0xff, 0xff,
    0xff, 0xff, 0xff, 0xfc, 0xbf, 0xff, 0xff, 0xff,
    0xff, 0xff, 0xff, 0xff, 0xfc, 0xbf, 0xff, 0xff,
    0xff, 0xff, 0xff, 0xff, 0xff, 0xfc, 0xbf, 0xff,
    0xff, 0xff, 0xff, 0xff, 0xff, 0xff, 0xfc, 0xbf,
    0xff, 0x5d, 0xff, 0xff, 0xff, 0xff, 0xff, 0xfc,
    0xbf, 0xff, 0x31, 0xcf, 0xff, 0xff, 0xff, 0xff,
    0xfc, 0xbf, 0xff, 0x30, 0xb, 0xff, 0xff, 0xff,
    0xff, 0xfc, 0xbf, 0xff, 0x30, 0x0, 0xaf, 0xff,
    0xff, 0xff, 0xfc, 0xbf, 0xff, 0x30, 0x0, 0x9,
    0xff, 0xff, 0xff, 0xfc, 0xbf, 0xff, 0x30, 0x0,
    0x0, 0x7f, 0xff, 0xff, 0xfc, 0xbf, 0xff, 0x30,
    0x0, 0x0, 0x6, 0xff, 0xff, 0xfc, 0xbf, 0xff,
    0x30, 0x0, 0x0, 0x0, 0x5f, 0xff, 0xfc, 0xbf,
    0xff, 0x30, 0x0, 0x0, 0x0, 0x4, 0xff, 0xfb,
    0x9f, 0xfe, 0x20, 0x0, 0x0, 0x0, 0x0, 0x3d,
    0xd3, 0x0, 0x0, 0x0, 0x0, 0x0, 0x0, 0x0,
    0x0, 0x0,

    /* U+F04B "" */
    0x3, 0x75, 0x0, 0x0, 0x0, 0x0, 0x0, 0x0,
    0x0, 0x0, 0x0, 0x0, 0x7, 0xff, 0xfc, 0x30,
    0x0, 0x0, 0x0, 0x0, 0x0, 0x0, 0x0, 0x0,
    0x0, 0xef, 0xff, 0xff, 0x91, 0x0, 0x0, 0x0,
    0x0, 0x0, 0x0, 0x0, 0x0, 0xf, 0xff, 0xff,
    0xff, 0xe6, 0x0, 0x0, 0x0, 0x0, 0x0, 0x0,
    0x0, 0x0, 0xff, 0xff, 0xff, 0xff, 0xfd, 0x30,
    0x0, 0x0, 0x0, 0x0, 0x0, 0x0, 0xf, 0xff,
    0xff, 0xff, 0xff, 0xff, 0xa1, 0x0, 0x0, 0x0,
    0x0, 0x0, 0x0, 0xff, 0xff, 0xff, 0xff, 0xff,
    0xff, 0xf7, 0x0, 0x0, 0x0, 0x0, 0x0, 0xf,
    0xff, 0xff, 0xff, 0xff, 0xff, 0xff, 0xfd, 0x40,
    0x0, 0x0, 0x0, 0x0, 0xff, 0xff, 0xff, 0xff,
    0xff, 0xff, 0xff, 0xff, 0xb2, 0x0, 0x0, 0x0,
    0xf, 0xff, 0xff, 0xff, 0xff, 0xff, 0xff, 0xff,
    0xff, 0xf8, 0x0, 0x0, 0x0, 0xff, 0xff, 0xff,
    0xff, 0xff, 0xff, 0xff, 0xff, 0xff, 0xfe, 0x50,
    0x0, 0xf, 0xff, 0xff, 0xff, 0xff, 0xff, 0xff,
    0xff, 0xff, 0xff, 0xff, 0xb2, 0x0, 0xff, 0xff,
    0xff, 0xff, 0xff, 0xff, 0xff, 0xff, 0xff, 0xff,
    0xff, 0xf7, 0xf, 0xff, 0xff, 0xff, 0xff, 0xff,
    0xff, 0xff, 0xff, 0xff, 0xff, 0xff, 0xf4, 0xff,
    0xff, 0xff, 0xff, 0xff, 0xff, 0xff, 0xff, 0xff,
    0xff, 0xff, 0xff, 0x7f, 0xff, 0xff, 0xff, 0xff,
    0xff, 0xff, 0xff, 0xff, 0xff, 0xff, 0xff, 0xf4,
    0xff, 0xff, 0xff, 0xff, 0xff, 0xff, 0xff, 0xff,
    0xff, 0xff, 0xff, 0xf7, 0xf, 0xff, 0xff, 0xff,
    0xff, 0xff, 0xff, 0xff, 0xff, 0xff, 0xff, 0xb2,
    0x0, 0xff, 0xff, 0xff, 0xff, 0xff, 0xff, 0xff,
    0xff, 0xff, 0xfe, 0x50, 0x0, 0xf, 0xff, 0xff,
    0xff, 0xff, 0xff, 0xff, 0xff, 0xff, 0xf8, 0x0,
    0x0, 0x0, 0xff, 0xff, 0xff, 0xff, 0xff, 0xff,
    0xff, 0xff, 0xb2, 0x0, 0x0, 0x0, 0xf, 0xff,
    0xff, 0xff, 0xff, 0xff, 0xff, 0xfd, 0x40, 0x0,
    0x0, 0x0, 0x0, 0xff, 0xff, 0xff, 0xff, 0xff,
    0xff, 0xf7, 0x0, 0x0, 0x0, 0x0, 0x0, 0xf,
    0xff, 0xff, 0xff, 0xff, 0xff, 0xa1, 0x0, 0x0,
    0x0, 0x0, 0x0, 0x0, 0xff, 0xff, 0xff, 0xff,
    0xfd, 0x30, 0x0, 0x0, 0x0, 0x0, 0x0, 0x0,
    0xf, 0xff, 0xff, 0xff, 0xe6, 0x0, 0x0, 0x0,
    0x0, 0x0, 0x0, 0x0, 0x0, 0xef, 0xff, 0xff,
    0x91, 0x0, 0x0, 0x0, 0x0, 0x0, 0x0, 0x0,
    0x0, 0x6, 0xff, 0xfc, 0x30, 0x0, 0x0, 0x0,
    0x0, 0x0, 0x0, 0x0, 0x0, 0x0, 0x3, 0x74,
    0x0, 0x0, 0x0, 0x0, 0x0, 0x0, 0x0, 0x0,
    0x0, 0x0, 0x0,

    /* U+F04C "" */
    0x1a, 0xef, 0xff, 0xff, 0xd5, 0x0, 0x0, 0x1a,
    0xef, 0xff, 0xff, 0xd5, 0xa, 0xff, 0xff, 0xff,
    0xff, 0xf2, 0x0, 0xa, 0xff, 0xff, 0xff, 0xff,
    0xf2, 0xff, 0xff, 0xff, 0xff, 0xff, 0x70, 0x0,
    0xff, 0xff, 0xff, 0xff, 0xff, 0x7f, 0xff, 0xff,
    0xff, 0xff, 0xf8, 0x0, 0xf, 0xff, 0xff, 0xff,
    0xff, 0xf8, 0xff, 0xff, 0xff, 0xff, 0xff, 0x80,
    0x0, 0xff, 0xff, 0xff, 0xff, 0xff, 0x8f, 0xff,
    0xff, 0xff, 0xff, 0xf8, 0x0, 0xf, 0xff, 0xff,
    0xff, 0xff, 0xf8, 0xff, 0xff, 0xff, 0xff, 0xff,
    0x80, 0x0, 0xff, 0xff, 0xff, 0xff, 0xff, 0x8f,
    0xff, 0xff, 0xff, 0xff, 0xf8, 0x0, 0xf, 0xff,
    0xff, 0xff, 0xff, 0xf8, 0xff, 0xff, 0xff, 0xff,
    0xff, 0x80, 0x0, 0xff, 0xff, 0xff, 0xff, 0xff,
    0x8f, 0xff, 0xff, 0xff, 0xff, 0xf8, 0x0, 0xf,
    0xff, 0xff, 0xff, 0xff, 0xf8, 0xff, 0xff, 0xff,
    0xff, 0xff, 0x80, 0x0, 0xff, 0xff, 0xff, 0xff,
    0xff, 0x8f, 0xff, 0xff, 0xff, 0xff, 0xf8, 0x0,
    0xf, 0xff, 0xff, 0xff, 0xff, 0xf8, 0xff, 0xff,
    0xff, 0xff, 0xff, 0x80, 0x0, 0xff, 0xff, 0xff,
    0xff, 0xff, 0x8f, 0xff, 0xff, 0xff, 0xff, 0xf8,
    0x0, 0xf, 0xff, 0xff, 0xff, 0xff, 0xf8, 0xff,
    0xff, 0xff, 0xff, 0xff, 0x80, 0x0, 0xff, 0xff,
    0xff, 0xff, 0xff, 0x8f, 0xff, 0xff, 0xff, 0xff,
    0xf8, 0x0, 0xf, 0xff, 0xff, 0xff, 0xff, 0xf8,
    0xff, 0xff, 0xff, 0xff, 0xff, 0x80, 0x0, 0xff,
    0xff, 0xff, 0xff, 0xff, 0x8f, 0xff, 0xff, 0xff,
    0xff, 0xf8, 0x0, 0xf, 0xff, 0xff, 0xff, 0xff,
    0xf8, 0xff, 0xff, 0xff, 0xff, 0xff, 0x80, 0x0,
    0xff, 0xff, 0xff, 0xff, 0xff, 0x8f, 0xff, 0xff,
    0xff, 0xff, 0xf8, 0x0, 0xf, 0xff, 0xff, 0xff,
    0xff, 0xf8, 0xff, 0xff, 0xff, 0xff, 0xff, 0x80,
    0x0, 0xff, 0xff, 0xff, 0xff, 0xff, 0x8f, 0xff,
    0xff, 0xff, 0xff, 0xf7, 0x0, 0xf, 0xff, 0xff,
    0xff, 0xff, 0xf7, 0xef, 0xff, 0xff, 0xff, 0xff,
    0x60, 0x0, 0xef, 0xff, 0xff, 0xff, 0xff, 0x66,
    0xff, 0xff, 0xff, 0xff, 0xd0, 0x0, 0x6, 0xff,
    0xff, 0xff, 0xff, 0xd0, 0x4, 0x89, 0x99, 0x98,
    0x71, 0x0, 0x0, 0x4, 0x89, 0x99, 0x98, 0x71,
    0x0,

    /* U+F04D "" */
    0x3, 0x88, 0x88, 0x88, 0x88, 0x88, 0x88, 0x88,
    0x88, 0x88, 0x88, 0x60, 0x6, 0xff, 0xff, 0xff,
    0xff, 0xff, 0xff, 0xff, 0xff, 0xff, 0xff, 0xff,
    0xd0, 0xef, 0xff, 0xff, 0xff, 0xff, 0xff, 0xff,
    0xff, 0xff, 0xff, 0xff, 0xff, 0x6f, 0xff, 0xff,
    0xff, 0xff, 0xff, 0xff, 0xff, 0xff, 0xff, 0xff,
    0xff, 0xf7, 0xff, 0xff, 0xff, 0xff, 0xff, 0xff,
    0xff, 0xff, 0xff, 0xff, 0xff, 0xff, 0x8f, 0xff,
    0xff, 0xff, 0xff, 0xff, 0xff, 0xff, 0xff, 0xff,
    0xff, 0xff, 0xf8, 0xff, 0xff, 0xff, 0xff, 0xff,
    0xff, 0xff, 0xff, 0xff, 0xff, 0xff, 0xff, 0x8f,
    0xff, 0xff, 0xff, 0xff, 0xff, 0xff, 0xff, 0xff,
    0xff, 0xff, 0xff, 0xf8, 0xff, 0xff, 0xff, 0xff,
    0xff, 0xff, 0xff, 0xff, 0xff, 0xff, 0xff, 0xff,
    0x8f, 0xff, 0xff, 0xff, 0xff, 0xff, 0xff, 0xff,
    0xff, 0xff, 0xff, 0xff, 0xf8, 0xff, 0xff, 0xff,
    0xff, 0xff, 0xff, 0xff, 0xff, 0xff, 0xff, 0xff,
    0xff, 0x8f, 0xff, 0xff, 0xff, 0xff, 0xff, 0xff,
    0xff, 0xff, 0xff, 0xff, 0xff, 0xf8, 0xff, 0xff,
    0xff, 0xff, 0xff, 0xff, 0xff, 0xff, 0xff, 0xff,
    0xff, 0xff, 0x8f, 0xff, 0xff, 0xff, 0xff, 0xff,
    0xff, 0xff, 0xff, 0xff, 0xff, 0xff, 0xf8, 0xff,
    0xff, 0xff, 0xff, 0xff, 0xff, 0xff, 0xff, 0xff,
    0xff, 0xff, 0xff, 0x8f, 0xff, 0xff, 0xff, 0xff,
    0xff, 0xff, 0xff, 0xff, 0xff, 0xff, 0xff, 0xf8,
    0xff, 0xff, 0xff, 0xff, 0xff, 0xff, 0xff, 0xff,
    0xff, 0xff, 0xff, 0xff, 0x8f, 0xff, 0xff, 0xff,
    0xff, 0xff, 0xff, 0xff, 0xff, 0xff, 0xff, 0xff,
    0xf8, 0xff, 0xff, 0xff, 0xff, 0xff, 0xff, 0xff,
    0xff, 0xff, 0xff, 0xff, 0xff, 0x8f, 0xff, 0xff,
    0xff, 0xff, 0xff, 0xff, 0xff, 0xff, 0xff, 0xff,
    0xff, 0xf8, 0xff, 0xff, 0xff, 0xff, 0xff, 0xff,
    0xff, 0xff, 0xff, 0xff, 0xff, 0xff, 0x8f, 0xff,
    0xff, 0xff, 0xff, 0xff, 0xff, 0xff, 0xff, 0xff,
    0xff, 0xff, 0xf8, 0xff, 0xff, 0xff, 0xff, 0xff,
    0xff, 0xff, 0xff, 0xff, 0xff, 0xff, 0xff, 0x7a,
    0xff, 0xff, 0xff, 0xff, 0xff, 0xff, 0xff, 0xff,
    0xff, 0xff, 0xff, 0xf2, 0x1a, 0xef, 0xff, 0xff,
    0xff, 0xff, 0xff, 0xff, 0xff, 0xff, 0xff, 0xd5,
    0x0,

    /* U+F051 "" */
    0x5, 0x81, 0x0, 0x0, 0x0, 0x0, 0x0, 0x68,
    0x87, 0x5f, 0xfe, 0x20, 0x0, 0x0, 0x0, 0x0,
    0xef, 0xff, 0x7f, 0xff, 0xe3, 0x0, 0x0, 0x0,
    0x0, 0xff, 0xff, 0x8f, 0xff, 0xff, 0x40, 0x0,
    0x0, 0x0, 0xff, 0xff, 0x8f, 0xff, 0xff, 0xf5,
    0x0, 0x0, 0x0, 0xff, 0xff, 0x8f, 0xff, 0xff,
    0xff, 0x60, 0x0, 0x0, 0xff, 0xff, 0x8f, 0xff,
    0xff, 0xff, 0xf8, 0x0, 0x0, 0xff, 0xff, 0x8f,
    0xff, 0xff, 0xff, 0xff, 0x90, 0x0, 0xff, 0xff,
    0x8f, 0xff, 0xff, 0xff, 0xff, 0xfa, 0x0, 0xff,
    0xff, 0x8f, 0xff, 0xff, 0xff, 0xff, 0xff, 0xb0,
    0xff, 0xff, 0x8f, 0xff, 0xff, 0xff, 0xff, 0xff,
    0xfc, 0xff, 0xff, 0x8f, 0xff, 0xff, 0xff, 0xff,
    0xff, 0xff, 0xff, 0xff, 0x8f, 0xff, 0xff, 0xff,
    0xff, 0xff, 0xff, 0xff, 0xff, 0x8f, 0xff, 0xff,
    0xff, 0xff, 0xff, 0xff, 0xff, 0xff, 0x8f, 0xff,
    0xff, 0xff, 0xff, 0xff, 0xff, 0xff, 0xff, 0x8f,
    0xff, 0xff, 0xff, 0xff, 0xff, 0xe3, 0xff, 0xff,
    0x8f, 0xff, 0xff, 0xff, 0xff, 0xfe, 0x20, 0xff,
    0xff, 0x8f, 0xff, 0xff, 0xff, 0xff, 0xd2, 0x0,
    0xff, 0xff, 0x8f, 0xff, 0xff, 0xff, 0xfd, 0x10,
    0x0, 0xff, 0xff, 0x8f, 0xff, 0xff, 0xff, 0xc1,
    0x0, 0x0, 0xff, 0xff, 0x8f, 0xff, 0xff, 0xfb,
    0x0, 0x0, 0x0, 0xff, 0xff, 0x8f, 0xff, 0xff,
    0xa0, 0x0, 0x0, 0x0, 0xff, 0xff, 0x8f, 0xff,
    0xf9, 0x0, 0x0, 0x0, 0x0, 0xff, 0xff, 0x7f,
    0xff, 0x80, 0x0, 0x0, 0x0, 0x0, 0xff, 0xff,
    0x1c, 0xf6, 0x0, 0x0, 0x0, 0x0, 0x0, 0xcf,
    0xfd, 0x0, 0x0, 0x0, 0x0, 0x0, 0x0, 0x0,
    0x0, 0x0,

    /* U+F052 "" */
    0x0, 0x0, 0x0, 0x0, 0x0, 0x1, 0x9a, 0x50,
    0x0, 0x0, 0x0, 0x0, 0x0, 0x0, 0x0, 0x0,
    0x0, 0x0, 0x1e, 0xff, 0xf8, 0x0, 0x0, 0x0,
    0x0, 0x0, 0x0, 0x0, 0x0, 0x0, 0x1, 0xdf,
    0xff, 0xff, 0x60, 0x0, 0x0, 0x0, 0x0, 0x0,
    0x0, 0x0, 0x0, 0xc, 0xff, 0xff, 0xff, 0xf5,
    0x0, 0x0, 0x0, 0x0, 0x0, 0x0, 0x0, 0x0,
    0xbf, 0xff, 0xff, 0xff, 0xff, 0x40, 0x0, 0x0,
    0x0, 0x0, 0x0, 0x0, 0xa, 0xff, 0xff, 0xff,
    0xff, 0xff, 0xf3, 0x0, 0x0, 0x0, 0x0, 0x0,
    0x0, 0x9f, 0xff, 0xff, 0xff, 0xff, 0xff, 0xfe,
    0x20, 0x0, 0x0, 0x0, 0x0, 0x8, 0xff, 0xff,
    0xff, 0xff, 0xff, 0xff, 0xff, 0xe1, 0x0, 0x0,
    0x0, 0x0, 0x6f, 0xff, 0xff, 0xff, 0xff, 0xff,
    0xff, 0xff, 0xfd, 0x10, 0x0, 0x0, 0x5, 0xff,
    0xff, 0xff, 0xff, 0xff, 0xff, 0xff, 0xff, 0xff,
    0xc0, 0x0, 0x0, 0x4f, 0xff, 0xff, 0xff, 0xff,
    0xff, 0xff, 0xff, 0xff, 0xff, 0xfb, 0x0, 0x3,
    0xff, 0xff, 0xff, 0xff, 0xff, 0xff, 0xff, 0xff,
    0xff, 0xff, 0xff, 0xa0, 0xc, 0xff, 0xff, 0xff,
    0xff, 0xff, 0xff, 0xff, 0xff, 0xff, 0xff, 0xff,
    0xf5, 0xf, 0xff, 0xff, 0xff, 0xff, 0xff, 0xff,
    0xff, 0xff, 0xff, 0xff, 0xff, 0xf7, 0xa, 0xff,
    0xff, 0xff, 0xff, 0xff, 0xff, 0xff, 0xff, 0xff,
    0xff, 0xff, 0xf3, 0x1, 0xbf, 0xff, 0xff, 0xff,
    0xff, 0xff, 0xff, 0xff, 0xff, 0xff, 0xfe, 0x60,
    0x0, 0x0, 0x0, 0x0, 0x0, 0x0, 0x0, 0x0,
    0x0, 0x0, 0x0, 0x0, 0x0, 0x0, 0x0, 0x0,
    0x0, 0x0, 0x0, 0x0, 0x0, 0x0, 0x0, 0x0,
    0x0, 0x0, 0x6, 0xff, 0xff, 0xff, 0xff, 0xff,
    0xff, 0xff, 0xff, 0xff, 0xff, 0xff, 0xd1, 0xf,
    0xff, 0xff, 0xff, 0xff, 0xff, 0xff, 0xff, 0xff,
    0xff, 0xff, 0xff, 0xf7, 0xf, 0xff, 0xff, 0xff,
    0xff, 0xff, 0xff, 0xff, 0xff, 0xff, 0xff, 0xff,
    0xf8, 0xf, 0xff, 0xff, 0xff, 0xff, 0xff, 0xff,
    0xff, 0xff, 0xff, 0xff, 0xff, 0xf8, 0xf, 0xff,
    0xff, 0xff, 0xff, 0xff, 0xff, 0xff, 0xff, 0xff,
    0xff, 0xff, 0xf8, 0xe, 0xff, 0xff, 0xff, 0xff,
    0xff, 0xff, 0xff, 0xff, 0xff, 0xff, 0xff, 0xf6,
    0x5, 0xef, 0xff, 0xff, 0xff, 0xff, 0xff, 0xff,
    0xff, 0xff, 0xff, 0xff, 0xb0,

    /* U+F053 "" */
    0x0, 0x0, 0x0, 0x0, 0x0, 0x3, 0x93, 0x0,
    0x0, 0x0, 0x0, 0x0, 0x0, 0x4f, 0xff, 0x30,
    0x0, 0x0, 0x0, 0x0, 0x4, 0xff, 0xff, 0xe0,
    0x0, 0x0, 0x0, 0x0, 0x4f, 0xff, 0xff, 0xc0,
    0x0, 0x0, 0x0, 0x4, 0xff, 0xff, 0xfd, 0x10,
    0x0, 0x0, 0x0, 0x4f, 0xff, 0xff, 0xd1, 0x0,
    0x0, 0x0, 0x4, 0xff, 0xff, 0xfd, 0x10, 0x0,
    0x0, 0x0, 0x4f, 0xff, 0xff, 0xd1, 0x0, 0x0,
    0x0, 0x4, 0xff, 0xff, 0xfd, 0x10, 0x0, 0x0,
    0x0, 0x4f, 0xff, 0xff, 0xd1, 0x0, 0x0, 0x0,
    0x4, 0xff, 0xff, 0xfd, 0x10, 0x0, 0x0, 0x0,
    0x3f, 0xff, 0xff, 0xd1, 0x0, 0x0, 0x0, 0x0,
    0x7f, 0xff, 0xff, 0x70, 0x0, 0x0, 0x0, 0x0,
    0xb, 0xff, 0xff, 0xf6, 0x0, 0x0, 0x0, 0x0,
    0x0, 0xbf, 0xff, 0xff, 0x60, 0x0, 0x0, 0x0,
    0x0, 0xb, 0xff, 0xff, 0xf6, 0x0, 0x0, 0x0,
    0x0, 0x0, 0xbf, 0xff, 0xff, 0x60, 0x0, 0x0,
    0x0, 0x0, 0xb, 0xff, 0xff, 0xf6, 0x0, 0x0,
    0x0, 0x0, 0x0, 0xbf, 0xff, 0xff, 0x60, 0x0,
    0x0, 0x0, 0x0, 0xc, 0xff, 0xff, 0xf6, 0x0,
    0x0, 0x0, 0x0, 0x0, 0xcf, 0xff, 0xff, 0x60,
    0x0, 0x0, 0x0, 0x0, 0xc, 0xff, 0xff, 0xf0,
    0x0, 0x0, 0x0, 0x0, 0x0, 0xcf, 0xff, 0xa0,
    0x0, 0x0, 0x0, 0x0, 0x0, 0xb, 0xfa, 0x0,
    0x0, 0x0, 0x0, 0x0, 0x0, 0x0, 0x20, 0x0,

    /* U+F054 "" */
    0x0, 0x78, 0x0, 0x0, 0x0, 0x0, 0x0, 0x0,
    0xa, 0xff, 0xb0, 0x0, 0x0, 0x0, 0x0, 0x0,
    0x6f, 0xff, 0xfb, 0x0, 0x0, 0x0, 0x0, 0x0,
    0x4f, 0xff, 0xff, 0xb0, 0x0, 0x0, 0x0, 0x0,
    0x7, 0xff, 0xff, 0xfb, 0x0, 0x0, 0x0, 0x0,
    0x0, 0x7f, 0xff, 0xff, 0xb0, 0x0, 0x0, 0x0,
    0x0, 0x7, 0xff, 0xff, 0xfb, 0x0, 0x0, 0x0,
    0x0, 0x0, 0x7f, 0xff, 0xff, 0xb0, 0x0, 0x0,
    0x0, 0x0, 0x7, 0xff, 0xff, 0xfb, 0x0, 0x0,
    0x0, 0x0, 0x0, 0x7f, 0xff, 0xff, 0xb0, 0x0,
    0x0, 0x0, 0x0, 0x7, 0xff, 0xff, 0xfb, 0x0,
    0x0, 0x0, 0x0, 0x0, 0x7f, 0xff, 0xff, 0xa0,
    0x0, 0x0, 0x0, 0x0, 0x1e, 0xff, 0xff, 0xf0,
    0x0, 0x0, 0x0, 0x1, 0xcf, 0xff, 0xff, 0x50,
    0x0, 0x0, 0x0, 0x1c, 0xff, 0xff, 0xf5, 0x0,
    0x0, 0x0, 0x1, 0xcf, 0xff, 0xff, 0x50, 0x0,
    0x0, 0x0, 0x1c, 0xff, 0xff, 0xf5, 0x0, 0x0,
    0x0, 0x1, 0xcf, 0xff, 0xff, 0x50, 0x0, 0x0,
    0x0, 0x1c, 0xff, 0xff, 0xf5, 0x0, 0x0, 0x0,
    0x1, 0xdf, 0xff, 0xff, 0x50, 0x0, 0x0, 0x0,
    0x1d, 0xff, 0xff, 0xf5, 0x0, 0x0, 0x0, 0x0,
    0x7f, 0xff, 0xff, 0x50, 0x0, 0x0, 0x0, 0x0,
    0x2f, 0xff, 0xf5, 0x0, 0x0, 0x0, 0x0, 0x0,
    0x3, 0xff, 0x50, 0x0, 0x0, 0x0, 0x0, 0x0,
    0x0, 0x11, 0x0, 0x0, 0x0, 0x0, 0x0, 0x0,

    /* U+F067 "" */
    0x0, 0x0, 0x0, 0x0, 0x0, 0x5a, 0xa8, 0x10,
    0x0, 0x0, 0x0, 0x0, 0x0, 0x0, 0x0, 0x0,
    0x0, 0x3f, 0xff, 0xfb, 0x0, 0x0, 0x0, 0x0,
    0x0, 0x0, 0x0, 0x0, 0x0, 0x5, 0xff, 0xff,
    0xd0, 0x0, 0x0, 0x0, 0x0, 0x0, 0x0, 0x0,
    0x0, 0x0, 0x6f, 0xff, 0xfe, 0x0, 0x0, 0x0,
    0x0, 0x0, 0x0, 0x0, 0x0, 0x0, 0x6, 0xff,
    0xff, 0xe0, 0x0, 0x0, 0x0, 0x0, 0x0, 0x0,
    0x0, 0x0, 0x0, 0x6f, 0xff, 0xfe, 0x0, 0x0,
    0x0, 0x0, 0x0, 0x0, 0x0, 0x0, 0x0, 0x6,
    0xff, 0xff, 0xe0, 0x0, 0x0, 0x0, 0x0, 0x0,
    0x0, 0x0, 0x0, 0x0, 0x6f, 0xff, 0xfe, 0x0,
    0x0, 0x0, 0x0, 0x0, 0x0, 0x0, 0x0, 0x0,
    0x6, 0xff, 0xff, 0xe0, 0x0, 0x0, 0x0, 0x0,
    0x0, 0x0, 0x0, 0x0, 0x0, 0x6f, 0xff, 0xfe,
    0x0, 0x0, 0x0, 0x0, 0x0, 0x6f, 0xff, 0xff,
    0xff, 0xff, 0xff, 0xff, 0xff, 0xff, 0xff, 0xff,
    0xfc, 0x1f, 0xff, 0xff, 0xff, 0xff, 0xff, 0xff,
    0xff, 0xff, 0xff, 0xff, 0xff, 0xf7, 0xff, 0xff,
    0xff, 0xff, 0xff, 0xff, 0xff, 0xff, 0xff, 0xff,
    0xff, 0xff, 0x8f, 0xff, 0xff, 0xff, 0xff, 0xff,
    0xff, 0xff, 0xff, 0xff, 0xff, 0xff, 0xf7, 0x9f,
    0xff, 0xff, 0xff, 0xff, 0xff, 0xff, 0xff, 0xff,
    0xff, 0xff, 0xfe, 0x20, 0x23, 0x33, 0x33, 0x33,
    0x8f, 0xff, 0xfe, 0x33, 0x33, 0x33, 0x33, 0x10,
    0x0, 0x0, 0x0, 0x0, 0x6, 0xff, 0xff, 0xe0,
    0x0, 0x0, 0x0, 0x0, 0x0, 0x0, 0x0, 0x0,
    0x0, 0x6f, 0xff, 0xfe, 0x0, 0x0, 0x0, 0x0,
    0x0, 0x0, 0x0, 0x0, 0x0, 0x6, 0xff, 0xff,
    0xe0, 0x0, 0x0, 0x0, 0x0, 0x0, 0x0, 0x0,
    0x0, 0x0, 0x6f, 0xff, 0xfe, 0x0, 0x0, 0x0,
    0x0, 0x0, 0x0, 0x0, 0x0, 0x0, 0x6, 0xff,
    0xff, 0xe0, 0x0, 0x0, 0x0, 0x0, 0x0, 0x0,
    0x0, 0x0, 0x0, 0x6f, 0xff, 0xfe, 0x0, 0x0,
    0x0, 0x0, 0x0, 0x0, 0x0, 0x0, 0x0, 0x6,
    0xff, 0xff, 0xe0, 0x0, 0x0, 0x0, 0x0, 0x0,
    0x0, 0x0, 0x0, 0x0, 0x4f, 0xff, 0xfc, 0x0,
    0x0, 0x0, 0x0, 0x0, 0x0, 0x0, 0x0, 0x0,
    0x0, 0x8d, 0xdc, 0x30, 0x0, 0x0, 0x0, 0x0,
    0x0,

    /* U+F068 "" */
    0x1, 0x22, 0x22, 0x22, 0x22, 0x22, 0x22, 0x22,
    0x22, 0x22, 0x22, 0x10, 0x8, 0xff, 0xff, 0xff,
    0xff, 0xff, 0xff, 0xff, 0xff, 0xff, 0xff, 0xff,
    0xe1, 0xff, 0xff, 0xff, 0xff, 0xff, 0xff, 0xff,
    0xff, 0xff, 0xff, 0xff, 0xff, 0x7f, 0xff, 0xff,
    0xff, 0xff, 0xff, 0xff, 0xff, 0xff, 0xff, 0xff,
    0xff, 0xf8, 0xff, 0xff, 0xff, 0xff, 0xff, 0xff,
    0xff, 0xff, 0xff, 0xff, 0xff, 0xff, 0x77, 0xff,
    0xff, 0xff, 0xff, 0xff, 0xff, 0xff, 0xff, 0xff,
    0xff, 0xff, 0xe1, 0x1, 0x22, 0x22, 0x22, 0x22,
    0x22, 0x22, 0x22, 0x22, 0x22, 0x22, 0x10, 0x0,

    /* U+F06E "" */
    0x0, 0x0, 0x0, 0x0, 0x0, 0x26, 0xad, 0xef,
    0xfe, 0xc9, 0x50, 0x0, 0x0, 0x0, 0x0, 0x0,
    0x0, 0x0, 0x0, 0x0, 0x5c, 0xff, 0xff, 0xff,
    0xff, 0xff, 0xff, 0xa2, 0x0, 0x0, 0x0, 0x0,
    0x0, 0x0, 0x0, 0x3c, 0xff, 0xff, 0xff, 0xba,
    0xbd, 0xff, 0xff, 0xff, 0x91, 0x0, 0x0, 0x0,
    0x0, 0x0, 0x8, 0xff, 0xff, 0xfd, 0x50, 0x0,
    0x0, 0x18, 0xff, 0xff, 0xfe, 0x40, 0x0, 0x0,
    0x0, 0x0, 0xbf, 0xff, 0xff, 0xa0, 0x0, 0x0,
    0x0, 0x0, 0x3e, 0xff, 0xff, 0xf6, 0x0, 0x0,
    0x0, 0xc, 0xff, 0xff, 0xfb, 0x0, 0x0, 0x39,
    0x95, 0x0, 0x2, 0xef, 0xff, 0xff, 0x70, 0x0,
    0x0, 0xaf, 0xff, 0xff, 0xe0, 0x0, 0x0, 0x3f,
    0xff, 0xd2, 0x0, 0x5f, 0xff, 0xff, 0xf5, 0x0,
    0x7, 0xff, 0xff, 0xff, 0x70, 0x0, 0x0, 0x3f,
    0xff, 0xfe, 0x10, 0xd, 0xff, 0xff, 0xff, 0x20,
    0x2f, 0xff, 0xff, 0xff, 0x20, 0x0, 0x0, 0xaf,
    0xff, 0xff, 0x80, 0x8, 0xff, 0xff, 0xff, 0xc0,
    0xbf, 0xff, 0xff, 0xff, 0x0, 0x48, 0x6b, 0xff,
    0xff, 0xff, 0xd0, 0x5, 0xff, 0xff, 0xff, 0xf5,
    0xff, 0xff, 0xff, 0xfe, 0x0, 0x7f, 0xff, 0xff,
    0xff, 0xff, 0xf0, 0x4, 0xff, 0xff, 0xff, 0xf9,
    0xbf, 0xff, 0xff, 0xff, 0x0, 0x6f, 0xff, 0xff,
    0xff, 0xff, 0xe0, 0x5, 0xff, 0xff, 0xff, 0xf5,
    0x1f, 0xff, 0xff, 0xff, 0x20, 0x1f, 0xff, 0xff,
    0xff, 0xff, 0x90, 0x8, 0xff, 0xff, 0xff, 0xc0,
    0x6, 0xff, 0xff, 0xff, 0x70, 0x8, 0xff, 0xff,
    0xff, 0xff, 0x20, 0xd, 0xff, 0xff, 0xff, 0x20,
    0x0, 0xaf, 0xff, 0xff, 0xe0, 0x0, 0xaf, 0xff,
    0xff, 0xf4, 0x0, 0x5f, 0xff, 0xff, 0xf5, 0x0,
    0x0, 0xb, 0xff, 0xff, 0xfb, 0x0, 0x4, 0xad,
    0xc8, 0x10, 0x2, 0xef, 0xff, 0xff, 0x70, 0x0,
    0x0, 0x0, 0xbf, 0xff, 0xff, 0xa0, 0x0, 0x0,
    0x0, 0x0, 0x3e, 0xff, 0xff, 0xf6, 0x0, 0x0,
    0x0, 0x0, 0x7, 0xff, 0xff, 0xfd, 0x50, 0x0,
    0x0, 0x18, 0xff, 0xff, 0xfe, 0x40, 0x0, 0x0,
    0x0, 0x0, 0x0, 0x3c, 0xff, 0xff, 0xff, 0xba,
    0xac, 0xff, 0xff, 0xff, 0x91, 0x0, 0x0, 0x0,
    0x0, 0x0, 0x0, 0x0, 0x4c, 0xff, 0xff, 0xff,
    0xff, 0xff, 0xff, 0xa2, 0x0, 0x0, 0x0, 0x0,
    0x0, 0x0, 0x0, 0x0, 0x0, 0x26, 0xad, 0xff,
    0xfe, 0xc9, 0x50, 0x0, 0x0, 0x0, 0x0, 0x0,

    /* U+F070 "" */
    0x4, 0x40, 0x0, 0x0, 0x0, 0x0, 0x0, 0x0,
    0x0, 0x0, 0x0, 0x0, 0x0, 0x0, 0x0, 0x0,
    0x0, 0x4, 0xff, 0x80, 0x0, 0x0, 0x0, 0x0,
    0x0, 0x0, 0x0, 0x0, 0x0, 0x0, 0x0, 0x0,
    0x0, 0x0, 0x0, 0xef, 0xff, 0xc1, 0x0, 0x0,
    0x0, 0x0, 0x0, 0x0, 0x0, 0x0, 0x0, 0x0,
    0x0, 0x0, 0x0, 0x0, 0x8, 0xff, 0xff, 0xe3,
    0x0, 0x0, 0x0, 0x0, 0x0, 0x0, 0x0, 0x0,
    0x0, 0x0, 0x0, 0x0, 0x0, 0x0, 0x5, 0xff,
    0xff, 0xf7, 0x0, 0x0, 0x26, 0xad, 0xff, 0xed,
    0xb7, 0x30, 0x0, 0x0, 0x0, 0x0, 0x0, 0x0,
    0x2, 0xdf, 0xff, 0xfa, 0x16, 0xdf, 0xff, 0xff,
    0xff, 0xff, 0xff, 0xd7, 0x0, 0x0, 0x0, 0x0,
    0x0, 0x0, 0x0, 0xaf, 0xff, 0xff, 0xff, 0xff,
    0xff, 0xba, 0xbe, 0xff, 0xff, 0xfe, 0x60, 0x0,
    0x0, 0x0, 0x0, 0x0, 0x0, 0x7f, 0xff, 0xff,
    0xff, 0xc5, 0x0, 0x0, 0x3, 0xbf, 0xff, 0xff,
    0xb1, 0x0, 0x0, 0x0, 0x0, 0x0, 0x0, 0x3e,
    0xff, 0xff, 0xd0, 0x0, 0x0, 0x0, 0x0, 0x7f,
    0xff, 0xff, 0xe2, 0x0, 0x0, 0x0, 0x0, 0x0,
    0x0, 0x1b, 0xff, 0xff, 0xc1, 0x6, 0xba, 0x50,
    0x0, 0x7f, 0xff, 0xff, 0xe2, 0x0, 0x0, 0x0,
    0x0, 0x0, 0x0, 0x8, 0xff, 0xff, 0xe4, 0x7f,
    0xff, 0xc1, 0x0, 0xbf, 0xff, 0xff, 0xd1, 0x0,
    0x0, 0x0, 0xad, 0x20, 0x0, 0x4, 0xff, 0xff,
    0xfc, 0xff, 0xff, 0xc0, 0x3, 0xff, 0xff, 0xff,
    0xb0, 0x0, 0x0, 0x5f, 0xff, 0x50, 0x0, 0x2,
    0xdf, 0xff, 0xff, 0xff, 0xff, 0x50, 0xe, 0xff,
    0xff, 0xff, 0x50, 0x0, 0xe, 0xff, 0xff, 0x90,
    0x0, 0x0, 0xaf, 0xff, 0xff, 0xff, 0xfa, 0x0,
    0xbf, 0xff, 0xff, 0xfe, 0x0, 0x2, 0xff, 0xff,
    0xff, 0xc2, 0x0, 0x0, 0x6f, 0xff, 0xff, 0xff,
    0xb0, 0xa, 0xff, 0xff, 0xff, 0xf2, 0x0, 0xe,
    0xff, 0xff, 0xff, 0xc0, 0x0, 0x0, 0x3e, 0xff,
    0xff, 0xfa, 0x0, 0xcf, 0xff, 0xff, 0xfe, 0x0,
    0x0, 0x5f, 0xff, 0xff, 0xff, 0x0, 0x0, 0x0,
    0x1b, 0xff, 0xff, 0xd2, 0xe, 0xff, 0xff, 0xff,
    0x50, 0x0, 0x0, 0xbf, 0xff, 0xff, 0xf4, 0x0,
    0x0, 0x0, 0x7, 0xff, 0xff, 0xf9, 0xff, 0xff,
    0xff, 0x90, 0x0, 0x0, 0x0, 0xdf, 0xff, 0xff,
    0xc0, 0x0, 0x0, 0x0, 0x4, 0xef, 0xff, 0xff,
    0xff, 0xff, 0xc0, 0x0, 0x0, 0x0, 0x2, 0xef,
    0xff, 0xff, 0x80, 0x0, 0x0, 0x0, 0x1, 0xcf,
    0xff, 0xff, 0xff, 0xe1, 0x0, 0x0, 0x0, 0x0,
    0x2, 0xdf, 0xff, 0xff, 0x70, 0x0, 0x0, 0x0,
    0x0, 0x9f, 0xff, 0xff, 0xe2, 0x0, 0x0, 0x0,
    0x0, 0x0, 0x1, 0xbf, 0xff, 0xff, 0xc4, 0x0,
    0x0, 0x0, 0x0, 0x5f, 0xff, 0xff, 0x60, 0x0,
    0x0, 0x0, 0x0, 0x0, 0x0, 0x6e, 0xff, 0xff,
    0xfe, 0xba, 0xb5, 0x0, 0x0, 0x2d, 0xff, 0xff,
    0xa0, 0x0, 0x0, 0x0, 0x0, 0x0, 0x0, 0x7,
    0xdf, 0xff, 0xff, 0xff, 0xf8, 0x0, 0x0, 0xa,
    0xff, 0xff, 0xd2, 0x0, 0x0, 0x0, 0x0, 0x0,
    0x0, 0x0, 0x37, 0xbd, 0xef, 0xfd, 0xb4, 0x0,
    0x0, 0x7, 0xff, 0xff, 0xf5, 0x0, 0x0, 0x0,
    0x0, 0x0, 0x0, 0x0, 0x0, 0x0, 0x0, 0x0,
    0x0, 0x0, 0x0, 0x3, 0xef, 0xff, 0xf8, 0x0,
    0x0, 0x0, 0x0, 0x0, 0x0, 0x0, 0x0, 0x0,
    0x0, 0x0, 0x0, 0x0, 0x0, 0x1, 0xcf, 0xff,
    0xe0, 0x0, 0x0, 0x0, 0x0, 0x0, 0x0, 0x0,
    0x0, 0x0, 0x0, 0x0, 0x0, 0x0, 0x0, 0x0,
    0x8f, 0xf4, 0x0, 0x0, 0x0, 0x0, 0x0, 0x0,
    0x0, 0x0, 0x0, 0x0, 0x0, 0x0, 0x0, 0x0,
    0x0, 0x0, 0x44, 0x0,

    /* U+F071 "" */
    0x0, 0x0, 0x0, 0x0, 0x0, 0x0, 0x0, 0x4,
    0x87, 0x10, 0x0, 0x0, 0x0, 0x0, 0x0, 0x0,
    0x0, 0x0, 0x0, 0x0, 0x0, 0x0, 0x0, 0x5,
    0xff, 0xfd, 0x0, 0x0, 0x0, 0x0, 0x0, 0x0,
    0x0, 0x0, 0x0, 0x0, 0x0, 0x0, 0x0, 0x1,
    0xef, 0xff, 0xf7, 0x0, 0x0, 0x0, 0x0, 0x0,
    0x0, 0x0, 0x0, 0x0, 0x0, 0x0, 0x0, 0x0,
    0x8f, 0xff, 0xff, 0xf1, 0x0, 0x0, 0x0, 0x0,
    0x0, 0x0, 0x0, 0x0, 0x0, 0x0, 0x0, 0x0,
    0x2f, 0xff, 0xff, 0xff, 0xa0, 0x0, 0x0, 0x0,
    0x0, 0x0, 0x0, 0x0, 0x0, 0x0, 0x0, 0x0,
    0xb, 0xff, 0xff, 0xff, 0xff, 0x30, 0x0, 0x0,
    0x0, 0x0, 0x0, 0x0, 0x0, 0x0, 0x0, 0x0,
    0x4, 0xff, 0xff, 0xff, 0xff, 0xfc, 0x0, 0x0,
    0x0, 0x0, 0x0, 0x0, 0x0, 0x0, 0x0, 0x0,
    0x0, 0xdf, 0xff, 0xff, 0xff, 0xff, 0xf5, 0x0,
    0x0, 0x0, 0x0, 0x0, 0x0, 0x0, 0x0, 0x0,
    0x0, 0x6f, 0xff, 0xff, 0xff, 0xff, 0xff, 0xe0,
    0x0, 0x0, 0x0, 0x0, 0x0, 0x0, 0x0, 0x0,
    0x0, 0x1e, 0xff, 0xff, 0xff, 0xff, 0xff, 0xff,
    0x80, 0x0, 0x0, 0x0, 0x0, 0x0, 0x0, 0x0,
    0x0, 0x9, 0xff, 0xff, 0x80, 0x0, 0x1e, 0xff,
    0xff, 0x10, 0x0, 0x0, 0x0, 0x0, 0x0, 0x0,
    0x0, 0x2, 0xff, 0xff, 0xf6, 0x0, 0x0, 0xef,
    0xff, 0xfa, 0x0, 0x0, 0x0, 0x0, 0x0, 0x0,
    0x0, 0x0, 0xbf, 0xff, 0xff, 0x70, 0x0, 0xf,
    0xff, 0xff, 0xf3, 0x0, 0x0, 0x0, 0x0, 0x0,
    0x0, 0x0, 0x4f, 0xff, 0xff, 0xf8, 0x0, 0x0,
    0xff, 0xff, 0xff, 0xc0, 0x0, 0x0, 0x0, 0x0,
    0x0, 0x0, 0xd, 0xff, 0xff, 0xff, 0x80, 0x0,
    0xf, 0xff, 0xff, 0xff, 0x50, 0x0, 0x0, 0x0,
    0x0, 0x0, 0x7, 0xff, 0xff, 0xff, 0xf9, 0x0,
    0x1, 0xff, 0xff, 0xff, 0xfe, 0x0, 0x0, 0x0,
    0x0, 0x0, 0x1, 0xff, 0xff, 0xff, 0xff, 0xa0,
    0x0, 0x2f, 0xff, 0xff, 0xff, 0xf8, 0x0, 0x0,
    0x0, 0x0, 0x0, 0x9f, 0xff, 0xff, 0xff, 0xfb,
    0x0, 0x3, 0xff, 0xff, 0xff, 0xff, 0xf2, 0x0,
    0x0, 0x0, 0x0, 0x2f, 0xff, 0xff, 0xff, 0xff,
    0xd1, 0x0, 0x6f, 0xff, 0xff, 0xff, 0xff, 0xa0,
    0x0, 0x0, 0x0, 0xb, 0xff, 0xff, 0xff, 0xff,
    0xff, 0xff, 0xff, 0xff, 0xff, 0xff, 0xff, 0xff,
    0x30, 0x0, 0x0, 0x5, 0xff, 0xff, 0xff, 0xff,
    0xff, 0xf5, 0x1, 0xbf, 0xff, 0xff, 0xff, 0xff,
    0xfc, 0x0, 0x0, 0x0, 0xdf, 0xff, 0xff, 0xff,
    0xff, 0xf7, 0x0, 0x0, 0xef, 0xff, 0xff, 0xff,
    0xff, 0xf6, 0x0, 0x0, 0x7f, 0xff, 0xff, 0xff,
    0xff, 0xff, 0x40, 0x0, 0xc, 0xff, 0xff, 0xff,
    0xff, 0xff, 0xe0, 0x0, 0x1f, 0xff, 0xff, 0xff,
    0xff, 0xff, 0xf8, 0x0, 0x1, 0xff, 0xff, 0xff,
    0xff, 0xff, 0xff, 0x80, 0x9, 0xff, 0xff, 0xff,
    0xff, 0xff, 0xff, 0xf6, 0x13, 0xcf, 0xff, 0xff,
    0xff, 0xff, 0xff, 0xff, 0x10, 0xff, 0xff, 0xff,
    0xff, 0xff, 0xff, 0xff, 0xff, 0xff, 0xff, 0xff,
    0xff, 0xff, 0xff, 0xff, 0xf7, 0xe, 0xff, 0xff,
    0xff, 0xff, 0xff, 0xff, 0xff, 0xff, 0xff, 0xff,
    0xff, 0xff, 0xff, 0xff, 0xff, 0x60, 0x7f, 0xff,
    0xff, 0xff, 0xff, 0xff, 0xff, 0xff, 0xff, 0xff,
    0xff, 0xff, 0xff, 0xff, 0xff, 0xe0, 0x0, 0x48,
    0x99, 0x99, 0x99, 0x99, 0x99, 0x99, 0x99, 0x99,
    0x99, 0x99, 0x99, 0x99, 0x98, 0x71, 0x0,

    /* U+F074 "" */
    0x0, 0x0, 0x0, 0x0, 0x0, 0x0, 0x0, 0x0,
    0x0, 0x0, 0x6, 0xa2, 0x0, 0x0, 0x0, 0x0,
    0x0, 0x0, 0x0, 0x0, 0x0, 0x0, 0x0, 0x0,
    0xf, 0xfe, 0x30, 0x0, 0x0, 0x0, 0x0, 0x0,
    0x0, 0x0, 0x0, 0x0, 0x0, 0x0, 0xf, 0xff,
    0xe3, 0x0, 0x24, 0x44, 0x44, 0x30, 0x0, 0x0,
    0x0, 0x0, 0x2, 0x44, 0x4f, 0xff, 0xfe, 0x30,
    0xff, 0xff, 0xff, 0xfb, 0x0, 0x0, 0x0, 0x0,
    0x3f, 0xff, 0xff, 0xff, 0xff, 0xe3, 0xff, 0xff,
    0xff, 0xff, 0xa0, 0x0, 0x0, 0x3, 0xff, 0xff,
    0xff, 0xff, 0xff, 0xfd, 0xff, 0xff, 0xff, 0xff,
    0xf9, 0x0, 0x0, 0x2e, 0xff, 0xff, 0xff, 0xff,
    0xff, 0xfd, 0xff, 0xff, 0xff, 0xff, 0xff, 0x80,
    0x1, 0xef, 0xff, 0xff, 0xff, 0xff, 0xff, 0xd1,
    0x12, 0x22, 0x26, 0xff, 0xff, 0xa0, 0x1d, 0xff,
    0xff, 0xd2, 0x2f, 0xff, 0xfd, 0x10, 0x0, 0x0,
    0x0, 0x7f, 0xfb, 0x0, 0xcf, 0xff, 0xfd, 0x10,
    0xf, 0xff, 0xd1, 0x0, 0x0, 0x0, 0x0, 0x8,
    0xc0, 0xc, 0xff, 0xff, 0xe2, 0x0, 0xe, 0xfd,
    0x10, 0x0, 0x0, 0x0, 0x0, 0x0, 0x0, 0xbf,
    0xff, 0xfe, 0x20, 0x0, 0x4, 0x81, 0x0, 0x0,
    0x0, 0x0, 0x0, 0x0, 0xa, 0xff, 0xff, 0xf3,
    0x0, 0x0, 0x0, 0x0, 0x0, 0x0, 0x0, 0x0,
    0x0, 0x0, 0x9f, 0xff, 0xff, 0x40, 0x0, 0x0,
    0x4, 0x81, 0x0, 0x0, 0x0, 0x0, 0x0, 0x8,
    0xff, 0xff, 0xf5, 0x5, 0xe2, 0x0, 0xe, 0xfd,
    0x10, 0x0, 0x0, 0x0, 0x0, 0x7f, 0xff, 0xff,
    0x60, 0x4f, 0xfd, 0x10, 0xf, 0xff, 0xd1, 0x0,
    0x12, 0x22, 0x26, 0xff, 0xff, 0xf7, 0x3, 0xff,
    0xff, 0xd2, 0x2f, 0xff, 0xfd, 0x10, 0xff, 0xff,
    0xff, 0xff, 0xff, 0x80, 0x1, 0xef, 0xff, 0xff,
    0xff, 0xff, 0xff, 0xd1, 0xff, 0xff, 0xff, 0xff,
    0xf9, 0x0, 0x0, 0x2e, 0xff, 0xff, 0xff, 0xff,
    0xff, 0xfd, 0xff, 0xff, 0xff, 0xff, 0xa0, 0x0,
    0x0, 0x3, 0xff, 0xff, 0xff, 0xff, 0xff, 0xfd,
    0xff, 0xff, 0xff, 0xfb, 0x0, 0x0, 0x0, 0x0,
    0x3f, 0xff, 0xff, 0xff, 0xff, 0xe2, 0x24, 0x44,
    0x44, 0x30, 0x0, 0x0, 0x0, 0x0, 0x2, 0x44,
    0x4f, 0xff, 0xfe, 0x30, 0x0, 0x0, 0x0, 0x0,
    0x0, 0x0, 0x0, 0x0, 0x0, 0x0, 0xf, 0xff,
    0xe3, 0x0, 0x0, 0x0, 0x0, 0x0, 0x0, 0x0,
    0x0, 0x0, 0x0, 0x0, 0xf, 0xfe, 0x30, 0x0,
    0x0, 0x0, 0x0, 0x0, 0x0, 0x0, 0x0, 0x0,
    0x0, 0x0, 0x6, 0xa2, 0x0, 0x0,

    /* U+F077 "" */
    0x0, 0x0, 0x0, 0x0, 0x0, 0x7, 0xb2, 0x0,
    0x0, 0x0, 0x0, 0x0, 0x0, 0x0, 0x0, 0x0,
    0x0, 0x8, 0xff, 0xe2, 0x0, 0x0, 0x0, 0x0,
    0x0, 0x0, 0x0, 0x0, 0x0, 0x8, 0xff, 0xff,
    0xe2, 0x0, 0x0, 0x0, 0x0, 0x0, 0x0, 0x0,
    0x0, 0x8, 0xff, 0xff, 0xff, 0xe2, 0x0, 0x0,
    0x0, 0x0, 0x0, 0x0, 0x0, 0x8, 0xff, 0xff,
    0xff, 0xff, 0xe2, 0x0, 0x0, 0x0, 0x0, 0x0,
    0x0, 0x8, 0xff, 0xff, 0xff, 0xff, 0xff, 0xe2,
    0x0, 0x0, 0x0, 0x0, 0x0, 0x8, 0xff, 0xff,
    0xfa, 0x3f, 0xff, 0xff, 0xe2, 0x0, 0x0, 0x0,
    0x0, 0x8, 0xff, 0xff, 0xfa, 0x0, 0x3f, 0xff,
    0xff, 0xe2, 0x0, 0x0, 0x0, 0x8, 0xff, 0xff,
    0xfa, 0x0, 0x0, 0x3f, 0xff, 0xff, 0xe2, 0x0,
    0x0, 0x8, 0xff, 0xff, 0xfa, 0x0, 0x0, 0x0,
    0x3f, 0xff, 0xff, 0xe2, 0x0, 0x8, 0xff, 0xff,
    0xfa, 0x0, 0x0, 0x0, 0x0, 0x3f, 0xff, 0xff,
    0xe2, 0x6, 0xff, 0xff, 0xfa, 0x0, 0x0, 0x0,
    0x0, 0x0, 0x3f, 0xff, 0xff, 0xe0, 0x9f, 0xff,
    0xfa, 0x0, 0x0, 0x0, 0x0, 0x0, 0x0, 0x3f,
    0xff, 0xff, 0x11, 0xdf, 0xfa, 0x0, 0x0, 0x0,
    0x0, 0x0, 0x0, 0x0, 0x3f, 0xff, 0x60, 0x1,
    0xa8, 0x0, 0x0, 0x0, 0x0, 0x0, 0x0, 0x0,
    0x0, 0x3b, 0x50, 0x0,

    /* U+F078 "" */
    0x1, 0xa8, 0x0, 0x0, 0x0, 0x0, 0x0, 0x0,
    0x0, 0x0, 0x3b, 0x50, 0x1, 0xdf, 0xfa, 0x0,
    0x0, 0x0, 0x0, 0x0, 0x0, 0x0, 0x3f, 0xff,
    0x60, 0x9f, 0xff, 0xfa, 0x0, 0x0, 0x0, 0x0,
    0x0, 0x0, 0x3f, 0xff, 0xff, 0x16, 0xff, 0xff,
    0xfa, 0x0, 0x0, 0x0, 0x0, 0x0, 0x3f, 0xff,
    0xff, 0xd0, 0x8, 0xff, 0xff, 0xfa, 0x0, 0x0,
    0x0, 0x0, 0x3f, 0xff, 0xff, 0xe2, 0x0, 0x8,
    0xff, 0xff, 0xfa, 0x0, 0x0, 0x0, 0x3f, 0xff,
    0xff, 0xe2, 0x0, 0x0, 0x8, 0xff, 0xff, 0xfa,
    0x0, 0x0, 0x3f, 0xff, 0xff, 0xe2, 0x0, 0x0,
    0x0, 0x8, 0xff, 0xff, 0xfa, 0x0, 0x3f, 0xff,
    0xff, 0xe2, 0x0, 0x0, 0x0, 0x0, 0x8, 0xff,
    0xff, 0xfa, 0x3f, 0xff, 0xff, 0xe2, 0x0, 0x0,
    0x0, 0x0, 0x0, 0x8, 0xff, 0xff, 0xff, 0xff,
    0xff, 0xe2, 0x0, 0x0, 0x0, 0x0, 0x0, 0x0,
    0x8, 0xff, 0xff, 0xff, 0xff, 0xe2, 0x0, 0x0,
    0x0, 0x0, 0x0, 0x0, 0x0, 0x8, 0xff, 0xff,
    0xff, 0xe2, 0x0, 0x0, 0x0, 0x0, 0x0, 0x0,
    0x0, 0x0, 0x8, 0xff, 0xff, 0xe2, 0x0, 0x0,
    0x0, 0x0, 0x0, 0x0, 0x0, 0x0, 0x0, 0x8,
    0xff, 0xe2, 0x0, 0x0, 0x0, 0x0, 0x0, 0x0,
    0x0, 0x0, 0x0, 0x0, 0x6, 0xa2, 0x0, 0x0,
    0x0, 0x0, 0x0, 0x0,

    /* U+F079 "" */
    0x0, 0x0, 0x0, 0x42, 0x0, 0x0, 0x0, 0x0,
    0x0, 0x0, 0x0, 0x0, 0x0, 0x0, 0x0, 0x0,
    0x0, 0x0, 0x0, 0x0, 0x9f, 0xf4, 0x0, 0x0,
    0x0, 0x0, 0x0, 0x0, 0x0, 0x0, 0x0, 0x0,
    0x0, 0x0, 0x0, 0x0, 0x0, 0x9f, 0xff, 0xf4,
    0x0, 0x0, 0x57, 0x77, 0x77, 0x77, 0x77, 0x77,
    0x77, 0x60, 0x0, 0x0, 0x0, 0x0, 0x9f, 0xff,
    0xff, 0xf4, 0x0, 0x4f, 0xff, 0xff, 0xff, 0xff,
    0xff, 0xff, 0xff, 0x70, 0x0, 0x0, 0x0, 0x9f,
    0xff, 0xff, 0xff, 0xf4, 0x2, 0xff, 0xff, 0xff,
    0xff, 0xff, 0xff, 0xff, 0xf9, 0x0, 0x0, 0x0,
    0x9f, 0xff, 0xff, 0xff, 0xff, 0xf4, 0x4, 0xff,
    0xff, 0xff, 0xff, 0xff, 0xff, 0xff, 0x90, 0x0,
    0x0, 0x9f, 0xff, 0xff, 0xff, 0xef, 0xff, 0xf4,
    0x0, 0x0, 0x0, 0x0, 0x0, 0x0, 0xef, 0xf9,
    0x0, 0x0, 0xf, 0xff, 0xf4, 0xef, 0xf9, 0x9f,
    0xff, 0x90, 0x0, 0x0, 0x0, 0x0, 0x0, 0xe,
    0xff, 0x90, 0x0, 0x0, 0x7f, 0xf5, 0xe, 0xff,
    0x90, 0xaf, 0xe2, 0x0, 0x0, 0x0, 0x0, 0x0,
    0x0, 0xef, 0xf9, 0x0, 0x0, 0x0, 0x32, 0x0,
    0xef, 0xf9, 0x0, 0x41, 0x0, 0x0, 0x0, 0x0,
    0x0, 0x0, 0xe, 0xff, 0x90, 0x0, 0x0, 0x0,
    0x0, 0xe, 0xff, 0x90, 0x0, 0x0, 0x0, 0x0,
    0x0, 0x0, 0x0, 0x0, 0xef, 0xf9, 0x0, 0x0,
    0x0, 0x0, 0x0, 0xef, 0xf9, 0x0, 0x0, 0x0,
    0x0, 0x0, 0x0, 0x0, 0x0, 0xe, 0xff, 0x90,
    0x0, 0x0, 0x0, 0x0, 0xe, 0xff, 0x90, 0x0,
    0x0, 0x0, 0x0, 0x0, 0x0, 0x0, 0x0, 0xef,
    0xf9, 0x0, 0x0, 0x0, 0x0, 0x0, 0xef, 0xf9,
    0x0, 0x0, 0x0, 0x0, 0x0, 0x0, 0x19, 0x80,
    0xe, 0xff, 0x90, 0x2a, 0x70, 0x0, 0x0, 0xe,
    0xff, 0x90, 0x0, 0x0, 0x0, 0x0, 0x0, 0xc,
    0xff, 0xa0, 0xef, 0xf9, 0x2e, 0xff, 0x60, 0x0,
    0x0, 0xef, 0xf9, 0x0, 0x0, 0x0, 0x0, 0x0,
    0x0, 0xef, 0xff, 0x9e, 0xff, 0xad, 0xff, 0xf9,
    0x0, 0x0, 0xe, 0xff, 0xc7, 0x77, 0x77, 0x77,
    0x77, 0x73, 0x4, 0xff, 0xff, 0xff, 0xff, 0xff,
    0xfc, 0x10, 0x0, 0x0, 0xef, 0xff, 0xff, 0xff,
    0xff, 0xff, 0xff, 0xf5, 0x4, 0xff, 0xff, 0xff,
    0xff, 0xfc, 0x10, 0x0, 0x0, 0xe, 0xff, 0xff,
    0xff, 0xff, 0xff, 0xff, 0xff, 0xf0, 0x4, 0xff,
    0xff, 0xff, 0xfc, 0x10, 0x0, 0x0, 0x0, 0x9f,
    0xff, 0xff, 0xff, 0xff, 0xff, 0xff, 0xfa, 0x0,
    0x3, 0xff, 0xff, 0xfc, 0x10, 0x0, 0x0, 0x0,
    0x0, 0x0, 0x0, 0x0, 0x0, 0x0, 0x0, 0x0,
    0x0, 0x0, 0x3, 0xff, 0xfc, 0x10, 0x0, 0x0,
    0x0, 0x0, 0x0, 0x0, 0x0, 0x0, 0x0, 0x0,
    0x0, 0x0, 0x0, 0x0, 0x3, 0xdb, 0x0, 0x0,
    0x0,

    /* U+F07B "" */
    0x1b, 0xff, 0xff, 0xff, 0xff, 0xfc, 0x10, 0x0,
    0x0, 0x0, 0x0, 0x0, 0x0, 0x0, 0xbf, 0xff,
    0xff, 0xff, 0xff, 0xff, 0xc1, 0x0, 0x0, 0x0,
    0x0, 0x0, 0x0, 0x0, 0xff, 0xff, 0xff, 0xff,
    0xff, 0xff, 0xfc, 0x10, 0x0, 0x0, 0x0, 0x0,
    0x0, 0x0, 0xff, 0xff, 0xff, 0xff, 0xff, 0xff,
    0xff, 0xc8, 0x88, 0x88, 0x88, 0x88, 0x87, 0x30,
    0xff, 0xff, 0xff, 0xff, 0xff, 0xff, 0xff, 0xff,
    0xff, 0xff, 0xff, 0xff, 0xff, 0xf5, 0xff, 0xff,
    0xff, 0xff, 0xff, 0xff, 0xff, 0xff, 0xff, 0xff,
    0xff, 0xff, 0xff, 0xfe, 0xff, 0xff, 0xff, 0xff,
    0xff, 0xff, 0xff, 0xff, 0xff, 0xff, 0xff, 0xff,
    0xff, 0xff, 0xff, 0xff, 0xff, 0xff, 0xff, 0xff,
    0xff, 0xff, 0xff, 0xff, 0xff, 0xff, 0xff, 0xff,
    0xff, 0xff, 0xff, 0xff, 0xff, 0xff, 0xff, 0xff,
    0xff, 0xff, 0xff, 0xff, 0xff, 0xff, 0xff, 0xff,
    0xff, 0xff, 0xff, 0xff, 0xff, 0xff, 0xff, 0xff,
    0xff, 0xff, 0xff, 0xff, 0xff, 0xff, 0xff, 0xff,
    0xff, 0xff, 0xff, 0xff, 0xff, 0xff, 0xff, 0xff,
    0xff, 0xff, 0xff, 0xff, 0xff, 0xff, 0xff, 0xff,
    0xff, 0xff, 0xff, 0xff, 0xff, 0xff, 0xff, 0xff,
    0xff, 0xff, 0xff, 0xff, 0xff, 0xff, 0xff, 0xff,
    0xff, 0xff, 0xff, 0xff, 0xff, 0xff, 0xff, 0xff,
    0xff, 0xff, 0xff, 0xff, 0xff, 0xff, 0xff, 0xff,
    0xff, 0xff, 0xff, 0xff, 0xff, 0xff, 0xff, 0xff,
    0xff, 0xff, 0xff, 0xff, 0xff, 0xff, 0xff, 0xff,
    0xff, 0xff, 0xff, 0xff, 0xff, 0xff, 0xff, 0xff,
    0xff, 0xff, 0xff, 0xff, 0xff, 0xff, 0xff, 0xff,
    0xff, 0xff, 0xff, 0xff, 0xff, 0xff, 0xff, 0xff,
    0xff, 0xff, 0xff, 0xff, 0xff, 0xff, 0xff, 0xff,
    0xff, 0xff, 0xff, 0xff, 0xff, 0xff, 0xff, 0xff,
    0xff, 0xff, 0xff, 0xff, 0xff, 0xff, 0xff, 0xff,
    0xff, 0xff, 0xff, 0xff, 0xff, 0xff, 0xff, 0xff,
    0xff, 0xff, 0xbf, 0xff, 0xff, 0xff, 0xff, 0xff,
    0xff, 0xff, 0xff, 0xff, 0xff, 0xff, 0xff, 0xfb,
    0x1b, 0xff, 0xff, 0xff, 0xff, 0xff, 0xff, 0xff,
    0xff, 0xff, 0xff, 0xff, 0xff, 0xb1,

    /* U+F093 "" */
    0x0, 0x0, 0x0, 0x0, 0x0, 0x0, 0x3, 0x10,
    0x0, 0x0, 0x0, 0x0, 0x0, 0x0, 0x0, 0x0,
    0x0, 0x0, 0x0, 0x0, 0x7f, 0xe2, 0x0, 0x0,
    0x0, 0x0, 0x0, 0x0, 0x0, 0x0, 0x0, 0x0,
    0x0, 0x7, 0xff, 0xfe, 0x20, 0x0, 0x0, 0x0,
    0x0, 0x0, 0x0, 0x0, 0x0, 0x0, 0x0, 0x7f,
    0xff, 0xff, 0xe2, 0x0, 0x0, 0x0, 0x0, 0x0,
    0x0, 0x0, 0x0, 0x0, 0x7, 0xff, 0xff, 0xff,
    0xfe, 0x20, 0x0, 0x0, 0x0, 0x0, 0x0, 0x0,
    0x0, 0x0, 0x7f, 0xff, 0xff, 0xff, 0xff, 0xe2,
    0x0, 0x0, 0x0, 0x0, 0x0, 0x0, 0x0, 0x7,
    0xff, 0xff, 0xff, 0xff, 0xff, 0xfe, 0x20, 0x0,
    0x0, 0x0, 0x0, 0x0, 0x0, 0x7f, 0xff, 0xff,
    0xff, 0xff, 0xff, 0xff, 0xe2, 0x0, 0x0, 0x0,
    0x0, 0x0, 0x7, 0xff, 0xff, 0xff, 0xff, 0xff,
    0xff, 0xff, 0xfe, 0x20, 0x0, 0x0, 0x0, 0x0,
    0x5f, 0xff, 0xff, 0xff, 0xff, 0xff, 0xff, 0xff,
    0xff, 0xe0, 0x0, 0x0, 0x0, 0x0, 0x6f, 0xff,
    0xff, 0xff, 0xff, 0xff, 0xff, 0xff, 0xff, 0xf0,
    0x0, 0x0, 0x0, 0x0, 0x2, 0x22, 0x22, 0xcf,
    0xff, 0xff, 0xf6, 0x22, 0x22, 0x10, 0x0, 0x0,
    0x0, 0x0, 0x0, 0x0, 0x0, 0xbf, 0xff, 0xff,
    0xf4, 0x0, 0x0, 0x0, 0x0, 0x0, 0x0, 0x0,
    0x0, 0x0, 0x0, 0xbf, 0xff, 0xff, 0xf4, 0x0,
    0x0, 0x0, 0x0, 0x0, 0x0, 0x0, 0x0, 0x0,
    0x0, 0xbf, 0xff, 0xff, 0xf4, 0x0, 0x0, 0x0,
    0x0, 0x0, 0x0, 0x0, 0x0, 0x0, 0x0, 0xbf,
    0xff, 0xff, 0xf4, 0x0, 0x0, 0x0, 0x0, 0x0,
    0x0, 0x0, 0x0, 0x0, 0x0, 0xbf, 0xff, 0xff,
    0xf4, 0x0, 0x0, 0x0, 0x0, 0x0, 0x0, 0x0,
    0x0, 0x0, 0x0, 0xbf, 0xff, 0xff, 0xf4, 0x0,
    0x0, 0x0, 0x0, 0x0, 0x0, 0x0, 0x0, 0x0,
    0x0, 0xbf, 0xff, 0xff, 0xf4, 0x0, 0x0, 0x0,
    0x0, 0x0, 0x1, 0x11, 0x11, 0x11, 0x0, 0xbf,
    0xff, 0xff, 0xf4, 0x0, 0x11, 0x11, 0x11, 0x10,
    0xbf, 0xff, 0xff, 0xff, 0xc0, 0xaf, 0xff, 0xff,
    0xf3, 0xc, 0xff, 0xff, 0xff, 0xfb, 0xff, 0xff,
    0xff, 0xff, 0xf1, 0x18, 0x99, 0x99, 0x60, 0x1f,
    0xff, 0xff, 0xff, 0xff, 0xff, 0xff, 0xff, 0xff,
    0xfc, 0x10, 0x0, 0x0, 0x1, 0xcf, 0xff, 0xff,
    0xff, 0xff, 0xff, 0xff, 0xff, 0xff, 0xff, 0xfc,
    0xcc, 0xcc, 0xcf, 0xff, 0xff, 0xff, 0xff, 0xff,
    0xff, 0xff, 0xff, 0xff, 0xff, 0xff, 0xff, 0xff,
    0xff, 0xff, 0xff, 0xff, 0xff, 0xff, 0xff, 0xff,
    0xff, 0xff, 0xff, 0xff, 0xff, 0xff, 0xff, 0xf4,
    0x1e, 0xb0, 0x8f, 0xff, 0xff, 0xff, 0xff, 0xff,
    0xff, 0xff, 0xff, 0xff, 0xff, 0xf5, 0x2e, 0xc1,
    0x8f, 0xff, 0xef, 0xff, 0xff, 0xff, 0xff, 0xff,
    0xff, 0xff, 0xff, 0xff, 0xff, 0xff, 0xff, 0xfe,
    0x37, 0x88, 0x88, 0x88, 0x88, 0x88, 0x88, 0x88,
    0x88, 0x88, 0x88, 0x88, 0x88, 0x73,

    /* U+F095 "" */
    0x0, 0x0, 0x0, 0x0, 0x0, 0x0, 0x0, 0x0,
    0x0, 0x0, 0x6, 0x62, 0x0, 0x0, 0x0, 0x0,
    0x0, 0x0, 0x0, 0x0, 0x0, 0x0, 0x0, 0x0,
    0x4, 0xff, 0xfe, 0xb7, 0x30, 0x0, 0x0, 0x0,
    0x0, 0x0, 0x0, 0x0, 0x0, 0x0, 0x0, 0xbf,
    0xff, 0xff, 0xff, 0xc0, 0x0, 0x0, 0x0, 0x0,
    0x0, 0x0, 0x0, 0x0, 0x0, 0x2f, 0xff, 0xff,
    0xff, 0xff, 0x0, 0x0, 0x0, 0x0, 0x0, 0x0,
    0x0, 0x0, 0x0, 0x9, 0xff, 0xff, 0xff, 0xff,
    0xe0, 0x0, 0x0, 0x0, 0x0, 0x0, 0x0, 0x0,
    0x0, 0x1, 0xff, 0xff, 0xff, 0xff, 0xfe, 0x0,
    0x0, 0x0, 0x0, 0x0, 0x0, 0x0, 0x0, 0x0,
    0x7f, 0xff, 0xff, 0xff, 0xff, 0xc0, 0x0, 0x0,
    0x0, 0x0, 0x0, 0x0, 0x0, 0x0, 0xd, 0xff,
    0xff, 0xff, 0xff, 0xfa, 0x0, 0x0, 0x0, 0x0,
    0x0, 0x0, 0x0, 0x0, 0x0, 0xbf, 0xff, 0xff,
    0xff, 0xff, 0x70, 0x0, 0x0, 0x0, 0x0, 0x0,
    0x0, 0x0, 0x0, 0x0, 0xbf, 0xff, 0xff, 0xff,
    0xf3, 0x0, 0x0, 0x0, 0x0, 0x0, 0x0, 0x0,
    0x0, 0x0, 0x0, 0x8f, 0xff, 0xff, 0xff, 0x0,
    0x0, 0x0, 0x0, 0x0, 0x0, 0x0, 0x0, 0x0,
    0x0, 0x0, 0x7f, 0xff, 0xff, 0x90, 0x0, 0x0,
    0x0, 0x0, 0x0, 0x0, 0x0, 0x0, 0x0, 0x0,
    0xa, 0xff, 0xff, 0xf4, 0x0, 0x0, 0x0, 0x0,
    0x0, 0x0, 0x0, 0x0, 0x0, 0x0, 0x3, 0xff,
    0xff, 0xfd, 0x0, 0x0, 0x0, 0x0, 0x0, 0x0,
    0x0, 0x0, 0x0, 0x0, 0x0, 0xcf, 0xff, 0xff,
    0x50, 0x0, 0x0, 0x0, 0x0, 0x0, 0x0, 0x0,
    0x0, 0x0, 0x0, 0x9f, 0xff, 0xff, 0xc0, 0x0,
    0x0, 0x0, 0x0, 0x0, 0x0, 0x0, 0x0, 0x0,
    0x0, 0x6f, 0xff, 0xff, 0xf3, 0x0, 0x0, 0x0,
    0x0, 0x0, 0x26, 0x10, 0x0, 0x0, 0x0, 0x5f,
    0xff, 0xff, 0xf8, 0x0, 0x0, 0x0, 0x0, 0x4,
    0xbf, 0xfc, 0x0, 0x0, 0x0, 0x6f, 0xff, 0xff,
    0xfc, 0x0, 0x0, 0x0, 0x0, 0x6d, 0xff, 0xff,
    0xfa, 0x0, 0x0, 0xaf, 0xff, 0xff, 0xfe, 0x10,
    0x0, 0x0, 0x7, 0xff, 0xff, 0xff, 0xff, 0xf7,
    0x5, 0xef, 0xff, 0xff, 0xfe, 0x20, 0x0, 0x0,
    0x0, 0xff, 0xff, 0xff, 0xff, 0xff, 0xfd, 0xff,
    0xff, 0xff, 0xfe, 0x20, 0x0, 0x0, 0x0, 0xc,
    0xff, 0xff, 0xff, 0xff, 0xff, 0xff, 0xff, 0xff,
    0xfd, 0x20, 0x0, 0x0, 0x0, 0x0, 0x8f, 0xff,
    0xff, 0xff, 0xff, 0xff, 0xff, 0xff, 0xfa, 0x0,
    0x0, 0x0, 0x0, 0x0, 0x4, 0xff, 0xff, 0xff,
    0xff, 0xff, 0xff, 0xff, 0xe6, 0x0, 0x0, 0x0,
    0x0, 0x0, 0x0, 0x1f, 0xff, 0xff, 0xff, 0xff,
    0xff, 0xff, 0x91, 0x0, 0x0, 0x0, 0x0, 0x0,
    0x0, 0x0, 0xdf, 0xff, 0xff, 0xff, 0xff, 0xe9,
    0x10, 0x0, 0x0, 0x0, 0x0, 0x0, 0x0, 0x0,
    0x9, 0xff, 0xff, 0xff, 0xd9, 0x40, 0x0, 0x0,
    0x0, 0x0, 0x0, 0x0, 0x0, 0x0, 0x0, 0x17,
    0x76, 0x53, 0x0, 0x0, 0x0, 0x0, 0x0, 0x0,
    0x0, 0x0, 0x0, 0x0, 0x0,

    /* U+F0C4 "" */
    0x0, 0x5, 0x99, 0x72, 0x0, 0x0, 0x0, 0x0,
    0x0, 0x0, 0x0, 0x0, 0x0, 0x2d, 0xff, 0xff,
    0xf7, 0x0, 0x0, 0x0, 0x0, 0x1, 0x7b, 0xb8,
    0x10, 0x1e, 0xff, 0xff, 0xff, 0xf7, 0x0, 0x0,
    0x0, 0x2, 0xef, 0xff, 0xfe, 0x38, 0xff, 0xff,
    0xef, 0xff, 0xf1, 0x0, 0x0, 0x2, 0xef, 0xff,
    0xff, 0xf4, 0xdf, 0xfe, 0x10, 0x7f, 0xff, 0x50,
    0x0, 0x2, 0xef, 0xff, 0xff, 0xf5, 0xf, 0xff,
    0x80, 0x0, 0xff, 0xf7, 0x0, 0x2, 0xef, 0xff,
    0xff, 0xf5, 0x0, 0xef, 0xfc, 0x0, 0x4f, 0xff,
    0x60, 0x2, 0xef, 0xff, 0xff, 0xf5, 0x0, 0xa,
    0xff, 0xfd, 0xbf, 0xff, 0xf4, 0x3, 0xef, 0xff,
    0xff, 0xf5, 0x0, 0x0, 0x2f, 0xff, 0xff, 0xff,
    0xff, 0xe5, 0xef, 0xff, 0xff, 0xf5, 0x0, 0x0,
    0x0, 0x4f, 0xff, 0xff, 0xff, 0xff, 0xff, 0xff,
    0xff, 0xf5, 0x0, 0x0, 0x0, 0x0, 0x18, 0xcd,
    0xff, 0xff, 0xff, 0xff, 0xff, 0xf5, 0x0, 0x0,
    0x0, 0x0, 0x0, 0x0, 0x5, 0xff, 0xff, 0xff,
    0xff, 0xf5, 0x0, 0x0, 0x0, 0x0, 0x0, 0x0,
    0x0, 0x7, 0xff, 0xff, 0xff, 0xf7, 0x0, 0x0,
    0x0, 0x0, 0x0, 0x0, 0x0, 0x3, 0xef, 0xff,
    0xff, 0xff, 0xe2, 0x0, 0x0, 0x0, 0x0, 0x0,
    0x5, 0x99, 0xef, 0xff, 0xff, 0xff, 0xff, 0xe2,
    0x0, 0x0, 0x0, 0x0, 0x2d, 0xff, 0xff, 0xff,
    0xff, 0xff, 0xff, 0xff, 0xe2, 0x0, 0x0, 0x0,
    0x1e, 0xff, 0xff, 0xff, 0xff, 0xf9, 0xff, 0xff,
    0xff, 0xe2, 0x0, 0x0, 0x8, 0xff, 0xff, 0xef,
    0xff, 0xf5, 0x5, 0xff, 0xff, 0xff, 0xe2, 0x0,
    0x0, 0xdf, 0xfe, 0x10, 0x7f, 0xff, 0x50, 0x5,
    0xff, 0xff, 0xff, 0xe2, 0x0, 0xf, 0xff, 0x80,
    0x0, 0xff, 0xf7, 0x0, 0x5, 0xff, 0xff, 0xff,
    0xe2, 0x0, 0xef, 0xfc, 0x0, 0x4f, 0xff, 0x60,
    0x0, 0x5, 0xff, 0xff, 0xff, 0xe2, 0xa, 0xff,
    0xfd, 0xbf, 0xff, 0xf2, 0x0, 0x0, 0x5, 0xff,
    0xff, 0xff, 0xe2, 0x2f, 0xff, 0xff, 0xff, 0xf9,
    0x0, 0x0, 0x0, 0x4, 0xff, 0xff, 0xff, 0x40,
    0x4f, 0xff, 0xff, 0xfb, 0x0, 0x0, 0x0, 0x0,
    0x3, 0xbe, 0xfb, 0x30, 0x0, 0x18, 0xcd, 0xb5,
    0x0, 0x0, 0x0, 0x0, 0x0, 0x0, 0x0, 0x0,
    0x0,

    /* U+F0C5 "" */
    0x0, 0x0, 0x0, 0x1, 0x44, 0x44, 0x44, 0x44,
    0x42, 0x3, 0x0, 0x0, 0x0, 0x0, 0x0, 0x0,
    0xdf, 0xff, 0xff, 0xff, 0xff, 0x80, 0xeb, 0x0,
    0x0, 0x0, 0x0, 0x0, 0xf, 0xff, 0xff, 0xff,
    0xff, 0xf8, 0xe, 0xfb, 0x0, 0x0, 0x0, 0x0,
    0x0, 0xff, 0xff, 0xff, 0xff, 0xff, 0x80, 0xef,
    0xfb, 0x0, 0x0, 0x0, 0x0, 0xf, 0xff, 0xff,
    0xff, 0xff, 0xf8, 0xe, 0xff, 0xfb, 0x0, 0x0,
    0x0, 0x0, 0xff, 0xff, 0xff, 0xff, 0xff, 0x80,
    0xef, 0xff, 0xf4, 0xaf, 0xff, 0xf4, 0xf, 0xff,
    0xff, 0xff, 0xff, 0xfa, 0x0, 0x0, 0x0, 0xf,
    0xff, 0xff, 0x40, 0xff, 0xff, 0xff, 0xff, 0xff,
    0xfc, 0xbb, 0xbb, 0xb3, 0xff, 0xff, 0xf4, 0xf,
    0xff, 0xff, 0xff, 0xff, 0xff, 0xff, 0xff, 0xff,
    0x5f, 0xff, 0xff, 0x40, 0xff, 0xff, 0xff, 0xff,
    0xff, 0xff, 0xff, 0xff, 0xf5, 0xff, 0xff, 0xf4,
    0xf, 0xff, 0xff, 0xff, 0xff, 0xff, 0xff, 0xff,
    0xff, 0x5f, 0xff, 0xff, 0x40, 0xff, 0xff, 0xff,
    0xff, 0xff, 0xff, 0xff, 0xff, 0xf5, 0xff, 0xff,
    0xf4, 0xf, 0xff, 0xff, 0xff, 0xff, 0xff, 0xff,
    0xff, 0xff, 0x5f, 0xff, 0xff, 0x40, 0xff, 0xff,
    0xff, 0xff, 0xff, 0xff, 0xff, 0xff, 0xf5, 0xff,
    0xff, 0xf4, 0xf, 0xff, 0xff, 0xff, 0xff, 0xff,
    0xff, 0xff, 0xff, 0x5f, 0xff, 0xff, 0x40, 0xff,
    0xff, 0xff, 0xff, 0xff, 0xff, 0xff, 0xff, 0xf5,
    0xff, 0xff, 0xf4, 0xf, 0xff, 0xff, 0xff, 0xff,
    0xff, 0xff, 0xff, 0xff, 0x5f, 0xff, 0xff, 0x40,
    0xff, 0xff, 0xff, 0xff, 0xff, 0xff, 0xff, 0xff,
    0xf5, 0xff, 0xff, 0xf4, 0xf, 0xff, 0xff, 0xff,
    0xff, 0xff, 0xff, 0xff, 0xff, 0x5f, 0xff, 0xff,
    0x40, 0xff, 0xff, 0xff, 0xff, 0xff, 0xff, 0xff,
    0xff, 0xf5, 0xff, 0xff, 0xf4, 0xf, 0xff, 0xff,
    0xff, 0xff, 0xff, 0xff, 0xff, 0xff, 0x5f, 0xff,
    0xff, 0x40, 0xff, 0xff, 0xff, 0xff, 0xff, 0xff,
    0xff, 0xff, 0xf5, 0xff, 0xff, 0xf5, 0xa, 0xff,
    0xff, 0xff, 0xff, 0xff, 0xff, 0xff, 0xfe, 0x1f,
    0xff, 0xff, 0xb0, 0x0, 0x0, 0x0, 0x0, 0x0,
    0x0, 0x0, 0x0, 0x0, 0xff, 0xff, 0xff, 0xa2,
    0x0, 0x0, 0x0, 0x0, 0x0, 0x0, 0x0, 0x0,
    0xf, 0xff, 0xff, 0xff, 0xff, 0xff, 0xff, 0xff,
    0xff, 0x80, 0x0, 0x0, 0x0, 0xff, 0xff, 0xff,
    0xff, 0xff, 0xff, 0xff, 0xff, 0xf8, 0x0, 0x0,
    0x0, 0xe, 0xff, 0xff, 0xff, 0xff, 0xff, 0xff,
    0xff, 0xff, 0x60, 0x0, 0x0, 0x0, 0x37, 0x88,
    0x88, 0x88, 0x88, 0x88, 0x88, 0x88, 0x60, 0x0,
    0x0, 0x0, 0x0,

    /* U+F0C7 "" */
    0x4, 0x88, 0x88, 0x88, 0x88, 0x88, 0x88, 0x88,
    0x87, 0x20, 0x0, 0x0, 0x6, 0xff, 0xff, 0xff,
    0xff, 0xff, 0xff, 0xff, 0xff, 0xff, 0x40, 0x0,
    0x0, 0xef, 0xff, 0xff, 0xff, 0xff, 0xff, 0xff,
    0xff, 0xff, 0xff, 0x40, 0x0, 0xf, 0xff, 0xff,
    0xff, 0xff, 0xff, 0xff, 0xff, 0xff, 0xff, 0xff,
    0x40, 0x0, 0xff, 0xf9, 0x0, 0x0, 0x0, 0x0,
    0x0, 0x0, 0xd, 0xff, 0xff, 0x40, 0xf, 0xff,
    0x80, 0x0, 0x0, 0x0, 0x0, 0x0, 0x0, 0xbf,
    0xff, 0xff, 0x30, 0xff, 0xf8, 0x0, 0x0, 0x0,
    0x0, 0x0, 0x0, 0xb, 0xff, 0xff, 0xfe, 0xf,
    0xff, 0x80, 0x0, 0x0, 0x0, 0x0, 0x0, 0x0,
    0xbf, 0xff, 0xff, 0xf3, 0xff, 0xf8, 0x0, 0x0,
    0x0, 0x0, 0x0, 0x0, 0xb, 0xff, 0xff, 0xff,
    0x4f, 0xff, 0x80, 0x0, 0x0, 0x0, 0x0, 0x0,
    0x0, 0xbf, 0xff, 0xff, 0xf4, 0xff, 0xfd, 0x77,
    0x77, 0x77, 0x77, 0x77, 0x77, 0x7e, 0xff, 0xff,
    0xff, 0x4f, 0xff, 0xff, 0xff, 0xff, 0xff, 0xff,
    0xff, 0xff, 0xff, 0xff, 0xff, 0xf4, 0xff, 0xff,
    0xff, 0xff, 0xff, 0xff, 0xff, 0xff, 0xff, 0xff,
    0xff, 0xff, 0x4f, 0xff, 0xff, 0xff, 0xff, 0xff,
    0xff, 0xff, 0xff, 0xff, 0xff, 0xff, 0xf4, 0xff,
    0xff, 0xff, 0xff, 0xff, 0x82, 0x15, 0xef, 0xff,
    0xff, 0xff, 0xff, 0x4f, 0xff, 0xff, 0xff, 0xff,
    0x70, 0x0, 0x3, 0xff, 0xff, 0xff, 0xff, 0xf4,
    0xff, 0xff, 0xff, 0xff, 0xf0, 0x0, 0x0, 0xb,
    0xff, 0xff, 0xff, 0xff, 0x4f, 0xff, 0xff, 0xff,
    0xfc, 0x0, 0x0, 0x0, 0x8f, 0xff, 0xff, 0xff,
    0xf4, 0xff, 0xff, 0xff, 0xff, 0xe0, 0x0, 0x0,
    0x9, 0xff, 0xff, 0xff, 0xff, 0x4f, 0xff, 0xff,
    0xff, 0xff, 0x30, 0x0, 0x0, 0xef, 0xff, 0xff,
    0xff, 0xf4, 0xff, 0xff, 0xff, 0xff, 0xfd, 0x10,
    0x0, 0x9f, 0xff, 0xff, 0xff, 0xff, 0x4f, 0xff,
    0xff, 0xff, 0xff, 0xfe, 0xa9, 0xdf, 0xff, 0xff,
    0xff, 0xff, 0xf4, 0xff, 0xff, 0xff, 0xff, 0xff,
    0xff, 0xff, 0xff, 0xff, 0xff, 0xff, 0xff, 0x3a,
    0xff, 0xff, 0xff, 0xff, 0xff, 0xff, 0xff, 0xff,
    0xff, 0xff, 0xff, 0xe0, 0x1a, 0xef, 0xff, 0xff,
    0xff, 0xff, 0xff, 0xff, 0xff, 0xff, 0xff, 0xc3,
    0x0,

    /* U+F0C9 "" */
    0x0, 0x0, 0x0, 0x0, 0x0, 0x0, 0x0, 0x0,
    0x0, 0x0, 0x0, 0x0, 0xd, 0xff, 0xff, 0xff,
    0xff, 0xff, 0xff, 0xff, 0xff, 0xff, 0xff, 0xff,
    0xf5, 0xff, 0xff, 0xff, 0xff, 0xff, 0xff, 0xff,
    0xff, 0xff, 0xff, 0xff, 0xff, 0x8f, 0xff, 0xff,
    0xff, 0xff, 0xff, 0xff, 0xff, 0xff, 0xff, 0xff,
    0xff, 0xf8, 0xae, 0xee, 0xee, 0xee, 0xee, 0xee,
    0xee, 0xee, 0xee, 0xee, 0xee, 0xed, 0x40, 0x0,
    0x0, 0x0, 0x0, 0x0, 0x0, 0x0, 0x0, 0x0,
    0x0, 0x0, 0x0, 0x0, 0x0, 0x0, 0x0, 0x0,
    0x0, 0x0, 0x0, 0x0, 0x0, 0x0, 0x0, 0x0,
    0x0, 0x0, 0x0, 0x0, 0x0, 0x0, 0x0, 0x0,
    0x0, 0x0, 0x0, 0x0, 0x0, 0x0, 0x0, 0x0,
    0x0, 0x0, 0x0, 0x0, 0x0, 0x0, 0x0, 0x0,
    0x7, 0xbb, 0xbb, 0xbb, 0xbb, 0xbb, 0xbb, 0xbb,
    0xbb, 0xbb, 0xbb, 0xbb, 0xa2, 0xff, 0xff, 0xff,
    0xff, 0xff, 0xff, 0xff, 0xff, 0xff, 0xff, 0xff,
    0xff, 0x7f, 0xff, 0xff, 0xff, 0xff, 0xff, 0xff,
    0xff, 0xff, 0xff, 0xff, 0xff, 0xf8, 0xef, 0xff,
    0xff, 0xff, 0xff, 0xff, 0xff, 0xff, 0xff, 0xff,
    0xff, 0xff, 0x61, 0x44, 0x44, 0x44, 0x44, 0x44,
    0x44, 0x44, 0x44, 0x44, 0x44, 0x44, 0x30, 0x0,
    0x0, 0x0, 0x0, 0x0, 0x0, 0x0, 0x0, 0x0,
    0x0, 0x0, 0x0, 0x0, 0x0, 0x0, 0x0, 0x0,
    0x0, 0x0, 0x0, 0x0, 0x0, 0x0, 0x0, 0x0,
    0x0, 0x0, 0x0, 0x0, 0x0, 0x0, 0x0, 0x0,
    0x0, 0x0, 0x0, 0x0, 0x0, 0x0, 0x0, 0x0,
    0x0, 0x0, 0x0, 0x0, 0x0, 0x0, 0x0, 0x0,
    0x0, 0xae, 0xee, 0xee, 0xee, 0xee, 0xee, 0xee,
    0xee, 0xee, 0xee, 0xee, 0xed, 0x4f, 0xff, 0xff,
    0xff, 0xff, 0xff, 0xff, 0xff, 0xff, 0xff, 0xff,
    0xff, 0xf8, 0xff, 0xff, 0xff, 0xff, 0xff, 0xff,
    0xff, 0xff, 0xff, 0xff, 0xff, 0xff, 0x8d, 0xff,
    0xff, 0xff, 0xff, 0xff, 0xff, 0xff, 0xff, 0xff,
    0xff, 0xff, 0xf5, 0x0, 0x0, 0x0, 0x0, 0x0,
    0x0, 0x0, 0x0, 0x0, 0x0, 0x0, 0x0, 0x0,

    /* U+F0E0 "" */
    0x1b, 0xff, 0xff, 0xff, 0xff, 0xff, 0xff, 0xff,
    0xff, 0xff, 0xff, 0xff, 0xff, 0xb1, 0xbf, 0xff,
    0xff, 0xff, 0xff, 0xff, 0xff, 0xff, 0xff, 0xff,
    0xff, 0xff, 0xff, 0xfb, 0xff, 0xff, 0xff, 0xff,
    0xff, 0xff, 0xff, 0xff, 0xff, 0xff, 0xff, 0xff,
    0xff, 0xff, 0xff, 0xff, 0xff, 0xff, 0xff, 0xff,
    0xff, 0xff, 0xff, 0xff, 0xff, 0xff, 0xff, 0xff,
    0xaf, 0xff, 0xff, 0xff, 0xff, 0xff, 0xff, 0xff,
    0xff, 0xff, 0xff, 0xff, 0xff, 0xfa, 0x7, 0xff,
    0xff, 0xff, 0xff, 0xff, 0xff, 0xff, 0xff, 0xff,
    0xff, 0xff, 0xff, 0x70, 0x0, 0x3e, 0xff, 0xff,
    0xff, 0xff, 0xff, 0xff, 0xff, 0xff, 0xff, 0xff,
    0xe3, 0x0, 0xe5, 0x1, 0xbf, 0xff, 0xff, 0xff,
    0xff, 0xff, 0xff, 0xff, 0xff, 0xfb, 0x10, 0x5e,
    0xff, 0x90, 0x7, 0xff, 0xff, 0xff, 0xff, 0xff,
    0xff, 0xff, 0xff, 0x70, 0x9, 0xff, 0xff, 0xfd,
    0x20, 0x3d, 0xff, 0xff, 0xff, 0xff, 0xff, 0xff,
    0xd3, 0x2, 0xdf, 0xff, 0xff, 0xff, 0xf6, 0x0,
    0xaf, 0xff, 0xff, 0xff, 0xff, 0xfa, 0x0, 0x6f,
    0xff, 0xff, 0xff, 0xff, 0xff, 0xa1, 0x6, 0xff,
    0xff, 0xff, 0xff, 0x60, 0xa, 0xff, 0xff, 0xff,
    0xff, 0xff, 0xff, 0xfe, 0x30, 0x2d, 0xff, 0xff,
    0xd2, 0x3, 0xdf, 0xff, 0xff, 0xff, 0xff, 0xff,
    0xff, 0xff, 0xf6, 0x0, 0x7e, 0xe7, 0x0, 0x7f,
    0xff, 0xff, 0xff, 0xff, 0xff, 0xff, 0xff, 0xff,
    0xff, 0xb1, 0x0, 0x0, 0x1b, 0xff, 0xff, 0xff,
    0xff, 0xff, 0xff, 0xff, 0xff, 0xff, 0xff, 0xff,
    0x95, 0x59, 0xff, 0xff, 0xff, 0xff, 0xff, 0xff,
    0xff, 0xff, 0xff, 0xff, 0xff, 0xff, 0xff, 0xff,
    0xff, 0xff, 0xff, 0xff, 0xff, 0xff, 0xff, 0xff,
    0xff, 0xff, 0xff, 0xff, 0xff, 0xff, 0xff, 0xff,
    0xff, 0xff, 0xff, 0xff, 0xff, 0xff, 0xff, 0xff,
    0xff, 0xff, 0xff, 0xff, 0xff, 0xff, 0xff, 0xff,
    0xff, 0xff, 0xbf, 0xff, 0xff, 0xff, 0xff, 0xff,
    0xff, 0xff, 0xff, 0xff, 0xff, 0xff, 0xff, 0xfb,
    0x1b, 0xff, 0xff, 0xff, 0xff, 0xff, 0xff, 0xff,
    0xff, 0xff, 0xff, 0xff, 0xff, 0xb1,

    /* U+F0E7 "" */
    0x0, 0x8, 0xbb, 0xbb, 0xbb, 0xbb, 0x80, 0x0,
    0x0, 0x0, 0x3, 0xff, 0xff, 0xff, 0xff, 0xff,
    0x20, 0x0, 0x0, 0x0, 0x6f, 0xff, 0xff, 0xff,
    0xff, 0xf0, 0x0, 0x0, 0x0, 0x8, 0xff, 0xff,
    0xff, 0xff, 0xfb, 0x0, 0x0, 0x0, 0x0, 0xaf,
    0xff, 0xff, 0xff, 0xff, 0x50, 0x0, 0x0, 0x0,
    0xc, 0xff, 0xff, 0xff, 0xff, 0xf1, 0x0, 0x0,
    0x0, 0x0, 0xef, 0xff, 0xff, 0xff, 0xfb, 0x0,
    0x0, 0x0, 0x0, 0xf, 0xff, 0xff, 0xff, 0xff,
    0x60, 0x0, 0x0, 0x0, 0x3, 0xff, 0xff, 0xff,
    0xff, 0xf1, 0x0, 0x0, 0x0, 0x0, 0x5f, 0xff,
    0xff, 0xff, 0xff, 0xff, 0xff, 0xff, 0xd2, 0x7,
    0xff, 0xff, 0xff, 0xff, 0xff, 0xff, 0xff, 0xff,
    0x70, 0x9f, 0xff, 0xff, 0xff, 0xff, 0xff, 0xff,
    0xff, 0xf1, 0xb, 0xff, 0xff, 0xff, 0xff, 0xff,
    0xff, 0xff, 0xf7, 0x0, 0xdf, 0xff, 0xff, 0xff,
    0xff, 0xff, 0xff, 0xfd, 0x0, 0xf, 0xff, 0xff,
    0xff, 0xff, 0xff, 0xff, 0xff, 0x50, 0x0, 0xaf,
    0xff, 0xff, 0xff, 0xff, 0xff, 0xff, 0xb0, 0x0,
    0x0, 0x0, 0x0, 0x0, 0x5f, 0xff, 0xff, 0xf2,
    0x0, 0x0, 0x0, 0x0, 0x0, 0x8, 0xff, 0xff,
    0xf9, 0x0, 0x0, 0x0, 0x0, 0x0, 0x0, 0xcf,
    0xff, 0xfe, 0x10, 0x0, 0x0, 0x0, 0x0, 0x0,
    0xf, 0xff, 0xff, 0x60, 0x0, 0x0, 0x0, 0x0,
    0x0, 0x3, 0xff, 0xff, 0xd0, 0x0, 0x0, 0x0,
    0x0, 0x0, 0x0, 0x7f, 0xff, 0xf4, 0x0, 0x0,
    0x0, 0x0, 0x0, 0x0, 0xb, 0xff, 0xfb, 0x0,
    0x0, 0x0, 0x0, 0x0, 0x0, 0x0, 0xef, 0xff,
    0x20, 0x0, 0x0, 0x0, 0x0, 0x0, 0x0, 0x2f,
    0xff, 0x80, 0x0, 0x0, 0x0, 0x0, 0x0, 0x0,
    0x6, 0xff, 0xe0, 0x0, 0x0, 0x0, 0x0, 0x0,
    0x0, 0x0, 0xaf, 0xf6, 0x0, 0x0, 0x0, 0x0,
    0x0, 0x0, 0x0, 0x9, 0xfc, 0x0, 0x0, 0x0,
    0x0, 0x0, 0x0, 0x0, 0x0, 0x3, 0x0, 0x0,
    0x0, 0x0, 0x0, 0x0,

    /* U+F0EA "" */
    0x0, 0x0, 0x0, 0x1, 0x43, 0x0, 0x0, 0x0,
    0x0, 0x0, 0x0, 0x0, 0x0, 0x0, 0x0, 0x7,
    0xff, 0xfe, 0x30, 0x0, 0x0, 0x0, 0x0, 0x0,
    0x0, 0x49, 0x99, 0x99, 0xff, 0xef, 0xfe, 0x99,
    0x99, 0x81, 0x0, 0x0, 0x0, 0xf, 0xff, 0xff,
    0xff, 0xa0, 0x1e, 0xff, 0xff, 0xff, 0x90, 0x0,
    0x0, 0x0, 0xff, 0xff, 0xff, 0xfa, 0x1, 0xef,
    0xff, 0xff, 0xfa, 0x0, 0x0, 0x0, 0xf, 0xff,
    0xff, 0xff, 0xff, 0xff, 0xff, 0xff, 0xff, 0xa0,
    0x0, 0x0, 0x0, 0xff, 0xff, 0xff, 0xff, 0xff,
    0xff, 0xff, 0xff, 0xfa, 0x0, 0x0, 0x0, 0xf,
    0xff, 0xff, 0xff, 0xfc, 0x64, 0x44, 0x44, 0x44,
    0x30, 0x0, 0x0, 0x0, 0xff, 0xff, 0xff, 0xfb,
    0x0, 0x0, 0x0, 0x0, 0x0, 0x0, 0x0, 0x0,
    0xf, 0xff, 0xff, 0xff, 0x20, 0xaf, 0xff, 0xff,
    0xff, 0xa0, 0xd6, 0x0, 0x0, 0xff, 0xff, 0xff,
    0xf0, 0x1f, 0xff, 0xff, 0xff, 0xfa, 0xe, 0xf6,
    0x0, 0xf, 0xff, 0xff, 0xff, 0x1, 0xff, 0xff,
    0xff, 0xff, 0xa0, 0xef, 0xf6, 0x0, 0xff, 0xff,
    0xff, 0xf0, 0x1f, 0xff, 0xff, 0xff, 0xfa, 0xe,
    0xff, 0xf6, 0xf, 0xff, 0xff, 0xff, 0x1, 0xff,
    0xff, 0xff, 0xff, 0xa0, 0xef, 0xff, 0xf3, 0xff,
    0xff, 0xff, 0xf0, 0x1f, 0xff, 0xff, 0xff, 0xfa,
    0x4, 0x44, 0x44, 0x1f, 0xff, 0xff, 0xff, 0x1,
    0xff, 0xff, 0xff, 0xff, 0xe1, 0x0, 0x0, 0x0,
    0xff, 0xff, 0xff, 0xf0, 0x1f, 0xff, 0xff, 0xff,
    0xff, 0xff, 0xff, 0xff, 0x5f, 0xff, 0xff, 0xff,
    0x1, 0xff, 0xff, 0xff, 0xff, 0xff, 0xff, 0xff,
    0xf5, 0xff, 0xff, 0xff, 0xf0, 0x1f, 0xff, 0xff,
    0xff, 0xff, 0xff, 0xff, 0xff, 0x5f, 0xff, 0xff,
    0xff, 0x1, 0xff, 0xff, 0xff, 0xff, 0xff, 0xff,
    0xff, 0xf5, 0xff, 0xff, 0xff, 0xf0, 0x1f, 0xff,
    0xff, 0xff, 0xff, 0xff, 0xff, 0xff, 0x5f, 0xff,
    0xff, 0xff, 0x1, 0xff, 0xff, 0xff, 0xff, 0xff,
    0xff, 0xff, 0xf5, 0xaf, 0xff, 0xff, 0xf0, 0x1f,
    0xff, 0xff, 0xff, 0xff, 0xff, 0xff, 0xff, 0x50,
    0x0, 0x0, 0x0, 0x1, 0xff, 0xff, 0xff, 0xff,
    0xff, 0xff, 0xff, 0xf5, 0x0, 0x0, 0x0, 0x0,
    0x1f, 0xff, 0xff, 0xff, 0xff, 0xff, 0xff, 0xff,
    0x50, 0x0, 0x0, 0x0, 0x1, 0xff, 0xff, 0xff,
    0xff, 0xff, 0xff, 0xff, 0xf5, 0x0, 0x0, 0x0,
    0x0, 0x1f, 0xff, 0xff, 0xff, 0xff, 0xff, 0xff,
    0xff, 0x50, 0x0, 0x0, 0x0, 0x0, 0xef, 0xff,
    0xff, 0xff, 0xff, 0xff, 0xff, 0xf2, 0x0, 0x0,
    0x0, 0x0, 0x1, 0x44, 0x44, 0x44, 0x44, 0x44,
    0x44, 0x42, 0x0,

    /* U+F0F3 "" */
    0x0, 0x0, 0x0, 0x0, 0x0, 0x7, 0xa2, 0x0,
    0x0, 0x0, 0x0, 0x0, 0x0, 0x0, 0x0, 0x0,
    0x0, 0x5, 0xff, 0xd0, 0x0, 0x0, 0x0, 0x0,
    0x0, 0x0, 0x0, 0x0, 0x0, 0x0, 0x7f, 0xff,
    0x0, 0x0, 0x0, 0x0, 0x0, 0x0, 0x0, 0x0,
    0x0, 0x2, 0x8d, 0xff, 0xfa, 0x50, 0x0, 0x0,
    0x0, 0x0, 0x0, 0x0, 0x0, 0x9, 0xff, 0xff,
    0xff, 0xff, 0xd4, 0x0, 0x0, 0x0, 0x0, 0x0,
    0x0, 0x1c, 0xff, 0xff, 0xff, 0xff, 0xff, 0xf5,
    0x0, 0x0, 0x0, 0x0, 0x0, 0xc, 0xff, 0xff,
    0xff, 0xff, 0xff, 0xff, 0xf4, 0x0, 0x0, 0x0,
    0x0, 0x6, 0xff, 0xff, 0xff, 0xff, 0xff, 0xff,
    0xff, 0xd0, 0x0, 0x0, 0x0, 0x0, 0xef, 0xff,
    0xff, 0xff, 0xff, 0xff, 0xff, 0xff, 0x50, 0x0,
    0x0, 0x0, 0x3f, 0xff, 0xff, 0xff, 0xff, 0xff,
    0xff, 0xff, 0xfb, 0x0, 0x0, 0x0, 0x6, 0xff,
    0xff, 0xff, 0xff, 0xff, 0xff, 0xff, 0xff, 0xd0,
    0x0, 0x0, 0x0, 0x7f, 0xff, 0xff, 0xff, 0xff,
    0xff, 0xff, 0xff, 0xff, 0x0, 0x0, 0x0, 0x8,
    0xff, 0xff, 0xff, 0xff, 0xff, 0xff, 0xff, 0xff,
    0xf0, 0x0, 0x0, 0x0, 0x9f, 0xff, 0xff, 0xff,
    0xff, 0xff, 0xff, 0xff, 0xff, 0x10, 0x0, 0x0,
    0xc, 0xff, 0xff, 0xff, 0xff, 0xff, 0xff, 0xff,
    0xff, 0xf4, 0x0, 0x0, 0x0, 0xff, 0xff, 0xff,
    0xff, 0xff, 0xff, 0xff, 0xff, 0xff, 0x70, 0x0,
    0x0, 0x3f, 0xff, 0xff, 0xff, 0xff, 0xff, 0xff,
    0xff, 0xff, 0xfb, 0x0, 0x0, 0x9, 0xff, 0xff,
    0xff, 0xff, 0xff, 0xff, 0xff, 0xff, 0xff, 0xf1,
    0x0, 0x3, 0xff, 0xff, 0xff, 0xff, 0xff, 0xff,
    0xff, 0xff, 0xff, 0xff, 0xa0, 0x1, 0xef, 0xff,
    0xff, 0xff, 0xff, 0xff, 0xff, 0xff, 0xff, 0xff,
    0xff, 0x70, 0xbf, 0xff, 0xff, 0xff, 0xff, 0xff,
    0xff, 0xff, 0xff, 0xff, 0xff, 0xff, 0x3e, 0xff,
    0xff, 0xff, 0xff, 0xff, 0xff, 0xff, 0xff, 0xff,
    0xff, 0xff, 0xf7, 0x6f, 0xff, 0xff, 0xff, 0xff,
    0xff, 0xff, 0xff, 0xff, 0xff, 0xff, 0xfd, 0x10,
    0x0, 0x0, 0x0, 0x0, 0x0, 0x0, 0x0, 0x0,
    0x0, 0x0, 0x0, 0x0, 0x0, 0x0, 0x0, 0x0,
    0x0, 0x0, 0x0, 0x0, 0x0, 0x0, 0x0, 0x0,
    0x0, 0x0, 0x0, 0x0, 0x3, 0xff, 0xff, 0xff,
    0xb0, 0x0, 0x0, 0x0, 0x0, 0x0, 0x0, 0x0,
    0x0, 0xe, 0xff, 0xff, 0xf6, 0x0, 0x0, 0x0,
    0x0, 0x0, 0x0, 0x0, 0x0, 0x0, 0x3e, 0xff,
    0xf9, 0x0, 0x0, 0x0, 0x0, 0x0, 0x0, 0x0,
    0x0, 0x0, 0x0, 0x15, 0x73, 0x0, 0x0, 0x0,
    0x0, 0x0, 0x0,

    /* U+F11C "" */
    0x1b, 0xff, 0xff, 0xff, 0xff, 0xff, 0xff, 0xff,
    0xff, 0xff, 0xff, 0xff, 0xff, 0xff, 0xfe, 0x50,
    0xbf, 0xff, 0xff, 0xff, 0xff, 0xff, 0xff, 0xff,
    0xff, 0xff, 0xff, 0xff, 0xff, 0xff, 0xff, 0xf3,
    0xff, 0xff, 0xff, 0xff, 0xff, 0xff, 0xff, 0xff,
    0xff, 0xff, 0xff, 0xff, 0xff, 0xff, 0xff, 0xf7,
    0xff, 0xfd, 0x88, 0x9f, 0xf8, 0x88, 0xff, 0x98,
    0x8e, 0xfa, 0x88, 0xbf, 0xd8, 0x89, 0xff, 0xf8,
    0xff, 0xf8, 0x0, 0xf, 0xc0, 0x0, 0xcf, 0x0,
    0xa, 0xf1, 0x0, 0x4f, 0x70, 0x0, 0xff, 0xf8,
    0xff, 0xf8, 0x0, 0xf, 0xc0, 0x0, 0xcf, 0x0,
    0xa, 0xf1, 0x0, 0x4f, 0x70, 0x0, 0xff, 0xf8,
    0xff, 0xf9, 0x0, 0x1f, 0xd0, 0x0, 0xdf, 0x10,
    0xc, 0xf3, 0x0, 0x6f, 0x90, 0x1, 0xff, 0xf8,
    0xff, 0xff, 0xff, 0xff, 0xff, 0xff, 0xff, 0xff,
    0xff, 0xff, 0xff, 0xff, 0xff, 0xff, 0xff, 0xf8,
    0xff, 0xff, 0xff, 0xdc, 0xce, 0xfe, 0xcc, 0xdf,
    0xfc, 0xcd, 0xff, 0xcc, 0xcf, 0xff, 0xff, 0xf8,
    0xff, 0xff, 0xff, 0x20, 0x6, 0xf6, 0x0, 0x3f,
    0x80, 0x0, 0xfd, 0x0, 0xa, 0xff, 0xff, 0xf8,
    0xff, 0xff, 0xff, 0x20, 0x6, 0xf6, 0x0, 0x2f,
    0x80, 0x0, 0xed, 0x0, 0xa, 0xff, 0xff, 0xf8,
    0xff, 0xff, 0xff, 0x20, 0x6, 0xf6, 0x0, 0x3f,
    0x80, 0x0, 0xfd, 0x0, 0xa, 0xff, 0xff, 0xf8,
    0xff, 0xff, 0xff, 0xdc, 0xce, 0xfe, 0xcc, 0xdf,
    0xfc, 0xcd, 0xff, 0xcc, 0xcf, 0xff, 0xff, 0xf8,
    0xff, 0xff, 0xff, 0xff, 0xff, 0xff, 0xff, 0xff,
    0xff, 0xff, 0xff, 0xff, 0xff, 0xff, 0xff, 0xf8,
    0xff, 0xf9, 0x0, 0x1f, 0xd0, 0x0, 0x0, 0x0,
    0x0, 0x0, 0x0, 0x6f, 0x90, 0x1, 0xff, 0xf8,
    0xff, 0xf8, 0x0, 0xf, 0xc0, 0x0, 0x0, 0x0,
    0x0, 0x0, 0x0, 0x4f, 0x70, 0x0, 0xff, 0xf8,
    0xff, 0xf8, 0x0, 0xf, 0xc0, 0x0, 0x0, 0x0,
    0x0, 0x0, 0x0, 0x4f, 0x70, 0x0, 0xff, 0xf8,
    0xff, 0xfd, 0x88, 0x9f, 0xf8, 0x88, 0x88, 0x88,
    0x88, 0x88, 0x88, 0xbf, 0xd8, 0x89, 0xff, 0xf8,
    0xff, 0xff, 0xff, 0xff, 0xff, 0xff, 0xff, 0xff,
    0xff, 0xff, 0xff, 0xff, 0xff, 0xff, 0xff, 0xf7,
    0xbf, 0xff, 0xff, 0xff, 0xff, 0xff, 0xff, 0xff,
    0xff, 0xff, 0xff, 0xff, 0xff, 0xff, 0xff, 0xf3,
    0x1b, 0xff, 0xff, 0xff, 0xff, 0xff, 0xff, 0xff,
    0xff, 0xff, 0xff, 0xff, 0xff, 0xff, 0xfe, 0x50,

    /* U+F124 "" */
    0x0, 0x0, 0x0, 0x0, 0x0, 0x0, 0x0, 0x0,
    0x0, 0x0, 0x0, 0x0, 0x5, 0x72, 0x0, 0x0,
    0x0, 0x0, 0x0, 0x0, 0x0, 0x0, 0x0, 0x0,
    0x0, 0x0, 0x6, 0xef, 0xff, 0x40, 0x0, 0x0,
    0x0, 0x0, 0x0, 0x0, 0x0, 0x0, 0x0, 0x0,
    0x18, 0xef, 0xff, 0xff, 0xd0, 0x0, 0x0, 0x0,
    0x0, 0x0, 0x0, 0x0, 0x0, 0x0, 0x29, 0xff,
    0xff, 0xff, 0xff, 0xe0, 0x0, 0x0, 0x0, 0x0,
    0x0, 0x0, 0x0, 0x0, 0x3a, 0xff, 0xff, 0xff,
    0xff, 0xff, 0x90, 0x0, 0x0, 0x0, 0x0, 0x0,
    0x0, 0x0, 0x4c, 0xff, 0xff, 0xff, 0xff, 0xff,
    0xff, 0x20, 0x0, 0x0, 0x0, 0x0, 0x0, 0x0,
    0x6d, 0xff, 0xff, 0xff, 0xff, 0xff, 0xff, 0xfb,
    0x0, 0x0, 0x0, 0x0, 0x0, 0x1, 0x7e, 0xff,
    0xff, 0xff, 0xff, 0xff, 0xff, 0xff, 0xf3, 0x0,
    0x0, 0x0, 0x0, 0x1, 0x8f, 0xff, 0xff, 0xff,
    0xff, 0xff, 0xff, 0xff, 0xff, 0xc0, 0x0, 0x0,
    0x0, 0x2, 0xaf, 0xff, 0xff, 0xff, 0xff, 0xff,
    0xff, 0xff, 0xff, 0xff, 0x50, 0x0, 0x0, 0x4,
    0xbf, 0xff, 0xff, 0xff, 0xff, 0xff, 0xff, 0xff,
    0xff, 0xff, 0xfd, 0x0, 0x0, 0x1, 0xbf, 0xff,
    0xff, 0xff, 0xff, 0xff, 0xff, 0xff, 0xff, 0xff,
    0xff, 0xf6, 0x0, 0x0, 0xb, 0xff, 0xff, 0xff,
    0xff, 0xff, 0xff, 0xff, 0xff, 0xff, 0xff, 0xff,
    0xe0, 0x0, 0x0, 0xf, 0xff, 0xff, 0xff, 0xff,
    0xff, 0xff, 0xff, 0xff, 0xff, 0xff, 0xff, 0x70,
    0x0, 0x0, 0xd, 0xff, 0xff, 0xff, 0xff, 0xff,
    0xff, 0xff, 0xff, 0xff, 0xff, 0xff, 0x10, 0x0,
    0x0, 0x4, 0xff, 0xff, 0xff, 0xff, 0xff, 0xff,
    0xff, 0xff, 0xff, 0xff, 0xf9, 0x0, 0x0, 0x0,
    0x0, 0x3, 0x44, 0x44, 0x44, 0x44, 0x4d, 0xff,
    0xff, 0xff, 0xff, 0xf2, 0x0, 0x0, 0x0, 0x0,
    0x0, 0x0, 0x0, 0x0, 0x0, 0xc, 0xff, 0xff,
    0xff, 0xff, 0xa0, 0x0, 0x0, 0x0, 0x0, 0x0,
    0x0, 0x0, 0x0, 0x0, 0xc, 0xff, 0xff, 0xff,
    0xff, 0x30, 0x0, 0x0, 0x0, 0x0, 0x0, 0x0,
    0x0, 0x0, 0x0, 0xc, 0xff, 0xff, 0xff, 0xfb,
    0x0, 0x0, 0x0, 0x0, 0x0, 0x0, 0x0, 0x0,
    0x0, 0x0, 0xc, 0xff, 0xff, 0xff, 0xf4, 0x0,
    0x0, 0x0, 0x0, 0x0, 0x0, 0x0, 0x0, 0x0,
    0x0, 0xc, 0xff, 0xff, 0xff, 0xd0, 0x0, 0x0,
    0x0, 0x0, 0x0, 0x0, 0x0, 0x0, 0x0, 0x0,
    0xc, 0xff, 0xff, 0xff, 0x50, 0x0, 0x0, 0x0,
    0x0, 0x0, 0x0, 0x0, 0x0, 0x0, 0x0, 0xc,
    0xff, 0xff, 0xfe, 0x0, 0x0, 0x0, 0x0, 0x0,
    0x0, 0x0, 0x0, 0x0, 0x0, 0x0, 0xc, 0xff,
    0xff, 0xf7, 0x0, 0x0, 0x0, 0x0, 0x0, 0x0,
    0x0, 0x0, 0x0, 0x0, 0x0, 0xb, 0xff, 0xff,
    0xf0, 0x0, 0x0, 0x0, 0x0, 0x0, 0x0, 0x0,
    0x0, 0x0, 0x0, 0x0, 0xa, 0xff, 0xff, 0x80,
    0x0, 0x0, 0x0, 0x0, 0x0, 0x0, 0x0, 0x0,
    0x0, 0x0, 0x0, 0x2, 0xff, 0xfd, 0x0, 0x0,
    0x0, 0x0, 0x0, 0x0, 0x0, 0x0, 0x0, 0x0,
    0x0, 0x0, 0x0, 0x17, 0x60, 0x0, 0x0, 0x0,
    0x0, 0x0, 0x0,

    /* U+F15B "" */
    0x14, 0x44, 0x44, 0x44, 0x44, 0x44, 0x10, 0x30,
    0x0, 0x0, 0xd, 0xff, 0xff, 0xff, 0xff, 0xff,
    0xf4, 0xf, 0xa0, 0x0, 0x0, 0xff, 0xff, 0xff,
    0xff, 0xff, 0xff, 0x40, 0xff, 0xa0, 0x0, 0xf,
    0xff, 0xff, 0xff, 0xff, 0xff, 0xf4, 0xf, 0xff,
    0xa0, 0x0, 0xff, 0xff, 0xff, 0xff, 0xff, 0xff,
    0x40, 0xff, 0xff, 0xa0, 0xf, 0xff, 0xff, 0xff,
    0xff, 0xff, 0xf4, 0xf, 0xff, 0xff, 0xa0, 0xff,
    0xff, 0xff, 0xff, 0xff, 0xff, 0x40, 0xff, 0xff,
    0xff, 0x9f, 0xff, 0xff, 0xff, 0xff, 0xff, 0xf4,
    0xb, 0xbb, 0xbb, 0xbb, 0xff, 0xff, 0xff, 0xff,
    0xff, 0xff, 0x80, 0x0, 0x0, 0x0, 0xf, 0xff,
    0xff, 0xff, 0xff, 0xff, 0xff, 0xff, 0xff, 0xff,
    0xff, 0xff, 0xff, 0xff, 0xff, 0xff, 0xff, 0xff,
    0xff, 0xff, 0xff, 0xff, 0xff, 0xff, 0xff, 0xff,
    0xff, 0xff, 0xff, 0xff, 0xff, 0xff, 0xff, 0xff,
    0xff, 0xff, 0xff, 0xff, 0xff, 0xff, 0xff, 0xff,
    0xff, 0xff, 0xff, 0xff, 0xff, 0xff, 0xff, 0xff,
    0xff, 0xff, 0xff, 0xff, 0xff, 0xff, 0xff, 0xff,
    0xff, 0xff, 0xff, 0xff, 0xff, 0xff, 0xff, 0xff,
    0xff, 0xff, 0xff, 0xff, 0xff, 0xff, 0xff, 0xff,
    0xff, 0xff, 0xff, 0xff, 0xff, 0xff, 0xff, 0xff,
    0xff, 0xff, 0xff, 0xff, 0xff, 0xff, 0xff, 0xff,
    0xff, 0xff, 0xff, 0xff, 0xff, 0xff, 0xff, 0xff,
    0xff, 0xff, 0xff, 0xff, 0xff, 0xff, 0xff, 0xff,
    0xff, 0xff, 0xff, 0xff, 0xff, 0xff, 0xff, 0xff,
    0xff, 0xff, 0xff, 0xff, 0xff, 0xff, 0xff, 0xff,
    0xff, 0xff, 0xff, 0xff, 0xff, 0xff, 0xff, 0xff,
    0xff, 0xff, 0xff, 0xff, 0xff, 0xff, 0xff, 0xff,
    0xff, 0xff, 0xff, 0xff, 0xff, 0xff, 0xff, 0xff,
    0xff, 0xff, 0xff, 0xff, 0xff, 0xff, 0xff, 0xff,
    0xff, 0xff, 0xff, 0xff, 0xff, 0xff, 0xff, 0xff,
    0xff, 0xff, 0xff, 0xff, 0xff, 0xff, 0xff, 0xff,
    0xff, 0xff, 0xff, 0xff, 0xff, 0xff, 0xff, 0xff,
    0xff, 0xff, 0xff, 0xff, 0xff, 0xff, 0xff, 0xff,
    0xff, 0xff, 0xff, 0xfd, 0xff, 0xff, 0xff, 0xff,
    0xff, 0xff, 0xff, 0xff, 0xff, 0xfd, 0x14, 0x44,
    0x44, 0x44, 0x44, 0x44, 0x44, 0x44, 0x44, 0x44,
    0x10,

    /* U+F1EB "" */
    0x0, 0x0, 0x0, 0x0, 0x0, 0x0, 0x0, 0x0,
    0x0, 0x0, 0x0, 0x0, 0x0, 0x0, 0x0, 0x0,
    0x0, 0x0, 0x0, 0x0, 0x0, 0x0, 0x0, 0x3,
    0x69, 0xab, 0xcb, 0xa9, 0x63, 0x0, 0x0, 0x0,
    0x0, 0x0, 0x0, 0x0, 0x0, 0x0, 0x0, 0x27,
    0xcf, 0xff, 0xff, 0xff, 0xff, 0xff, 0xff, 0xc7,
    0x20, 0x0, 0x0, 0x0, 0x0, 0x0, 0x0, 0x3,
    0xbf, 0xff, 0xff, 0xff, 0xff, 0xff, 0xff, 0xff,
    0xff, 0xff, 0xb3, 0x0, 0x0, 0x0, 0x0, 0x0,
    0x2c, 0xff, 0xff, 0xff, 0xff, 0xff, 0xff, 0xff,
    0xff, 0xff, 0xff, 0xff, 0xfc, 0x20, 0x0, 0x0,
    0x0, 0x8f, 0xff, 0xff, 0xff, 0xff, 0xfd, 0xba,
    0xaa, 0xbd, 0xff, 0xff, 0xff, 0xff, 0xff, 0x80,
    0x0, 0x1, 0xdf, 0xff, 0xff, 0xff, 0xc7, 0x30,
    0x0, 0x0, 0x0, 0x0, 0x37, 0xcf, 0xff, 0xff,
    0xff, 0xd1, 0x3, 0xef, 0xff, 0xff, 0xf9, 0x20,
    0x0, 0x0, 0x0, 0x0, 0x0, 0x0, 0x0, 0x29,
    0xff, 0xff, 0xff, 0xe3, 0xef, 0xff, 0xff, 0xb2,
    0x0, 0x0, 0x0, 0x0, 0x0, 0x0, 0x0, 0x0,
    0x0, 0x2, 0xbf, 0xff, 0xff, 0xe7, 0xff, 0xff,
    0x60, 0x0, 0x0, 0x0, 0x0, 0x0, 0x0, 0x0,
    0x0, 0x0, 0x0, 0x0, 0x6f, 0xff, 0xf7, 0x7,
    0xfe, 0x20, 0x0, 0x0, 0x0, 0x48, 0xbe, 0xff,
    0xfd, 0xb8, 0x40, 0x0, 0x0, 0x0, 0x2d, 0xf7,
    0x0, 0x4, 0x10, 0x0, 0x0, 0x18, 0xef, 0xff,
    0xff, 0xff, 0xff, 0xff, 0xe8, 0x10, 0x0, 0x0,
    0x14, 0x0, 0x0, 0x0, 0x0, 0x0, 0x6e, 0xff,
    0xff, 0xff, 0xff, 0xff, 0xff, 0xff, 0xfe, 0x60,
    0x0, 0x0, 0x0, 0x0, 0x0, 0x0, 0x1, 0xbf,
    0xff, 0xff, 0xff, 0xff, 0xff, 0xff, 0xff, 0xff,
    0xff, 0xb1, 0x0, 0x0, 0x0, 0x0, 0x0, 0x0,
    0xbf, 0xff, 0xff, 0xff, 0xc8, 0x76, 0x78, 0xcf,
    0xff, 0xff, 0xff, 0xc0, 0x0, 0x0, 0x0, 0x0,
    0x0, 0x8, 0xff, 0xff, 0xe7, 0x0, 0x0, 0x0,
    0x0, 0x7, 0xef, 0xff, 0xf8, 0x0, 0x0, 0x0,
    0x0, 0x0, 0x0, 0x9, 0xff, 0x90, 0x0, 0x0,
    0x0, 0x0, 0x0, 0x0, 0x9f, 0xf9, 0x0, 0x0,
    0x0, 0x0, 0x0, 0x0, 0x0, 0x6, 0x40, 0x0,
    0x0, 0x0, 0x0, 0x0, 0x0, 0x0, 0x47, 0x0,
    0x0, 0x0, 0x0, 0x0, 0x0, 0x0, 0x0, 0x0,
    0x0, 0x0, 0x0, 0x1, 0x0, 0x0, 0x0, 0x0,
    0x0, 0x0, 0x0, 0x0, 0x0, 0x0, 0x0, 0x0,
    0x0, 0x0, 0x0, 0x0, 0x7f, 0xff, 0x70, 0x0,
    0x0, 0x0, 0x0, 0x0, 0x0, 0x0, 0x0, 0x0,
    0x0, 0x0, 0x0, 0x0, 0x0, 0x7f, 0xff, 0xff,
    0x70, 0x0, 0x0, 0x0, 0x0, 0x0, 0x0, 0x0,
    0x0, 0x0, 0x0, 0x0, 0x0, 0x0, 0xe, 0xff,
    0xff, 0xfe, 0x0, 0x0, 0x0, 0x0, 0x0, 0x0,
    0x0, 0x0, 0x0, 0x0, 0x0, 0x0, 0x0, 0x0,
    0xff, 0xff, 0xff, 0xf0, 0x0, 0x0, 0x0, 0x0,
    0x0, 0x0, 0x0, 0x0, 0x0, 0x0, 0x0, 0x0,
    0x0, 0xc, 0xff, 0xff, 0xfc, 0x0, 0x0, 0x0,
    0x0, 0x0, 0x0, 0x0, 0x0, 0x0, 0x0, 0x0,
    0x0, 0x0, 0x0, 0x4f, 0xff, 0xff, 0x40, 0x0,
    0x0, 0x0, 0x0, 0x0, 0x0, 0x0, 0x0, 0x0,
    0x0, 0x0, 0x0, 0x0, 0x0, 0x3b, 0xdb, 0x30,
    0x0, 0x0, 0x0, 0x0, 0x0, 0x0, 0x0,

    /* U+F240 "" */
    0x2, 0x67, 0x77, 0x77, 0x77, 0x77, 0x77, 0x77,
    0x77, 0x77, 0x77, 0x77, 0x77, 0x77, 0x77, 0x74,
    0x0, 0x5, 0xff, 0xff, 0xff, 0xff, 0xff, 0xff,
    0xff, 0xff, 0xff, 0xff, 0xff, 0xff, 0xff, 0xff,
    0xff, 0xf9, 0x0, 0xdf, 0xff, 0xff, 0xff, 0xff,
    0xff, 0xff, 0xff, 0xff, 0xff, 0xff, 0xff, 0xff,
    0xff, 0xff, 0xff, 0xf1, 0xf, 0xff, 0xff, 0xff,
    0xff, 0xff, 0xff, 0xff, 0xff, 0xff, 0xff, 0xff,
    0xff, 0xff, 0xff, 0xff, 0xff, 0x30, 0xff, 0xf8,
    0x0, 0x0, 0x0, 0x0, 0x0, 0x0, 0x0, 0x0,
    0x0, 0x0, 0x0, 0x0, 0x4, 0xff, 0xff, 0x9f,
    0xff, 0x80, 0x0, 0x0, 0x0, 0x0, 0x0, 0x0,
    0x0, 0x0, 0x0, 0x0, 0x0, 0x0, 0x4f, 0xff,
    0xff, 0xff, 0xf8, 0xc, 0xff, 0xff, 0xff, 0xff,
    0xff, 0xff, 0xff, 0xff, 0xff, 0xff, 0xff, 0x4,
    0xff, 0xff, 0xff, 0xff, 0x80, 0xcf, 0xff, 0xff,
    0xff, 0xff, 0xff, 0xff, 0xff, 0xff, 0xff, 0xff,
    0xf0, 0x28, 0xcf, 0xff, 0xff, 0xf8, 0xc, 0xff,
    0xff, 0xff, 0xff, 0xff, 0xff, 0xff, 0xff, 0xff,
    0xff, 0xff, 0x0, 0x8, 0xff, 0xff, 0xff, 0x80,
    0xcf, 0xff, 0xff, 0xff, 0xff, 0xff, 0xff, 0xff,
    0xff, 0xff, 0xff, 0xf0, 0x0, 0x8f, 0xff, 0xff,
    0xf8, 0xc, 0xff, 0xff, 0xff, 0xff, 0xff, 0xff,
    0xff, 0xff, 0xff, 0xff, 0xff, 0x0, 0x8, 0xff,
    0xff, 0xff, 0x80, 0xcf, 0xff, 0xff, 0xff, 0xff,
    0xff, 0xff, 0xff, 0xff, 0xff, 0xff, 0xf0, 0x3f,
    0xff, 0xff, 0xff, 0xf8, 0xc, 0xff, 0xff, 0xff,
    0xff, 0xff, 0xff, 0xff, 0xff, 0xff, 0xff, 0xff,
    0x4, 0xff, 0xff, 0xff, 0xff, 0x80, 0x0, 0x0,
    0x0, 0x0, 0x0, 0x0, 0x0, 0x0, 0x0, 0x0,
    0x0, 0x0, 0x4f, 0xff, 0xfe, 0xff, 0xfb, 0x77,
    0x77, 0x77, 0x77, 0x77, 0x77, 0x77, 0x77, 0x77,
    0x77, 0x77, 0x77, 0x79, 0xff, 0xfa, 0x3f, 0xff,
    0xff, 0xff, 0xff, 0xff, 0xff, 0xff, 0xff, 0xff,
    0xff, 0xff, 0xff, 0xff, 0xff, 0xff, 0xff, 0x30,
    0xbf, 0xff, 0xff, 0xff, 0xff, 0xff, 0xff, 0xff,
    0xff, 0xff, 0xff, 0xff, 0xff, 0xff, 0xff, 0xff,
    0xe0, 0x1, 0xbf, 0xff, 0xff, 0xff, 0xff, 0xff,
    0xff, 0xff, 0xff, 0xff, 0xff, 0xff, 0xff, 0xff,
    0xff, 0xd3, 0x0, 0x0, 0x0, 0x0, 0x0, 0x0,
    0x0, 0x0, 0x0, 0x0, 0x0, 0x0, 0x0, 0x0,
    0x0, 0x0, 0x0, 0x0, 0x0,

    /* U+F241 "" */
    0x2, 0x67, 0x77, 0x77, 0x77, 0x77, 0x77, 0x77,
    0x77, 0x77, 0x77, 0x77, 0x77, 0x77, 0x77, 0x74,
    0x0, 0x5, 0xff, 0xff, 0xff, 0xff, 0xff, 0xff,
    0xff, 0xff, 0xff, 0xff, 0xff, 0xff, 0xff, 0xff,
    0xff, 0xf9, 0x0, 0xdf, 0xff, 0xff, 0xff, 0xff,
    0xff, 0xff, 0xff, 0xff, 0xff, 0xff, 0xff, 0xff,
    0xff, 0xff, 0xff, 0xf1, 0xf, 0xff, 0xff, 0xff,
    0xff, 0xff, 0xff, 0xff, 0xff, 0xff, 0xff, 0xff,
    0xff, 0xff, 0xff, 0xff, 0xff, 0x30, 0xff, 0xf8,
    0x0, 0x0, 0x0, 0x0, 0x0, 0x0, 0x0, 0x0,
    0x0, 0x0, 0x0, 0x0, 0x4, 0xff, 0xff, 0x9f,
    0xff, 0x80, 0x0, 0x0, 0x0, 0x0, 0x0, 0x0,
    0x0, 0x0, 0x0, 0x0, 0x0, 0x0, 0x4f, 0xff,
    0xff, 0xff, 0xf8, 0xe, 0xff, 0xff, 0xff, 0xff,
    0xff, 0xff, 0xff, 0xff, 0x90, 0x0, 0x0, 0x4,
    0xff, 0xff, 0xff, 0xff, 0x80, 0xef, 0xff, 0xff,
    0xff, 0xff, 0xff, 0xff, 0xff, 0xf9, 0x0, 0x0,
    0x0, 0x28, 0xcf, 0xff, 0xff, 0xf8, 0xe, 0xff,
    0xff, 0xff, 0xff, 0xff, 0xff, 0xff, 0xff, 0x90,
    0x0, 0x0, 0x0, 0x8, 0xff, 0xff, 0xff, 0x80,
    0xef, 0xff, 0xff, 0xff, 0xff, 0xff, 0xff, 0xff,
    0xf9, 0x0, 0x0, 0x0, 0x0, 0x8f, 0xff, 0xff,
    0xf8, 0xe, 0xff, 0xff, 0xff, 0xff, 0xff, 0xff,
    0xff, 0xff, 0x90, 0x0, 0x0, 0x0, 0x8, 0xff,
    0xff, 0xff, 0x80, 0xef, 0xff, 0xff, 0xff, 0xff,
    0xff, 0xff, 0xff, 0xf9, 0x0, 0x0, 0x0, 0x3f,
    0xff, 0xff, 0xff, 0xf8, 0xe, 0xff, 0xff, 0xff,
    0xff, 0xff, 0xff, 0xff, 0xff, 0x90, 0x0, 0x0,
    0x4, 0xff, 0xff, 0xff, 0xff, 0x80, 0x0, 0x0,
    0x0, 0x0, 0x0, 0x0, 0x0, 0x0, 0x0, 0x0,
    0x0, 0x0, 0x4f, 0xff, 0xfe, 0xff, 0xfb, 0x77,
    0x77, 0x77, 0x77, 0x77, 0x77, 0x77, 0x77, 0x77,
    0x77, 0x77, 0x77, 0x79, 0xff, 0xfa, 0x3f, 0xff,
    0xff, 0xff, 0xff, 0xff, 0xff, 0xff, 0xff, 0xff,
    0xff, 0xff, 0xff, 0xff, 0xff, 0xff, 0xff, 0x30,
    0xbf, 0xff, 0xff, 0xff, 0xff, 0xff, 0xff, 0xff,
    0xff, 0xff, 0xff, 0xff, 0xff, 0xff, 0xff, 0xff,
    0xe0, 0x1, 0xbf, 0xff, 0xff, 0xff, 0xff, 0xff,
    0xff, 0xff, 0xff, 0xff, 0xff, 0xff, 0xff, 0xff,
    0xff, 0xd3, 0x0, 0x0, 0x0, 0x0, 0x0, 0x0,
    0x0, 0x0, 0x0, 0x0, 0x0, 0x0, 0x0, 0x0,
    0x0, 0x0, 0x0, 0x0, 0x0,

    /* U+F242 "" */
    0x2, 0x67, 0x77, 0x77, 0x77, 0x77, 0x77, 0x77,
    0x77, 0x77, 0x77, 0x77, 0x77, 0x77, 0x77, 0x74,
    0x0, 0x5, 0xff, 0xff, 0xff, 0xff, 0xff, 0xff,
    0xff, 0xff, 0xff, 0xff, 0xff, 0xff, 0xff, 0xff,
    0xff, 0xf9, 0x0, 0xdf, 0xff, 0xff, 0xff, 0xff,
    0xff, 0xff, 0xff, 0xff, 0xff, 0xff, 0xff, 0xff,
    0xff, 0xff, 0xff, 0xf1, 0xf, 0xff, 0xff, 0xff,
    0xff, 0xff, 0xff, 0xff, 0xff, 0xff, 0xff, 0xff,
    0xff, 0xff, 0xff, 0xff, 0xff, 0x30, 0xff, 0xf8,
    0x0, 0x0, 0x0, 0x0, 0x0, 0x0, 0x0, 0x0,
    0x0, 0x0, 0x0, 0x0, 0x4, 0xff, 0xff, 0x9f,
    0xff, 0x80, 0x0, 0x0, 0x0, 0x0, 0x0, 0x0,
    0x0, 0x0, 0x0, 0x0, 0x0, 0x0, 0x4f, 0xff,
    0xff, 0xff, 0xf8, 0xe, 0xff, 0xff, 0xff, 0xff,
    0xff, 0xf5, 0x0, 0x0, 0x0, 0x0, 0x0, 0x4,
    0xff, 0xff, 0xff, 0xff, 0x80, 0xef, 0xff, 0xff,
    0xff, 0xff, 0xff, 0x50, 0x0, 0x0, 0x0, 0x0,
    0x0, 0x28, 0xcf, 0xff, 0xff, 0xf8, 0xe, 0xff,
    0xff, 0xff, 0xff, 0xff, 0xf5, 0x0, 0x0, 0x0,
    0x0, 0x0, 0x0, 0x8, 0xff, 0xff, 0xff, 0x80,
    0xef, 0xff, 0xff, 0xff, 0xff, 0xff, 0x50, 0x0,
    0x0, 0x0, 0x0, 0x0, 0x0, 0x8f, 0xff, 0xff,
    0xf8, 0xe, 0xff, 0xff, 0xff, 0xff, 0xff, 0xf5,
    0x0, 0x0, 0x0, 0x0, 0x0, 0x0, 0x8, 0xff,
    0xff, 0xff, 0x80, 0xef, 0xff, 0xff, 0xff, 0xff,
    0xff, 0x50, 0x0, 0x0, 0x0, 0x0, 0x0, 0x3f,
    0xff, 0xff, 0xff, 0xf8, 0xe, 0xff, 0xff, 0xff,
    0xff, 0xff, 0xf5, 0x0, 0x0, 0x0, 0x0, 0x0,
    0x4, 0xff, 0xff, 0xff, 0xff, 0x80, 0x0, 0x0,
    0x0, 0x0, 0x0, 0x0, 0x0, 0x0, 0x0, 0x0,
    0x0, 0x0, 0x4f, 0xff, 0xfe, 0xff, 0xfb, 0x77,
    0x77, 0x77, 0x77, 0x77, 0x77, 0x77, 0x77, 0x77,
    0x77, 0x77, 0x77, 0x79, 0xff, 0xfa, 0x3f, 0xff,
    0xff, 0xff, 0xff, 0xff, 0xff, 0xff, 0xff, 0xff,
    0xff, 0xff, 0xff, 0xff, 0xff, 0xff, 0xff, 0x30,
    0xbf, 0xff, 0xff, 0xff, 0xff, 0xff, 0xff, 0xff,
    0xff, 0xff, 0xff, 0xff, 0xff, 0xff, 0xff, 0xff,
    0xe0, 0x1, 0xbf, 0xff, 0xff, 0xff, 0xff, 0xff,
    0xff, 0xff, 0xff, 0xff, 0xff, 0xff, 0xff, 0xff,
    0xff, 0xd3, 0x0, 0x0, 0x0, 0x0, 0x0, 0x0,
    0x0, 0x0, 0x0, 0x0, 0x0, 0x0, 0x0, 0x0,
    0x0, 0x0, 0x0, 0x0, 0x0,

    /* U+F243 "" */
    0x2, 0x67, 0x77, 0x77, 0x77, 0x77, 0x77, 0x77,
    0x77, 0x77, 0x77, 0x77, 0x77, 0x77, 0x77, 0x74,
    0x0, 0x5, 0xff, 0xff, 0xff, 0xff, 0xff, 0xff,
    0xff, 0xff, 0xff, 0xff, 0xff, 0xff, 0xff, 0xff,
    0xff, 0xf9, 0x0, 0xdf, 0xff, 0xff, 0xff, 0xff,
    0xff, 0xff, 0xff, 0xff, 0xff, 0xff, 0xff, 0xff,
    0xff, 0xff, 0xff, 0xf1, 0xf, 0xff, 0xff, 0xff,
    0xff, 0xff, 0xff, 0xff, 0xff, 0xff, 0xff, 0xff,
    0xff, 0xff, 0xff, 0xff, 0xff, 0x30, 0xff, 0xf8,
    0x0, 0x0, 0x0, 0x0, 0x0, 0x0, 0x0, 0x0,
    0x0, 0x0, 0x0, 0x0, 0x4, 0xff, 0xff, 0x9f,
    0xff, 0x80, 0x0, 0x0, 0x0, 0x0, 0x0, 0x0,
    0x0, 0x0, 0x0, 0x0, 0x0, 0x0, 0x4f, 0xff,
    0xff, 0xff, 0xf8, 0xe, 0xff, 0xff, 0xff, 0x10,
    0x0, 0x0, 0x0, 0x0, 0x0, 0x0, 0x0, 0x4,
    0xff, 0xff, 0xff, 0xff, 0x80, 0xef, 0xff, 0xff,
    0xf1, 0x0, 0x0, 0x0, 0x0, 0x0, 0x0, 0x0,
    0x0, 0x28, 0xcf, 0xff, 0xff, 0xf8, 0xe, 0xff,
    0xff, 0xff, 0x10, 0x0, 0x0, 0x0, 0x0, 0x0,
    0x0, 0x0, 0x0, 0x8, 0xff, 0xff, 0xff, 0x80,
    0xef, 0xff, 0xff, 0xf1, 0x0, 0x0, 0x0, 0x0,
    0x0, 0x0, 0x0, 0x0, 0x0, 0x8f, 0xff, 0xff,
    0xf8, 0xe, 0xff, 0xff, 0xff, 0x10, 0x0, 0x0,
    0x0, 0x0, 0x0, 0x0, 0x0, 0x0, 0x8, 0xff,
    0xff, 0xff, 0x80, 0xef, 0xff, 0xff, 0xf1, 0x0,
    0x0, 0x0, 0x0, 0x0, 0x0, 0x0, 0x0, 0x3f,
    0xff, 0xff, 0xff, 0xf8, 0xe, 0xff, 0xff, 0xff,
    0x10, 0x0, 0x0, 0x0, 0x0, 0x0, 0x0, 0x0,
    0x4, 0xff, 0xff, 0xff, 0xff, 0x80, 0x0, 0x0,
    0x0, 0x0, 0x0, 0x0, 0x0, 0x0, 0x0, 0x0,
    0x0, 0x0, 0x4f, 0xff, 0xfe, 0xff, 0xfb, 0x77,
    0x77, 0x77, 0x77, 0x77, 0x77, 0x77, 0x77, 0x77,
    0x77, 0x77, 0x77, 0x79, 0xff, 0xfa, 0x3f, 0xff,
    0xff, 0xff, 0xff, 0xff, 0xff, 0xff, 0xff, 0xff,
    0xff, 0xff, 0xff, 0xff, 0xff, 0xff, 0xff, 0x30,
    0xbf, 0xff, 0xff, 0xff, 0xff, 0xff, 0xff, 0xff,
    0xff, 0xff, 0xff, 0xff, 0xff, 0xff, 0xff, 0xff,
    0xe0, 0x1, 0xbf, 0xff, 0xff, 0xff, 0xff, 0xff,
    0xff, 0xff, 0xff, 0xff, 0xff, 0xff, 0xff, 0xff,
    0xff, 0xd3, 0x0, 0x0, 0x0, 0x0, 0x0, 0x0,
    0x0, 0x0, 0x0, 0x0, 0x0, 0x0, 0x0, 0x0,
    0x0, 0x0, 0x0, 0x0, 0x0,

    /* U+F244 "" */
    0x2, 0x67, 0x77, 0x77, 0x77, 0x77, 0x77, 0x77,
    0x77, 0x77, 0x77, 0x77, 0x77, 0x77, 0x77, 0x74,
    0x0, 0x5, 0xff, 0xff, 0xff, 0xff, 0xff, 0xff,
    0xff, 0xff, 0xff, 0xff, 0xff, 0xff, 0xff, 0xff,
    0xff, 0xf9, 0x0, 0xdf, 0xff, 0xff, 0xff, 0xff,
    0xff, 0xff, 0xff, 0xff, 0xff, 0xff, 0xff, 0xff,
    0xff, 0xff, 0xff, 0xf1, 0xf, 0xff, 0xff, 0xff,
    0xff, 0xff, 0xff, 0xff, 0xff, 0xff, 0xff, 0xff,
    0xff, 0xff, 0xff, 0xff, 0xff, 0x30, 0xff, 0xf8,
    0x0, 0x0, 0x0, 0x0, 0x0, 0x0, 0x0, 0x0,
    0x0, 0x0, 0x0, 0x0, 0x4, 0xff, 0xff, 0x9f,
    0xff, 0x80, 0x0, 0x0, 0x0, 0x0, 0x0, 0x0,
    0x0, 0x0, 0x0, 0x0, 0x0, 0x0, 0x4f, 0xff,
    0xff, 0xff, 0xf8, 0x0, 0x0, 0x0, 0x0, 0x0,
    0x0, 0x0, 0x0, 0x0, 0x0, 0x0, 0x0, 0x4,
    0xff, 0xff, 0xff, 0xff, 0x80, 0x0, 0x0, 0x0,
    0x0, 0x0, 0x0, 0x0, 0x0, 0x0, 0x0, 0x0,
    0x0, 0x28, 0xcf, 0xff, 0xff, 0xf8, 0x0, 0x0,
    0x0, 0x0, 0x0, 0x0, 0x0, 0x0, 0x0, 0x0,
    0x0, 0x0, 0x0, 0x8, 0xff, 0xff, 0xff, 0x80,
    0x0, 0x0, 0x0, 0x0, 0x0, 0x0, 0x0, 0x0,
    0x0, 0x0, 0x0, 0x0, 0x0, 0x8f, 0xff, 0xff,
    0xf8, 0x0, 0x0, 0x0, 0x0, 0x0, 0x0, 0x0,
    0x0, 0x0, 0x0, 0x0, 0x0, 0x0, 0x8, 0xff,
    0xff, 0xff, 0x80, 0x0, 0x0, 0x0, 0x0, 0x0,
    0x0, 0x0, 0x0, 0x0, 0x0, 0x0, 0x0, 0x3f,
    0xff, 0xff, 0xff, 0xf8, 0x0, 0x0, 0x0, 0x0,
    0x0, 0x0, 0x0, 0x0, 0x0, 0x0, 0x0, 0x0,
    0x4, 0xff, 0xff, 0xff, 0xff, 0x80, 0x0, 0x0,
    0x0, 0x0, 0x0, 0x0, 0x0, 0x0, 0x0, 0x0,
    0x0, 0x0, 0x4f, 0xff, 0xfe, 0xff, 0xfb, 0x77,
    0x77, 0x77, 0x77, 0x77, 0x77, 0x77, 0x77, 0x77,
    0x77, 0x77, 0x77, 0x79, 0xff, 0xfa, 0x3f, 0xff,
    0xff, 0xff, 0xff, 0xff, 0xff, 0xff, 0xff, 0xff,
    0xff, 0xff, 0xff, 0xff, 0xff, 0xff, 0xff, 0x30,
    0xbf, 0xff, 0xff, 0xff, 0xff, 0xff, 0xff, 0xff,
    0xff, 0xff, 0xff, 0xff, 0xff, 0xff, 0xff, 0xff,
    0xe0, 0x1, 0xbf, 0xff, 0xff, 0xff, 0xff, 0xff,
    0xff, 0xff, 0xff, 0xff, 0xff, 0xff, 0xff, 0xff,
    0xff, 0xd3, 0x0, 0x0, 0x0, 0x0, 0x0, 0x0,
    0x0, 0x0, 0x0, 0x0, 0x0, 0x0, 0x0, 0x0,
    0x0, 0x0, 0x0, 0x0, 0x0,

    /* U+F287 "" */
    0x0, 0x0, 0x0, 0x0, 0x0, 0x0, 0x0, 0x0,
    0x0, 0x0, 0x10, 0x0, 0x0, 0x0, 0x0, 0x0,
    0x0, 0x0, 0x0, 0x0, 0x0, 0x0, 0x0, 0x0,
    0x0, 0x0, 0x0, 0x5e, 0xfe, 0x40, 0x0, 0x0,
    0x0, 0x0, 0x0, 0x0, 0x0, 0x0, 0x0, 0x0,
    0x0, 0x0, 0x0, 0x1, 0x23, 0xff, 0xff, 0xf1,
    0x0, 0x0, 0x0, 0x0, 0x0, 0x0, 0x0, 0x0,
    0x0, 0x0, 0x0, 0x0, 0x1, 0xbf, 0xff, 0xff,
    0xff, 0xf5, 0x0, 0x0, 0x0, 0x0, 0x0, 0x0,
    0x0, 0x0, 0x0, 0x0, 0x0, 0x0, 0xb, 0xff,
    0xcd, 0xff, 0xff, 0xf4, 0x0, 0x0, 0x0, 0x0,
    0x0, 0x0, 0x0, 0x0, 0x0, 0x0, 0x0, 0x0,
    0x5f, 0xe1, 0x0, 0xcf, 0xff, 0xc0, 0x0, 0x0,
    0x0, 0x0, 0x0, 0x0, 0x0, 0x0, 0x0, 0x0,
    0x0, 0x0, 0xdf, 0x50, 0x0, 0x7, 0xa7, 0x0,
    0x0, 0x0, 0x0, 0x0, 0x0, 0x0, 0x0, 0x2,
    0x10, 0x0, 0x0, 0x4, 0xfd, 0x0, 0x0, 0x0,
    0x0, 0x0, 0x0, 0x0, 0x0, 0x0, 0x0, 0x0,
    0x4, 0xef, 0xfc, 0x20, 0x0, 0xc, 0xf5, 0x0,
    0x0, 0x0, 0x0, 0x0, 0x0, 0x0, 0x7, 0x40,
    0x0, 0x0, 0x4f, 0xff, 0xff, 0xe1, 0x0, 0x4f,
    0xe0, 0x0, 0x0, 0x0, 0x0, 0x0, 0x0, 0x0,
    0xc, 0xfb, 0x20, 0x0, 0xcf, 0xff, 0xff, 0xfa,
    0x35, 0xef, 0x94, 0x44, 0x44, 0x44, 0x44, 0x44,
    0x44, 0x44, 0x4d, 0xff, 0xf7, 0x0, 0xff, 0xff,
    0xff, 0xff, 0xff, 0xff, 0xff, 0xff, 0xff, 0xff,
    0xff, 0xff, 0xff, 0xff, 0xff, 0xff, 0xff, 0xd0,
    0xef, 0xff, 0xff, 0xfe, 0xbb, 0xbb, 0xbc, 0xff,
    0xcb, 0xbb, 0xbb, 0xbb, 0xbb, 0xbb, 0xbf, 0xff,
    0xfe, 0x50, 0x8f, 0xff, 0xff, 0xf4, 0x0, 0x0,
    0x0, 0x9f, 0xa0, 0x0, 0x0, 0x0, 0x0, 0x0,
    0xc, 0xff, 0x80, 0x0, 0xb, 0xff, 0xff, 0x80,
    0x0, 0x0, 0x0, 0xe, 0xf2, 0x0, 0x0, 0x0,
    0x0, 0x0, 0xc, 0xb2, 0x0, 0x0, 0x0, 0x58,
    0x73, 0x0, 0x0, 0x0, 0x0, 0x7, 0xfa, 0x0,
    0x0, 0x0, 0x0, 0x0, 0x0, 0x0, 0x0, 0x0,
    0x0, 0x0, 0x0, 0x0, 0x0, 0x0, 0x0, 0x1,
    0xff, 0x20, 0x6, 0xdd, 0xdd, 0xc2, 0x0, 0x0,
    0x0, 0x0, 0x0, 0x0, 0x0, 0x0, 0x0, 0x0,
    0x0, 0x0, 0x8f, 0xc0, 0x9, 0xff, 0xff, 0xf4,
    0x0, 0x0, 0x0, 0x0, 0x0, 0x0, 0x0, 0x0,
    0x0, 0x0, 0x0, 0x0, 0xc, 0xff, 0xde, 0xff,
    0xff, 0xf4, 0x0, 0x0, 0x0, 0x0, 0x0, 0x0,
    0x0, 0x0, 0x0, 0x0, 0x0, 0x0, 0x1, 0xaf,
    0xff, 0xff, 0xff, 0xf4, 0x0, 0x0, 0x0, 0x0,
    0x0, 0x0, 0x0, 0x0, 0x0, 0x0, 0x0, 0x0,
    0x0, 0x0, 0x19, 0xff, 0xff, 0xf4, 0x0, 0x0,
    0x0, 0x0, 0x0, 0x0, 0x0, 0x0, 0x0, 0x0,
    0x0, 0x0, 0x0, 0x0, 0x8, 0xff, 0xff, 0xf4,
    0x0, 0x0, 0x0, 0x0, 0x0, 0x0, 0x0, 0x0,
    0x0, 0x0, 0x0, 0x0, 0x0, 0x0, 0x0, 0x0,
    0x0, 0x0, 0x0, 0x0, 0x0, 0x0,

    /* U+F293 "" */
    0x0, 0x0, 0x0, 0x0, 0x1, 0x34, 0x32, 0x0,
    0x0, 0x0, 0x0, 0x0, 0x0, 0x0, 0x3a, 0xef,
    0xff, 0xff, 0xfb, 0x50, 0x0, 0x0, 0x0, 0x0,
    0xa, 0xff, 0xff, 0xff, 0xff, 0xff, 0xfc, 0x10,
    0x0, 0x0, 0x1, 0xcf, 0xff, 0xff, 0xc7, 0xff,
    0xff, 0xff, 0xd1, 0x0, 0x0, 0xb, 0xff, 0xff,
    0xff, 0xc0, 0x8f, 0xff, 0xff, 0xfc, 0x0, 0x0,
    0x5f, 0xff, 0xff, 0xff, 0xc0, 0x9, 0xff, 0xff,
    0xff, 0x50, 0x0, 0xcf, 0xff, 0xff, 0xff, 0xc0,
    0x0, 0xaf, 0xff, 0xff, 0xb0, 0x2, 0xff, 0xff,
    0xff, 0xff, 0xc0, 0x0, 0xb, 0xff, 0xff, 0xf1,
    0x6, 0xff, 0xff, 0xaf, 0xff, 0xc0, 0x39, 0x0,
    0xcf, 0xff, 0xf5, 0xa, 0xff, 0xf9, 0x3, 0xef,
    0xc0, 0x3f, 0x90, 0x1d, 0xff, 0xf8, 0xc, 0xff,
    0xfd, 0x10, 0x3e, 0xc0, 0x2f, 0xb0, 0xc, 0xff,
    0xfa, 0xe, 0xff, 0xff, 0xd1, 0x3, 0xb0, 0x2b,
    0x0, 0xaf, 0xff, 0xfc, 0xf, 0xff, 0xff, 0xfd,
    0x10, 0x10, 0x0, 0x9, 0xff, 0xff, 0xfd, 0xf,
    0xff, 0xff, 0xff, 0xd1, 0x0, 0x0, 0x7f, 0xff,
    0xff, 0xfe, 0x1f, 0xff, 0xff, 0xff, 0xfd, 0x10,
    0x5, 0xff, 0xff, 0xff, 0xfe, 0x1f, 0xff, 0xff,
    0xff, 0xfb, 0x0, 0x3, 0xff, 0xff, 0xff, 0xfe,
    0xf, 0xff, 0xff, 0xff, 0xb0, 0x0, 0x0, 0x3f,
    0xff, 0xff, 0xfd, 0xf, 0xff, 0xff, 0xfb, 0x0,
    0x20, 0x11, 0x4, 0xff, 0xff, 0xfd, 0xe, 0xff,
    0xff, 0xb0, 0x5, 0xc0, 0x2d, 0x10, 0x5f, 0xff,
    0xfc, 0xc, 0xff, 0xfb, 0x0, 0x5f, 0xc0, 0x2f,
    0xd0, 0x7, 0xff, 0xfa, 0x9, 0xff, 0xfb, 0x5,
    0xff, 0xc0, 0x3f, 0x60, 0x1d, 0xff, 0xf7, 0x5,
    0xff, 0xff, 0xdf, 0xff, 0xc0, 0x36, 0x1, 0xdf,
    0xff, 0xf4, 0x1, 0xff, 0xff, 0xff, 0xff, 0xd0,
    0x0, 0x1d, 0xff, 0xff, 0xf0, 0x0, 0xaf, 0xff,
    0xff, 0xff, 0xd0, 0x1, 0xdf, 0xff, 0xff, 0xa0,
    0x0, 0x2f, 0xff, 0xff, 0xff, 0xd0, 0x1d, 0xff,
    0xff, 0xff, 0x20, 0x0, 0x6, 0xff, 0xff, 0xff,
    0xd1, 0xcf, 0xff, 0xff, 0xf8, 0x0, 0x0, 0x0,
    0x6f, 0xff, 0xff, 0xec, 0xff, 0xff, 0xff, 0xb0,
    0x0, 0x0, 0x0, 0x2, 0xaf, 0xff, 0xff, 0xff,
    0xff, 0xe7, 0x0, 0x0, 0x0, 0x0, 0x0, 0x1,
    0x58, 0xab, 0xba, 0x84, 0x0, 0x0, 0x0,

    /* U+F2ED "" */
    0x0, 0x0, 0x0, 0x0, 0x14, 0x44, 0x44, 0x43,
    0x0, 0x0, 0x0, 0x0, 0x0, 0x0, 0x0, 0x0,
    0x1f, 0xff, 0xff, 0xff, 0xf9, 0x0, 0x0, 0x0,
    0x0, 0x58, 0x88, 0x88, 0x8c, 0xff, 0xff, 0xff,
    0xff, 0xf8, 0x88, 0x88, 0x88, 0x1f, 0xff, 0xff,
    0xff, 0xff, 0xff, 0xff, 0xff, 0xff, 0xff, 0xff,
    0xff, 0xf7, 0xff, 0xff, 0xff, 0xff, 0xff, 0xff,
    0xff, 0xff, 0xff, 0xff, 0xff, 0xff, 0x8b, 0xff,
    0xff, 0xff, 0xff, 0xff, 0xff, 0xff, 0xff, 0xff,
    0xff, 0xff, 0xe4, 0x0, 0x0, 0x0, 0x0, 0x0,
    0x0, 0x0, 0x0, 0x0, 0x0, 0x0, 0x0, 0x0,
    0x28, 0x88, 0x88, 0x88, 0x88, 0x88, 0x88, 0x88,
    0x88, 0x88, 0x86, 0x0, 0x4, 0xff, 0xff, 0xff,
    0xff, 0xff, 0xff, 0xff, 0xff, 0xff, 0xff, 0xc0,
    0x0, 0x4f, 0xff, 0xff, 0xff, 0xff, 0xff, 0xff,
    0xff, 0xff, 0xff, 0xfc, 0x0, 0x4, 0xff, 0xff,
    0xff, 0xff, 0xff, 0xff, 0xff, 0xff, 0xff, 0xff,
    0xc0, 0x0, 0x4f, 0xff, 0xf5, 0x5f, 0xff, 0x92,
    0xff, 0xfc, 0x1c, 0xff, 0xfc, 0x0, 0x4, 0xff,
    0xff, 0x22, 0xff, 0xf6, 0xe, 0xff, 0xa0, 0xaf,
    0xff, 0xc0, 0x0, 0x4f, 0xff, 0xf2, 0x2f, 0xff,
    0x60, 0xef, 0xfa, 0xa, 0xff, 0xfc, 0x0, 0x4,
    0xff, 0xff, 0x22, 0xff, 0xf6, 0xe, 0xff, 0xa0,
    0xaf, 0xff, 0xc0, 0x0, 0x4f, 0xff, 0xf2, 0x2f,
    0xff, 0x60, 0xef, 0xfa, 0xa, 0xff, 0xfc, 0x0,
    0x4, 0xff, 0xff, 0x22, 0xff, 0xf6, 0xe, 0xff,
    0xa0, 0xaf, 0xff, 0xc0, 0x0, 0x4f, 0xff, 0xf2,
    0x2f, 0xff, 0x60, 0xef, 0xfa, 0xa, 0xff, 0xfc,
    0x0, 0x4, 0xff, 0xff, 0x22, 0xff, 0xf6, 0xe,
    0xff, 0xa0, 0xaf, 0xff, 0xc0, 0x0, 0x4f, 0xff,
    0xf2, 0x2f, 0xff, 0x60, 0xef, 0xfa, 0xa, 0xff,
    0xfc, 0x0, 0x4, 0xff, 0xff, 0x22, 0xff, 0xf6,
    0xe, 0xff, 0xa0, 0xaf, 0xff, 0xc0, 0x0, 0x4f,
    0xff, 0xf2, 0x2f, 0xff, 0x60, 0xef, 0xfa, 0xa,
    0xff, 0xfc, 0x0, 0x4, 0xff, 0xff, 0x22, 0xff,
    0xf6, 0xe, 0xff, 0xa0, 0xaf, 0xff, 0xc0, 0x0,
    0x4f, 0xff, 0xf2, 0x2f, 0xff, 0x60, 0xef, 0xfa,
    0xa, 0xff, 0xfc, 0x0, 0x4, 0xff, 0xff, 0x55,
    0xff, 0xf9, 0x2f, 0xff, 0xc1, 0xcf, 0xff, 0xc0,
    0x0, 0x3f, 0xff, 0xff, 0xff, 0xff, 0xff, 0xff,
    0xff, 0xff, 0xff, 0xfb, 0x0, 0x2, 0xff, 0xff,
    0xff, 0xff, 0xff, 0xff, 0xff, 0xff, 0xff, 0xff,
    0xa0, 0x0, 0x9, 0xff, 0xff, 0xff, 0xff, 0xff,
    0xff, 0xff, 0xff, 0xff, 0xf2, 0x0, 0x0, 0x4,
    0x78, 0x88, 0x88, 0x88, 0x88, 0x88, 0x88, 0x88,
    0x61, 0x0, 0x0,

    /* U+F304 "" */
    0x0, 0x0, 0x0, 0x0, 0x0, 0x0, 0x0, 0x0,
    0x0, 0x0, 0x0, 0x66, 0x10, 0x0, 0x0, 0x0,
    0x0, 0x0, 0x0, 0x0, 0x0, 0x0, 0x0, 0x0,
    0x1, 0xdf, 0xfe, 0x30, 0x0, 0x0, 0x0, 0x0,
    0x0, 0x0, 0x0, 0x0, 0x0, 0x0, 0x1, 0xef,
    0xff, 0xff, 0x30, 0x0, 0x0, 0x0, 0x0, 0x0,
    0x0, 0x0, 0x0, 0x0, 0x1, 0xef, 0xff, 0xff,
    0xff, 0x30, 0x0, 0x0, 0x0, 0x0, 0x0, 0x0,
    0x0, 0x0, 0x0, 0x9f, 0xff, 0xff, 0xff, 0xff,
    0x30, 0x0, 0x0, 0x0, 0x0, 0x0, 0x0, 0x0,
    0x1, 0x0, 0xbf, 0xff, 0xff, 0xff, 0xfc, 0x0,
    0x0, 0x0, 0x0, 0x0, 0x0, 0x0, 0x1, 0xec,
    0x0, 0xbf, 0xff, 0xff, 0xff, 0xf0, 0x0, 0x0,
    0x0, 0x0, 0x0, 0x0, 0x1, 0xef, 0xfc, 0x0,
    0xbf, 0xff, 0xff, 0xfb, 0x0, 0x0, 0x0, 0x0,
    0x0, 0x0, 0x1, 0xef, 0xff, 0xfc, 0x0, 0xbf,
    0xff, 0xfe, 0x10, 0x0, 0x0, 0x0, 0x0, 0x0,
    0x1, 0xef, 0xff, 0xff, 0xfc, 0x0, 0xbf, 0xfe,
    0x10, 0x0, 0x0, 0x0, 0x0, 0x0, 0x1, 0xef,
    0xff, 0xff, 0xff, 0xfc, 0x0, 0xbe, 0x10, 0x0,
    0x0, 0x0, 0x0, 0x0, 0x1, 0xef, 0xff, 0xff,
    0xff, 0xff, 0xfc, 0x0, 0x10, 0x0, 0x0, 0x0,
    0x0, 0x0, 0x1, 0xef, 0xff, 0xff, 0xff, 0xff,
    0xff, 0xfa, 0x0, 0x0, 0x0, 0x0, 0x0, 0x0,
    0x1, 0xef, 0xff, 0xff, 0xff, 0xff, 0xff, 0xfe,
    0x20, 0x0, 0x0, 0x0, 0x0, 0x0, 0x1, 0xef,
    0xff, 0xff, 0xff, 0xff, 0xff, 0xfe, 0x20, 0x0,
    0x0, 0x0, 0x0, 0x0, 0x1, 0xef, 0xff, 0xff,
    0xff, 0xff, 0xff, 0xfe, 0x20, 0x0, 0x0, 0x0,
    0x0, 0x0, 0x1, 0xef, 0xff, 0xff, 0xff, 0xff,
    0xff, 0xfe, 0x20, 0x0, 0x0, 0x0, 0x0, 0x0,
    0x1, 0xef, 0xff, 0xff, 0xff, 0xff, 0xff, 0xfe,
    0x20, 0x0, 0x0, 0x0, 0x0, 0x0, 0x1, 0xef,
    0xff, 0xff, 0xff, 0xff, 0xff, 0xfe, 0x20, 0x0,
    0x0, 0x0, 0x0, 0x0, 0x1, 0xef, 0xff, 0xff,
    0xff, 0xff, 0xff, 0xfe, 0x20, 0x0, 0x0, 0x0,
    0x0, 0x0, 0x1, 0xef, 0xff, 0xff, 0xff, 0xff,
    0xff, 0xfe, 0x20, 0x0, 0x0, 0x0, 0x0, 0x0,
    0x0, 0x5f, 0xff, 0xff, 0xff, 0xff, 0xff, 0xfe,
    0x20, 0x0, 0x0, 0x0, 0x0, 0x0, 0x0, 0x7,
    0xff, 0xff, 0xff, 0xff, 0xff, 0xfe, 0x20, 0x0,
    0x0, 0x0, 0x0, 0x0, 0x0, 0x0, 0x9f, 0xff,
    0xff, 0xff, 0xff, 0xfe, 0x20, 0x0, 0x0, 0x0,
    0x0, 0x0, 0x0, 0x0, 0xb, 0xff, 0xff, 0xff,
    0xff, 0xfe, 0x20, 0x0, 0x0, 0x0, 0x0, 0x0,
    0x0, 0x0, 0x0, 0xdf, 0xff, 0xff, 0xff, 0xfe,
    0x20, 0x0, 0x0, 0x0, 0x0, 0x0, 0x0, 0x0,
    0x0, 0xf, 0xff, 0xff, 0xff, 0xfe, 0x20, 0x0,
    0x0, 0x0, 0x0, 0x0, 0x0, 0x0, 0x0, 0x0,
    0xef, 0xff, 0xff, 0xec, 0x20, 0x0, 0x0, 0x0,
    0x0, 0x0, 0x0, 0x0, 0x0, 0x0, 0x3, 0x76,
    0x42, 0x0, 0x0, 0x0, 0x0, 0x0, 0x0, 0x0,
    0x0, 0x0, 0x0, 0x0, 0x0,

    /* U+F55A "" */
    0x0, 0x0, 0x0, 0x0, 0x8, 0xef, 0xff, 0xff,
    0xff, 0xff, 0xff, 0xff, 0xff, 0xff, 0xff, 0xff,
    0xd5, 0x0, 0x0, 0x0, 0x0, 0xb, 0xff, 0xff,
    0xff, 0xff, 0xff, 0xff, 0xff, 0xff, 0xff, 0xff,
    0xff, 0xff, 0xf5, 0x0, 0x0, 0x0, 0xb, 0xff,
    0xff, 0xff, 0xff, 0xff, 0xff, 0xff, 0xff, 0xff,
    0xff, 0xff, 0xff, 0xff, 0xd0, 0x0, 0x0, 0xb,
    0xff, 0xff, 0xff, 0xff, 0xff, 0xff, 0xff, 0xff,
    0xff, 0xff, 0xff, 0xff, 0xff, 0xff, 0x0, 0x0,
    0xb, 0xff, 0xff, 0xff, 0xff, 0xff, 0x99, 0xff,
    0xff, 0xff, 0x99, 0xff, 0xff, 0xff, 0xff, 0xf0,
    0x0, 0xb, 0xff, 0xff, 0xff, 0xff, 0xff, 0x80,
    0x8, 0xff, 0xff, 0x80, 0x7, 0xff, 0xff, 0xff,
    0xff, 0x0, 0xb, 0xff, 0xff, 0xff, 0xff, 0xff,
    0xe0, 0x0, 0x8, 0xff, 0x80, 0x0, 0xe, 0xff,
    0xff, 0xff, 0xf0, 0xb, 0xff, 0xff, 0xff, 0xff,
    0xff, 0xff, 0x80, 0x0, 0x8, 0x80, 0x0, 0x8,
    0xff, 0xff, 0xff, 0xff, 0xb, 0xff, 0xff, 0xff,
    0xff, 0xff, 0xff, 0xff, 0x80, 0x0, 0x0, 0x0,
    0x8, 0xff, 0xff, 0xff, 0xff, 0xfa, 0xff, 0xff,
    0xff, 0xff, 0xff, 0xff, 0xff, 0xff, 0x80, 0x0,
    0x0, 0x8, 0xff, 0xff, 0xff, 0xff, 0xff, 0xff,
    0xff, 0xff, 0xff, 0xff, 0xff, 0xff, 0xff, 0xff,
    0x40, 0x0, 0x4, 0xff, 0xff, 0xff, 0xff, 0xff,
    0xfa, 0xff, 0xff, 0xff, 0xff, 0xff, 0xff, 0xff,
    0xff, 0x80, 0x0, 0x0, 0x8, 0xff, 0xff, 0xff,
    0xff, 0xff, 0xb, 0xff, 0xff, 0xff, 0xff, 0xff,
    0xff, 0xff, 0x80, 0x0, 0x0, 0x0, 0x8, 0xff,
    0xff, 0xff, 0xff, 0xf0, 0xb, 0xff, 0xff, 0xff,
    0xff, 0xff, 0xff, 0x80, 0x0, 0x8, 0x80, 0x0,
    0x8, 0xff, 0xff, 0xff, 0xff, 0x0, 0xb, 0xff,
    0xff, 0xff, 0xff, 0xff, 0xe0, 0x0, 0x8, 0xff,
    0x80, 0x0, 0xe, 0xff, 0xff, 0xff, 0xf0, 0x0,
    0xb, 0xff, 0xff, 0xff, 0xff, 0xff, 0x80, 0x8,
    0xff, 0xff, 0x80, 0x8, 0xff, 0xff, 0xff, 0xff,
    0x0, 0x0, 0xb, 0xff, 0xff, 0xff, 0xff, 0xff,
    0x99, 0xff, 0xff, 0xff, 0x99, 0xff, 0xff, 0xff,
    0xff, 0xf0, 0x0, 0x0, 0xb, 0xff, 0xff, 0xff,
    0xff, 0xff, 0xff, 0xff, 0xff, 0xff, 0xff, 0xff,
    0xff, 0xff, 0xff, 0x0, 0x0, 0x0, 0xb, 0xff,
    0xff, 0xff, 0xff, 0xff, 0xff, 0xff, 0xff, 0xff,
    0xff, 0xff, 0xff, 0xff, 0xd0, 0x0, 0x0, 0x0,
    0xa, 0xff, 0xff, 0xff, 0xff, 0xff, 0xff, 0xff,
    0xff, 0xff, 0xff, 0xff, 0xff, 0xf5, 0x0, 0x0,
    0x0, 0x0, 0x8, 0xef, 0xff, 0xff, 0xff, 0xff,
    0xff, 0xff, 0xff, 0xff, 0xff, 0xff, 0xd5, 0x0,

    /* U+F7C2 "" */
    0x0, 0x0, 0x0, 0x17, 0x88, 0x88, 0x88, 0x88,
    0x87, 0x50, 0x0, 0x0, 0x0, 0x1d, 0xff, 0xff,
    0xff, 0xff, 0xff, 0xff, 0xc1, 0x0, 0x0, 0x2d,
    0xff, 0xff, 0xff, 0xff, 0xff, 0xff, 0xff, 0xa0,
    0x0, 0x2e, 0xff, 0xff, 0xff, 0xff, 0xff, 0xff,
    0xff, 0xff, 0x0, 0x2e, 0xff, 0x20, 0x1f, 0xa0,
    0xe, 0xd0, 0x8, 0xff, 0xf0, 0x2e, 0xff, 0xf2,
    0x1, 0xfa, 0x0, 0xed, 0x0, 0x8f, 0xff, 0x3e,
    0xff, 0xff, 0x20, 0x1f, 0xa0, 0xe, 0xd0, 0x8,
    0xff, 0xfe, 0xff, 0xff, 0xf2, 0x1, 0xfa, 0x0,
    0xed, 0x0, 0x8f, 0xff, 0xff, 0xff, 0xff, 0x20,
    0x1f, 0xa0, 0xe, 0xd0, 0x8, 0xff, 0xff, 0xff,
    0xff, 0xff, 0xff, 0xff, 0xff, 0xff, 0xff, 0xff,
    0xff, 0xff, 0xff, 0xff, 0xff, 0xff, 0xff, 0xff,
    0xff, 0xff, 0xff, 0xff, 0xff, 0xff, 0xff, 0xff,
    0xff, 0xff, 0xff, 0xff, 0xff, 0xff, 0xff, 0xff,
    0xff, 0xff, 0xff, 0xff, 0xff, 0xff, 0xff, 0xff,
    0xff, 0xff, 0xff, 0xff, 0xff, 0xff, 0xff, 0xff,
    0xff, 0xff, 0xff, 0xff, 0xff, 0xff, 0xff, 0xff,
    0xff, 0xff, 0xff, 0xff, 0xff, 0xff, 0xff, 0xff,
    0xff, 0xff, 0xff, 0xff, 0xff, 0xff, 0xff, 0xff,
    0xff, 0xff, 0xff, 0xff, 0xff, 0xff, 0xff, 0xff,
    0xff, 0xff, 0xff, 0xff, 0xff, 0xff, 0xff, 0xff,
    0xff, 0xff, 0xff, 0xff, 0xff, 0xff, 0xff, 0xff,
    0xff, 0xff, 0xff, 0xff, 0xff, 0xff, 0xff, 0xff,
    0xff, 0xff, 0xff, 0xff, 0xff, 0xff, 0xff, 0xff,
    0xff, 0xff, 0xff, 0xff, 0xff, 0xff, 0xff, 0xff,
    0xff, 0xff, 0xff, 0xff, 0xff, 0xff, 0xff, 0xff,
    0xff, 0xff, 0xff, 0xff, 0xff, 0xff, 0xff, 0xff,
    0xff, 0xff, 0xff, 0xff, 0xff, 0xff, 0xff, 0xff,
    0xff, 0xff, 0xff, 0xff, 0xff, 0xff, 0xff, 0xff,
    0xff, 0xff, 0xff, 0xff, 0xff, 0xff, 0xff, 0xff,
    0xff, 0xff, 0xff, 0xff, 0xff, 0xff, 0xfe, 0xff,
    0xff, 0xff, 0xff, 0xff, 0xff, 0xff, 0xff, 0xff,
    0xfe, 0x8f, 0xff, 0xff, 0xff, 0xff, 0xff, 0xff,
    0xff, 0xff, 0xff, 0x80, 0xaf, 0xff, 0xff, 0xff,
    0xff, 0xff, 0xff, 0xff, 0xff, 0x90, 0x0, 0x24,
    0x44, 0x44, 0x44, 0x44, 0x44, 0x44, 0x44, 0x20,
    0x0,

    /* U+F8A2 "" */
    0x0, 0x0, 0x0, 0x0, 0x0, 0x0, 0x0, 0x0,
    0x0, 0x0, 0x0, 0x0, 0x0, 0x4, 0x0, 0x0,
    0x0, 0x0, 0x0, 0x0, 0x0, 0x0, 0x0, 0x0,
    0x0, 0x0, 0x0, 0x9, 0xf1, 0x0, 0x0, 0x0,
    0x0, 0x0, 0x0, 0x0, 0x0, 0x0, 0x0, 0x0,
    0x0, 0x9, 0xff, 0x10, 0x0, 0x0, 0x0, 0x0,
    0x0, 0x0, 0x0, 0x0, 0x0, 0x0, 0x0, 0x9,
    0xff, 0xf1, 0x0, 0x0, 0x0, 0x5c, 0x50, 0x0,
    0x0, 0x0, 0x0, 0x0, 0x0, 0x3, 0xff, 0xff,
    0x10, 0x0, 0x0, 0x7f, 0xfd, 0x0, 0x0, 0x0,
    0x0, 0x0, 0x0, 0x0, 0x4f, 0xff, 0xf1, 0x0,
    0x0, 0x8f, 0xff, 0xd0, 0x0, 0x0, 0x0, 0x0,
    0x0, 0x0, 0x4, 0xff, 0xff, 0x10, 0x0, 0x9f,
    0xff, 0xfd, 0x0, 0x0, 0x0, 0x0, 0x0, 0x0,
    0x0, 0x4f, 0xff, 0xf1, 0x0, 0xaf, 0xff, 0xff,
    0xd0, 0x0, 0x0, 0x0, 0x0, 0x0, 0x0, 0x4,
    0xff, 0xff, 0x10, 0xbf, 0xff, 0xff, 0xff, 0xff,
    0xff, 0xff, 0xff, 0xff, 0xff, 0xff, 0xff, 0xff,
    0xf1, 0xaf, 0xff, 0xff, 0xff, 0xff, 0xff, 0xff,
    0xff, 0xff, 0xff, 0xff, 0xff, 0xff, 0xff, 0x1c,
    0xff, 0xff, 0xff, 0xff, 0xff, 0xff, 0xff, 0xff,
    0xff, 0xff, 0xff, 0xff, 0xff, 0xf1, 0x2e, 0xff,
    0xff, 0xff, 0xff, 0xff, 0xff, 0xff, 0xff, 0xff,
    0xff, 0xff, 0xff, 0xfe, 0x0, 0x1d, 0xff, 0xff,
    0xfe, 0x55, 0x55, 0x55, 0x55, 0x55, 0x55, 0x55,
    0x55, 0x55, 0x10, 0x0, 0x1c, 0xff, 0xff, 0xd0,
    0x0, 0x0, 0x0, 0x0, 0x0, 0x0, 0x0, 0x0,
    0x0, 0x0, 0x0, 0xc, 0xff, 0xfd, 0x0, 0x0,
    0x0, 0x0, 0x0, 0x0, 0x0, 0x0, 0x0, 0x0,
    0x0, 0x0, 0xb, 0xff, 0xd0, 0x0, 0x0, 0x0,
    0x0, 0x0, 0x0, 0x0, 0x0, 0x0, 0x0, 0x0,
    0x0, 0xa, 0xf9, 0x0, 0x0, 0x0, 0x0, 0x0,
    0x0, 0x0, 0x0, 0x0, 0x0, 0x0, 0x0, 0x0,
    0x1, 0x0, 0x0, 0x0, 0x0, 0x0, 0x0, 0x0,
    0x0, 0x0, 0x0, 0x0
};


/*---------------------
 *  GLYPH DESCRIPTION
 *--------------------*/

static const lv_font_fmt_txt_glyph_dsc_t glyph_dsc[] = {
    {.bitmap_index = 0, .adv_w = 0, .box_w = 0, .box_h = 0, .ofs_x = 0, .ofs_y = 0} /* id = 0 reserved */,
    {.bitmap_index = 0, .adv_w = 117, .box_w = 0, .box_h = 0, .ofs_x = 0, .ofs_y = 0},
    {.bitmap_index = 0, .adv_w = 117, .box_w = 5, .box_h = 17, .ofs_x = 1, .ofs_y = 1},
    {.bitmap_index = 43, .adv_w = 162, .box_w = 12, .box_h = 7, .ofs_x = 0, .ofs_y = 13},
    {.bitmap_index = 85, .adv_w = 355, .box_w = 22, .box_h = 20, .ofs_x = 0, .ofs_y = 1},
    {.bitmap_index = 305, .adv_w = 220, .box_w = 14, .box_h = 24, .ofs_x = 0, .ofs_y = 0},
    {.bitmap_index = 473, .adv_w = 326, .box_w = 20, .box_h = 19, .ofs_x = 0, .ofs_y = 1},
    {.bitmap_index = 663, .adv_w = 307, .box_w = 19, .box_h = 21, .ofs_x = 0, .ofs_y = -1},
    {.bitmap_index = 863, .adv_w = 64, .box_w = 7, .box_h = 7, .ofs_x = -1, .ofs_y = 13},
    {.bitmap_index = 888, .adv_w = 146, .box_w = 9, .box_h = 21, .ofs_x = 1, .ofs_y = 0},
    {.bitmap_index = 983, .adv_w = 146, .box_w = 8, .box_h = 20, .ofs_x = 0, .ofs_y = 1},
    {.bitmap_index = 1063, .adv_w = 111, .box_w = 9, .box_h = 9, .ofs_x = -1, .ofs_y = 13},
    {.bitmap_index = 1104, .adv_w = 206, .box_w = 13, .box_h = 13, .ofs_x = 0, .ofs_y = 4},
    {.bitmap_index = 1189, .adv_w = 110, .box_w = 7, .box_h = 8, .ofs_x = 0, .ofs_y = 1},
    {.bitmap_index = 1217, .adv_w = 205, .box_w = 13, .box_h = 5, .ofs_x = 0, .ofs_y = 7},
    {.bitmap_index = 1250, .adv_w = 131, .box_w = 8, .box_h = 7, .ofs_x = 0, .ofs_y = 2},
    {.bitmap_index = 1278, .adv_w = 164, .box_w = 11, .box_h = 17, .ofs_x = 0, .ofs_y = 1},
    {.bitmap_index = 1372, .adv_w = 319, .box_w = 20, .box_h = 20, .ofs_x = 0, .ofs_y = 1},
    {.bitmap_index = 1572, .adv_w = 319, .box_w = 8, .box_h = 20, .ofs_x = 6, .ofs_y = 1},
    {.bitmap_index = 1652, .adv_w = 319, .box_w = 17, .box_h = 20, .ofs_x = 1, .ofs_y = 1},
    {.bitmap_index = 1822, .adv_w = 319, .box_w = 17, .box_h = 22, .ofs_x = 1, .ofs_y = 0},
    {.bitmap_index = 2009, .adv_w = 319, .box_w = 20, .box_h = 20, .ofs_x = 0, .ofs_y = 1},
    {.bitmap_index = 2209, .adv_w = 319, .box_w = 17, .box_h = 20, .ofs_x = 2, .ofs_y = 1},
    {.bitmap_index = 2379, .adv_w = 319, .box_w = 18, .box_h = 21, .ofs_x = 1, .ofs_y = 0},
    {.bitmap_index = 2568, .adv_w = 319, .box_w = 17, .box_h = 20, .ofs_x = 1, .ofs_y = 1},
    {.bitmap_index = 2738, .adv_w = 319, .box_w = 18, .box_h = 20, .ofs_x = 1, .ofs_y = 1},
    {.bitmap_index = 2918, .adv_w = 319, .box_w = 17, .box_h = 22, .ofs_x = 1, .ofs_y = -1},
    {.bitmap_index = 3105, .adv_w = 107, .box_w = 6, .box_h = 12, .ofs_x = 0, .ofs_y = 0},
    {.bitmap_index = 3141, .adv_w = 108, .box_w = 6, .box_h = 13, .ofs_x = 0, .ofs_y = -2},
    {.bitmap_index = 3180, .adv_w = 160, .box_w = 10, .box_h = 13, .ofs_x = 0, .ofs_y = 4},
    {.bitmap_index = 3245, .adv_w = 224, .box_w = 14, .box_h = 12, .ofs_x = 0, .ofs_y = 4},
    {.bitmap_index = 3329, .adv_w = 166, .box_w = 10, .box_h = 13, .ofs_x = 0, .ofs_y = 4},
    {.bitmap_index = 3394, .adv_w = 193, .box_w = 12, .box_h = 17, .ofs_x = 0, .ofs_y = 1},
    {.bitmap_index = 3496, .adv_w = 364, .box_w = 21, .box_h = 19, .ofs_x = 1, .ofs_y = 0},
    {.bitmap_index = 3696, .adv_w = 316, .box_w = 19, .box_h = 20, .ofs_x = 0, .ofs_y = 1},
    {.bitmap_index = 3886, .adv_w = 311, .box_w = 18, .box_h = 23, .ofs_x = 1, .ofs_y = 0},
    {.bitmap_index = 4093, .adv_w = 291, .box_w = 17, .box_h = 20, .ofs_x = 1, .ofs_y = 1},
    {.bitmap_index = 4263, .adv_w = 317, .box_w = 18, .box_h = 20, .ofs_x = 1, .ofs_y = 1},
    {.bitmap_index = 4443, .adv_w = 276, .box_w = 16, .box_h = 20, .ofs_x = 1, .ofs_y = 1},
    {.bitmap_index = 4603, .adv_w = 282, .box_w = 17, .box_h = 22, .ofs_x = 1, .ofs_y = -1},
    {.bitmap_index = 4790, .adv_w = 345, .box_w = 20, .box_h = 20, .ofs_x = 1, .ofs_y = 1},
    {.bitmap_index = 4990, .adv_w = 356, .box_w = 20, .box_h = 22, .ofs_x = 1, .ofs_y = -1},
    {.bitmap_index = 5210, .adv_w = 154, .box_w = 7, .box_h = 20, .ofs_x = 1, .ofs_y = 1},
    {.bitmap_index = 5280, .adv_w = 271, .box_w = 16, .box_h = 20, .ofs_x = 0, .ofs_y = 1},
    {.bitmap_index = 5440, .adv_w = 283, .box_w = 16, .box_h = 22, .ofs_x = 1, .ofs_y = -1},
    {.bitmap_index = 5616, .adv_w = 261, .box_w = 15, .box_h = 20, .ofs_x = 1, .ofs_y = 1},
    {.bitmap_index = 5766, .adv_w = 422, .box_w = 24, .box_h = 20, .ofs_x = 1, .ofs_y = 1},
    {.bitmap_index = 6006, .adv_w = 346, .box_w = 20, .box_h = 20, .ofs_x = 1, .ofs_y = 1},
    {.bitmap_index = 6206, .adv_w = 343, .box_w = 20, .box_h = 20, .ofs_x = 1, .ofs_y = 1},
    {.bitmap_index = 6406, .adv_w = 324, .box_w = 19, .box_h = 22, .ofs_x = 1, .ofs_y = -1},
    {.bitmap_index = 6615, .adv_w = 344, .box_w = 19, .box_h = 21, .ofs_x = 1, .ofs_y = 0},
    {.bitmap_index = 6815, .adv_w = 306, .box_w = 18, .box_h = 20, .ofs_x = 1, .ofs_y = 1},
    {.bitmap_index = 6995, .adv_w = 252, .box_w = 15, .box_h = 20, .ofs_x = 0, .ofs_y = 1},
    {.bitmap_index = 7145, .adv_w = 234, .box_w = 16, .box_h = 19, .ofs_x = 0, .ofs_y = 1},
    {.bitmap_index = 7297, .adv_w = 301, .box_w = 17, .box_h = 19, .ofs_x = 1, .ofs_y = 1},
    {.bitmap_index = 7459, .adv_w = 297, .box_w = 19, .box_h = 19, .ofs_x = 0, .ofs_y = 1},
    {.bitmap_index = 7640, .adv_w = 438, .box_w = 25, .box_h = 20, .ofs_x = 1, .ofs_y = 1},
    {.bitmap_index = 7890, .adv_w = 300, .box_w = 17, .box_h = 20, .ofs_x = 1, .ofs_y = 1},
    {.bitmap_index = 8060, .adv_w = 258, .box_w = 18, .box_h = 20, .ofs_x = 0, .ofs_y = 1},
    {.bitmap_index = 8240, .adv_w = 290, .box_w = 17, .box_h = 20, .ofs_x = 1, .ofs_y = 1},
    {.bitmap_index = 8410, .adv_w = 269, .box_w = 6, .box_h = 16, .ofs_x = 6, .ofs_y = 3},
    {.bitmap_index = 8458, .adv_w = 448, .box_w = 11, .box_h = 17, .ofs_x = 8, .ofs_y = 1},
    {.bitmap_index = 8552, .adv_w = 269, .box_w = 6, .box_h = 16, .ofs_x = 5, .ofs_y = 3},
    {.bitmap_index = 8600, .adv_w = 448, .box_w = 12, .box_h = 9, .ofs_x = 8, .ofs_y = 10},
    {.bitmap_index = 8654, .adv_w = 448, .box_w = 18, .box_h = 4, .ofs_x = 5, .ofs_y = -5},
    {.bitmap_index = 8690, .adv_w = 448, .box_w = 7, .box_h = 8, .ofs_x = 10, .ofs_y = 11},
    {.bitmap_index = 8718, .adv_w = 254, .box_w = 15, .box_h = 15, .ofs_x = 1, .ofs_y = 1},
    {.bitmap_index = 8831, .adv_w = 265, .box_w = 15, .box_h = 18, .ofs_x = 1, .ofs_y = 1},
    {.bitmap_index = 8966, .adv_w = 215, .box_w = 12, .box_h = 15, .ofs_x = 1, .ofs_y = 1},
    {.bitmap_index = 9056, .adv_w = 276, .box_w = 15, .box_h = 18, .ofs_x = 1, .ofs_y = 1},
    {.bitmap_index = 9191, .adv_w = 246, .box_w = 14, .box_h = 15, .ofs_x = 1, .ofs_y = 1},
    {.bitmap_index = 9296, .adv_w = 221, .box_w = 14, .box_h = 19, .ofs_x = 0, .ofs_y = 1},
    {.bitmap_index = 9429, .adv_w = 266, .box_w = 14, .box_h = 19, .ofs_x = 1, .ofs_y = -5},
    {.bitmap_index = 9562, .adv_w = 291, .box_w = 16, .box_h = 18, .ofs_x = 1, .ofs_y = 1},
    {.bitmap_index = 9706, .adv_w = 145, .box_w = 7, .box_h = 17, .ofs_x = 1, .ofs_y = 1},
    {.bitmap_index = 9766, .adv_w = 160, .box_w = 11, .box_h = 22, .ofs_x = -2, .ofs_y = -4},
    {.bitmap_index = 9887, .adv_w = 280, .box_w = 16, .box_h = 18, .ofs_x = 1, .ofs_y = 1},
    {.bitmap_index = 10031, .adv_w = 160, .box_w = 9, .box_h = 18, .ofs_x = 1, .ofs_y = 1},
    {.bitmap_index = 10112, .adv_w = 393, .box_w = 23, .box_h = 14, .ofs_x = 1, .ofs_y = 1},
    {.bitmap_index = 10273, .adv_w = 297, .box_w = 17, .box_h = 14, .ofs_x = 1, .ofs_y = 1},
    {.bitmap_index = 10392, .adv_w = 261, .box_w = 15, .box_h = 14, .ofs_x = 1, .ofs_y = 1},
    {.bitmap_index = 10497, .adv_w = 281, .box_w = 16, .box_h = 18, .ofs_x = 1, .ofs_y = -4},
    {.bitmap_index = 10641, .adv_w = 275, .box_w = 15, .box_h = 18, .ofs_x = 1, .ofs_y = -4},
    {.bitmap_index = 10776, .adv_w = 231, .box_w = 13, .box_h = 14, .ofs_x = 1, .ofs_y = 1},
    {.bitmap_index = 10867, .adv_w = 215, .box_w = 13, .box_h = 16, .ofs_x = 0, .ofs_y = 1},
    {.bitmap_index = 10971, .adv_w = 233, .box_w = 14, .box_h = 17, .ofs_x = 0, .ofs_y = 1},
    {.bitmap_index = 11090, .adv_w = 292, .box_w = 17, .box_h = 14, .ofs_x = 1, .ofs_y = 1},
    {.bitmap_index = 11209, .adv_w = 275, .box_w = 17, .box_h = 14, .ofs_x = 0, .ofs_y = 1},
    {.bitmap_index = 11328, .adv_w = 381, .box_w = 22, .box_h = 14, .ofs_x = 1, .ofs_y = 1},
    {.bitmap_index = 11482, .adv_w = 273, .box_w = 17, .box_h = 14, .ofs_x = 0, .ofs_y = 1},
    {.bitmap_index = 11601, .adv_w = 288, .box_w = 16, .box_h = 18, .ofs_x = 1, .ofs_y = -4},
    {.bitmap_index = 11745, .adv_w = 248, .box_w = 14, .box_h = 14, .ofs_x = 1, .ofs_y = 1},
    {.bitmap_index = 11843, .adv_w = 269, .box_w = 10, .box_h = 23, .ofs_x = 3, .ofs_y = -1},
    {.bitmap_index = 11958, .adv_w = 448, .box_w = 5, .box_h = 24, .ofs_x = 11, .ofs_y = -3},
    {.bitmap_index = 12018, .adv_w = 269, .box_w = 11, .box_h = 22, .ofs_x = 3, .ofs_y = 0},
    {.bitmap_index = 12139, .adv_w = 448, .box_w = 15, .box_h = 8, .ofs_x = 6, .ofs_y = 8},
    {.bitmap_index = 12199, .adv_w = 448, .box_w = 24, .box_h = 21, .ofs_x = 2, .ofs_y = -1},
    {.bitmap_index = 12451, .adv_w = 448, .box_w = 16, .box_h = 16, .ofs_x = 6, .ofs_y = 2},
    {.bitmap_index = 12579, .adv_w = 448, .box_w = 22, .box_h = 20, .ofs_x = 3, .ofs_y = 0},
    {.bitmap_index = 12799, .adv_w = 448, .box_w = 23, .box_h = 21, .ofs_x = 3, .ofs_y = -1},
    {.bitmap_index = 13041, .adv_w = 448, .box_w = 22, .box_h = 23, .ofs_x = 3, .ofs_y = -2},
    {.bitmap_index = 13294, .adv_w = 448, .box_w = 20, .box_h = 24, .ofs_x = 4, .ofs_y = -2},
    {.bitmap_index = 13534, .adv_w = 448, .box_w = 18, .box_h = 26, .ofs_x = 5, .ofs_y = -3},
    {.bitmap_index = 13768, .adv_w = 448, .box_w = 22, .box_h = 21, .ofs_x = 3, .ofs_y = -1},
    {.bitmap_index = 13999, .adv_w = 448, .box_w = 28, .box_h = 29, .ofs_x = 0, .ofs_y = -4},
    {.bitmap_index = 14405, .adv_w = 448, .box_w = 28, .box_h = 21, .ofs_x = 0, .ofs_y = 0},
    {.bitmap_index = 14699, .adv_w = 448, .box_w = 28, .box_h = 25, .ofs_x = 0, .ofs_y = -2},
    {.bitmap_index = 15049, .adv_w = 448, .box_w = 28, .box_h = 21, .ofs_x = 0, .ofs_y = 0},
    {.bitmap_index = 15343, .adv_w = 308, .box_w = 20, .box_h = 21, .ofs_x = 0, .ofs_y = 0},
    {.bitmap_index = 15553, .adv_w = 448, .box_w = 28, .box_h = 29, .ofs_x = 0, .ofs_y = -4},
    {.bitmap_index = 15959, .adv_w = 448, .box_w = 27, .box_h = 29, .ofs_x = 1, .ofs_y = -4},
    {.bitmap_index = 16351, .adv_w = 504, .box_w = 32, .box_h = 25, .ofs_x = 0, .ofs_y = -2},
    {.bitmap_index = 16751, .adv_w = 448, .box_w = 28, .box_h = 29, .ofs_x = 0, .ofs_y = -4},
    {.bitmap_index = 17157, .adv_w = 504, .box_w = 32, .box_h = 21, .ofs_x = 0, .ofs_y = 0},
    {.bitmap_index = 17493, .adv_w = 448, .box_w = 28, .box_h = 29, .ofs_x = 0, .ofs_y = -4},
    {.bitmap_index = 17899, .adv_w = 224, .box_w = 14, .box_h = 23, .ofs_x = 0, .ofs_y = -1},
    {.bitmap_index = 18060, .adv_w = 336, .box_w = 21, .box_h = 23, .ofs_x = 0, .ofs_y = -1},
    {.bitmap_index = 18302, .adv_w = 504, .box_w = 32, .box_h = 27, .ofs_x = 0, .ofs_y = -3},
    {.bitmap_index = 18734, .adv_w = 448, .box_w = 28, .box_h = 21, .ofs_x = 0, .ofs_y = 0},
    {.bitmap_index = 19028, .adv_w = 308, .box_w = 20, .box_h = 29, .ofs_x = 0, .ofs_y = -4},
    {.bitmap_index = 19318, .adv_w = 392, .box_w = 18, .box_h = 26, .ofs_x = 3, .ofs_y = -3},
    {.bitmap_index = 19552, .adv_w = 392, .box_w = 25, .box_h = 29, .ofs_x = 0, .ofs_y = -4},
    {.bitmap_index = 19915, .adv_w = 392, .box_w = 25, .box_h = 25, .ofs_x = 0, .ofs_y = -2},
    {.bitmap_index = 20228, .adv_w = 392, .box_w = 25, .box_h = 25, .ofs_x = 0, .ofs_y = -2},
    {.bitmap_index = 20541, .adv_w = 392, .box_w = 18, .box_h = 26, .ofs_x = 3, .ofs_y = -3},
    {.bitmap_index = 20775, .adv_w = 392, .box_w = 26, .box_h = 25, .ofs_x = -1, .ofs_y = -2},
    {.bitmap_index = 21100, .adv_w = 280, .box_w = 16, .box_h = 25, .ofs_x = 1, .ofs_y = -2},
    {.bitmap_index = 21300, .adv_w = 280, .box_w = 16, .box_h = 25, .ofs_x = 1, .ofs_y = -2},
    {.bitmap_index = 21500, .adv_w = 392, .box_w = 25, .box_h = 25, .ofs_x = 0, .ofs_y = -2},
    {.bitmap_index = 21813, .adv_w = 392, .box_w = 25, .box_h = 7, .ofs_x = 0, .ofs_y = 7},
    {.bitmap_index = 21901, .adv_w = 504, .box_w = 32, .box_h = 21, .ofs_x = 0, .ofs_y = 0},
    {.bitmap_index = 22237, .adv_w = 560, .box_w = 35, .box_h = 29, .ofs_x = 0, .ofs_y = -4},
    {.bitmap_index = 22745, .adv_w = 504, .box_w = 33, .box_h = 29, .ofs_x = -1, .ofs_y = -4},
    {.bitmap_index = 23224, .adv_w = 448, .box_w = 28, .box_h = 25, .ofs_x = 0, .ofs_y = -2},
    {.bitmap_index = 23574, .adv_w = 392, .box_w = 25, .box_h = 15, .ofs_x = 0, .ofs_y = 3},
    {.bitmap_index = 23762, .adv_w = 392, .box_w = 25, .box_h = 15, .ofs_x = 0, .ofs_y = 3},
    {.bitmap_index = 23950, .adv_w = 560, .box_w = 35, .box_h = 22, .ofs_x = 0, .ofs_y = 0},
    {.bitmap_index = 24335, .adv_w = 448, .box_w = 28, .box_h = 21, .ofs_x = 0, .ofs_y = 0},
    {.bitmap_index = 24629, .adv_w = 448, .box_w = 28, .box_h = 29, .ofs_x = 0, .ofs_y = -4},
    {.bitmap_index = 25035, .adv_w = 448, .box_w = 29, .box_h = 29, .ofs_x = -1, .ofs_y = -4},
    {.bitmap_index = 25456, .adv_w = 392, .box_w = 25, .box_h = 25, .ofs_x = 0, .ofs_y = -2},
    {.bitmap_index = 25769, .adv_w = 392, .box_w = 25, .box_h = 29, .ofs_x = 0, .ofs_y = -4},
    {.bitmap_index = 26132, .adv_w = 392, .box_w = 25, .box_h = 25, .ofs_x = 0, .ofs_y = -2},
    {.bitmap_index = 26445, .adv_w = 392, .box_w = 25, .box_h = 23, .ofs_x = 0, .ofs_y = -1},
    {.bitmap_index = 26733, .adv_w = 448, .box_w = 28, .box_h = 21, .ofs_x = 0, .ofs_y = 0},
    {.bitmap_index = 27027, .adv_w = 280, .box_w = 19, .box_h = 29, .ofs_x = -1, .ofs_y = -4},
    {.bitmap_index = 27303, .adv_w = 392, .box_w = 25, .box_h = 29, .ofs_x = 0, .ofs_y = -4},
    {.bitmap_index = 27666, .adv_w = 392, .box_w = 25, .box_h = 29, .ofs_x = 0, .ofs_y = -4},
    {.bitmap_index = 28029, .adv_w = 504, .box_w = 32, .box_h = 21, .ofs_x = 0, .ofs_y = 0},
    {.bitmap_index = 28365, .adv_w = 448, .box_w = 30, .box_h = 29, .ofs_x = -1, .ofs_y = -4},
    {.bitmap_index = 28800, .adv_w = 336, .box_w = 21, .box_h = 29, .ofs_x = 0, .ofs_y = -4},
    {.bitmap_index = 29105, .adv_w = 560, .box_w = 35, .box_h = 26, .ofs_x = 0, .ofs_y = -2},
    {.bitmap_index = 29560, .adv_w = 560, .box_w = 35, .box_h = 19, .ofs_x = 0, .ofs_y = 1},
    {.bitmap_index = 29893, .adv_w = 560, .box_w = 35, .box_h = 19, .ofs_x = 0, .ofs_y = 1},
    {.bitmap_index = 30226, .adv_w = 560, .box_w = 35, .box_h = 19, .ofs_x = 0, .ofs_y = 1},
    {.bitmap_index = 30559, .adv_w = 560, .box_w = 35, .box_h = 19, .ofs_x = 0, .ofs_y = 1},
    {.bitmap_index = 30892, .adv_w = 560, .box_w = 35, .box_h = 19, .ofs_x = 0, .ofs_y = 1},
    {.bitmap_index = 31225, .adv_w = 560, .box_w = 36, .box_h = 23, .ofs_x = 0, .ofs_y = -1},
    {.bitmap_index = 31639, .adv_w = 392, .box_w = 22, .box_h = 29, .ofs_x = 1, .ofs_y = -4},
    {.bitmap_index = 31958, .adv_w = 392, .box_w = 25, .box_h = 29, .ofs_x = 0, .ofs_y = -4},
    {.bitmap_index = 32321, .adv_w = 448, .box_w = 29, .box_h = 29, .ofs_x = -1, .ofs_y = -4},
    {.bitmap_index = 32742, .adv_w = 560, .box_w = 35, .box_h = 21, .ofs_x = 0, .ofs_y = 0},
    {.bitmap_index = 33110, .adv_w = 336, .box_w = 21, .box_h = 29, .ofs_x = 0, .ofs_y = -4},
    {.bitmap_index = 33415, .adv_w = 451, .box_w = 29, .box_h = 19, .ofs_x = 0, .ofs_y = 1}
};

/*---------------------
 *  CHARACTER MAPPING
 *--------------------*/

static const uint16_t unicode_list_1[] = {
    0x0, 0xe89, 0x163d, 0x169a, 0x17ac, 0x1c73, 0x33ed, 0x4623,
    0xa0a5, 0xa0ac, 0xa0af, 0xa0b0, 0xa0b1, 0xa0b5, 0xa0b7, 0xa0b9,
    0xa0bd, 0xa0c0, 0xa0c5, 0xa0ca, 0xa0cb, 0xa0cc, 0xa0e2, 0xa0e7,
    0xa0ec, 0xa0ef, 0xa0f0, 0xa0f1, 0xa0f5, 0xa0f6, 0xa0f7, 0xa0f8,
    0xa10b, 0xa10c, 0xa112, 0xa114, 0xa115, 0xa118, 0xa11b, 0xa11c,
    0xa11d, 0xa11f, 0xa137, 0xa139, 0xa168, 0xa169, 0xa16b, 0xa16d,
    0xa184, 0xa18b, 0xa18e, 0xa197, 0xa1c0, 0xa1c8, 0xa1ff, 0xa28f,
    0xa2e4, 0xa2e5, 0xa2e6, 0xa2e7, 0xa2e8, 0xa32b, 0xa337, 0xa391,
    0xa3a8, 0xa5fe, 0xa866, 0xa946
};

/*Collect the unicode lists and glyph_id offsets*/
static const lv_font_fmt_txt_cmap_t cmaps[] =
{
    {
        .range_start = 32, .range_length = 95, .glyph_id_start = 1,
        .unicode_list = NULL, .glyph_id_ofs_list = NULL, .list_length = 0, .type = LV_FONT_FMT_TXT_CMAP_FORMAT0_TINY
    },
    {
        .range_start = 20316, .range_length = 43335, .glyph_id_start = 96,
        .unicode_list = unicode_list_1, .glyph_id_ofs_list = NULL, .list_length = 68, .type = LV_FONT_FMT_TXT_CMAP_SPARSE_TINY
    }
};

/*-----------------
 *    KERNING
 *----------------*/


/*Map glyph_ids to kern left classes*/
static const uint8_t kern_left_class_mapping[] =
{
    0, 0, 0, 0, 0, 0, 0, 0,
    0, 0, 0, 0, 0, 0, 0, 0,
    0, 0, 0, 0, 0, 0, 0, 0,
    0, 0, 0, 0, 0, 0, 0, 0,
    0, 0, 1, 0, 2, 3, 4, 5,
    0, 0, 0, 0, 6, 7, 0, 0,
    0, 8, 9, 10, 11, 12, 13, 14,
    0, 15, 16, 17, 0, 0, 0, 0,
    0, 0, 18, 19, 20, 0, 21, 22,
    23, 24, 0, 25, 26, 0, 24, 27,
    28, 29, 30, 31, 32, 33, 34, 35,
    36, 26, 37, 38, 0, 0, 0, 0,
    0, 0, 0, 0, 0, 0, 0, 0,
    0, 0, 0, 0, 0, 0, 0, 0,
    0, 0, 0, 0, 0, 0, 0, 0,
    0, 0, 0, 0, 0, 0, 0, 0,
    0, 0, 0, 0, 0, 0, 0, 0,
    0, 0, 0, 0, 0, 0, 0, 0,
    0, 0, 0, 0, 0, 0, 0, 0,
    0, 0, 0, 0, 0, 0, 0, 0,
    0, 0, 0, 0
};

/*Map glyph_ids to kern right classes*/
static const uint8_t kern_right_class_mapping[] =
{
    0, 0, 0, 0, 0, 0, 0, 0,
    0, 0, 0, 0, 0, 0, 0, 0,
    0, 0, 0, 0, 0, 0, 0, 0,
    0, 0, 0, 0, 0, 0, 0, 0,
    0, 0, 0, 0, 0, 0, 0, 0,
    0, 0, 0, 1, 0, 0, 0, 0,
    0, 0, 0, 0, 2, 3, 4, 5,
    6, 7, 8, 9, 0, 0, 0, 0,
    0, 0, 10, 0, 11, 12, 13, 14,
    15, 0, 0, 16, 0, 0, 0, 0,
    17, 18, 19, 0, 20, 21, 0, 22,
    23, 0, 24, 0, 0, 0, 0, 0,
    0, 0, 0, 0, 0, 0, 0, 0,
    0, 0, 0, 0, 0, 0, 0, 0,
    0, 0, 0, 0, 0, 0, 0, 0,
    0, 0, 0, 0, 0, 0, 0, 0,
    0, 0, 0, 0, 0, 0, 0, 0,
    0, 0, 0, 0, 0, 0, 0, 0,
    0, 0, 0, 0, 0, 0, 0, 0,
    0, 0, 0, 0, 0, 0, 0, 0,
    0, 0, 0, 0
};

/*Kern values between classes*/
static const int8_t kern_class_values[] =
{
    0, 0, -32, 0, 0, 0, 0, -32,
    0, 0, 0, 0, 0, 0, 0, 0,
    0, 0, 0, 0, 0, 0, 0, 0,
    0, 0, 0, -18, 0, -18, 0, 0,
    0, 0, 0, 0, 0, -30, 0, 0,
    0, 0, 0, 0, -30, -25, 0, 0,
    0, 0, 0, 0, 0, 0, 0, 0,
    0, 0, 0, 0, 0, 0, 0, -18,
    0, 0, 0, 0, 0, 0, 0, 0,
    0, 0, 0, 0, 0, 0, 0, 0,
    0, 0, 0, 0, 0, 0, 0, 0,
    0, 0, 0, 0, -20, -19, 0, 0,
    -18, 0, 0, 0, 19, 0, 0, 18,
    0, -22, 0, 0, 0, 0, 0, -24,
    0, -19, 0, 0, 0, 0, 0, 0,
    0, 0, 0, 0, 0, 0, 0, 0,
    0, 0, 0, 0, 0, 0, 0, 0,
    0, 0, 0, 0, -21, -18, 0, 0,
    0, 0, -59, -22, -52, -24, 0, -73,
    0, 0, 0, 0, 0, -33, 0, 0,
    0, 0, 0, 0, -29, -26, 0, 0,
    0, 0, 0, 0, 0, 0, 0, 0,
    0, 0, 0, 0, 0, 0, 0, -20,
    0, 0, 0, 0, 0, 0, 0, 0,
    0, 0, 0, 0, 0, 0, 0, -18,
    0, 0, 0, 0, 0, 0, 0, 0,
    0, 0, 0, 0, 0, 0, 0, 0,
    0, 0, -18, 0, 0, 0, 0, -23,
    0, 0, 0, 0, 0, -19, 0, 0,
    0, 0, 0, 0, -19, 0, 0, 0,
    0, 0, -21, 0, 0, 0, 0, 0,
    0, 0, 0, 0, 0, 0, 0, 0,
    0, 0, 0, 0, 0, 0, 0, 0,
    -33, 0, 40, 20, 34, 19, 22, 34,
    27, 0, -33, -34, -24, 0, -33, 0,
    -31, -37, -36, -18, -23, 0, -19, -26,
    0, 0, 0, 0, 0, 0, 0, 0,
    0, 0, 0, 0, 0, 0, 0, 0,
    0, -18, 0, 0, 0, 0, 0, 0,
    -36, 0, 26, 0, 22, 0, 0, 22,
    0, 0, -20, -28, 0, 0, -27, 0,
    -25, -31, -29, -18, 0, 0, 0, 0,
    0, 0, 0, 0, 0, 0, 0, 0,
    0, 0, 0, 0, 0, -23, 0, 0,
    0, 0, 0, 0, -22, -19, 0, 0,
    -34, 0, 37, 0, 36, 18, 24, 39,
    30, 0, -27, -28, -23, 0, -26, 0,
    -28, -33, -28, -18, 0, 0, 0, -21,
    0, 0, 0, 0, 0, 0, 0, -22,
    0, 0, 0, 0, 0, -28, 0, 0,
    0, 0, 0, 0, -26, -20, 0, 0,
    0, 0, -46, 0, -31, 0, 0, -47,
    0, 0, 0, 0, 0, 0, 0, 0,
    0, 0, 0, 0, 0, 0, 0, 0,
    0, 0, -50, 0, -28, 0, 0, -52,
    0, 0, 0, 0, 0, 0, 0, 0,
    0, 0, 0, 0, 0, 0, 0, 0,
    0, 0, -25, 0, 0, 0, 0, -24,
    0, 0, 0, 0, 0, 0, 0, 0,
    0, 0, 0, 0, 0, 0, 0, 0,
    0, 0, -39, 0, -20, 0, 0, -36,
    0, 0, 0, 0, 0, 0, 0, 0,
    0, 0, 0, 0, 0, 0, 0, 0,
    0, 0, 23, 0, 19, 0, 0, 0,
    0, 0, 0, 0, 0, 0, 0, 0,
    0, 0, 0, 0, 0, 0, 0, 0,
    0, 0, -55, 0, -30, 0, 0, -55,
    0, 0, 0, 0, 0, 0, 0, 0,
    0, 0, 0, 0, 0, 0, 0, 0,
    0, 0, -52, 0, -30, 0, 0, -50,
    0, 0, 0, 0, 0, 0, 0, 0,
    0, 0, 0, 0, 0, 0, 0, 0,
    0, 0, 0, 0, 0, 0, 0, -21,
    0, 0, 0, 0, 0, 0, 0, 0,
    0, 0, 0, 0, 0, 0, 0, 0,
    0, 0, -26, 0, 0, 0, 0, -25,
    0, 0, 0, 0, 0, 0, 0, 0,
    0, 0, 0, 0, 0, 0, 0, 0,
    0, 0, -52, 0, -26, 0, 0, -48,
    0, 0, 0, 0, 0, 0, 0, 0,
    0, 0, 0, 0, 0, 0, 0, 0,
    0, 0, -50, 0, -26, 0, 0, -47,
    0, 0, 0, 0, 0, 0, 0, 0,
    0, 0, 0, 0, 0, 0, 0, 0,
    0, 0, -48, 0, -27, 0, 0, -51,
    0, 0, 0, 0, 0, 0, 0, 0,
    0, 0, 0, 0, 0, 0, 0, 0,
    0, 0, -55, 0, -28, 0, 0, -52,
    0, 0, 0, 0, 0, 0, 0, 25,
    0, 0, 0, 0, 0, 0, 0, 0,
    0, -29, -53, 0, 0, 0, -39, -36,
    -35, 0, 0, 0, 0, 0, 0, -25,
    0, 0, 0, 0, 0, 0, 0, 0,
    0, 0, -29, 0, -19, 0, 0, -32,
    0, 0, 0, 0, 0, 0, 0, 0,
    0, 0, 0, 0, 0, 0, 0, 0,
    0, 0, -30, 0, 0, 0, 0, -35,
    0, 0, 0, 0, 0, 0, 0, 0,
    0, 0, 0, 0, 0, 0, 0, 0,
    0, 0, -39, 0, -23, 0, 0, -42,
    0, 0, 0, 0, 0, 0, 0, 0,
    0, 0, 0, 0, 0, 0, 0, 0,
    0, 0, -22, 0, 0, 0, -20, 0,
    -30, 0, 0, 0, 0, 0, 0, 0,
    0, 0, 0, 0, 0, 0, 0, 0,
    0, 0, -31, 0, 0, 0, 0, -24,
    0, 0, 0, 0, 0, 0, 0, 0,
    0, 0, 0, 0, 0, 0, 0, 0,
    0, 0, -40, 0, -24, 0, 0, -46,
    0, 0, 0, 0, 0, 0, 0, 0,
    0, 0, 0, 0, 0, 0, 0, 0,
    0, 0, -37, 0, 0, 0, 0, -34,
    0, 0, 0, 0, 0, 0, 0, 0,
    0, 0, 0, 0, 0, 0, 0, 0
};


/*Collect the kern class' data in one place*/
static const lv_font_fmt_txt_kern_classes_t kern_classes =
{
    .class_pair_values   = kern_class_values,
    .left_class_mapping  = kern_left_class_mapping,
    .right_class_mapping = kern_right_class_mapping,
    .left_class_cnt      = 38,
    .right_class_cnt     = 24,
};

/*--------------------
 *  ALL CUSTOM DATA
 *--------------------*/

#if LVGL_VERSION_MAJOR == 8
/*Store all the custom data of the font*/
static  lv_font_fmt_txt_glyph_cache_t cache;
#endif

#if LVGL_VERSION_MAJOR >= 8
static const lv_font_fmt_txt_dsc_t font_dsc = {
#else
static lv_font_fmt_txt_dsc_t font_dsc = {
#endif
    .glyph_bitmap = glyph_bitmap,
    .glyph_dsc = glyph_dsc,
    .cmaps = cmaps,
    .kern_dsc = &kern_classes,
    .kern_scale = 16,
    .cmap_num = 2,
    .bpp = 4,
    .kern_classes = 1,
    .bitmap_format = 0,
#if LVGL_VERSION_MAJOR == 8
    .cache = &cache
#endif
};



/*-----------------
 *  PUBLIC FONT
 *----------------*/

/*Initialize a public general font descriptor*/
#if LVGL_VERSION_MAJOR >= 8
const lv_font_t lv_font_DAIMENG_28 = {
#else
lv_font_t lv_font_DAIMENG_28 = {
#endif
    .get_glyph_dsc = lv_font_get_glyph_dsc_fmt_txt,    /*Function pointer to get glyph's data*/
    .get_glyph_bitmap = lv_font_get_bitmap_fmt_txt,    /*Function pointer to get glyph's bitmap*/
    .line_height = 28,          /*The maximum line height required by the font*/
    .base_line = 4.2,             /*Baseline measured from the bottom of the line*/
#if !(LVGL_VERSION_MAJOR == 6 && LVGL_VERSION_MINOR == 0)
    .subpx = LV_FONT_SUBPX_NONE,
#endif
#if LV_VERSION_CHECK(7, 4, 0) || LVGL_VERSION_MAJOR >= 8
    .underline_position = -4,
    .underline_thickness = 1,
#endif
    .dsc = &font_dsc,          /*The custom font data. Will be accessed by `get_glyph_bitmap/dsc` */
#if LV_VERSION_CHECK(8, 2, 0) || LVGL_VERSION_MAJOR >= 9
    .fallback = NULL,
#endif
};



#endif /*#if LV_FONT_DAIMENG_28*/

