#ifndef _BL6XX8_H_
#define _BL6XX8_H_

// SoftVersion: TouchTools1.18.014
// ComputerName: SZ-BL-A-0272
// OperatorTime: 2026-07-14 14:34:21:979

//const unsigned char bin_pjid_arr[] = {1};
//const unsigned char bin_fwid_arr[] = {1};
//const unsigned char bin_arg_id_arr[] = {4};

extern const unsigned char fwbin[];

const unsigned char fwbin[] = {
0xF8,0x0E,0x01,0x00,0x9D,0x01,0x00,0x00,0x2D,0x65,0x00,0x00,0x07,0x64,0x00,0x00,  //0x0000~0x000f      ........-e...d..
0x00,0x00,0x00,0x00,0x00,0x00,0x00,0x00,0x00,0x00,0x00,0x00,0x00,0x00,0x00,0x00,  //0x0010~0x001f      ................
0x00,0x00,0x00,0x00,0x00,0x00,0x00,0x00,0x00,0x00,0x00,0x00,0xDD,0x65,0x00,0x00,  //0x0020~0x002f      .............e..
0x00,0x00,0x00,0x00,0x00,0x00,0x00,0x00,0xB5,0x65,0x00,0x00,0x6D,0x66,0x00,0x00,  //0x0030~0x003f      .........e..mf..
0x99,0x63,0x00,0x00,0x9D,0x66,0x00,0x00,0x81,0x66,0x00,0x00,0xD1,0x66,0x00,0x00,  //0x0040~0x004f      .c...f...f...f..
0x11,0x64,0x00,0x00,0x41,0x64,0x00,0x00,0x29,0x64,0x00,0x00,0x59,0x64,0x00,0x00,  //0x0050~0x005f      .d..Ad..)d..Yd..
0xE9,0x66,0x00,0x00,0xAF,0x01,0x00,0x00,0x7D,0x63,0x00,0x00,0x65,0x64,0x00,0x00,  //0x0060~0x006f      .f......}c..ed..
0x6D,0x64,0x00,0x00,0x00,0x00,0x00,0x00,0x00,0x00,0x00,0x00,0x00,0x00,0x00,0x00,  //0x0070~0x007f      md..............
0x00,0x00,0x00,0x00,0x00,0x00,0x00,0x00,0x00,0x00,0x00,0x00,0x00,0x00,0x00,0x00,  //0x0080~0x008f      ................
0x00,0x00,0x00,0x00,0x00,0x00,0x00,0x00,0x00,0x00,0x00,0x00,0x00,0x00,0x00,0x00,  //0x0090~0x009f      ................
0x00,0x00,0x00,0x00,0x00,0x00,0x00,0x00,0x00,0x00,0x00,0x00,0x00,0x00,0x00,0x00,  //0x00a0~0x00af      ................
0x00,0x00,0x00,0x00,0x00,0x00,0x00,0x00,0x00,0x00,0x00,0x00,0x00,0x00,0x00,0x00,  //0x00b0~0x00bf      ................
0x00,0xF0,0x02,0xF8,0x00,0xF0,0x3E,0xF8,0x0C,0xA0,0x30,0xC8,0x08,0x38,0x24,0x18,  //0x00c0~0x00cf      ......>...0..8$.
0x2D,0x18,0xA2,0x46,0x67,0x1E,0xAB,0x46,0x54,0x46,0x5D,0x46,0xAC,0x42,0x01,0xD1,  //0x00d0~0x00df      -..Fg..FTF]F.B..
0x00,0xF0,0x30,0xF8,0x7E,0x46,0x0F,0x3E,0x0F,0xCC,0xB6,0x46,0x01,0x26,0x33,0x42,  //0x00e0~0x00ef      ..0.~F.>...F.&3B
0x00,0xD0,0xFB,0x1A,0xA2,0x46,0xAB,0x46,0x33,0x43,0x18,0x47,0xA0,0x79,0x00,0x00,  //0x00f0~0x00ff      .....F.F3C.G.y..
0xC0,0x79,0x00,0x00,0x10,0x3A,0x02,0xD3,0x78,0xC8,0x78,0xC1,0xFA,0xD8,0x52,0x07,  //0x0100~0x010f      .y...:..x.x...R.
0x01,0xD3,0x30,0xC8,0x30,0xC1,0x01,0xD5,0x04,0x68,0x0C,0x60,0x70,0x47,0x00,0x00,  //0x0110~0x011f      ..0.0....h.`pG..
0x00,0x23,0x00,0x24,0x00,0x25,0x00,0x26,0x10,0x3A,0x01,0xD3,0x78,0xC1,0xFB,0xD8,  //0x0120~0x012f      .#.$.%.&.:..x...
0x52,0x07,0x00,0xD3,0x30,0xC1,0x00,0xD5,0x0B,0x60,0x70,0x47,0x1F,0xB5,0x1F,0xBD,  //0x0130~0x013f      R...0....`pG....
0x10,0xB5,0x10,0xBD,0x00,0xF0,0x6A,0xFC,0x11,0x46,0xFF,0xF7,0xF7,0xFF,0x07,0xF0,  //0x0140~0x014f      ......j..F......
0x4F,0xF8,0x00,0xF0,0x82,0xFC,0x03,0xB4,0xFF,0xF7,0xF2,0xFF,0x03,0xBC,0x00,0xF0,  //0x0150~0x015f      O...............
0x85,0xFC,0x00,0x00,0x70,0xB5,0x05,0x46,0x0C,0x46,0x16,0x46,0x02,0xE0,0x0F,0xCC,  //0x0160~0x016f      ....p..F.F.F....
0x0F,0xC5,0x10,0x3E,0x10,0x2E,0xFA,0xD2,0x08,0x2E,0x02,0xD3,0x03,0xCC,0x03,0xC5,  //0x0170~0x017f      ...>............
0x08,0x3E,0x04,0x2E,0x07,0xD3,0x01,0xCC,0x01,0xC5,0x36,0x1F,0x03,0xE0,0x21,0x78,  //0x0180~0x018f      .>........6...!x
0x29,0x70,0x64,0x1C,0x6D,0x1C,0x76,0x1E,0xF9,0xD2,0x70,0xBD,0x07,0x48,0x80,0x47,  //0x0190~0x019f      )pd.m.v...p..H.G
0x07,0x48,0x00,0x47,0xFE,0xE7,0xFE,0xE7,0xFE,0xE7,0xFE,0xE7,0xFE,0xE7,0xFE,0xE7,  //0x01a0~0x01af      .H.G............
0x04,0x48,0x05,0x49,0x05,0x4A,0x06,0x4B,0x70,0x47,0x00,0x00,0x71,0x66,0x00,0x00,  //0x01b0~0x01bf      .H.I.J.KpG..qf..
0xC1,0x00,0x00,0x00,0xF8,0x09,0x01,0x00,0xF8,0x0E,0x01,0x00,0xF8,0x0A,0x01,0x00,  //0x01c0~0x01cf      ................
0xF8,0x0A,0x01,0x00,0xD2,0xB2,0x10,0xB5,0x13,0x02,0x9A,0x18,0x13,0x04,0x9A,0x18,  //0x01d0~0x01df      ................
0x00,0xF0,0x5C,0xFA,0x10,0xBD,0x70,0x47,0x70,0x47,0x70,0x47,0x00,0x48,0x70,0x47,  //0x01e0~0x01ef      ......pGpGpG.HpG
0x94,0x09,0x01,0x00,0x00,0x48,0x70,0x47,0x94,0x09,0x01,0x00,0x70,0x47,0x70,0x47,  //0x01f0~0x01ff      .....HpG....pGpG
0x63,0x68,0x70,0x5F,0x63,0x66,0x67,0x5F,0x6D,0x61,0x72,0x6B,0x00,0x00,0x00,0x58,  //0x0200~0x020f      chp_cfg_mark...X
0x59,0x44,0x32,0x31,0x30,0x46,0x43,0x37,0x35,0x30,0x00,0x00,0x00,0x00,0x00,0x00,  //0x0210~0x021f      YD210FC750......
0x00,0x00,0x00,0x06,0x03,0x06,0x0C,0x07,0x07,0x08,0x01,0x04,0x01,0x5C,0x00,0x25,  //0x0220~0x022f      ...............%
0x00,0x32,0x30,0x31,0x37,0x2D,0x33,0x2D,0x32,0x32,0x00,0x00,0x00,0x00,0x00,0x00,  //0x0230~0x023f      .2017-3-22......
0x00,0x00,0x00,0x00,0x00,0x44,0x65,0x63,0x20,0x31,0x36,0x20,0x32,0x30,0x32,0x35,  //0x0240~0x024f      .....Dec.16.2025
0x00,0x31,0x38,0x3A,0x32,0x34,0x3A,0x30,0x34,0x00,0x00,0x00,0x00,0x61,0x64,0x64,  //0x0250~0x025f      .18:24:04....add
0x3A,0x01,0x2C,0x01,0x73,0x02,0x01,0x00,0x00,0x01,0x01,0x01,0x01,0x01,0x01,0x01,  //0x0260~0x026f      :.,.s...........
0x00,0x00,0x00,0xC8,0x00,0x01,0x00,0x01,0x00,0xF4,0x01,0x02,0x00,0x68,0x01,0x68,  //0x0270~0x027f      .............h.h
0x01,0xB0,0x04,0x4C,0x04,0x3C,0x00,0x14,0x05,0x0A,0x08,0x3C,0x04,0x04,0x02,0x02,  //0x0280~0x028f      ...L.<.....<....
0x03,0x03,0x08,0x0A,0x32,0x40,0x02,0x60,0x60,0x60,0x60,0x60,0x60,0x03,0x08,0x00,  //0x0290~0x029f      ....2@.``````...
0x00,0x00,0x00,0x00,0x00,0x00,0x00,0x00,0x00,0x00,0x00,0x00,0x00,0x00,0x00,0x00,  //0x02a0~0x02af      ................
0x00,0x00,0x00,0x00,0x00,0x00,0x00,0x00,0x00,0x00,0x00,0x01,0x78,0x06,0x04,0x70,  //0x02b0~0x02bf      ............x..p
0x17,0x05,0x0A,0x03,0x06,0xD0,0x07,0x03,0x00,0x0A,0x01,0x06,0x2C,0x01,0x06,0xDC,  //0x02c0~0x02cf      ............,...
0x05,0x64,0x00,0x01,0x80,0x3E,0x1E,0x00,0x50,0x72,0x6F,0x56,0x65,0x72,0x4B,0x65,  //0x02d0~0x02df      .d...>..ProVerKe
0x79,0x00,0x00,0x01,0xFF,0xFE,0x16,0x00,0x15,0x01,0x13,0x02,0x12,0x03,0x11,0x06,  //0x02e0~0x02ef      y...............
0x0F,0x07,0x0D,0x08,0x0C,0x0A,0x64,0x64,0x64,0x64,0x64,0x64,0x64,0x64,0x64,0x64,  //0x02f0~0x02ff      ......dddddddddd
0x64,0x64,0x10,0x01,0x0F,0x02,0x0E,0x03,0x0D,0x04,0x0C,0x05,0x0B,0x06,0x0A,0x07,  //0x0300~0x030f      dd..............
0x09,0x08,0x64,0x64,0x64,0x64,0x64,0x64,0x64,0x64,0x64,0x64,0x64,0x64,0x10,0x00,  //0x0310~0x031f      ..dddddddddddd..
0x01,0x04,0x05,0x0A,0x0B,0x14,0x00,0xD0,0x07,0x43,0x01,0x01,0x01,0x01,0x00,0x00,  //0x0320~0x032f      .........C......
0x00,0x00,0x00,0x00,0x00,0x00,0x2A,0x00,0x2E,0x00,0xC3,0x00,0xAF,0x00,0x7C,0x01,  //0x0330~0x033f      ......*.......|.
0x5E,0x01,0x00,0x00,0x3E,0x3C,0x43,0x3C,0x50,0x00,0x18,0x01,0x48,0x03,0x00,0x00,  //0x0340~0x034f      ^...><C<P...H...
0x00,0xA0,0x0F,0x3C,0x00,0x78,0x00,0x78,0x00,0xB4,0x00,0xB4,0x00,0xF0,0x00,0x0A,  //0x0350~0x035f      ...<.x.x........
0x00,0xA0,0x0F,0xC8,0x00,0xA0,0x0F,0x2C,0x01,0xA0,0x0F,0x90,0x01,0xA0,0x0F,0x0A,  //0x0360~0x036f      .......,........
0x0A,0x0A,0x0A,0x0A,0x0A,0x0A,0x0A,0x0A,0x0A,0x23,0x22,0x21,0x20,0x1F,0x1E,0x1D,  //0x0370~0x037f      .........#"!....
0x1C,0x1B,0x1A,0x19,0x18,0x17,0x16,0x15,0x14,0x13,0x12,0x11,0x10,0x0F,0x0E,0x0D,  //0x0380~0x038f      ................
0x0C,0x0B,0x0A,0x09,0x08,0x07,0x06,0x05,0x04,0x03,0x02,0x01,0x00,0x00,0x00,0x00,  //0x0390~0x039f      ................
0x00,0x00,0x00,0x00,0x00,0x00,0x00,0x00,0x00,0x00,0x00,0x00,0x00,0x00,0x00,0x00,  //0x03a0~0x03af      ................
0x00,0x00,0x00,0x00,0x00,0x00,0x00,0x00,0x00,0x00,0x00,0x00,0x00,0x00,0x00,0x0A,  //0x03b0~0x03bf      ................
0x0A,0x0A,0x0A,0x0A,0x0A,0x0A,0x0A,0x0A,0x0A,0xDD,0xDE,0xDF,0xE0,0xE1,0xE2,0xE3,  //0x03c0~0x03cf      ................
0xE4,0xE5,0xE6,0xE7,0xE8,0xE9,0xEA,0xEB,0xEC,0xED,0xEE,0xEF,0xF0,0xF1,0xF2,0xF3,  //0x03d0~0x03df      ................
0xF4,0xF5,0xF6,0xF7,0xF8,0xF9,0xFA,0xFB,0xFC,0xFD,0xFE,0xFF,0x00,0x00,0x00,0x00,  //0x03e0~0x03ef      ................
0x00,0x00,0x00,0x00,0x00,0x00,0x00,0x00,0x00,0x00,0x00,0x00,0x00,0x00,0x00,0x00,  //0x03f0~0x03ff      ................
0x00,0x00,0x00,0x00,0x00,0x00,0x00,0x00,0x00,0x00,0x00,0x00,0x00,0x00,0x00,0x01,  //0x0400~0x040f      ................
0x00,0x00,0xEE,0xFF,0x32,0x00,0x01,0x07,0x50,0x00,0x01,0x07,0x5E,0x01,0x01,0x03,  //0x0410~0x041f      ....2...P...^...
0x52,0x00,0x01,0x03,0x03,0x03,0x01,0x01,0x01,0x01,0x01,0x01,0x01,0x01,0x01,0x01,  //0x0420~0x042f      R...............
0x01,0x01,0x01,0x01,0x00,0x00,0x00,0x00,0x00,0x00,0x00,0x00,0x00,0x00,0x00,0x00,  //0x0430~0x043f      ................
0x00,0x00,0x08,0x32,0x32,0x00,0x00,0x1B,0x12,0x64,0x00,0xFF,0xFF,0xFF,0xFF,0x2C,  //0x0440~0x044f      ...22....d.....,
0x01,0xC8,0x04,0x96,0x00,0x01,0x00,0x16,0x1E,0x01,0x00,0x00,0x00,0x00,0x00,0x00,  //0x0450~0x045f      ................
0x00,0x00,0x00,0x00,0x00,0x00,0x00,0xE8,0x03,0x64,0x00,0x90,0x01,0x0C,0x18,0x01,  //0x0460~0x046f      .........d......
0x00,0x01,0x58,0x08,0x08,0x00,0x00,0x00,0x00,0x00,0x00,0x00,0x00,0x00,0x00,0x00,  //0x0470~0x047f      ..X.............
0x00,0x00,0x00,0x00,0x00,0x00,0x00,0x00,0x00,0x00,0x00,0x00,0x00,0x00,0x00,0x00,  //0x0480~0x048f      ................
0x00,0x00,0x00,0x00,0x00,0x00,0x00,0x00,0x00,0x00,0x00,0x00,0x00,0x00,0x00,0x00,  //0x0490~0x049f      ................
0x00,0x00,0x00,0x00,0x00,0x00,0x00,0x00,0x00,0x00,0x00,0x00,0x00,0x00,0x00,0x00,  //0x04a0~0x04af      ................
0x00,0x00,0x00,0x00,0x00,0x00,0x00,0x00,0x00,0x00,0x00,0x00,0x00,0x00,0x00,0x00,  //0x04b0~0x04bf      ................
0x00,0x00,0x00,0x00,0x00,0x00,0x00,0x00,0x00,0x00,0x00,0x00,0x00,0x00,0x00,0x00,  //0x04c0~0x04cf      ................
0x00,0x00,0x00,0x00,0x00,0x00,0x00,0x00,0x00,0x00,0x00,0x00,0x00,0x00,0x00,0x00,  //0x04d0~0x04df      ................
0x00,0x00,0x00,0x00,0x00,0x00,0x00,0x00,0x00,0x00,0x00,0x00,0x00,0x00,0x00,0x00,  //0x04e0~0x04ef      ................
0x00,0x00,0x00,0x00,0x00,0x00,0x00,0x00,0x00,0x00,0x00,0x00,0x00,0x00,0x00,0x00,  //0x04f0~0x04ff      ................
0x00,0x00,0x00,0x00,0x00,0x00,0x00,0x00,0x00,0x00,0x00,0x00,0x00,0x00,0x00,0x00,  //0x0500~0x050f      ................
0x00,0x00,0x00,0x00,0x00,0x00,0x00,0x00,0x00,0x00,0x00,0x00,0x00,0x00,0x00,0x00,  //0x0510~0x051f      ................
0x00,0x00,0x00,0x00,0x00,0x00,0x00,0x00,0x00,0x00,0x00,0x00,0x00,0x00,0x00,0x00,  //0x0520~0x052f      ................
0x00,0x00,0x00,0x00,0x00,0x00,0x00,0x00,0x00,0x00,0x00,0x00,0x00,0x00,0x00,0x00,  //0x0530~0x053f      ................
0x00,0x00,0x00,0x00,0x00,0x00,0x00,0x00,0x00,0x00,0x00,0x00,0x00,0x00,0x00,0x00,  //0x0540~0x054f      ................
0x00,0x00,0x00,0x00,0x00,0x00,0x00,0x00,0x00,0x00,0x00,0x00,0x00,0x00,0x00,0x00,  //0x0550~0x055f      ................
0x00,0x00,0x00,0x00,0x00,0x00,0x00,0x00,0x00,0x00,0x00,0x00,0x00,0x00,0x00,0x00,  //0x0560~0x056f      ................
0x00,0x00,0x00,0x00,0x00,0x00,0x00,0x00,0x00,0x00,0x00,0x00,0x00,0x00,0x00,0x00,  //0x0570~0x057f      ................
0x00,0x00,0x00,0x00,0x00,0x00,0x00,0x00,0x00,0x00,0x00,0x00,0x00,0x00,0x00,0x00,  //0x0580~0x058f      ................
0x00,0x00,0x00,0x00,0x00,0x00,0x00,0x00,0x00,0x00,0x00,0x00,0x00,0x00,0x00,0x00,  //0x0590~0x059f      ................
0x00,0x00,0x00,0x00,0x00,0x00,0x00,0x00,0x00,0x00,0x00,0x00,0x00,0x00,0x00,0x00,  //0x05a0~0x05af      ................
0x00,0x00,0x00,0x00,0x00,0x00,0x00,0x00,0x00,0x00,0x00,0x00,0x00,0x00,0x00,0x00,  //0x05b0~0x05bf      ................
0x00,0x00,0x00,0x00,0x00,0x00,0x00,0x00,0x00,0x00,0x00,0x00,0x00,0x00,0x00,0x00,  //0x05c0~0x05cf      ................
0x00,0x00,0x00,0x00,0x00,0x00,0x00,0x00,0x00,0x00,0x00,0x00,0x00,0x00,0x00,0x00,  //0x05d0~0x05df      ................
0x00,0x00,0x00,0x00,0x00,0x00,0x00,0x00,0x00,0x00,0x00,0x00,0x00,0x00,0x00,0x00,  //0x05e0~0x05ef      ................
0x00,0x00,0x00,0x00,0x00,0x00,0x00,0x00,0x00,0x00,0x00,0x00,0xAA,0x55,0x09,0x09,  //0x05f0~0x05ff      .............U..
0xF8,0xB5,0x04,0x2A,0x2C,0xD3,0x83,0x07,0x12,0xD0,0x0B,0x78,0x49,0x1C,0x03,0x70,  //0x0600~0x060f      ...*,......xI..p
0x40,0x1C,0x52,0x1E,0x83,0x07,0x0B,0xD0,0x0B,0x78,0x49,0x1C,0x03,0x70,0x40,0x1C,  //0x0610~0x061f      @.R......xI..p@.
0x52,0x1E,0x83,0x07,0x04,0xD0,0x0B,0x78,0x49,0x1C,0x03,0x70,0x40,0x1C,0x52,0x1E,  //0x0620~0x062f      R......xI..p@.R.
0x8B,0x07,0x9B,0x0F,0x05,0xD0,0xC9,0x1A,0xDF,0x00,0x20,0x23,0xDE,0x1B,0x08,0xC9,  //0x0630~0x063f      ...........#....
0x0A,0xE0,0xFF,0xF7,0x8F,0xFD,0xF8,0xBD,0x1D,0x46,0x08,0xC9,0xFD,0x40,0x1C,0x46,  //0x0640~0x064f      .........F...@.F
0xB4,0x40,0x2C,0x43,0x10,0xC0,0x12,0x1F,0x04,0x2A,0xF5,0xD2,0xF3,0x08,0xC9,0x1A,  //0x0650~0x065f      .@,C.....*......
0x52,0x1E,0xF0,0xD4,0x0B,0x78,0x49,0x1C,0x03,0x70,0x40,0x1C,0x52,0x1E,0xEA,0xD4,  //0x0660~0x066f      R....xI..p@.R...
0x0B,0x78,0x49,0x1C,0x03,0x70,0x40,0x1C,0x01,0x2A,0xE4,0xD4,0x09,0x78,0x01,0x70,  //0x0670~0x067f      .xI..p@..*...x.p
0xF8,0xBD,0x01,0xE0,0x04,0xC0,0x09,0x1F,0x04,0x29,0xFB,0xD2,0x8B,0x07,0x01,0xD5,  //0x0680~0x068f      .........)......
0x02,0x80,0x80,0x1C,0xC9,0x07,0x00,0xD0,0x02,0x70,0x70,0x47,0x00,0x29,0x0B,0xD0,  //0x0690~0x069f      .........ppG.)..
0xC3,0x07,0x02,0xD0,0x02,0x70,0x40,0x1C,0x49,0x1E,0x02,0x29,0x04,0xD3,0x83,0x07,  //0x06a0~0x06af      .....p@.I..)....
0x02,0xD5,0x02,0x80,0x80,0x1C,0x89,0x1E,0xE3,0xE7,0x00,0x22,0xEE,0xE7,0x00,0x22,  //0x06b0~0x06bf      ..........."..."
0xDF,0xE7,0x03,0x78,0xC2,0x78,0x19,0x46,0x43,0x78,0x12,0x06,0x1B,0x02,0x19,0x43,  //0x06c0~0x06cf      ...x.x.FCx.....C
0x83,0x78,0xC0,0x78,0x1B,0x04,0x19,0x43,0x11,0x43,0x09,0x02,0x09,0x0A,0x00,0x06,  //0x06d0~0x06df      .x.x...C.C......
0x08,0x43,0x70,0x47,0x00,0x22,0x03,0x09,0x8B,0x42,0x2C,0xD3,0x03,0x0A,0x8B,0x42,  //0x06e0~0x06ef      .CpG."...B,....B
0x11,0xD3,0x00,0x23,0x9C,0x46,0x4E,0xE0,0x03,0x46,0x0B,0x43,0x3C,0xD4,0x00,0x22,  //0x06f0~0x06ff      ...#.FN..F.C<.."
0x43,0x08,0x8B,0x42,0x31,0xD3,0x03,0x09,0x8B,0x42,0x1C,0xD3,0x03,0x0A,0x8B,0x42,  //0x0700~0x070f      C..B1....B.....B
0x01,0xD3,0x94,0x46,0x3F,0xE0,0xC3,0x09,0x8B,0x42,0x01,0xD3,0xCB,0x01,0xC0,0x1A,  //0x0710~0x071f      ...F?....B......
0x52,0x41,0x83,0x09,0x8B,0x42,0x01,0xD3,0x8B,0x01,0xC0,0x1A,0x52,0x41,0x43,0x09,  //0x0720~0x072f      RA...B......RAC.
0x8B,0x42,0x01,0xD3,0x4B,0x01,0xC0,0x1A,0x52,0x41,0x03,0x09,0x8B,0x42,0x01,0xD3,  //0x0730~0x073f      .B..K...RA...B..
0x0B,0x01,0xC0,0x1A,0x52,0x41,0xC3,0x08,0x8B,0x42,0x01,0xD3,0xCB,0x00,0xC0,0x1A,  //0x0740~0x074f      ....RA...B......
0x52,0x41,0x83,0x08,0x8B,0x42,0x01,0xD3,0x8B,0x00,0xC0,0x1A,0x52,0x41,0x43,0x08,  //0x0750~0x075f      RA...B......RAC.
0x8B,0x42,0x01,0xD3,0x4B,0x00,0xC0,0x1A,0x52,0x41,0x41,0x1A,0x00,0xD2,0x01,0x46,  //0x0760~0x076f      .B..K...RAA....F
0x52,0x41,0x10,0x46,0x70,0x47,0x5D,0xE0,0xCA,0x0F,0x00,0xD0,0x49,0x42,0x03,0x10,  //0x0770~0x077f      RA.FpG].....IB..
0x00,0xD3,0x40,0x42,0x53,0x40,0x00,0x22,0x9C,0x46,0x03,0x09,0x8B,0x42,0x2D,0xD3,  //0x0780~0x078f      ..@BS@.".F...B-.
0x03,0x0A,0x8B,0x42,0x12,0xD3,0xFC,0x22,0x89,0x01,0x12,0xBA,0x03,0x0A,0x8B,0x42,  //0x0790~0x079f      ...B...".......B
0x0C,0xD3,0x89,0x01,0x92,0x11,0x8B,0x42,0x08,0xD3,0x89,0x01,0x92,0x11,0x8B,0x42,  //0x07a0~0x07af      .......B.......B
0x04,0xD3,0x89,0x01,0x3A,0xD0,0x92,0x11,0x00,0xE0,0x89,0x09,0xC3,0x09,0x8B,0x42,  //0x07b0~0x07bf      ....:..........B
0x01,0xD3,0xCB,0x01,0xC0,0x1A,0x52,0x41,0x83,0x09,0x8B,0x42,0x01,0xD3,0x8B,0x01,  //0x07c0~0x07cf      ......RA...B....
0xC0,0x1A,0x52,0x41,0x43,0x09,0x8B,0x42,0x01,0xD3,0x4B,0x01,0xC0,0x1A,0x52,0x41,  //0x07d0~0x07df      ..RAC..B..K...RA
0x03,0x09,0x8B,0x42,0x01,0xD3,0x0B,0x01,0xC0,0x1A,0x52,0x41,0xC3,0x08,0x8B,0x42,  //0x07e0~0x07ef      ...B......RA...B
0x01,0xD3,0xCB,0x00,0xC0,0x1A,0x52,0x41,0x83,0x08,0x8B,0x42,0x01,0xD3,0x8B,0x00,  //0x07f0~0x07ff      ......RA...B....
0xC0,0x1A,0x52,0x41,0xD9,0xD2,0x43,0x08,0x8B,0x42,0x01,0xD3,0x4B,0x00,0xC0,0x1A,  //0x0800~0x080f      ..RA..C..B..K...
0x52,0x41,0x41,0x1A,0x00,0xD2,0x01,0x46,0x63,0x46,0x52,0x41,0x5B,0x10,0x10,0x46,  //0x0810~0x081f      RAA....FcFRA[..F
0x01,0xD3,0x40,0x42,0x00,0x2B,0x00,0xD5,0x49,0x42,0x70,0x47,0x63,0x46,0x5B,0x10,  //0x0820~0x082f      ..@B.+..IBpGcF[.
0x00,0xD3,0x40,0x42,0x01,0xB5,0x00,0x20,0xC0,0x46,0xC0,0x46,0x02,0xBD,0x00,0x00,  //0x0830~0x083f      ..@B.....F.F....
0x30,0xB5,0x03,0x46,0xCA,0x02,0x40,0x0D,0x10,0x43,0x16,0x4D,0x16,0x4C,0x0A,0x15,  //0x0840~0x084f      0..F..@..C.M.L..
0x02,0xD0,0x20,0x43,0x00,0x2A,0x06,0xDB,0xAA,0x1A,0x00,0x2A,0x12,0xDD,0xD0,0x40,  //0x0850~0x085f      ...C.*.....*...@
0xFF,0x2A,0x0B,0xDC,0x30,0xBD,0x52,0x05,0x52,0x0D,0x01,0xD1,0x40,0x00,0x40,0x08,  //0x0860~0x086f      .*..0.R.R...@.@.
0xAA,0x1A,0x07,0xD4,0xD0,0x40,0x40,0x42,0xFF,0x2A,0x01,0xDD,0x00,0x20,0x30,0xBD,  //0x0870~0x087f      .....@@B.*....0.
0x00,0x28,0xFC,0xDD,0x4A,0x00,0x00,0x2B,0x01,0xD0,0x01,0x20,0x00,0xE0,0x00,0x20,  //0x0880~0x088f      .(..J..+........
0x10,0x18,0x01,0x22,0x52,0x05,0xD0,0x42,0xF0,0xD8,0xC8,0x17,0xC0,0x43,0x60,0x40,  //0x0890~0x089f      ..."R..B.....C`@
0x30,0xBD,0x00,0x00,0x1E,0x04,0x00,0x00,0x00,0x00,0x00,0x80,0x1F,0x22,0x03,0x0C,  //0x08a0~0x08af      0............"..
0x02,0xD1,0x0F,0x22,0x00,0x04,0x02,0xD0,0x03,0x0E,0x03,0xD0,0x04,0xE0,0x00,0x20,  //0x08b0~0x08bf      ..."............
0x01,0x46,0x70,0x47,0x00,0x02,0x08,0x3A,0x03,0x0F,0x01,0xD1,0x00,0x01,0x12,0x1F,  //0x08c0~0x08cf      .FpG...:........
0x83,0x0F,0x01,0xD1,0x80,0x00,0x92,0x1E,0x00,0x28,0x01,0xDB,0x40,0x00,0x52,0x1E,  //0x08d0~0x08df      .........(..@.R.
0x12,0x05,0x51,0x18,0x42,0x05,0xC0,0x12,0x41,0x18,0x10,0x46,0x70,0x47,0xC1,0x0F,  //0x08e0~0x08ef      ..Q.B...A..FpG..
0xC9,0x07,0x00,0xD0,0x40,0x42,0x01,0x22,0x92,0x07,0x11,0x43,0xD6,0xE7,0x01,0x21,  //0x08f0~0x08ff      ....@B."...C...!
0x89,0x07,0xD3,0xE7,0x10,0xB5,0xFF,0xF7,0x71,0xFC,0x00,0x68,0x10,0xBD,0x10,0xB5,  //0x0900~0x090f      ........q..h....
0x04,0x46,0xFF,0xF7,0x6B,0xFC,0x04,0x60,0x10,0xBD,0x00,0x00,0xF0,0xB5,0x3D,0x4B,  //0x0910~0x091f      .F..k..`......=K
0x02,0x46,0x0C,0x46,0x1C,0x40,0x00,0x20,0x00,0x2C,0x63,0xD0,0x3A,0x4D,0x8B,0x43,  //0x0920~0x092f      .F.F.@...,c.:M.C
0x66,0xD0,0x00,0x29,0x6B,0xDB,0x0B,0x0D,0x1D,0x05,0xA9,0x43,0x01,0x25,0x2D,0x05,  //0x0930~0x093f      f..)k......C.%-.
0x29,0x43,0x01,0x24,0xFD,0x33,0xE3,0x40,0x01,0xD3,0x92,0x18,0x49,0x41,0xFF,0x33,  //0x0940~0x094f      )C.$.3.@....IA.3
0x81,0x33,0x9C,0x46,0x8B,0x02,0x94,0x0D,0x01,0x21,0x23,0x43,0x89,0x07,0x4C,0x42,  //0x0950~0x095f      .3.F.....!#C..LB
0x92,0x02,0x00,0x27,0x1B,0x19,0x8C,0x10,0x5D,0x1A,0x04,0xD4,0x2D,0x1B,0x02,0xD4,  //0x0960~0x096f      ...'....]...-...
0x2B,0x46,0x65,0x00,0x49,0x19,0x92,0x18,0x5B,0x41,0x64,0x08,0xF4,0xD1,0x5C,0x1A,  //0x0970~0x097f      +Fe.I...[Ad.....
0x08,0xD4,0x01,0x25,0xED,0x07,0xEE,0x17,0x55,0x19,0x74,0x41,0x02,0xD4,0x2A,0x46,  //0x0980~0x098f      ...%....U.tA..*F
0x23,0x46,0x49,0x1C,0x94,0x18,0x5B,0x41,0x01,0x22,0x92,0x07,0x1D,0x46,0xE6,0x1B,  //0x0990~0x099f      #FI...[A."...F..
0x8D,0x41,0x06,0xD4,0xB6,0x1A,0x85,0x41,0x03,0xD4,0x2B,0x46,0x55,0x00,0x34,0x46,  //0x09a0~0x09af      .A.....A..+FU.4F
0x7F,0x19,0x24,0x19,0x5B,0x41,0x52,0x08,0x80,0x2A,0xEF,0xD1,0x23,0x43,0x00,0xD0,  //0x09b0~0x09bf      ..$.[AR..*..#C..
0x02,0x23,0x38,0x46,0x0A,0x22,0xD0,0x40,0x01,0xD3,0x01,0x22,0x13,0x43,0x8A,0x05,  //0x09c0~0x09cf      .#8F.".@...".C..
0x10,0x43,0x62,0x46,0x89,0x0A,0x12,0x05,0x89,0x18,0x00,0x2B,0x09,0xD0,0x01,0x22,  //0x09d0~0x09df      .CbF.......+..."
0xD3,0x40,0x02,0xD3,0x00,0x22,0x40,0x1C,0x51,0x41,0x00,0x2B,0x01,0xD1,0x40,0x08,  //0x09e0~0x09ef      .@..."@.QA.+..@.
0x40,0x00,0xF0,0xBD,0x0B,0x03,0x13,0x43,0x07,0xD0,0xC9,0x0F,0xC9,0x07,0xF0,0xBD,  //0x09f0~0x09ff      @......C........
0x08,0x03,0x10,0x43,0x03,0xD1,0x00,0x29,0x01,0xDB,0x10,0x46,0xF0,0xBD,0x00,0x20,  //0x0a00~0x0a0f      ...C...)...F....
0x29,0x46,0xF0,0xBD,0x00,0x00,0xF0,0x7F,0x00,0x00,0xF8,0x7F,0x75,0x46,0xFF,0xF7,  //0x0a10~0x0a1f      )F..........uF..
0xE9,0xFB,0xAE,0x46,0x05,0x00,0x69,0x46,0x53,0x46,0xC0,0x08,0xC0,0x00,0x85,0x46,  //0x0a20~0x0a2f      ...F..iFSF.....F
0x18,0xB0,0x20,0xB5,0xFF,0xF7,0xBC,0xFB,0x60,0xBC,0x00,0x27,0x49,0x08,0xB6,0x46,  //0x0a30~0x0a3f      ........`..'I..F
0x00,0x26,0xC0,0xC5,0xC0,0xC5,0xC0,0xC5,0xC0,0xC5,0xC0,0xC5,0xC0,0xC5,0xC0,0xC5,  //0x0a40~0x0a4f      .&..............
0xC0,0xC5,0x40,0x3D,0x49,0x00,0x8D,0x46,0x70,0x47,0x10,0xB5,0x04,0x46,0xC0,0x46,  //0x0a50~0x0a5f      ..@=I..FpG...F.F
0xC0,0x46,0x20,0x46,0xFF,0xF7,0x77,0xFB,0x10,0xBD,0x00,0x00,0x01,0x49,0x18,0x20,  //0x0a60~0x0a6f      .F.F..w......I..
0xAB,0xBE,0xFE,0xE7,0x26,0x00,0x02,0x00,0x10,0xB5,0x0E,0x4B,0x7D,0x24,0x9A,0x7A,  //0x0a70~0x0a7f      ....&......K}$.z
0xE4,0x00,0x0B,0x48,0x62,0x43,0x0C,0x4C,0x01,0x68,0x24,0x7A,0x88,0x68,0xE4,0x07,  //0x0a80~0x0a8f      ...HbC.L.h$z.h..
0x01,0xD0,0x00,0x20,0x09,0xE0,0x9C,0x78,0x00,0x2C,0x06,0xD0,0x07,0x4C,0x24,0x88,  //0x0a90~0x0a9f      .......x.,...L$.
0x00,0x19,0x90,0x42,0x01,0xD9,0x01,0x22,0x9A,0x71,0x88,0x60,0x10,0xBD,0x00,0x00,  //0x0aa0~0x0aaf      ...B...".q.`....
0xB4,0x00,0x01,0x00,0x9A,0x05,0x01,0x00,0x08,0x06,0x01,0x00,0x88,0x00,0x01,0x00,  //0x0ab0~0x0abf      ................
0xF8,0xB5,0x15,0x4A,0xC1,0x00,0x8D,0x18,0x29,0x46,0x28,0x31,0x00,0x91,0x18,0x21,  //0x0ac0~0x0acf      ...J....)F(1...!
0x48,0x43,0x30,0x35,0x82,0x18,0x40,0x32,0x50,0x8A,0xAE,0x46,0x84,0x46,0xD6,0x89,  //0x0ad0~0x0adf      HC05..@2P..F.F..
0x00,0x20,0x00,0x99,0x08,0xE0,0x01,0x28,0x06,0xD1,0x91,0x8A,0x75,0x46,0x8C,0x46,  //0x0ae0~0x0aef      .......(....uF.F
0x00,0x99,0x16,0x8A,0x89,0x1C,0xAD,0x1C,0x63,0x46,0x73,0x43,0x1C,0x12,0x0F,0x88,  //0x0af0~0x0aff      ........cFsC....
0x2B,0x88,0x9F,0x42,0x01,0xD9,0x1B,0x19,0x00,0xE0,0x1B,0x1B,0x40,0x1C,0xC0,0xB2,  //0x0b00~0x0b0f      +..B........@...
0x0B,0x80,0x02,0x28,0xE7,0xD3,0xF8,0xBD,0x08,0x06,0x01,0x00,0x10,0xB5,0x13,0x49,  //0x0b10~0x0b1f      ...(...........I
0x4A,0x7F,0x09,0x7F,0x12,0x02,0x0A,0x43,0x54,0x08,0x11,0x49,0x93,0x08,0x84,0x42,  //0x0b20~0x0b2f      J......CT..I...B
0x07,0xDD,0x83,0x42,0x02,0xDD,0x1B,0x23,0xCB,0x56,0x0A,0xE0,0x1C,0x23,0xCB,0x56,  //0x0b30~0x0b3f      ...B...#.V...#.V
0x07,0xE0,0x1B,0x19,0x83,0x42,0x02,0xDD,0x1D,0x23,0xCB,0x56,0x01,0xE0,0x1E,0x23,  //0x0b40~0x0b4f      .....B...#.V...#
0xCB,0x56,0x18,0x18,0x00,0xB2,0x00,0x28,0x01,0xDC,0x00,0x20,0x03,0xE0,0x52,0x1E,  //0x0b50~0x0b5f      .V.....(......R.
0x82,0x42,0x00,0xDC,0x10,0xB2,0x80,0xB2,0x10,0xBD,0x00,0x00,0x63,0x02,0x00,0x00,  //0x0b60~0x0b6f      .B..........c...
0x40,0x04,0x00,0x00,0x10,0xB5,0x0E,0x4C,0x02,0xF0,0x30,0xFA,0x40,0x22,0x1C,0x21,  //0x0b70~0x0b7f      @......L..0.@".!
0xA0,0x1C,0xFF,0xF7,0x27,0xFB,0x20,0x46,0x60,0x22,0x1C,0x21,0x20,0x30,0xFF,0xF7,  //0x0b80~0x0b8f      ....'..F`".!.0..
0x21,0xFB,0x20,0x46,0x40,0x22,0x1C,0x21,0x3E,0x30,0xFF,0xF7,0x1B,0xFB,0x05,0x48,  //0x0b90~0x0b9f      !..F@".!>0.....H
0x41,0x78,0x88,0x1C,0xC0,0xB2,0x05,0xF0,0x11,0xF8,0x05,0xF0,0x59,0xF8,0x10,0xBD,  //0x0ba0~0x0baf      Ax..........Y...
0x34,0x05,0x01,0x00,0x74,0x01,0x01,0x00,0x10,0xB5,0x07,0x48,0xC0,0x78,0x03,0x28,  //0x0bb0~0x0bbf      4...t......H.x.(
0x04,0xD1,0x04,0xF0,0x1F,0xF9,0x00,0x20,0x01,0xF0,0xC4,0xFE,0x02,0xF0,0x46,0xFC,  //0x0bc0~0x0bcf      ..............F.
0x04,0xF0,0x0B,0xFF,0x10,0xBD,0x00,0x00,0x60,0x02,0x00,0x00,0x10,0xB5,0x03,0xF0,  //0x0bd0~0x0bdf      ........`.......
0xE1,0xF9,0x04,0xF0,0x01,0xFF,0x04,0xF0,0xC1,0xFE,0x03,0xF0,0x7D,0xF9,0xFF,0xF7,  //0x0be0~0x0bef      ............}...
0x06,0xFB,0x04,0xF0,0xBD,0xFE,0x10,0xBD,0x70,0x47,0x70,0x47,0x10,0xB5,0x00,0xF0,  //0x0bf0~0x0bff      ........pGpG....
0x11,0xF8,0x01,0xF0,0xE5,0xFE,0x00,0xF0,0xBB,0xF8,0x03,0xF0,0xBD,0xFD,0x03,0xF0,  //0x0c00~0x0c0f      ................
0x0D,0xFA,0x00,0xF0,0xEB,0xFC,0x03,0xF0,0x3D,0xFA,0x03,0xF0,0xB9,0xFC,0x03,0xF0,  //0x0c10~0x0c1f      ........=.......
0x2B,0xFA,0x10,0xBD,0x02,0x48,0x01,0x7A,0x49,0x08,0x49,0x00,0x01,0x72,0x70,0x47,  //0x0c20~0x0c2f      +....H.zI.I..rpG
0x08,0x06,0x01,0x00,0x30,0xB5,0x10,0x48,0x00,0x78,0x01,0x28,0x1B,0xD1,0x0F,0x48,  //0x0c30~0x0c3f      ....0..H.x.(...H
0x00,0x68,0x00,0x78,0x41,0x01,0x0D,0x48,0x00,0x1D,0x08,0x18,0x41,0x68,0x0B,0x78,  //0x0c40~0x0c4f      .h.xA..H....Ah.x
0x81,0x68,0x0B,0x48,0x02,0x68,0x92,0x8B,0x0A,0x80,0x00,0x68,0x7D,0x22,0x00,0x8B,  //0x0c50~0x0c5f      .h.H.h.....h}"..
0x48,0x80,0x02,0x20,0x52,0x01,0x04,0xE0,0x84,0x18,0x45,0x00,0x40,0x1C,0x4C,0x53,  //0x0c60~0x0c6f      H...R.....E.@.LS
0xC0,0xB2,0x98,0x42,0xF8,0xD3,0x30,0xBD,0x74,0x01,0x01,0x00,0xB8,0x79,0x00,0x00,  //0x0c70~0x0c7f      ...B..0.t....y..
0xB4,0x00,0x01,0x00,0x10,0xB5,0x00,0xF0,0x25,0xF8,0x03,0xF0,0x01,0xFD,0x04,0x48,  //0x0c80~0x0c8f      ........%......H
0x01,0x78,0x49,0x1C,0x01,0x70,0xFF,0xF7,0xCD,0xFF,0x04,0xF0,0x8F,0xFC,0x10,0xBD,  //0x0c90~0x0c9f      .xI..p..........
0x66,0x00,0x01,0x00,0x03,0x48,0x40,0x78,0x02,0x28,0x01,0xD0,0x00,0x20,0x70,0x47,  //0x0ca0~0x0caf      f....H@x.(....pG
0x01,0x20,0x70,0x47,0xA2,0x00,0x01,0x00,0x10,0xB5,0x00,0x28,0x06,0xD0,0x01,0x28,  //0x0cb0~0x0cbf      ..pG.......(...(
0x03,0xD0,0x03,0x28,0x01,0xD1,0x02,0xF0,0x03,0xFF,0x10,0xBD,0x02,0xF0,0xC4,0xFF,  //0x0cc0~0x0ccf      ...(............
0x10,0xBD,0x00,0x00,0x07,0x48,0x41,0x7E,0x07,0x48,0x00,0x29,0x08,0xD0,0x07,0x49,  //0x0cd0~0x0cdf      .....HA~.H.)...I
0x09,0x68,0x09,0x78,0x00,0x29,0x02,0xD1,0x05,0x49,0x49,0x7B,0x41,0x70,0x70,0x47,  //0x0ce0~0x0cef      .h.x.)...II{AppG
0x01,0x21,0xFB,0xE7,0x94,0x01,0x01,0x00,0x66,0x00,0x01,0x00,0xB8,0x79,0x00,0x00,  //0x0cf0~0x0cff      .!......f....y..
0x60,0x04,0x00,0x00,0xF8,0xB5,0x11,0x4F,0x3C,0x78,0x00,0xF0,0xB1,0xFE,0x10,0x4D,  //0x0d00~0x0d0f      `......O<x.....M
0x28,0x78,0x00,0x28,0x19,0xD0,0x04,0xF0,0x61,0xFE,0x00,0x20,0x04,0xF0,0x94,0xFF,  //0x0d10~0x0d1f      (x.(....a.......
0x28,0x78,0x00,0x26,0x01,0x28,0x09,0xD1,0x0A,0x48,0x3E,0x70,0x82,0x78,0x00,0x21,  //0x0d20~0x0d2f      (x.&.(...H>p.x.!
0x09,0x48,0x05,0xF0,0xD3,0xFF,0x03,0xF0,0xFF,0xFD,0x3C,0x70,0x04,0xF0,0x1A,0xF8,  //0x0d30~0x0d3f      .H........<p....
0x06,0x48,0x2E,0x70,0xC6,0x72,0x05,0xF0,0xD9,0xFD,0xF8,0xBD,0xAC,0x05,0x01,0x00,  //0x0d40~0x0d4f      .H.p.r..........
0x70,0x00,0x01,0x00,0xB4,0x01,0x01,0x00,0x48,0x09,0x01,0x00,0x9A,0x05,0x01,0x00,  //0x0d50~0x0d5f      p.......H.......
0x10,0xB5,0x06,0x48,0x01,0x78,0x41,0x70,0x00,0x29,0x05,0xD0,0x01,0x46,0x08,0x22,  //0x0d60~0x0d6f      ...H.xAp.)...F."
0x28,0x31,0x30,0x30,0xFF,0xF7,0x44,0xFC,0x10,0xBD,0x00,0x00,0x08,0x06,0x01,0x00,  //0x0d70~0x0d7f      (100..D.........
0x10,0xB5,0x00,0xF0,0x07,0xF8,0x00,0xF0,0x41,0xF8,0x03,0xF0,0xE3,0xFD,0x03,0xF0,  //0x0d80~0x0d8f      ........A.......
0xFD,0xFC,0x10,0xBD,0xF8,0xB5,0x18,0x4A,0x16,0x49,0x52,0x78,0x48,0x88,0x00,0x2A,  //0x0d90~0x0d9f      .......J.IRxH..*
0x03,0xD0,0x09,0x89,0x81,0x42,0x00,0xD2,0x08,0x46,0x00,0x21,0x13,0x4D,0x01,0x24,  //0x0da0~0x0daf      .....B...F.!.M.$
0x0B,0x46,0xE4,0x26,0x12,0x4F,0x06,0x22,0x4E,0x43,0x4A,0x43,0xF6,0x19,0x52,0x19,  //0x0db0~0x0dbf      .F.&.O."NCJC..R.
0xFF,0x27,0x54,0x70,0x27,0x37,0xF7,0x5F,0x87,0x42,0x00,0xDD,0x53,0x70,0x49,0x1C,  //0x0dc0~0x0dcf      .'Tp'7._.B..SpI.
0x09,0x06,0x09,0x0E,0xED,0xD0,0x0B,0x4E,0x33,0x70,0x2B,0x70,0x00,0xF0,0xFA,0xF9,  //0x0dd0~0x0ddf      .......N3p+p....
0x01,0x28,0x03,0xD0,0x08,0x48,0x80,0x78,0x01,0x28,0x01,0xD1,0x2C,0x70,0x34,0x70,  //0x0de0~0x0def      .(...H.x.(..,p4p
0xF8,0xBD,0x00,0x00,0x8E,0x05,0x01,0x00,0xDA,0x03,0x01,0x00,0x98,0x00,0x01,0x00,  //0x0df0~0x0dff      ................
0x0C,0x04,0x01,0x00,0xB8,0x00,0x01,0x00,0xBE,0x06,0x01,0x00,0xF0,0xB5,0x20,0x49,  //0x0e00~0x0e0f      ...............I
0x00,0x20,0x09,0x78,0x1F,0x4C,0x8C,0x46,0x03,0x46,0x06,0x21,0x1E,0x4A,0x41,0x43,  //0x0e10~0x0e1f      ...x.L.F.F.!.JAC
0x89,0x18,0x62,0x46,0x01,0x2A,0x00,0xD1,0x4B,0x70,0x65,0x78,0x0A,0x22,0x55,0x43,  //0x0e20~0x0e2f      ..bF.*..Kpex."UC
0x4A,0x78,0x01,0x2A,0x11,0xD0,0x16,0x49,0x42,0x00,0x89,0x1D,0x8B,0x52,0x40,0x1C,  //0x0e30~0x0e3f      Jx.*...IB....R@.
0x00,0x06,0x00,0x0E,0xE9,0xD0,0xA1,0x78,0x0A,0x20,0x13,0x4C,0x41,0x43,0x20,0x78,  //0x0e40~0x0e4f      .......x...LAC.x
0x0F,0x4A,0x01,0x28,0x13,0xD0,0x93,0x80,0xF0,0xBD,0x0D,0x4E,0x42,0x00,0xB6,0x1D,  //0x0e50~0x0e5f      .J.(.......NB...
0xB7,0x5A,0x0E,0x4E,0x36,0x88,0xBE,0x19,0xAE,0x42,0xE8,0xD2,0x4B,0x70,0x08,0x4D,  //0x0e60~0x0e6f      .Z.N6....B..Kp.M
0x0A,0x49,0xAD,0x1D,0xAE,0x5A,0x09,0x88,0x71,0x18,0xA9,0x52,0xDF,0xE7,0x07,0x48,  //0x0e70~0x0e7f      .I...Z..q..R...H
0x95,0x88,0x00,0x88,0x28,0x18,0x88,0x42,0xE6,0xD2,0x23,0x70,0x90,0x80,0xF0,0xBD,  //0x0e80~0x0e8f      ....(..B..#p....
0xB8,0x00,0x01,0x00,0xC0,0x02,0x00,0x00,0x98,0x00,0x01,0x00,0x88,0x00,0x01,0x00,  //0x0e90~0x0e9f      ................
0x10,0xB5,0x06,0x21,0x03,0x48,0xFF,0xF7,0x08,0xFC,0x03,0x48,0x01,0x49,0x40,0x7F,  //0x0ea0~0x0eaf      ...!.H.....H.I@.
0x88,0x70,0x10,0xBD,0x98,0x00,0x01,0x00,0xA0,0x02,0x00,0x00,0xF0,0xB5,0x85,0xB0,  //0x0eb0~0x0ebf      .p..............
0x30,0x48,0x00,0x90,0x00,0x24,0x30,0x48,0x01,0x94,0x41,0x7F,0x02,0x7F,0x08,0x02,  //0x0ec0~0x0ecf      0H...$0H..A.....
0x10,0x43,0x02,0x90,0x2C,0x48,0x2D,0x49,0x1D,0x30,0xC5,0x7A,0x88,0x78,0xA8,0x42,  //0x0ed0~0x0edf      .C..,H-I.0.z.x.B
0x00,0xD2,0x05,0x46,0x28,0x48,0x43,0x38,0xC0,0x78,0x05,0x28,0x04,0xD0,0x01,0x28,  //0x0ee0~0x0eef      ...F(HC8.x.(...(
0x08,0xD0,0x04,0x28,0x44,0xD1,0x05,0xE0,0x29,0x46,0x02,0x98,0x00,0xF0,0x48,0xF8,  //0x0ef0~0x0eff      ...(D...)F....H.
0x05,0xB0,0xF0,0xBD,0x00,0x26,0x27,0xE0,0xC0,0x78,0x70,0x43,0xC0,0xB2,0x03,0x90,  //0x0f00~0x0f0f      .....&'..xpC....
0x01,0xF0,0x02,0xFD,0x07,0x46,0x03,0x98,0x40,0x1C,0xC0,0xB2,0x01,0xF0,0xFC,0xFC,  //0x0f10~0x0f1f      .....F..@.......
0x38,0x18,0x02,0x99,0x00,0xB2,0x88,0x42,0x0E,0xDD,0x01,0x99,0x88,0x42,0x00,0xDD,  //0x0f20~0x0f2f      8......B.....B..
0x01,0x90,0x00,0x2C,0x03,0xD0,0x00,0x99,0x88,0x42,0x00,0xDA,0x00,0x90,0x64,0x1C,  //0x0f30~0x0f3f      ...,.....B....d.
0xE4,0xB2,0xAC,0x42,0x0C,0xD2,0x05,0xE0,0xAC,0x42,0x09,0xD2,0x00,0x24,0x0D,0x48,  //0x0f40~0x0f4f      ...B.....B...$.H
0x01,0x94,0x00,0x90,0x76,0x1C,0xF6,0xB2,0x0C,0x48,0x81,0x78,0xB1,0x42,0xD3,0xD8,  //0x0f50~0x0f5f      ....v....H.x.B..
0x00,0x98,0x00,0x28,0x05,0xDD,0x01,0x46,0x01,0x98,0xFF,0xF7,0xC5,0xFB,0xC0,0xB2,  //0x0f60~0x0f6f      ...(...F........
0x00,0xE0,0xFF,0x20,0xAC,0x42,0x03,0xD3,0x03,0x28,0x01,0xD8,0x01,0x20,0xBF,0xE7,  //0x0f70~0x0f7f      .....B...(......
0x00,0x20,0xBD,0xE7,0xFF,0x7F,0x00,0x00,0xA3,0x02,0x00,0x00,0xB8,0x03,0x01,0x00,  //0x0f80~0x0f8f      ................
0xF8,0xB5,0x86,0x46,0x1A,0x48,0x00,0x24,0x40,0x69,0x1B,0x4A,0x0D,0x46,0x84,0x46,  //0x0f90~0x0f9f      ...F.H.$@i.J.F.F
0x20,0x46,0x18,0x49,0x23,0x46,0x17,0x78,0x18,0xE0,0x5A,0x00,0x66,0x46,0xB2,0x5E,  //0x0fa0~0x0faf      .F.I#F.x..Z.fF.^
0x72,0x45,0x0C,0xDD,0x82,0x42,0x00,0xDD,0x10,0x46,0x00,0x2C,0x02,0xD0,0x8A,0x42,  //0x0fb0~0x0fbf      rE...B...F.,...B
0x00,0xDA,0x11,0x46,0x64,0x1C,0xE4,0xB2,0xAC,0x42,0x09,0xD2,0x04,0xE0,0xAC,0x42,  //0x0fc0~0x0fcf      ...Fd....B.....B
0x06,0xD2,0x00,0x24,0x0B,0x49,0x20,0x46,0x5B,0x1C,0xDB,0xB2,0x9F,0x42,0xE4,0xD8,  //0x0fd0~0x0fdf      ...$.I.F[....B..
0x00,0x29,0x03,0xDD,0xFF,0xF7,0x88,0xFB,0xC0,0xB2,0x00,0xE0,0xFF,0x20,0xAC,0x42,  //0x0fe0~0x0fef      .).............B
0x03,0xD3,0x03,0x28,0x01,0xD8,0x01,0x20,0xF8,0xBD,0x00,0x20,0xF8,0xBD,0x00,0x00,  //0x0ff0~0x0fff      ...(............
0xBC,0x79,0x00,0x00,0xFF,0x7F,0x00,0x00,0xA0,0x06,0x01,0x00,0x00,0xB5,0x09,0x4A,  //0x1000~0x100f      .y.............J
0x09,0x49,0x10,0x88,0x09,0x88,0x88,0x42,0x08,0xD3,0x40,0x1A,0x10,0x80,0x07,0x48,  //0x1010~0x101f      .I.....B..@....H
0x00,0x78,0x00,0x28,0x01,0xD0,0x00,0xF0,0xF1,0xF9,0x00,0xBD,0x00,0x20,0x10,0x80,  //0x1020~0x102f      .x.(............
0x00,0xBD,0x00,0x00,0x7C,0x00,0x01,0x00,0x88,0x00,0x01,0x00,0x08,0x06,0x01,0x00,  //0x1030~0x103f      ....|...........
0x70,0xB5,0x1B,0x4E,0x1B,0x4D,0x30,0x7A,0x00,0x07,0xC4,0x0F,0x00,0x2C,0x02,0xD0,  //0x1040~0x104f      p..N.M0z.....,..
0xE8,0x7C,0x01,0x28,0x09,0xD0,0xFF,0xF7,0x31,0xFF,0x17,0x49,0x00,0x22,0x08,0x70,  //0x1050~0x105f      .|.(....1..I.".p
0x16,0x49,0x01,0x28,0x0B,0xD0,0x0A,0x70,0x07,0xE0,0x15,0x48,0xC1,0x69,0x00,0x20,  //0x1060~0x106f      .I.(...p...H.i..
0x08,0x5E,0x14,0x49,0x49,0x88,0x88,0x42,0x0A,0xDA,0x00,0x24,0x08,0xE0,0x08,0x78,  //0x1070~0x107f      .^.II..B...$...x
0x40,0x1C,0xC0,0xB2,0x08,0x70,0xAB,0x7B,0x83,0x42,0x01,0xD2,0x0A,0x70,0x01,0x24,  //0x1080~0x108f      @....p.{.B...p.$
0x30,0x7A,0xF7,0x21,0x08,0x40,0xE1,0x00,0x08,0x43,0x30,0x72,0x00,0x2C,0x05,0xD0,  //0x1090~0x109f      0z.!.@...C0r.,..
0x68,0x7B,0x29,0x7B,0x00,0x02,0x08,0x43,0x07,0x49,0x08,0x80,0x70,0xBD,0x00,0x00,  //0x10a0~0x10af      h{){...C.I..p...
0x08,0x06,0x01,0x00,0xC0,0x02,0x00,0x00,0x80,0x00,0x01,0x00,0x68,0x00,0x01,0x00,  //0x10b0~0x10bf      ............h...
0xBC,0x79,0x00,0x00,0x8E,0x05,0x01,0x00,0x7C,0x00,0x01,0x00,0x7C,0xB5,0x04,0x46,  //0x10c0~0x10cf      .y......|...|..F
0x00,0x20,0x00,0x90,0x01,0x90,0x00,0x2C,0x23,0xD0,0x12,0x48,0x65,0x00,0x00,0x78,  //0x10d0~0x10df      .......,#..He..x
0x29,0x46,0xFF,0xF7,0xFF,0xFA,0x00,0x22,0x0B,0x46,0x46,0x1C,0x69,0x46,0xF6,0xB2,  //0x10e0~0x10ef      )F.....".FF.iF..
0x05,0xE0,0x88,0x54,0x9A,0x42,0x00,0xD2,0x8E,0x54,0x52,0x1C,0xD2,0xB2,0x95,0x42,  //0x10f0~0x10ff      ...T.B...TR....B
0xF7,0xD8,0x00,0x20,0x08,0x4D,0x0A,0xE0,0x42,0x00,0x8B,0x5C,0x52,0x18,0x52,0x78,  //0x1100~0x110f      .....M..B...R.Rx
0x1B,0x07,0x1B,0x0F,0x12,0x01,0x13,0x43,0x2B,0x54,0x40,0x1C,0xC0,0xB2,0xA0,0x42,  //0x1110~0x111f      .......C+T@....B
0xF2,0xD3,0x7C,0xBD,0xB8,0x03,0x01,0x00,0xE8,0x05,0x01,0x00,0x70,0xB5,0x0B,0x4C,  //0x1120~0x112f      ..|.........p..L
0xFF,0x22,0x20,0x46,0x25,0x78,0x08,0x21,0x18,0x30,0xFF,0xF7,0x4B,0xF8,0x00,0x2D,  //0x1130~0x113f      .".F%x.!.0..K..-
0x0A,0xD0,0x04,0xF0,0x79,0xF9,0x01,0x28,0x06,0xD1,0xA0,0x7D,0x01,0x28,0x03,0xD1,  //0x1140~0x114f      ....y..(...}.(..
0x20,0x70,0x21,0x7A,0x01,0x43,0x21,0x72,0x70,0xBD,0x00,0x00,0x08,0x06,0x01,0x00,  //0x1150~0x115f      .p!z.C!rp.......
0x1F,0xB5,0x06,0x48,0x6C,0x46,0x0F,0xC8,0x0F,0xC4,0x05,0x48,0x80,0x79,0x03,0x28,  //0x1160~0x116f      ...HlF.....H.y.(
0x03,0xD8,0x80,0x00,0x69,0x46,0x08,0x58,0x80,0x47,0x1F,0xBD,0xE0,0x79,0x00,0x00,  //0x1170~0x117f      ....iF.X.G...y..
0x9A,0x05,0x01,0x00,0x70,0xB5,0x0F,0x49,0x00,0x24,0x0B,0x22,0x0E,0xA0,0x00,0xF0,  //0x1180~0x118f      ....p..I.$."....
0xD6,0xFF,0x00,0x28,0x14,0xD1,0x0B,0x4D,0xC0,0x35,0x01,0x26,0x58,0x20,0x00,0xF0,  //0x1190~0x119f      ...(...M.5.&X...
0x65,0xFA,0x28,0x7A,0x01,0x2C,0x02,0xD0,0x01,0x28,0x04,0xD1,0x01,0xE0,0x01,0x28,  //0x11a0~0x11af      e.(z.,...(.....(
0x01,0xD0,0x00,0x20,0x00,0xE0,0x01,0x20,0x05,0xF0,0x1C,0xFA,0x74,0x40,0xED,0xE7,  //0x11b0~0x11bf      ............t@..
0x70,0xBD,0x00,0x00,0x00,0x02,0x00,0x00,0x63,0x68,0x70,0x5F,0x63,0x66,0x67,0x5F,  //0x11c0~0x11cf      p.......chp_cfg_
0x6D,0x61,0x72,0x00,0xFE,0xB5,0x06,0x46,0x37,0x48,0x00,0x24,0x07,0x78,0x37,0x48,  //0x11d0~0x11df      mar....F7H.$.x7H
0x01,0x97,0xC0,0x78,0x25,0x46,0x05,0x28,0x04,0xD1,0x35,0x48,0x01,0x78,0x40,0x78,  //0x11e0~0x11ef      ...x%F.(..5H.x@x
0x08,0x18,0xC7,0xB2,0x33,0x48,0x02,0x90,0x30,0x48,0x0A,0x21,0x60,0x30,0x00,0x90,  //0x11f0~0x11ff      ....3H..0H.!`0..
0x40,0x7A,0x70,0x43,0xFF,0xF7,0x6E,0xFA,0x80,0x19,0x40,0x42,0x01,0xB2,0x00,0x20,  //0x1200~0x120f      @zpC..n...@B....
0x08,0xE0,0x02,0x9A,0x43,0x00,0xD2,0x5E,0x8A,0x42,0x01,0xDA,0x6D,0x1C,0xED,0xB2,  //0x1210~0x121f      ....C..^.B..m...
0x40,0x1C,0xC0,0xB2,0xB8,0x42,0xF4,0xD3,0x03,0x21,0x01,0x98,0xFF,0xF7,0x5A,0xFA,  //0x1220~0x122f      @....B...!....Z.
0xA8,0x42,0x00,0xD8,0x01,0x24,0x24,0x48,0x80,0x7A,0x01,0x28,0x27,0xD1,0x00,0x2C,  //0x1230~0x123f      .B...$$H.z.('..,
0x25,0xD1,0x20,0x48,0x21,0x49,0xEC,0x38,0x00,0x6C,0x72,0x00,0xC9,0x6B,0xD0,0x42,  //0x1240~0x124f      %..H!I.8.lr..k.B
0x01,0xD5,0xD1,0x42,0x1A,0xD4,0x1C,0x4A,0xD2,0x1C,0x53,0x7A,0x15,0x7A,0x1A,0x02,  //0x1250~0x125f      ...B...J..Sz.z..
0x2A,0x43,0x90,0x42,0x13,0xDD,0x91,0x42,0x11,0xDD,0x0A,0x22,0x50,0x43,0xFF,0xF7,  //0x1260~0x126f      *C.B...B..."PC..
0x43,0xFA,0x17,0x49,0x00,0xB2,0x49,0x78,0x00,0x29,0x0D,0xD0,0x11,0x49,0x26,0x22,  //0x1270~0x127f      C..I..Ix.)...I&"
0x14,0x31,0x8A,0x5E,0xB2,0x42,0x02,0xDD,0x13,0x28,0x00,0xDA,0x01,0x24,0x00,0x98,  //0x1280~0x128f      .1.^.B...(...$..
0xC0,0x7C,0x01,0x28,0x03,0xD0,0x0C,0xE0,0x10,0x28,0xF7,0xDB,0xF7,0xE7,0x0D,0x4A,  //0x1290~0x129f      .|.(.....(.....J
0x0D,0x49,0x10,0x88,0x09,0x88,0x88,0x42,0x03,0xD3,0x40,0x1A,0x10,0x80,0x01,0x20,  //0x12a0~0x12af      .I.....B..@.....
0xFE,0xBD,0x20,0x46,0xFE,0xBD,0x00,0x00,0xB8,0x03,0x01,0x00,0x60,0x02,0x00,0x00,  //0x12b0~0x12bf      ...F........`...
0xA0,0x06,0x01,0x00,0xF8,0x04,0x01,0x00,0x60,0x04,0x00,0x00,0x0C,0x04,0x01,0x00,  //0x12c0~0x12cf      ........`.......
0x08,0x06,0x01,0x00,0x7C,0x00,0x01,0x00,0x88,0x00,0x01,0x00,0x00,0xB5,0x00,0xF0,  //0x12d0~0x12df      ....|...........
0x75,0xFC,0x00,0xBD,0x08,0x49,0xC9,0x78,0x01,0x29,0x01,0xD0,0x04,0x29,0x07,0xD1,  //0x12e0~0x12ef      u....I.x.)...)..
0x06,0x49,0x80,0x00,0x40,0x18,0x06,0x49,0xC0,0x7C,0x89,0x78,0x88,0x42,0x01,0xD2,  //0x12f0~0x12ff      .I..@..I.|.x.B..
0x00,0x20,0x70,0x47,0x01,0x20,0x70,0x47,0x60,0x02,0x00,0x00,0x08,0x06,0x01,0x00,  //0x1300~0x130f      ..pG..pG`.......
0xB8,0x03,0x01,0x00,0x04,0x49,0xCA,0x78,0x89,0x78,0x4A,0x43,0x82,0x42,0x01,0xD9,  //0x1310~0x131f      .....I.x.xJC.B..
0x00,0x20,0x70,0x47,0x01,0x20,0x70,0x47,0xB8,0x03,0x01,0x00,0x06,0x49,0x8A,0x7C,  //0x1320~0x132f      ..pG..pG.....I.|
0x01,0x2A,0x06,0xD1,0xC0,0x00,0x40,0x18,0x70,0x30,0xC1,0x79,0x80,0x79,0x81,0x42,  //0x1330~0x133f      .*....@.p0.y.y.B
0x00,0xD1,0x02,0x20,0x70,0x47,0x00,0x00,0x08,0x06,0x01,0x00,0x00,0x28,0x03,0xD1,  //0x1340~0x134f      ....pG.......(..
0x03,0x48,0x80,0x78,0x00,0x28,0x01,0xD0,0x00,0x20,0x70,0x47,0x01,0x20,0x70,0x47,  //0x1350~0x135f      .H.x.(....pG..pG
0xA2,0x00,0x01,0x00,0x70,0xB5,0x00,0x24,0x03,0xF0,0x94,0xFA,0x0B,0x48,0x01,0x7A,  //0x1360~0x136f      ....p..$.....H.z
0xC9,0x07,0x06,0xD1,0x80,0x79,0x00,0x28,0x03,0xD1,0x09,0x48,0x00,0x7B,0x00,0x28,  //0x1370~0x137f      .....y.(...H.{.(
0x01,0xD0,0x01,0x24,0x08,0xE0,0x07,0x4D,0x28,0x78,0x52,0x28,0x04,0xD1,0x00,0x20,  //0x1380~0x138f      ...$...M(xR(....
0x05,0xF0,0xA9,0xFF,0x00,0x20,0x28,0x70,0x20,0x46,0x70,0xBD,0x08,0x06,0x01,0x00,  //0x1390~0x139f      ......(p.Fp.....
0x9A,0x05,0x01,0x00,0x71,0x00,0x01,0x00,0x02,0x49,0x80,0x00,0x40,0x18,0x80,0x7D,  //0x13a0~0x13af      ....q....I..@..}
0x70,0x47,0x00,0x00,0x08,0x06,0x01,0x00,0x00,0x21,0x01,0x23,0x10,0xB5,0xDB,0x03,  //0x13b0~0x13bf      pG.......!.#....
0x0A,0x46,0xBA,0x28,0x01,0xD1,0x08,0x4A,0x5B,0x11,0x00,0x20,0x04,0xE0,0x14,0x5C,  //0x13c0~0x13cf      .F.(...J[.......
0x61,0x18,0x40,0x1C,0x89,0xB2,0x80,0xB2,0x98,0x42,0xF8,0xD3,0x03,0x48,0x0A,0x0A,  //0x13d0~0x13df      a.@......B...H..
0xC2,0x71,0x01,0x72,0x10,0xBD,0x00,0x00,0x00,0x02,0x00,0x00,0x94,0x01,0x01,0x00,  //0x13e0~0x13ef      .q.r............
0x10,0xB5,0x05,0x4C,0xA0,0x79,0x01,0x28,0x05,0xD9,0xAB,0x21,0xA1,0x71,0xFF,0xF7,  //0x13f0~0x13ff      ...L.y.(...!.q..
0xDB,0xFF,0x01,0x20,0xA0,0x71,0x10,0xBD,0x94,0x01,0x01,0x00,0x00,0xB5,0x00,0x20,  //0x1400~0x140f      .....q..........
0x03,0xF0,0x48,0xFE,0x01,0x49,0x00,0x20,0x08,0x70,0x00,0xBD,0x08,0x06,0x01,0x00,  //0x1410~0x141f      ..H..I...p......
0x10,0xB5,0x13,0x4B,0x18,0x78,0x01,0x28,0x21,0xD1,0x12,0x48,0x00,0x88,0x12,0x49,  //0x1420~0x142f      ...K.x.(!..H...I
0x12,0x4A,0x09,0x7C,0xC0,0xB2,0x01,0x29,0x03,0xD9,0x14,0x78,0xC8,0x2C,0x00,0xD1,  //0x1430~0x143f      .J.|...)...x.,..
0x10,0x70,0x14,0x78,0x09,0x19,0x81,0x42,0x03,0xD0,0x0D,0x48,0x00,0x88,0x00,0x28,  //0x1440~0x144f      .p.x...B...H...(
0x0D,0xD1,0x00,0x20,0x18,0x70,0xC8,0x20,0x10,0x70,0x07,0x48,0x40,0x30,0x00,0x7A,  //0x1450~0x145f      .....p...p.H@0.z
0x01,0x28,0x01,0xD0,0x01,0x20,0x00,0xE0,0x00,0x20,0x05,0xF0,0xC3,0xF8,0x10,0xBD,  //0x1460~0x146f      .(..............
0x6B,0x00,0x01,0x00,0x78,0x00,0x01,0x00,0x80,0x02,0x00,0x00,0x4D,0x00,0x01,0x00,  //0x1470~0x147f      k...x.......M...
0x7A,0x00,0x01,0x00,0x70,0xB5,0x0F,0x4D,0x0F,0x4C,0x06,0x46,0x00,0x23,0x00,0x2E,  //0x1480~0x148f      z...p..M.L.F.#..
0x06,0xD0,0x98,0x00,0x00,0x19,0xC0,0x7C,0xA9,0x78,0x88,0x42,0x06,0xD3,0x0B,0xE0,  //0x1490~0x149f      .......|.x.B....
0x98,0x00,0x00,0x19,0xC0,0x7C,0xA9,0x78,0x88,0x42,0x05,0xD3,0x18,0x46,0x03,0xF0,  //0x14a0~0x14af      .....|.x.B...F..
0xF9,0xFD,0x20,0x78,0x40,0x1E,0x20,0x70,0x5B,0x1C,0x1B,0x06,0x1B,0x0E,0xE6,0xD0,  //0x14b0~0x14bf      ...x@..p[.......
0x70,0xBD,0x00,0x00,0xB8,0x03,0x01,0x00,0x08,0x06,0x01,0x00,0x10,0xB5,0x04,0x46,  //0x14c0~0x14cf      p..............F
0x04,0xF0,0x84,0xFA,0x01,0xF0,0xD7,0xFD,0x00,0xF0,0xCA,0xFA,0x02,0xF0,0x5E,0xFB,  //0x14d0~0x14df      ..............^.
0xFF,0xF7,0x8A,0xFB,0x01,0x2C,0x01,0xD1,0x04,0xF0,0xB0,0xF8,0x00,0x20,0x01,0xF0,  //0x14e0~0x14ef      .....,..........
0x53,0xFC,0x06,0x48,0x01,0x78,0x06,0x48,0xC0,0x68,0x05,0xF0,0xCF,0xF9,0x05,0x49,  //0x14f0~0x14ff      S..H.x.H.h.....I
0x01,0x20,0x08,0x70,0x00,0xF0,0xBA,0xFD,0x10,0xBD,0x00,0x00,0xB8,0x03,0x01,0x00,  //0x1500~0x150f      ...p............
0xBC,0x79,0x00,0x00,0x0C,0x04,0x01,0x00,0x10,0xB5,0x04,0xF0,0x5F,0xFA,0x10,0xBD,  //0x1510~0x151f      .y.........._...
0x04,0x48,0x00,0x68,0x00,0x78,0x00,0x28,0x02,0xD1,0x03,0x48,0x00,0x68,0x00,0x78,  //0x1520~0x152f      .H.h.x.(...H.h.x
0x70,0x47,0x00,0x00,0xB0,0x79,0x00,0x00,0xDC,0x79,0x00,0x00,0xF0,0xB5,0x2A,0x4E,  //0x1530~0x153f      pG...y...y....*N
0x05,0x9F,0x35,0x46,0x04,0x88,0x20,0x35,0x00,0x2F,0x14,0xD0,0xA8,0x79,0x2F,0x7A,  //0x1540~0x154f      ..5F...5./...y/z
0xB5,0x7B,0xF6,0x7B,0x84,0x42,0x13,0xD8,0x0A,0x89,0x00,0x1B,0x50,0x43,0x00,0x02,  //0x1550~0x155f      .{.{.B......PC..
0x09,0x88,0x00,0x0C,0x81,0x42,0x00,0xD2,0x08,0x46,0x08,0x1A,0x80,0xB2,0xA8,0x42,  //0x1560~0x156f      .....B...F.....B
0x00,0xD2,0x28,0x46,0xF0,0xBD,0xE8,0x79,0x6F,0x7A,0x35,0x7B,0x76,0x7B,0xE9,0xE7,  //0x1570~0x157f      ..(F...yoz5{v{..
0xD0,0x1B,0xA0,0x42,0x10,0xDC,0x4A,0x89,0x20,0x1A,0x50,0x43,0x00,0x02,0x49,0x88,  //0x1580~0x158f      ...B..J...PC..I.
0x00,0x0C,0x81,0x42,0x00,0xD2,0x08,0x46,0x59,0x1A,0x08,0x18,0x99,0x1B,0x80,0xB2,  //0x1590~0x159f      ...B...FY.......
0x49,0x1E,0x1D,0xE0,0x88,0xB2,0xF0,0xBD,0x52,0x08,0x58,0x08,0xA2,0x42,0x0E,0xD9,  //0x15a0~0x15af      I.......R.X..B..
0x8B,0x88,0x12,0x1B,0x5A,0x43,0x12,0x02,0x12,0x0C,0x90,0x42,0x00,0xD2,0x02,0x46,  //0x15b0~0x15bf      ....ZC.....B...F
0x80,0x1A,0x09,0x88,0x80,0xB2,0x81,0x42,0xED,0xD9,0x08,0x46,0xF0,0xBD,0xA2,0x1A,  //0x15c0~0x15cf      .......B...F....
0xCC,0x88,0x49,0x88,0x62,0x43,0x12,0x02,0x12,0x0C,0x80,0x18,0x80,0xB2,0x59,0x1A,  //0x15d0~0x15df      ..I.bC........Y.
0x81,0x42,0xDF,0xDB,0xF0,0xBD,0x00,0x00,0xDA,0x03,0x01,0x00,0x10,0xB5,0xFF,0xF7,  //0x15e0~0x15ef      .B..............
0x9D,0xFD,0x02,0xF0,0x23,0xFD,0x10,0xBD,0x10,0xB5,0x03,0xF0,0xD3,0xFF,0x00,0xF0,  //0x15f0~0x15ff      ....#...........
0x39,0xFA,0x17,0x48,0x40,0x7C,0x01,0xF0,0xF3,0xFE,0x00,0xF0,0x32,0xFA,0xFF,0xF7,  //0x1600~0x160f      9..H@|......2...
0xB9,0xFD,0xFF,0xF7,0x85,0xFF,0xFF,0xF7,0x43,0xFC,0x04,0xF0,0x71,0xFA,0x04,0xF0,  //0x1610~0x161f      ........C...q...
0x89,0xF8,0x02,0xF0,0xE3,0xFB,0x04,0xF0,0x19,0xF9,0x0E,0x49,0x00,0x20,0x08,0x70,  //0x1620~0x162f      ...........I...p
0x03,0xF0,0x9C,0xFA,0x03,0xF0,0xDA,0xFA,0x0B,0x48,0x01,0xF0,0xAB,0xFE,0x00,0xF0,  //0x1630~0x163f      .........H......
0x9D,0xFD,0xFF,0xF7,0x97,0xFA,0x03,0xF0,0x69,0xFB,0x04,0xF0,0x9F,0xF9,0x00,0xF0,  //0x1640~0x164f      ........i.......
0x7F,0xFE,0x00,0xF0,0xAD,0xFC,0x03,0xF0,0xBD,0xFA,0x01,0xF0,0xAB,0xFF,0x10,0xBD,  //0x1650~0x165f      ................
0x80,0x02,0x00,0x00,0x0C,0x04,0x01,0x00,0xD8,0x01,0x01,0x00,0x02,0x49,0x08,0x70,  //0x1660~0x166f      .............I.p
0x08,0x78,0x00,0x28,0xFC,0xD1,0x70,0x47,0x76,0x00,0x01,0x00,0x70,0xB5,0x0D,0x4C,  //0x1670~0x167f      .x.(..pGv...p..L
0x0D,0x46,0x22,0x7A,0x06,0x46,0x00,0x2A,0x08,0xD0,0x00,0x20,0x02,0x2A,0x0B,0xD0,  //0x1680~0x168f      .F"z.F.*.....*..
0x04,0x2A,0x0D,0xD1,0xA0,0x80,0xE0,0x80,0x05,0x20,0x08,0xE0,0x00,0xF0,0x0C,0xF8,  //0x1690~0x169f      .*..............
0x26,0x80,0x65,0x80,0x01,0x20,0x02,0xE0,0xA0,0x80,0xE0,0x80,0x03,0x20,0x20,0x72,  //0x16a0~0x16af      &.e............r
0x70,0xBD,0x00,0x00,0xD0,0x00,0x01,0x00,0x10,0xB5,0x0A,0x21,0x03,0x48,0xFE,0xF7,  //0x16b0~0x16bf      p..........!.H..
0xFC,0xFF,0x02,0x49,0x00,0x20,0x08,0x72,0x10,0xBD,0x00,0x00,0xD0,0x00,0x01,0x00,  //0x16c0~0x16cf      ...I...r........
0x70,0xB5,0x19,0x4B,0x18,0x7A,0x02,0x28,0x01,0xD0,0x04,0x28,0x2A,0xD1,0xD9,0x88,  //0x16d0~0x16df      p..K.z.(...(*...
0x16,0x4A,0x91,0x42,0x03,0xD2,0x16,0x4A,0x12,0x88,0x89,0x18,0xD9,0x80,0xFF,0x22,  //0x16e0~0x16ef      .J.B...J......."
0x89,0xB2,0x2D,0x32,0x91,0x42,0x1D,0xD3,0x12,0x49,0x02,0x28,0x02,0xD0,0x04,0x28,  //0x16f0~0x16ff      ..-2.B...I.(...(
0x02,0xD0,0x03,0xE0,0x15,0x20,0x00,0xE0,0x0C,0x20,0x88,0x71,0x01,0x20,0x88,0x70,  //0x1700~0x170f      ...........q...p
0x0C,0x48,0x00,0x24,0x20,0x30,0x84,0x73,0x04,0x73,0x02,0x25,0x45,0x73,0x1A,0x88,  //0x1710~0x171f      .H.$.0.s.s.%Es..
0x0A,0x85,0x5B,0x88,0x4B,0x85,0x84,0x75,0x04,0x75,0x45,0x75,0x0A,0x86,0x4B,0x86,  //0x1720~0x172f      ..[.K..u.uEu..K.
0xFF,0xF7,0xC2,0xFF,0x70,0xBD,0x00,0x00,0xD0,0x00,0x01,0x00,0xFF,0x7F,0x00,0x00,  //0x1730~0x173f      ....p...........
0x88,0x00,0x01,0x00,0x08,0x06,0x01,0x00,0x10,0xB5,0x19,0x4B,0x1A,0x88,0x82,0x42,  //0x1740~0x174f      ...........K...B
0x01,0xD8,0x80,0x1A,0x00,0xE0,0x10,0x1A,0x32,0x28,0x26,0xDA,0x58,0x88,0x88,0x42,  //0x1750~0x175f      ........2(&.X..B
0x01,0xD8,0x08,0x1A,0x00,0xE0,0x40,0x1A,0x32,0x28,0x1E,0xDA,0x10,0x48,0x19,0x7A,  //0x1760~0x176f      ......@.2(...H.z
0x4B,0x22,0x00,0x24,0xD2,0x00,0x80,0x88,0x01,0x29,0x04,0xD0,0x03,0x29,0x09,0xD0,  //0x1770~0x177f      K".$.....)...)..
0x05,0x29,0x0D,0xD0,0x11,0xE0,0x90,0x42,0x0F,0xD2,0x9C,0x80,0xDC,0x80,0x02,0x20,  //0x1780~0x178f      .).....B........
0x18,0x72,0x10,0xBD,0x90,0x42,0x08,0xD2,0x04,0x20,0x18,0x72,0xDC,0x80,0x10,0xBD,  //0x1790~0x179f      .r...B.....r....
0x90,0x42,0x02,0xD2,0x03,0x49,0x0D,0x20,0x88,0x71,0xFF,0xF7,0x85,0xFF,0x10,0xBD,  //0x17a0~0x17af      .B...I...q......
0xD0,0x00,0x01,0x00,0x08,0x06,0x01,0x00,0xF0,0xB5,0x1E,0x48,0x01,0x46,0x09,0x7B,  //0x17b0~0x17bf      ...........H.F.{
0x00,0x29,0x36,0xD0,0x1C,0x4B,0x99,0x7E,0x00,0x29,0x32,0xD0,0x01,0x78,0x01,0x29,  //0x17c0~0x17cf      .)6..K.~.)2..x.)
0x2F,0xD1,0x2D,0x21,0x09,0x5C,0x00,0x29,0x2B,0xD1,0x81,0x7A,0x00,0x29,0x28,0xD0,  //0x17d0~0x17df      /.-!...)+..z.)(.
0x16,0x49,0x42,0x8D,0x49,0x88,0x91,0x42,0x01,0xD3,0x8C,0x1A,0x00,0xE0,0x54,0x1A,  //0x17e0~0x17ef      .IB.I..B......T.
0x9D,0x78,0xAC,0x42,0x1B,0xDD,0xDD,0x78,0x11,0x4C,0xA9,0x42,0x04,0xD2,0x8A,0x42,  //0x17f0~0x17ff      .x.B...x.L.B...B
0x02,0xD9,0xA1,0x79,0x49,0x08,0x11,0xE0,0x0D,0x4D,0x1B,0x79,0xAD,0x1C,0x6E,0x7B,  //0x1800~0x180f      ...yI....M.y..n{
0x2F,0x7B,0x35,0x02,0x3D,0x43,0xEB,0x1A,0x8B,0x42,0x08,0xDA,0x6B,0x1E,0x99,0x42,  //0x1810~0x181f      /{5.=C...B..k..B
0x05,0xDA,0x8A,0x42,0x03,0xD2,0x21,0x7A,0x49,0x08,0x69,0x1A,0x41,0x85,0x00,0x21,  //0x1820~0x182f      ...B..!zI.i.A..!
0x81,0x72,0xF0,0xBD,0x08,0x06,0x01,0x00,0x40,0x04,0x00,0x00,0x9E,0x00,0x01,0x00,  //0x1830~0x183f      .r......@.......
0xFA,0x03,0x01,0x00,0x30,0xB5,0x19,0x48,0x17,0x49,0xC0,0x78,0x18,0x4B,0x04,0x28,  //0x1840~0x184f      ....0..H.I.x.K.(
0x0E,0xD0,0x16,0x4A,0x00,0x20,0x52,0x1C,0x54,0x7F,0x15,0x7F,0x22,0x02,0x5C,0x7B,  //0x1850~0x185f      ...J..R.T..."..{
0x2A,0x43,0x08,0x5E,0x12,0x1B,0x52,0x1E,0x82,0x42,0x16,0xDC,0x10,0xB2,0x18,0xE0,  //0x1860~0x186f      *C.^..R..B......
0x0E,0x4A,0x02,0x20,0xD2,0x1C,0x54,0x7F,0x15,0x7F,0x22,0x02,0xDC,0x7B,0x2A,0x43,  //0x1870~0x187f      .J....T..."..{*C
0x08,0x5E,0x12,0x1B,0x52,0x1E,0x82,0x42,0x01,0xDC,0x10,0xB2,0x03,0xE0,0x9A,0x7B,  //0x1880~0x188f      .^..R..B.......{
0x82,0x42,0x00,0xDB,0x10,0x46,0x48,0x80,0x30,0xBD,0x1A,0x7B,0x82,0x42,0x00,0xDB,  //0x1890~0x189f      .B...FH.0..{.B..
0x10,0x46,0x08,0x80,0x30,0xBD,0x00,0x00,0x30,0x06,0x01,0x00,0x60,0x02,0x00,0x00,  //0x18a0~0x18af      .F..0...0...`...
0xDA,0x03,0x01,0x00,0xF0,0xB5,0x69,0x4C,0x89,0xB0,0x20,0x78,0x07,0x90,0x68,0x48,  //0x18b0~0x18bf      ......iL...x..hH
0x6A,0x46,0x81,0x7B,0x11,0x73,0xC0,0x7B,0x10,0x74,0x05,0x20,0x65,0x4E,0x02,0x90,  //0x18c0~0x18cf      jF.{.s.{.t..eN..
0x70,0x7A,0x08,0x90,0xFF,0x28,0x01,0xD1,0x19,0x20,0x02,0x90,0xE0,0x7B,0x00,0x28,  //0x18d0~0x18df      pz...(.......{.(
0x7E,0xD0,0x67,0x8B,0x33,0x7A,0x5F,0x48,0x06,0x93,0x5C,0x49,0x0C,0x30,0x00,0x88,  //0x18e0~0x18ef      ~.g.3z_H...I.0..
0x09,0x8B,0x25,0x46,0x0A,0x1A,0x00,0x92,0x42,0x1A,0x01,0x92,0x59,0x4A,0x18,0x35,  //0x18f0~0x18ff      ..%F....B...YJ.5
0x0C,0x32,0x52,0x88,0x94,0x46,0xBA,0x1A,0x05,0x92,0x62,0x46,0xD2,0x1B,0x96,0x46,  //0x1900~0x190f      .2R..F....bF...F
0xFF,0x2B,0x1A,0xD0,0x81,0x42,0x01,0xD3,0x00,0x9B,0x00,0xE0,0x01,0x9B,0x02,0x9A,  //0x1910~0x191f      .+...B..........
0x93,0x42,0x12,0xDD,0x67,0x45,0x01,0xD3,0x05,0x9B,0x00,0xE0,0x73,0x46,0x03,0x2B,  //0x1920~0x192f      .B..gE......sF.+
0x0B,0xDA,0x06,0x9B,0x81,0x42,0x01,0xD9,0x5B,0x1C,0x00,0xE0,0x5B,0x1E,0x33,0x72,  //0x1930~0x193f      .....B..[...[.3r
0xDB,0xB2,0x01,0x2B,0x08,0xD0,0x07,0x2B,0x06,0xD0,0x08,0x9B,0xFF,0x2B,0x22,0xD0,  //0x1940~0x194f      ...+...+.....+".
0x81,0x42,0x06,0xD3,0x00,0x9B,0x05,0xE0,0x04,0x23,0x73,0x72,0xFF,0x23,0x33,0x72,  //0x1950~0x195f      .B.......#sr.#3r
0xF6,0xE7,0x01,0x9B,0x03,0x2B,0x16,0xDA,0x67,0x45,0x01,0xD3,0x05,0x9A,0x00,0xE0,  //0x1960~0x196f      .....+..gE......
0x72,0x46,0x03,0x2A,0x0F,0xDB,0x81,0x42,0x70,0x7A,0x01,0xD9,0x40,0x1C,0x00,0xE0,  //0x1970~0x197f      rF.*...Bpz..@...
0x40,0x1E,0x70,0x72,0xC0,0xB2,0x01,0x28,0x01,0xD0,0x07,0x28,0x03,0xD1,0x04,0x20,  //0x1980~0x198f      @.pr...(...(....
0x30,0x72,0xFF,0x20,0x70,0x72,0x32,0x48,0x20,0x38,0x00,0x90,0xC0,0x78,0x04,0x28,  //0x1990~0x199f      0r..pr2H.8...x.(
0x00,0xD1,0x0F,0x46,0x04,0xA9,0x03,0xA8,0x00,0xF0,0x0A,0xFF,0x2E,0x48,0x41,0x7B,  //0x19a0~0x19af      ...F.........HA{
0x00,0x7B,0x09,0x02,0x01,0x43,0x2C,0x48,0x80,0x1E,0x02,0x7A,0x80,0x79,0x52,0x08,  //0x19b0~0x19bf      .{...C,H...z.yR.
0x89,0x1A,0x6A,0x46,0x12,0x7C,0x40,0x08,0x89,0x1A,0x6A,0x46,0x12,0x7B,0x89,0xB2,  //0x19c0~0x19cf      ..jF.|@...jF.{..
0x80,0x18,0x8F,0x42,0x01,0xD8,0x87,0x42,0x25,0xD2,0x07,0x98,0x01,0x28,0x00,0xE0,  //0x19d0~0x19df      ...B...B%....(..
0x3A,0xE0,0x20,0xD1,0x20,0x78,0x61,0x78,0x88,0x42,0x14,0xD1,0x1D,0x49,0x1F,0x4A,  //0x19e0~0x19ef      :....xax.B...I.J
0x0C,0x31,0x08,0x88,0x90,0x42,0x0E,0xD0,0x49,0x88,0x91,0x42,0x0B,0xD0,0x00,0x9A,  //0x19f0~0x19ff      .1...B..I..B....
0xD2,0x78,0x04,0x2A,0x03,0xD0,0x71,0x7A,0xFF,0x29,0x02,0xD0,0x0B,0xE0,0x69,0x80,  //0x1a00~0x1a0f      .x.*..qz.)....i.
0x09,0xE0,0x28,0x80,0x07,0xE0,0x01,0x20,0xB0,0x71,0x00,0x20,0x20,0x70,0x03,0xF0,  //0x1a10~0x1a1f      ..(......q...p..
0x41,0xFB,0x02,0xF0,0x4D,0xFF,0x20,0x78,0x01,0x28,0x05,0xD1,0x60,0x78,0x00,0x28,  //0x1a20~0x1a2f      A...M..x.(..`x.(
0x02,0xD1,0x04,0x20,0x70,0x72,0x30,0x72,0xB0,0x79,0xF1,0x79,0x88,0x42,0x04,0xD0,  //0x1a30~0x1a3f      ....pr0r.y.y.B..
0x08,0x49,0x0A,0x4A,0x0C,0x31,0x0A,0x80,0x04,0xE0,0x06,0x49,0x2A,0x88,0x0C,0x31,  //0x1a40~0x1a4f      .I.J.1.....I*..1
0x0A,0x80,0x6A,0x88,0x4A,0x80,0xF0,0x71,0x09,0xB0,0xF0,0xBD,0x08,0x06,0x01,0x00,  //0x1a50~0x1a5f      ..j.J..q........
0x80,0x02,0x00,0x00,0x4E,0x00,0x01,0x00,0xFC,0x03,0x01,0x00,0xFF,0x7F,0x00,0x00,  //0x1a60~0x1a6f      ....N...........
0x70,0x47,0x70,0x47,0x70,0x47,0x00,0x00,0xF8,0xB5,0x4D,0x49,0x49,0x7E,0x00,0x29,  //0x1a70~0x1a7f      pGpGpG....MII~.)
0x1F,0xD0,0x4C,0x4B,0x4C,0x4F,0x5D,0x7F,0xFF,0x24,0x79,0x78,0x3A,0x78,0x4B,0x4E,  //0x1a80~0x1a8f      ..LKLO]..$yx:xKN
0x01,0x2D,0x02,0xD0,0x00,0x29,0x13,0xD1,0x03,0xE0,0x00,0x29,0x10,0xD1,0x01,0x2A,  //0x1a90~0x1a9f      .-...).....)...*
0x10,0xD0,0x46,0x49,0x00,0x2A,0x09,0x78,0x0F,0xD0,0x3A,0x7A,0x12,0x07,0x07,0xD4,  //0x1aa0~0x1aaf      ..FI.*.x..:z....
0x43,0x4A,0x53,0x7F,0x15,0x7F,0x1A,0x02,0x7B,0x8D,0x2A,0x43,0x9A,0x42,0x0B,0xD8,  //0x1ab0~0x1abf      CJS.....{.*C.B..
0x34,0x70,0xF8,0xBD,0x00,0x20,0x58,0x77,0xF8,0xBD,0x00,0x29,0xF8,0xD0,0xFF,0x29,  //0x1ac0~0x1acf      4p....Xw...)...)
0xF6,0xD0,0x04,0xF0,0x2D,0xFD,0xF3,0xE7,0x3A,0x4D,0xFF,0x29,0x11,0xD0,0x07,0x29,  //0x1ad0~0x1adf      ....-...:M.)...)
0xF7,0xD2,0x49,0x1C,0x09,0x06,0x09,0x0E,0x31,0x70,0x04,0xD0,0x3A,0x8D,0x69,0x88,  //0x1ae0~0x1aef      ..I.....1p..:.i.
0x28,0x88,0x04,0xF0,0x7B,0xFC,0x29,0x88,0x3A,0x8D,0x91,0x42,0x12,0xD3,0x89,0x1A,  //0x1af0~0x1aff      (...{.).:..B....
0x11,0xE0,0x00,0x20,0x30,0x70,0x04,0xF0,0x57,0xFD,0x2F,0x4A,0x01,0x20,0x81,0x00,  //0x1b00~0x1b0f      ....0p..W./J....
0x6A,0x52,0x49,0x19,0x40,0x1C,0xC0,0xB2,0x4A,0x80,0x08,0x28,0xF7,0xD3,0x04,0xF0,  //0x1b10~0x1b1f      jRI.@...J..(....
0x5F,0xFD,0xF8,0xBD,0x51,0x1A,0x8C,0xB2,0x69,0x88,0x7B,0x8D,0x99,0x42,0x01,0xD3,  //0x1b20~0x1b2f      _...Q...i.{..B..
0xC9,0x1A,0x00,0xE0,0x59,0x1A,0x89,0xB2,0x18,0x28,0x2E,0xD8,0x14,0x2C,0x2C,0xD8,  //0x1b30~0x1b3f      ....Y....(...,,.
0x0F,0x29,0x2A,0xD8,0x30,0x78,0x01,0x28,0x2F,0xD9,0x02,0x28,0xE9,0xD3,0x80,0x00,  //0x1b40~0x1b4f      .)*.0x.(/..(....
0x40,0x19,0x40,0x38,0xC1,0x8F,0x80,0x8F,0x04,0xF0,0x48,0xFC,0x04,0x46,0x30,0x78,  //0x1b50~0x1b5f      @.@8......H..F0x
0x80,0x00,0x40,0x19,0x40,0x38,0x43,0x8F,0x02,0x8F,0xC1,0x8F,0x80,0x8F,0x04,0xF0,  //0x1b60~0x1b6f      ..@.@8C.........
0x3D,0xFC,0x00,0x90,0x30,0x78,0x7B,0x8D,0x80,0x00,0x40,0x19,0x40,0x38,0x41,0x8F,  //0x1b70~0x1b7f      =...0x{...@.@8A.
0x3A,0x8D,0x00,0x8F,0x04,0xF0,0x32,0xFC,0x0C,0x2C,0x04,0xD9,0x00,0x99,0x0C,0x29,  //0x1b80~0x1b8f      :.....2..,.....)
0x01,0xD9,0xA0,0x42,0x01,0xD8,0x18,0x2C,0x04,0xD9,0x04,0xF0,0x0D,0xFD,0x04,0xF0,  //0x1b90~0x1b9f      ...B...,........
0xF9,0xFC,0xF8,0xBD,0x30,0x78,0x01,0x28,0xFB,0xD8,0x04,0xF0,0x05,0xFD,0xB6,0xE7,  //0x1ba0~0x1baf      ....0x.(........
0x40,0x04,0x00,0x00,0xB4,0x01,0x01,0x00,0x08,0x06,0x01,0x00,0xC0,0x00,0x01,0x00,  //0x1bb0~0x1bbf      @...............
0x63,0x02,0x00,0x00,0x74,0x09,0x01,0x00,0xFF,0xFF,0x00,0x00,0x09,0x48,0x41,0x78,  //0x1bc0~0x1bcf      c...t........HAx
0x00,0x29,0x0E,0xD0,0x08,0x49,0x49,0x78,0x00,0x29,0x0A,0xD0,0x06,0x49,0x60,0x31,  //0x1bd0~0x1bdf      .)...IIx.)...I`1
0x89,0x7D,0x01,0x29,0x05,0xD1,0x05,0x4A,0x00,0x78,0x00,0x21,0x52,0x69,0x40,0x00,  //0x1be0~0x1bef      .}.)...J.x.!Ri@.
0x11,0x52,0x70,0x47,0xDA,0x03,0x01,0x00,0x08,0x06,0x01,0x00,0xBC,0x79,0x00,0x00,  //0x1bf0~0x1bff      .RpG.........y..
0x0B,0x88,0x4A,0x88,0x00,0x28,0x04,0xD0,0x18,0x01,0x08,0x80,0x10,0x01,0x48,0x80,  //0x1c00~0x1c0f      ..J..(........H.
0x70,0x47,0x18,0x09,0x08,0x80,0x10,0x09,0xF9,0xE7,0x00,0x00,0xF8,0xB5,0x00,0xF0,  //0x1c10~0x1c1f      pG..............
0x53,0xF8,0x24,0x4F,0x24,0x4E,0x25,0x4D,0x25,0x4C,0x30,0x68,0x00,0x28,0x05,0xD0,  //0x1c20~0x1c2f      S.$O$N%M%L0h.(..
0xC1,0x68,0x49,0x1C,0xC1,0x60,0x41,0x69,0x49,0x1C,0x41,0x61,0x03,0xF0,0x96,0xFA,  //0x1c30~0x1c3f      .hI..`AiI.Aa....
0x02,0xF0,0xB8,0xFD,0xFF,0xF7,0x5E,0xF8,0x00,0xF0,0x4C,0xF8,0x38,0x7A,0x04,0x28,  //0x1c40~0x1c4f      ......^...L.8z.(
0x02,0xD0,0xFF,0xF7,0x61,0xFC,0xF8,0xBD,0x03,0xF0,0xEA,0xFA,0x28,0x78,0xC0,0x09,  //0x1c50~0x1c5f      ....a.......(x..
0x02,0xD1,0x60,0x79,0x00,0x28,0xE0,0xD0,0x03,0xF0,0xF0,0xFC,0x00,0x20,0xFF,0xF7,  //0x1c60~0x1c6f      ..`y.(..........
0x2D,0xFC,0x30,0x68,0x00,0x28,0x02,0xD0,0xC1,0x69,0x49,0x1C,0xC1,0x61,0x28,0x78,  //0x1c70~0x1c7f      -.0h.(...iI..a(x
0x00,0x07,0x0D,0xD5,0x0F,0x48,0x00,0x78,0x01,0x28,0x09,0xD1,0x03,0xF0,0x40,0xFD,  //0x1c80~0x1c8f      .....H.x.(....@.
0x01,0xF0,0x6C,0xFF,0xFE,0xF7,0xB2,0xFF,0x03,0xF0,0xDC,0xFD,0x03,0xF0,0x00,0xFD,  //0x1c90~0x1c9f      ..l.............
0xFF,0xF7,0x5E,0xF8,0x28,0x78,0x40,0x06,0x40,0x0E,0x28,0x70,0x00,0x20,0x60,0x71,  //0x1ca0~0x1caf      ..^.(x@.@.(p..`q
0xBB,0xE7,0x00,0x00,0x9A,0x05,0x01,0x00,0xB4,0x00,0x01,0x00,0xA7,0x00,0x01,0x00,  //0x1cb0~0x1cbf      ................
0x94,0x01,0x01,0x00,0x0C,0x04,0x01,0x00,0x04,0x48,0x80,0x22,0x01,0x78,0x11,0x43,  //0x1cc0~0x1ccf      .........H.".x.C
0x01,0x70,0x03,0x48,0x01,0x21,0x41,0x71,0x70,0x47,0x00,0x00,0xA7,0x00,0x01,0x00,  //0x1cd0~0x1cdf      .p.H.!AqpG......
0x94,0x01,0x01,0x00,0x02,0x48,0x00,0x68,0x00,0x28,0x00,0xD0,0x00,0x47,0x70,0x47,  //0x1ce0~0x1cef      .....H.h.(...GpG
0x84,0x00,0x01,0x00,0x10,0xB5,0x0F,0x48,0x81,0x78,0x00,0x29,0x19,0xD0,0x82,0x79,  //0x1cf0~0x1cff      .......H.x.)...y
0x0D,0x49,0x01,0x2A,0x02,0xD0,0x0A,0x78,0x01,0x2A,0x12,0xD1,0x01,0x22,0x82,0x71,  //0x1d00~0x1d0f      .I.*...x.*...".q
0x00,0x20,0x08,0x70,0x09,0x48,0x01,0x7A,0x91,0x43,0x01,0x72,0x08,0x48,0x00,0x7A,  //0x1d10~0x1d1f      ...p.H.z.C.r.H.z
0x01,0x28,0x01,0xD0,0x01,0x20,0x00,0xE0,0x00,0x20,0x04,0xF0,0x63,0xFC,0x00,0xF0,  //0x1d20~0x1d2f      .(..........c...
0x09,0xF8,0x10,0xBD,0x9A,0x05,0x01,0x00,0x7F,0x00,0x01,0x00,0x08,0x06,0x01,0x00,  //0x1d30~0x1d3f      ................
0xC0,0x02,0x00,0x00,0xF0,0xB5,0x5A,0x48,0x85,0xB0,0x00,0x78,0x59,0x4A,0x01,0x90,  //0x1d40~0x1d4f      ......ZH...xYJ..
0x10,0x7C,0x59,0x4F,0x92,0x79,0xF9,0x7E,0x01,0x2A,0x7D,0xD1,0x57,0x4A,0x00,0x26,  //0x1d50~0x1d5f      .|YO.y.~.*}.WJ.&
0x12,0x7C,0x35,0x46,0x52,0x07,0x52,0x0F,0x04,0x92,0x14,0x22,0x00,0x92,0x7D,0x22,  //0x1d60~0x1d6f      .|5FR.R...."..}"
0xD2,0x00,0x51,0x43,0x03,0x91,0x00,0x28,0x02,0xD0,0x40,0x06,0x00,0x0E,0x01,0x90,  //0x1d70~0x1d7f      ..QC...(..@.....
0x4F,0x49,0x01,0x20,0x08,0x70,0x03,0xF0,0x29,0xFE,0x01,0xF0,0xA1,0xFE,0x01,0xF0,  //0x1d80~0x1d8f      OI...p..).......
0x0B,0xFB,0x03,0xF0,0x3D,0xF9,0x6D,0x1C,0x01,0x2D,0x1A,0xD0,0x01,0xF0,0x98,0xFE,  //0x1d90~0x1d9f      ....=.m..-......
0x01,0xF0,0x02,0xFB,0x01,0x98,0x01,0xF0,0x7F,0xFE,0x46,0x48,0x02,0xAB,0xC0,0x68,  //0x1da0~0x1daf      ..........FH...h
0x45,0x49,0x01,0x9A,0x01,0xF0,0x5C,0xFE,0x01,0x46,0x3E,0x48,0xC0,0x89,0x88,0x42,  //0x1db0~0x1dbf      EI.......F>H...B
0x16,0xDA,0xB8,0x7E,0x40,0x4A,0x01,0x99,0x01,0xF0,0xF0,0xFD,0x01,0x28,0x06,0xD0,  //0x1dc0~0x1dcf      ...~@J.......(..
0x36,0xE0,0x00,0x24,0x3C,0x48,0x01,0x99,0x01,0xF0,0x12,0xFE,0x30,0xE0,0x3B,0x49,  //0x1dd0~0x1ddf      6..$<H......0.;I
0x01,0x20,0x0A,0x7A,0x02,0x43,0x0A,0x72,0x33,0x49,0x20,0x31,0x48,0x77,0x40,0xE0,  //0x1de0~0x1def      ...z.C.r3I.1Hw@.
0x6A,0x46,0x08,0x21,0x51,0x5E,0xC8,0x42,0x0A,0xD5,0x64,0x1C,0xE4,0xB2,0x03,0x2C,  //0x1df0~0x1dff      jF.!Q^.B..d....,
0x02,0xD9,0x00,0x24,0x25,0x46,0xC6,0xE7,0x0F,0x20,0x03,0xF0,0xAD,0xFE,0xC2,0xE7,  //0x1e00~0x1e0f      ...$%F..........
0x00,0x24,0x06,0x21,0x28,0x46,0xFE,0xF7,0x65,0xFC,0x00,0x29,0x06,0xD1,0x29,0x48,  //0x1e10~0x1e1f      .$.!(F..e..)..)H
0x29,0x49,0xC0,0x68,0x00,0x9B,0x01,0x9A,0x01,0xF0,0x8C,0xFD,0x28,0x48,0x00,0x68,  //0x1e20~0x1e2f      )I.h........(H.h
0x80,0x88,0x86,0x19,0x03,0x98,0x86,0x42,0x02,0xD3,0x00,0x26,0x01,0xF0,0xF6,0xFC,  //0x1e30~0x1e3f      .......B...&....
0x23,0x48,0x00,0x68,0x81,0x88,0x04,0x98,0x05,0xF0,0x44,0xF8,0x21,0x49,0x01,0x20,  //0x1e40~0x1e4f      #H.h......D.!I..
0x48,0x60,0x21,0x48,0x00,0x78,0x00,0xE0,0x28,0xE0,0x00,0x28,0x9B,0xD0,0x15,0x48,  //0x1e50~0x1e5f      H`!H.x..(..(...H
0x00,0x21,0x81,0x71,0xC2,0x78,0x1A,0x48,0x00,0x68,0x82,0x80,0x1B,0x4A,0x11,0x80,  //0x1e60~0x1e6f      .!.q.x.H.h...J..
0x81,0x60,0x13,0x48,0x00,0x24,0x04,0x70,0x01,0x20,0x78,0x71,0x04,0x21,0x02,0x20,  //0x1e70~0x1e7f      .`.H.$.p..xq.!..
0x05,0xF0,0x10,0xF9,0x02,0x22,0x11,0x46,0x04,0x20,0x05,0xF0,0xA1,0xFA,0x12,0x48,  //0x1e80~0x1e8f      .....".F.......H
0x04,0x70,0x01,0xF0,0x73,0xFD,0x03,0xF0,0xD9,0xFB,0x03,0xF0,0x9F,0xFD,0x03,0xF0,  //0x1e90~0x1e9f      .p..s...........
0x37,0xFC,0x0B,0x48,0x0D,0x49,0x00,0x68,0x80,0x88,0x08,0x80,0x05,0xB0,0xF0,0xBD,  //0x1ea0~0x1eaf      7..H.I.h........
0xB8,0x03,0x01,0x00,0x9A,0x05,0x01,0x00,0x94,0x01,0x01,0x00,0x60,0x04,0x00,0x00,  //0x1eb0~0x1ebf      ............`...
0x6C,0x00,0x01,0x00,0xBC,0x79,0x00,0x00,0x04,0x09,0x01,0x00,0x08,0x06,0x01,0x00,  //0x1ec0~0x1ecf      l....y..........
0xB4,0x00,0x01,0x00,0x00,0x05,0x03,0x00,0x30,0x00,0x01,0x00,0x7A,0x00,0x01,0x00,  //0x1ed0~0x1edf      ........0...z...
0x70,0xB5,0x00,0xF0,0x33,0xF8,0x17,0x4D,0x17,0x4C,0x20,0x68,0x00,0x28,0x05,0xD0,  //0x1ee0~0x1eef      p...3..M.L.h.(..
0xC1,0x68,0x49,0x1C,0xC1,0x60,0x01,0x69,0x49,0x1C,0x01,0x61,0x02,0xF0,0x5A,0xFC,  //0x1ef0~0x1eff      .hI..`.iI..a..Z.
0xFE,0xF7,0x00,0xFF,0x28,0x7A,0x00,0x28,0x04,0xD0,0xFF,0xF7,0x05,0xFB,0xFF,0xF7,  //0x1f00~0x1f0f      ....(z.(........
0xAF,0xFD,0x70,0xBD,0x01,0x20,0xFF,0xF7,0xD9,0xFA,0x00,0x28,0xE5,0xD0,0x03,0xF0,  //0x1f10~0x1f1f      ..p........(....
0x25,0xF9,0x20,0x68,0x00,0x28,0x02,0xD0,0x81,0x69,0x49,0x1C,0x81,0x61,0x01,0xF0,  //0x1f20~0x1f2f      %..h.(...iI..a..
0x1D,0xFE,0xFE,0xF7,0x63,0xFE,0x03,0xF0,0x8D,0xFC,0x03,0xF0,0xB1,0xFB,0xFE,0xF7,  //0x1f30~0x1f3f      ....c...........
0x0F,0xFF,0xD2,0xE7,0x9A,0x05,0x01,0x00,0xB4,0x00,0x01,0x00,0x04,0x48,0x80,0x22,  //0x1f40~0x1f4f      .............H."
0x01,0x78,0x11,0x43,0x01,0x70,0x03,0x48,0x01,0x21,0x41,0x71,0x70,0x47,0x00,0x00,  //0x1f50~0x1f5f      .x.C.p.H.!AqpG..
0xA7,0x00,0x01,0x00,0x94,0x01,0x01,0x00,0x70,0x47,0x00,0x00,0x10,0xB5,0x03,0xF0,  //0x1f60~0x1f6f      ........pG......
0x35,0xFD,0x0C,0x4C,0x0C,0x49,0x20,0x79,0x4A,0x89,0x40,0x00,0x00,0x19,0x03,0x89,  //0x1f70~0x1f7f      5..L.I.yJ.@.....
0x4B,0x81,0x02,0x81,0x00,0x20,0x20,0x70,0x48,0x89,0x08,0x49,0x08,0x80,0x20,0x46,  //0x1f80~0x1f8f      K......pH..I...F
0x06,0x21,0x0E,0x30,0xFE,0xF7,0x91,0xFB,0x01,0x20,0xA0,0x70,0x03,0xF0,0x56,0xFB,  //0x1f90~0x1f9f      .!.0.......p..V.
0x10,0xBD,0x00,0x00,0xBE,0x06,0x01,0x00,0xB8,0x03,0x01,0x00,0x94,0x00,0x01,0x00,  //0x1fa0~0x1faf      ................
0x10,0xB5,0x16,0x21,0x07,0x48,0xFE,0xF7,0x80,0xFB,0x06,0x48,0x06,0x22,0x06,0x49,  //0x1fb0~0x1fbf      ...!.H.....H.".I
0x08,0x30,0xFE,0xF7,0x1D,0xFB,0x05,0x48,0x00,0x21,0x41,0x80,0x04,0x49,0x49,0x89,  //0x1fc0~0x1fcf      .0.....H.!A..II.
0x01,0x80,0x10,0xBD,0xBE,0x06,0x01,0x00,0x49,0x04,0x00,0x00,0x94,0x00,0x01,0x00,  //0x1fd0~0x1fdf      ........I.......
0xB8,0x03,0x01,0x00,0xFE,0xB5,0xFF,0x20,0x01,0x90,0x00,0x20,0x04,0x46,0x00,0x90,  //0x1fe0~0x1fef      .............F..
0x1C,0x4E,0x1D,0x4D,0x1D,0x48,0x02,0x90,0x60,0x00,0x47,0x19,0x39,0x89,0x1C,0x48,  //0x1ff0~0x1fff      .N.M.H..`.G.9..H
0x81,0x42,0x09,0xD0,0x02,0x98,0x81,0x7C,0xF8,0x89,0xFE,0xF7,0x6B,0xFB,0xF8,0x81,  //0x2000~0x200f      .B.....|....k...
0xB0,0x42,0x01,0xD2,0x06,0x46,0x01,0x94,0x64,0x1C,0xE4,0xB2,0x03,0x2C,0xEB,0xD3,  //0x2010~0x201f      .B...F..d....,..
0x01,0x98,0xFF,0x28,0x14,0xD0,0x11,0x49,0xA8,0x8A,0xC9,0x1C,0x4A,0x7B,0x0B,0x7B,  //0x2020~0x202f      ...(...I....J{.{
0x11,0x02,0x19,0x43,0x88,0x42,0x0B,0xD9,0x02,0x99,0x49,0x7C,0x89,0x19,0x88,0x42,  //0x2030~0x203f      ...C.B....I|...B
0x06,0xD9,0x03,0x20,0x28,0x70,0x01,0x98,0x28,0x71,0x01,0x20,0x00,0x90,0x03,0xE0,  //0x2040~0x204f      ....(p..(q......
0x00,0x98,0x00,0x28,0x00,0xD1,0x28,0x70,0x06,0x48,0x07,0x49,0x40,0x89,0x08,0x80,  //0x2050~0x205f      ...(..(p.H.I@...
0x00,0x98,0xFE,0xBD,0xFF,0x7F,0x00,0x00,0xBE,0x06,0x01,0x00,0x40,0x04,0x00,0x00,  //0x2060~0x206f      ............@...
0xFF,0xFF,0x00,0x00,0xB8,0x03,0x01,0x00,0x94,0x00,0x01,0x00,0x70,0xB5,0x25,0x48,  //0x2070~0x207f      ............p.%H
0x01,0x24,0x80,0x79,0x00,0x28,0x43,0xD0,0x23,0x48,0x00,0x7A,0x04,0x28,0x3F,0xD0,  //0x2080~0x208f      .$.y.(C.#H.z.(?.
0x22,0x4D,0x28,0x78,0x00,0x28,0x06,0xD0,0x01,0x28,0x1E,0xD0,0x02,0x28,0x1F,0xD0,  //0x2090~0x209f      "M(x.(...(...(..
0x03,0x28,0x26,0xD1,0x1F,0xE0,0x1B,0x48,0x1D,0x4E,0xC0,0x1C,0x41,0x7B,0x00,0x7B,  //0x20a0~0x20af      .(&....H.N..A{.{
0x0B,0x02,0x03,0x43,0x72,0x88,0x00,0x20,0x1A,0x49,0x9A,0x42,0x48,0x70,0x09,0xD9,  //0x20b0~0x20bf      ...Cr....I.BHp..
0x16,0x48,0x06,0x21,0x0E,0x30,0xFE,0xF7,0xF8,0xFA,0xA8,0x79,0x02,0xF0,0xDE,0xFF,  //0x20c0~0x20cf      .H.!.0.....y....
0x01,0x20,0x28,0x70,0x70,0x88,0xA8,0x82,0x08,0xE0,0x00,0xF0,0x95,0xFF,0x05,0xE0,  //0x20d0~0x20df      ..(pp...........
0xFF,0xF7,0x80,0xFF,0x02,0xE0,0xFF,0xF7,0x41,0xFF,0x00,0x24,0x28,0x78,0x00,0x28,  //0x20e0~0x20ef      ........A..$(x.(
0x08,0xD0,0x00,0x21,0x49,0x1C,0xC9,0xB2,0x03,0x29,0xFB,0xD3,0x00,0x06,0x00,0x0E,  //0x20f0~0x20ff      ...!I....)......
0x00,0xD0,0x00,0x24,0x68,0x78,0x00,0x28,0x02,0xD0,0x40,0x1E,0x68,0x70,0x00,0x24,  //0x2100~0x210f      ...$hx.(..@.hp.$
0x20,0x46,0x70,0xBD,0x40,0x04,0x00,0x00,0x9A,0x05,0x01,0x00,0xBE,0x06,0x01,0x00,  //0x2110~0x211f      .Fp.@...........
0x94,0x00,0x01,0x00,0x68,0x00,0x01,0x00,0x10,0xB5,0x04,0x46,0x01,0xF0,0xB4,0xF8,  //0x2120~0x212f      ....h......F....
0x20,0x46,0x01,0xF0,0xD5,0xF8,0x20,0x46,0xFE,0xF7,0xC2,0xFC,0x10,0xBD,0x30,0xB5,  //0x2130~0x213f      .F.....F......0.
0x00,0x23,0x07,0xE0,0xC4,0x56,0xCD,0x56,0xAC,0x42,0x01,0xD0,0x00,0x20,0x30,0xBD,  //0x2140~0x214f      .#...V.V.B....0.
0x5B,0x1C,0x5B,0xB2,0x93,0x42,0xF5,0xDB,0x01,0x20,0x30,0xBD,0x18,0x21,0x06,0x4A,  //0x2150~0x215f      [.[..B....0..!.J
0x41,0x43,0x8A,0x18,0x10,0xB5,0x40,0x32,0x00,0x28,0x03,0xD1,0x18,0x21,0x10,0x46,  //0x2160~0x216f      AC....@2.(...!.F
0xFE,0xF7,0xA3,0xFA,0x10,0xBD,0x00,0x00,0x08,0x06,0x01,0x00,0xF8,0xB5,0x4E,0x4D,  //0x2170~0x217f      ..............NM
0x4E,0x4E,0x2F,0x46,0xC0,0x37,0x00,0x97,0x4D,0x49,0xF8,0x79,0x70,0x70,0x0C,0x1D,  //0x2180~0x218f      NN/F.7..MI.ypp..
0x00,0x20,0x40,0x3F,0x07,0xE0,0x2B,0x18,0x80,0x33,0x7A,0x7D,0xDB,0x7F,0xD2,0x18,  //0x2190~0x219f      ..@?..+..3z}....
0x33,0x18,0x9A,0x70,0x40,0x1C,0x0A,0x78,0x82,0x42,0xF4,0xD8,0x42,0x49,0x43,0x48,  //0x21a0~0x21af      3..p@..x.B..BICH
0x06,0x22,0x97,0x31,0x1E,0x30,0xFE,0xF7,0x23,0xFA,0x30,0x46,0x79,0x7F,0x20,0x30,  //0x21b0~0x21bf      .".1.0..#.0Fy..0
0x81,0x76,0x00,0x21,0x3F,0x4A,0x01,0x71,0x11,0x70,0x2A,0x46,0x23,0x32,0x51,0x7B,  //0x21c0~0x21cf      .v.!?J.q.p*F#2Q{
0x12,0x7B,0x09,0x02,0x11,0x43,0xFF,0x23,0x0A,0x06,0x1B,0x02,0x19,0x40,0x09,0x02,  //0x21d0~0x21df      .{...C.#.....@..
0x51,0x18,0x2A,0x46,0x60,0x32,0xF1,0x62,0x11,0x7E,0x41,0x76,0xB9,0x7F,0xC1,0x76,  //0x21e0~0x21ef      Q.*F`2.b.~Av...v
0x31,0x49,0x60,0x31,0xCB,0x78,0x31,0x49,0x40,0x31,0x01,0x2B,0x01,0xD0,0x04,0x2B,  //0x21f0~0x21ff      1I`1.x1I@1.+...+
0x00,0xD1,0x00,0x23,0xCB,0x77,0x00,0x9B,0xDF,0x78,0x33,0x46,0x60,0x33,0x1F,0x70,  //0x2200~0x220f      ...#.w...x3F`3.p
0x00,0x9F,0x3F,0x79,0x5F,0x70,0x2B,0x46,0xC1,0x33,0x5F,0x79,0x1B,0x79,0x3F,0x02,  //0x2210~0x221f      ..?y_p+F.3_y.y?.
0x1F,0x43,0x62,0x23,0x9F,0x53,0x52,0x7D,0x02,0x77,0x00,0x98,0x42,0x7D,0x03,0x7D,  //0x2220~0x222f      .Cb#.SR}.w..B}.}
0x10,0x02,0x18,0x43,0xF0,0x87,0xE8,0x1D,0xFF,0x30,0xFA,0x30,0x42,0x7D,0x03,0x7D,  //0x2230~0x223f      ...C.....0.0B}.}
0x12,0x02,0x1A,0x43,0xE2,0x80,0x82,0x7D,0x22,0x72,0x1C,0x4B,0xC2,0x7D,0x62,0x72,  //0x2240~0x224f      ...C...}"r.K.}br
0x20,0x33,0x5B,0x7E,0x00,0x2B,0x03,0xD0,0x07,0x2A,0x01,0xD9,0x07,0x22,0x62,0x72,  //0x2250~0x225f      .3[~.+...*..."br
0x42,0x7E,0x03,0x7E,0x12,0x02,0x1A,0x43,0xA2,0x81,0x82,0x7E,0xA2,0x73,0xC2,0x7E,  //0x2260~0x226f      B~.~...C...~.s.~
0xE2,0x73,0x42,0x7F,0x03,0x7F,0x12,0x02,0x1A,0x43,0x62,0x82,0x82,0x7F,0x22,0x75,  //0x2270~0x227f      .sB......Cb..."u
0xC0,0x7F,0x60,0x75,0x11,0x20,0x40,0x01,0x28,0x18,0x42,0x78,0x03,0x78,0x12,0x02,  //0x2280~0x228f      ..`u..@.(.Bx.x..
0x1A,0x43,0x22,0x83,0x82,0x78,0xA2,0x76,0xC0,0x78,0xE0,0x76,0x00,0x20,0x88,0x70,  //0x2290~0x229f      .C"..x.v.x.v...p
0x09,0x49,0xC8,0x61,0x09,0x48,0x41,0x7C,0x09,0x48,0x01,0x70,0x1A,0x21,0x40,0x1C,  //0x22a0~0x22af      .I.a.HA|.H.p.!@.
0xFE,0xF7,0x03,0xFA,0xF8,0xBD,0x00,0x00,0x00,0x02,0x00,0x00,0x74,0x01,0x01,0x00,  //0x22b0~0x22bf      ............t...
0xB8,0x03,0x01,0x00,0x8D,0x00,0x01,0x00,0x48,0x09,0x01,0x00,0x60,0x04,0x00,0x00,  //0x22c0~0x22cf      ........H...`...
0xAC,0x05,0x01,0x00,0x10,0xB5,0x41,0x88,0x00,0x88,0xFF,0xF7,0xCF,0xF9,0x02,0x49,  //0x22d0~0x22df      ......A........I
0x00,0x20,0xC8,0x71,0x10,0xBD,0x00,0x00,0x08,0x06,0x01,0x00,0x70,0xB5,0x14,0x49,  //0x22e0~0x22ef      ...q........p..I
0x04,0x46,0x88,0x88,0x13,0x4A,0x90,0x42,0x03,0xD2,0x13,0x4A,0x12,0x88,0x80,0x18,  //0x22f0~0x22ff      .F...J.B...J....
0x88,0x80,0x12,0x4D,0x00,0x26,0xE8,0x79,0x00,0x28,0x04,0xD0,0xA8,0x71,0x00,0x06,  //0x2300~0x230f      ...M.&.y.(...q..
0x00,0x0E,0x11,0xD1,0x12,0xE0,0x61,0x88,0x20,0x88,0x01,0xF0,0xE1,0xF9,0x01,0x28,  //0x2310~0x231f      ......a........(
0x0A,0xD0,0x61,0x88,0x20,0x88,0xFF,0xF7,0x0F,0xFA,0xEE,0x71,0xA8,0x79,0x15,0x28,  //0x2320~0x232f      ..a........q.y.(
0x05,0xD0,0x0C,0x28,0x03,0xD0,0xEA,0xE7,0xFF,0xF7,0xBE,0xF9,0xEE,0x71,0x70,0xBD,  //0x2330~0x233f      ...(.........qp.
0xD0,0x00,0x01,0x00,0xFF,0x7F,0x00,0x00,0x88,0x00,0x01,0x00,0x08,0x06,0x01,0x00,  //0x2340~0x234f      ................
0x10,0xB5,0xFF,0xF7,0xB1,0xF9,0x03,0x49,0x00,0x20,0x08,0x70,0x02,0x49,0x88,0x71,  //0x2350~0x235f      .......I...p.I.q
0xC8,0x71,0x10,0xBD,0x4C,0x00,0x01,0x00,0x08,0x06,0x01,0x00,0x18,0x48,0x10,0xB5,  //0x2360~0x236f      .q..L........H..
0x01,0x46,0x00,0x24,0x28,0x39,0x8C,0x71,0x0B,0x78,0x49,0x78,0x15,0x4A,0x01,0x2B,  //0x2370~0x237f      .F.$(9.q.xIx.J.+
0x02,0xD0,0x00,0x2B,0x09,0xD0,0x0A,0xE0,0x00,0x29,0x02,0xD0,0x01,0x29,0x02,0xD0,  //0x2380~0x238f      ...+.....)...)..
0x05,0xE0,0x01,0x21,0x11,0xE0,0x02,0x21,0x0F,0xE0,0x01,0x29,0x0C,0xD0,0x14,0x70,  //0x2390~0x239f      ...!...!...)...p
0x11,0x78,0x00,0x29,0x11,0xD0,0x01,0x29,0x09,0xD0,0x02,0x29,0x0A,0xD0,0x03,0x29,  //0x23a0~0x23af      .x.)...)...)...)
0x01,0xD1,0xFF,0xF7,0x9B,0xFF,0x10,0xBD,0x03,0x21,0x11,0x70,0xF0,0xE7,0xFF,0xF7,  //0x23b0~0x23bf      .........!.p....
0x89,0xFF,0x10,0xBD,0x00,0xF0,0x08,0xF8,0x10,0xBD,0xFF,0xF7,0x81,0xF9,0x10,0xBD,  //0x23c0~0x23cf      ................
0x30,0x06,0x01,0x00,0x4C,0x00,0x01,0x00,0x07,0x49,0x08,0x4A,0x88,0x88,0x90,0x42,  //0x23d0~0x23df      0...L....I.J...B
0x03,0xD2,0x07,0x4A,0x12,0x88,0x80,0x18,0x88,0x80,0x06,0x49,0xC8,0x79,0x00,0x28,  //0x23e0~0x23ef      ...J.......I.y.(
0x00,0xD0,0x88,0x71,0x70,0x47,0x00,0x00,0xD0,0x00,0x01,0x00,0xFF,0x7F,0x00,0x00,  //0x23f0~0x23ff      ...qpG..........
0x88,0x00,0x01,0x00,0x08,0x06,0x01,0x00,0xF0,0xB5,0x8F,0xB0,0x04,0x46,0x38,0x21,  //0x2400~0x240f      .............F8!
0x68,0x46,0xFE,0xF7,0x54,0xF9,0x10,0x48,0x10,0x4F,0x61,0x01,0x08,0x18,0x79,0x78,  //0x2410~0x241f      hF..T..H.Oa...yx
0x3A,0x78,0x40,0x69,0x51,0x43,0xCE,0xB2,0x00,0x22,0x11,0x46,0x6B,0x46,0x0B,0xE0,  //0x2420~0x242f      :x@iQC...".FkF..
0x7C,0x18,0xA4,0x78,0x01,0x2C,0x05,0xD1,0x54,0x00,0x4D,0x00,0x04,0x5B,0x52,0x1C,  //0x2430~0x243f      |..x.,..T.M..[R.
0x5C,0x53,0xD2,0xB2,0x49,0x1C,0xC9,0xB2,0xB1,0x42,0xF1,0xD3,0x38,0x22,0x19,0x46,  //0x2440~0x244f      .S..I....B..8".F
0xFE,0xF7,0xD6,0xF8,0x0F,0xB0,0xF0,0xBD,0xBC,0x79,0x00,0x00,0xA0,0x06,0x01,0x00,  //0x2450~0x245f      .........y......
0x30,0xB5,0x06,0x48,0x04,0x68,0x00,0x20,0x04,0xE0,0x43,0x00,0xE5,0x5A,0x40,0x1C,  //0x2460~0x246f      0..H.h....C..Z@.
0xD5,0x52,0xC0,0xB2,0x88,0x42,0xF8,0xD3,0x30,0xBD,0x00,0x00,0xB4,0x79,0x00,0x00,  //0x2470~0x247f      .R...B..0....y..
0xFF,0xB5,0x00,0x28,0x78,0xD0,0x00,0x2A,0x01,0xD0,0x02,0x2A,0x00,0xD9,0x01,0x22,  //0x2480~0x248f      ...(x..*...*..."
0x4B,0x01,0x61,0x49,0x61,0x4D,0x5B,0x18,0x61,0x49,0x13,0x26,0xAE,0x57,0x89,0x7D,  //0x2490~0x249f      K.aIaM[.aI.&.W.}
0x00,0x24,0x04,0x60,0x44,0x60,0x84,0x60,0x5D,0x4C,0x13,0x35,0x60,0x3C,0xE4,0x78,  //0x24a0~0x24af      .$.`D`.`]L.5`<.x
0x01,0x2C,0x78,0xD0,0x04,0x2C,0x76,0xD0,0x01,0x24,0x2C,0x57,0x59,0x4D,0xA6,0x46,  //0x24b0~0x24bf      .,x..,v..$,WYM.F
0x00,0x24,0x2C,0x57,0xA4,0x46,0x01,0x24,0x2C,0x57,0x5D,0x69,0x00,0x2E,0x09,0xD0,  //0x24c0~0x24cf      .$,W.F.$,W]i....
0x63,0x46,0x5B,0x1E,0x9E,0x42,0x05,0xD0,0x73,0x46,0x00,0x2B,0x02,0xD0,0x63,0x1E,  //0x24d0~0x24df      cF[..B..sF.+..c.
0x9E,0x45,0x00,0xD1,0x01,0x22,0x77,0x46,0xBF,0x1A,0x7F,0xB2,0x01,0x97,0xB3,0x1A,  //0x24e0~0x24ef      .E..."wF........
0x77,0x46,0xBF,0x18,0x5B,0xB2,0xB2,0x18,0x03,0x93,0x96,0x46,0x00,0x97,0x23,0xE0,  //0x24f0~0x24ff      wF..[......F..#.
0x00,0x26,0x1F,0x46,0x67,0x43,0x01,0x9A,0x02,0x97,0x14,0xE0,0x00,0x2B,0x10,0xDB,  //0x2500~0x250f      .&.FgC.......+..
0x63,0x45,0x0E,0xDA,0x00,0x2A,0x0C,0xDB,0xA2,0x42,0x0A,0xDA,0x02,0x9F,0xBF,0x18,  //0x2510~0x251f      cE...*...B......
0x7F,0x00,0xEF,0x5F,0x8F,0x42,0x01,0xDD,0x7F,0x1A,0x00,0xE0,0x00,0x27,0x3F,0xB2,  //0x2520~0x252f      ..._.B.......'?.
0xF6,0x19,0x52,0x1C,0x52,0xB2,0x00,0x9F,0x97,0x42,0xE7,0xDA,0x82,0x68,0x5E,0x43,  //0x2530~0x253f      ..R.R....B...h^C
0x92,0x19,0x5B,0x1C,0x5B,0xB2,0x82,0x60,0x9E,0x45,0xD9,0xDA,0x01,0x9B,0x25,0xE0,  //0x2540~0x254f      ..[.[..`.E....%.
0x00,0x26,0x03,0x9A,0x16,0xE0,0x00,0x2A,0x12,0xDB,0x62,0x45,0x10,0xDA,0x00,0x2B,  //0x2550~0x255f      .&.....*..bE...+
0x0E,0xDB,0xA3,0x42,0x0C,0xDA,0x17,0x46,0x67,0x43,0xFF,0x18,0x7F,0x00,0xEF,0x5F,  //0x2560~0x256f      ...B...FgC....._
0x8F,0x42,0x02,0xDD,0x7F,0x1A,0x01,0xE0,0x4D,0xE0,0x00,0x27,0x3F,0xB2,0xF6,0x19,  //0x2570~0x257f      .B......M..'?...
0x52,0x1C,0x52,0xB2,0x96,0x45,0xE6,0xDA,0x1F,0x46,0x42,0x68,0x77,0x43,0xD2,0x19,  //0x2580~0x258f      R.R..E...FBhwC..
0x42,0x60,0x02,0x68,0x92,0x19,0x5B,0x1C,0x5B,0xB2,0x02,0x60,0x00,0x9A,0x9A,0x42,  //0x2590~0x259f      B`.h..[.[..`...B
0xD6,0xDA,0x33,0xE0,0xFF,0xE7,0x5D,0x69,0x00,0x2E,0x04,0xD0,0x1E,0x4B,0x9B,0x78,  //0x25a0~0x25af      ..3...]i.....K.x
0x5B,0x1E,0xB3,0x42,0x00,0xD1,0x01,0x22,0xB3,0x1A,0xB2,0x18,0x5B,0xB2,0x94,0x46,  //0x25b0~0x25bf      [..B..."....[..F
0x22,0xE0,0x00,0x2B,0x1E,0xDB,0x18,0x4A,0x92,0x78,0x9A,0x42,0x1A,0xDD,0x9A,0x00,  //0x25c0~0x25cf      "..+...J.x.B....
0xAC,0x5E,0x8C,0x42,0x01,0xDD,0x64,0x1A,0x00,0xE0,0x00,0x24,0x56,0x19,0x02,0x22,  //0x25d0~0x25df      .^.B..d....$V.."
0xB2,0x5E,0x8A,0x42,0x01,0xDD,0x52,0x1A,0x00,0xE0,0x00,0x22,0xA4,0x18,0x27,0x46,  //0x25e0~0x25ef      .^.B..R...."..'F
0x86,0x68,0x5F,0x43,0xF6,0x19,0x86,0x60,0x46,0x68,0xB2,0x18,0x42,0x60,0x02,0x68,  //0x25f0~0x25ff      .h_C...`Fh..B`.h
0x12,0x19,0x02,0x60,0x5B,0x1C,0x5B,0xB2,0x9C,0x45,0xDA,0xDA,0x01,0x68,0x00,0x29,  //0x2600~0x260f      ...`[.[..E...h.)
0x01,0xD1,0x01,0x21,0x01,0x60,0xFF,0xBD,0xBC,0x79,0x00,0x00,0x08,0x06,0x01,0x00,  //0x2610~0x261f      ...!.`...y......
0xC0,0x02,0x00,0x00,0xA0,0x06,0x01,0x00,0xB8,0x03,0x01,0x00,0xF8,0xB5,0x2C,0x4A,  //0x2620~0x262f      ..............,J
0x06,0x68,0x52,0x1C,0x45,0x68,0x2A,0x49,0x50,0x7F,0x2A,0x4B,0x12,0x7F,0xC9,0x78,  //0x2630~0x263f      .hR.Eh*IP.*K...x
0x00,0x02,0x10,0x43,0x5C,0x78,0x02,0x29,0x07,0xD0,0x03,0x29,0x11,0xD0,0x04,0x29,  //0x2640~0x264f      ...C.x.)...)...)
0x3A,0xD0,0x45,0x43,0x31,0x46,0x28,0x46,0x3E,0xE0,0x21,0x46,0xFE,0xF7,0x42,0xF8,  //0x2650~0x265f      :.EC1F(F>.!F..B.
0x04,0x46,0x28,0x46,0x60,0x43,0x31,0x46,0xFE,0xF7,0x3C,0xF8,0x61,0x08,0x08,0x18,  //0x2660~0x266f      .F(F`C1F..<.a...
0x34,0xE0,0x64,0x20,0x00,0x90,0x68,0x43,0x31,0x46,0xFE,0xF7,0x33,0xF8,0x1A,0x4F,  //0x2670~0x267f      4.d...hC1F..3..O
0x32,0x30,0xFD,0x79,0x64,0x28,0x02,0xD2,0x45,0x43,0x00,0x99,0xE3,0xE7,0x61,0x1E,  //0x2680~0x268f      20.yd(..EC....a.
0x64,0x22,0x51,0x43,0x14,0x4A,0x20,0x3A,0xD6,0x7A,0x81,0x42,0x0D,0xD8,0x00,0x99,  //0x2690~0x269f      d"QC.J.:.z.B....
0xFE,0xF7,0x20,0xF8,0x08,0x46,0x79,0x7A,0x48,0x43,0x00,0x99,0xFE,0xF7,0x1A,0xF8,  //0x26a0~0x26af      .....FyzHC......
0xA4,0x1E,0x74,0x43,0x61,0x19,0x40,0x18,0x10,0xE0,0x64,0x38,0x70,0x43,0x00,0x99,  //0x26b0~0x26bf      ..tCa.@...d8pC..
0xFE,0xF7,0x10,0xF8,0x40,0x19,0x09,0xE0,0x05,0x49,0xC9,0x1C,0x48,0x7F,0x09,0x7F,  //0x26c0~0x26cf      ....@....I..H...
0x00,0x02,0x08,0x43,0x68,0x43,0x31,0x46,0xFE,0xF7,0x04,0xF8,0x80,0xB2,0xF8,0xBD,  //0x26d0~0x26df      ...ChC1F........
0x60,0x02,0x00,0x00,0xA0,0x06,0x01,0x00,0xFA,0x03,0x01,0x00,0xFE,0xB5,0x0B,0x46,  //0x26e0~0x26ef      `..............F
0x64,0x21,0x00,0x91,0x30,0x49,0x2F,0x4D,0xCE,0x7A,0x30,0x4C,0x20,0x31,0x00,0x28,  //0x26f0~0x26ff      d!..0I/M.z0L.1.(
0x03,0xD0,0x01,0x28,0x05,0xD0,0x28,0x46,0xFE,0xBD,0xCD,0x79,0x4F,0x7A,0x64,0x78,  //0x2700~0x270f      ...(..(F...yOzdx
0x02,0xE0,0x8D,0x79,0x0F,0x7A,0x24,0x78,0x18,0x46,0x64,0x21,0x48,0x43,0x11,0x46,  //0x2710~0x271f      ...y.z$x.Fd!HC.F
0xFD,0xF7,0xE0,0xFF,0x32,0x30,0x64,0x28,0x0E,0xD2,0x08,0x28,0x08,0xD9,0x22,0x46,  //0x2720~0x272f      ....20d(...(.."F
0x64,0x21,0x4A,0x43,0x11,0x46,0x08,0x38,0x10,0x39,0x50,0x43,0xFD,0xF7,0xD2,0xFF,  //0x2730~0x273f      d!JC.F.8.9PC....
0x32,0x28,0x15,0xD8,0x32,0x20,0x15,0xE0,0x61,0x1E,0x64,0x22,0x51,0x43,0x81,0x42,  //0x2740~0x274f      2(..2...a.d"QC.B
0x15,0xD8,0x22,0x46,0x64,0x21,0x4A,0x43,0x11,0x46,0x08,0x38,0x10,0x39,0x50,0x43,  //0x2750~0x275f      .."Fd!JC.F.8.9PC
0x01,0x92,0xFD,0xF7,0xBF,0xFF,0x01,0x9A,0x32,0x3A,0x82,0x42,0x00,0xD2,0x10,0x46,  //0x2760~0x276f      ........2:.B...F
0x64,0x28,0x04,0xD2,0x68,0x43,0x00,0x99,0xFD,0xF7,0xB4,0xFF,0x17,0xE0,0x61,0x1E,  //0x2770~0x277f      d(..hC........a.
0x64,0x22,0x51,0x43,0x81,0x42,0x0C,0xD8,0x00,0x99,0xFD,0xF7,0xAB,0xFF,0x08,0x46,  //0x2780~0x278f      d"QC.B.........F
0x78,0x43,0x00,0x99,0xFD,0xF7,0xA6,0xFF,0xA4,0x1E,0x40,0x19,0x74,0x43,0x00,0x19,  //0x2790~0x279f      xC........@.tC..
0x05,0xE0,0x64,0x38,0x70,0x43,0x00,0x99,0xFD,0xF7,0x9C,0xFF,0x40,0x19,0x80,0xB2,  //0x27a0~0x27af      ..d8pC......@...
0xFE,0xBD,0x00,0x00,0xFF,0xFF,0x00,0x00,0xDA,0x03,0x01,0x00,0xA0,0x06,0x01,0x00,  //0x27b0~0x27bf      ................
0x70,0xB5,0x09,0x4A,0x09,0x4D,0x0E,0x24,0x0F,0x23,0x2E,0x78,0x14,0x57,0xD3,0x56,  //0x27c0~0x27cf      p..J.M.$.#.x.W.V
0x00,0x2E,0x06,0xD0,0x6D,0x78,0x00,0x2D,0x03,0xD0,0x0C,0x24,0x0D,0x23,0x14,0x57,  //0x27d0~0x27df      ....mx.-...$.#.W
0xD3,0x56,0x04,0x70,0x0B,0x70,0x70,0xBD,0x80,0x02,0x00,0x00,0x08,0x06,0x01,0x00,  //0x27e0~0x27ef      .V.p.pp.........
0xF1,0xB5,0x45,0x4C,0x84,0xB0,0xE0,0x1E,0xFF,0x22,0x09,0x21,0x01,0x90,0xFD,0xF7,  //0x27f0~0x27ff      ..EL.....".!....
0xE9,0xFC,0x00,0x25,0x2F,0x46,0xF8,0x00,0x04,0x99,0x00,0x90,0x46,0x18,0x70,0x79,  //0x2800~0x280f      ...%/F......F.py
0xFF,0x28,0x02,0xD0,0x31,0x79,0xFF,0x29,0x03,0xD1,0x3C,0x49,0x89,0x78,0x01,0x29,  //0x2810~0x281f      .(..1y.)..<I.x.)
0x5D,0xD1,0x02,0x28,0x23,0xD0,0x39,0x49,0x89,0x78,0x01,0x29,0x1F,0xD0,0x01,0x28,  //0x2820~0x282f      ]..(#.9I.x.)...(
0x34,0xD0,0x29,0x46,0x06,0x22,0x51,0x43,0x62,0x5C,0x92,0x06,0x92,0x0E,0x80,0x01,  //0x2830~0x283f      4.)F."QCb.......
0x02,0x43,0x62,0x54,0x28,0x46,0x06,0x21,0x48,0x43,0x84,0x46,0x00,0x19,0x81,0x78,  //0x2840~0x284f      .CbT(F.!HC.F...x
0x32,0x79,0x09,0x07,0x09,0x0F,0x12,0x01,0x11,0x43,0x81,0x70,0x2C,0x49,0x49,0x7C,  //0x2850~0x285f      2y.......C.p,II|
0x00,0x29,0x24,0xD0,0x04,0x9B,0x00,0x9A,0x71,0x88,0x9A,0x5A,0x23,0xE0,0x28,0x46,  //0x2860~0x286f      .)$.....q..Z#.(F
0x06,0x21,0x48,0x43,0x21,0x5C,0xEA,0x00,0x89,0x06,0x89,0x0E,0x40,0x31,0x21,0x54,  //0x2870~0x287f      .!HC!.......@1!T
0x22,0x49,0x00,0x98,0x41,0x18,0x04,0x98,0x30,0x31,0x10,0x18,0x08,0x22,0x02,0x90,  //0x2880~0x288f      "I..A...01..."..
0xFD,0xF7,0xB6,0xFE,0x02,0x98,0x02,0x21,0x41,0x71,0xD3,0xE7,0x28,0x46,0x06,0x21,  //0x2890~0x289f      .......!Aq..(F.!
0x48,0x43,0x21,0x5C,0x89,0x06,0x89,0x0E,0x80,0x31,0x21,0x54,0xCA,0xE7,0x04,0x9A,  //0x28a0~0x28af      HC!......1!T....
0x00,0x99,0x51,0x5A,0x72,0x88,0x63,0x46,0xE3,0x5C,0x8E,0x04,0x9B,0x09,0x9B,0x01,  //0x28b0~0x28bf      ..QZr.cF........
0xB6,0x0E,0x33,0x43,0x66,0x46,0xA3,0x55,0x41,0x70,0x81,0x78,0x13,0x05,0x09,0x09,  //0x28c0~0x28cf      ..3CfF.UAp.x....
0x09,0x01,0x1B,0x0F,0x19,0x43,0x81,0x70,0x6D,0x1C,0xC2,0x70,0xED,0xB2,0x7F,0x1C,  //0x28d0~0x28df      .....C.pm..p....
0x3F,0x06,0x3F,0x0E,0x8F,0xD0,0x09,0x48,0x81,0x78,0x69,0x1A,0x01,0x70,0x09,0x49,  //0x28e0~0x28ef      ?.?....H.xi..p.I
0x0A,0x7A,0x01,0x99,0x0A,0x70,0x01,0x99,0x82,0x79,0x4A,0x70,0x01,0x78,0x01,0x98,  //0x28f0~0x28ff      .z...p...yJp.x..
0x81,0x70,0x05,0xB0,0xF0,0xBD,0x00,0x00,0x3F,0x09,0x01,0x00,0x08,0x06,0x01,0x00,  //0x2900~0x290f      .p......?.......
0x60,0x02,0x00,0x00,0x9A,0x05,0x01,0x00,0x02,0x49,0x40,0x00,0x49,0x69,0x08,0x5E,  //0x2910~0x291f      `........I@.Ii.^
0x70,0x47,0x00,0x00,0xBC,0x79,0x00,0x00,0x04,0x49,0xC0,0x00,0x00,0xB5,0x40,0x18,  //0x2920~0x292f      pG...y...I....@.
0x20,0x30,0x80,0x7B,0x00,0xF0,0x04,0xF8,0x00,0xBD,0x00,0x00,0x08,0x06,0x01,0x00,  //0x2930~0x293f      .0.{............
0x03,0x49,0x00,0xB5,0x80,0x00,0x40,0x18,0x40,0x7D,0xFF,0xF7,0xE5,0xFF,0x00,0xBD,  //0x2940~0x294f      .I....@.@}......
0x08,0x06,0x01,0x00,0xF0,0xB5,0x19,0x4A,0x41,0x01,0x8A,0x18,0x51,0x68,0x93,0x69,  //0x2950~0x295f      .......JA...Qh.i
0x0E,0x78,0x17,0x49,0x19,0x80,0xD3,0x69,0x49,0x42,0x19,0x80,0x15,0x49,0x00,0x25,  //0x2960~0x296f      .x.I...iIB...I.%
0xC9,0x78,0x03,0x29,0x06,0xD0,0x05,0x29,0x04,0xD1,0x13,0x49,0x0B,0x78,0x49,0x78,  //0x2970~0x297f      .x.)...)...I.xIx
0x59,0x18,0xCE,0xB2,0x00,0x21,0x11,0xE0,0x53,0x69,0x4C,0x00,0x1B,0x5F,0x94,0x69,  //0x2980~0x298f      Y....!..SiL.._.i
0x00,0x27,0xE7,0x5F,0x9F,0x42,0x00,0xDD,0x23,0x80,0xD4,0x69,0x00,0x27,0xE7,0x5F,  //0x2990~0x299f      .'._.B..#..i.'._
0x9F,0x42,0x01,0xDA,0x23,0x80,0x0D,0x46,0x49,0x1C,0xC9,0xB2,0xB1,0x42,0xEB,0xD3,  //0x29a0~0x29af      .B..#..FI....B..
0x00,0x28,0x01,0xD1,0x05,0x48,0x45,0x71,0xF0,0xBD,0x00,0x00,0xBC,0x79,0x00,0x00,  //0x29b0~0x29bf      .(...HEq.....y..
0x20,0x4E,0x00,0x00,0x60,0x02,0x00,0x00,0xA0,0x06,0x01,0x00,0x08,0x06,0x01,0x00,  //0x29c0~0x29cf      .N..`...........
0x10,0xB5,0x00,0x20,0x00,0xF0,0xC8,0xF9,0x0A,0x48,0xC0,0x78,0x03,0x28,0x02,0xD1,  //0x29d0~0x29df      .........H.x.(..
0x00,0x20,0xFF,0xF7,0x11,0xFD,0xFE,0xF7,0x79,0xFC,0x00,0x20,0xFF,0xF7,0xB2,0xFF,  //0x29e0~0x29ef      ........y.......
0x00,0xF0,0xC8,0xFA,0xFE,0xF7,0x24,0xFB,0x00,0x20,0x00,0xF0,0x31,0xFD,0xFE,0xF7,  //0x29f0~0x29ff      ......$.....1...
0xDB,0xF8,0x10,0xBD,0x60,0x02,0x00,0x00,0xF0,0xB5,0x24,0x4A,0xC0,0x00,0x82,0x18,  //0x2a00~0x2a0f      ....`.....$J....
0x23,0x4B,0x1A,0x20,0x10,0x5E,0xDB,0x78,0x18,0x32,0x04,0x2B,0x01,0xD1,0x00,0x20,  //0x2a10~0x2a1f      #K...^.x.2.+....
0x10,0x5E,0x20,0x4C,0x00,0x27,0xA3,0x1C,0x5D,0x7B,0x1B,0x7B,0x2D,0x02,0xA2,0x79,  //0x2a20~0x2a2f      .^.L.'..]{.{-..y
0x1D,0x43,0x23,0x7A,0x56,0x08,0x32,0x46,0x5B,0x08,0x46,0x32,0xEB,0x1A,0x82,0x42,  //0x2a30~0x2a3f      .C#zV.2F[.F2...B
0x03,0xDA,0x1C,0x46,0x46,0x3C,0x84,0x42,0x13,0xDC,0x17,0x4C,0x82,0x42,0x05,0xDB,  //0x2a40~0x2a4f      ...FF<.B...L.B..
0x80,0x1B,0x02,0xB2,0x60,0x7C,0x23,0x7C,0x00,0x06,0x06,0xE0,0x18,0x1A,0x02,0xB2,  //0x2a50~0x2a5f      ....`|#|........
0x11,0x48,0x80,0x1C,0x44,0x7C,0x03,0x7C,0x20,0x06,0x00,0x14,0x18,0x43,0x46,0x2A,  //0x2a60~0x2a6f      .H..D|.|.....CF*
0x01,0xD3,0x0F,0x80,0xF0,0xBD,0x0C,0x4B,0x00,0x28,0xDB,0x7B,0x05,0xDA,0x53,0x43,  //0x2a70~0x2a7f      .......K.(.{..SC
0x18,0x18,0x00,0xB2,0x00,0x28,0x05,0xDC,0x05,0xE0,0x53,0x43,0xC0,0x1A,0x00,0xB2,  //0x2a80~0x2a8f      .....(....SC....
0x00,0x28,0x00,0xDA,0x00,0x20,0x08,0x80,0xF0,0xBD,0x00,0x00,0x08,0x06,0x01,0x00,  //0x2a90~0x2a9f      .(..............
0x60,0x02,0x00,0x00,0xFA,0x03,0x01,0x00,0x00,0x04,0x00,0x00,0xF0,0xB5,0x0D,0x46,  //0x2aa0~0x2aaf      `..............F
0x26,0x49,0xC0,0x00,0x41,0x18,0x26,0x48,0x1A,0x26,0x42,0x7F,0x03,0x7F,0x10,0x02,  //0x2ab0~0x2abf      &I..A.&H.&B.....
0x23,0x4A,0x18,0x43,0x52,0x1E,0xD4,0x78,0x22,0x4A,0x18,0x23,0x92,0x79,0xCB,0x5E,  //0x2ac0~0x2acf      #J.CR..x"J.#.y.^
0x8E,0x5F,0x52,0x08,0x01,0x21,0x46,0x32,0x85,0xB0,0x04,0x2C,0x26,0xD0,0x1C,0x46,  //0x2ad0~0x2adf      ._R..!F2...,&..F
0xB2,0x42,0x00,0xDB,0x00,0x21,0x50,0x22,0x51,0x43,0x19,0x4A,0x61,0x3A,0x8E,0x18,  //0x2ae0~0x2aef      .B...!P"QC.Ja:..
0xFF,0x36,0x0A,0x21,0x70,0x36,0xFD,0xF7,0xF5,0xFD,0x00,0x22,0x6F,0x46,0x51,0x1C,  //0x2af0~0x2aff      .6.!p6....."oFQ.
0x03,0x46,0x4B,0x43,0x52,0x00,0xBB,0x52,0xCA,0xB2,0x0A,0x2A,0xF7,0xD3,0x00,0x21,  //0x2b00~0x2b0f      .FKCR..R...*...!
0x48,0x00,0x38,0x5A,0xA0,0x42,0x13,0xDB,0x00,0x20,0x28,0x5E,0x71,0x56,0x48,0x43,  //0x2b10~0x2b1f      H.8Z.B....(^qVHC
0x0A,0x21,0xFD,0xF7,0xE9,0xFD,0x28,0x80,0x05,0xB0,0xF0,0xBD,0x08,0x48,0x34,0x46,  //0x2b20~0x2b2f      .!....(......H4F
0x80,0x1C,0x46,0x7F,0x07,0x7F,0x30,0x02,0x38,0x43,0x9A,0x42,0xD2,0xDA,0xD2,0xE7,  //0x2b30~0x2b3f      ..F...0.8C.B....
0x49,0x1C,0xC9,0xB2,0x0A,0x29,0xE3,0xD3,0x00,0x20,0xEC,0xE7,0x08,0x06,0x01,0x00,  //0x2b40~0x2b4f      I....)..........
0x61,0x02,0x00,0x00,0xFA,0x03,0x01,0x00,0x10,0xB5,0x09,0x48,0x14,0x46,0xC0,0x7A,  //0x2b50~0x2b5f      a..........H.F.z
0x0A,0x46,0x01,0x01,0x10,0x02,0xFD,0xF7,0xBD,0xFD,0xFF,0x21,0x01,0x31,0x88,0x42,  //0x2b60~0x2b6f      .F.........!.1.B
0x01,0xD9,0x08,0x46,0x02,0xE0,0x00,0x28,0x00,0xD1,0x01,0x20,0x20,0x80,0x10,0xBD,  //0x2b70~0x2b7f      ...F...(........
0x8E,0x05,0x01,0x00,0xF8,0xB5,0x0F,0x48,0x01,0x46,0x20,0x31,0x4E,0x7B,0x02,0x2E,  //0x2b80~0x2b8f      .......H.F.1N{..
0x16,0xD2,0x04,0x46,0x07,0x46,0x70,0x34,0x28,0x37,0x01,0x25,0x88,0x7B,0xFE,0xF7,  //0x2b90~0x2b9f      ...F.Fp4(7.%.{..
0xA1,0xFB,0x01,0x28,0x00,0xD1,0x00,0x25,0x00,0x2E,0x08,0xD1,0x08,0x21,0x20,0x46,  //0x2ba0~0x2baf      ...(...%.....!.F
0xFD,0xF7,0x83,0xFD,0x38,0x88,0x20,0x80,0x78,0x88,0x60,0x80,0xA5,0x71,0xE5,0x71,  //0x2bb0~0x2bbf      ....8...x.`..q.q
0xF8,0xBD,0x00,0x00,0x08,0x06,0x01,0x00,0xF3,0xB5,0x81,0xB0,0x45,0x4C,0x00,0x20,  //0x2bc0~0x2bcf      ............EL..
0xFE,0xF7,0x88,0xFB,0x00,0x28,0x0D,0xD0,0x43,0x48,0xC0,0x78,0x03,0x28,0x08,0xD0,  //0x2bd0~0x2bdf      .....(..CH.x.(..
0x02,0x28,0x08,0xD0,0x01,0x26,0xA7,0x57,0x00,0x25,0x78,0x1E,0x44,0xB2,0x7F,0x1C,  //0x2be0~0x2bef      .(...&.W.%x.D...
0x33,0xE0,0x00,0x20,0xFE,0xBD,0x3D,0x49,0x08,0x78,0x49,0x78,0x48,0x43,0xA1,0x78,  //0x2bf0~0x2bff      3.....=I.xIxHC.x
0x08,0x1A,0xC0,0xB2,0x04,0x28,0x5D,0xD2,0x81,0x00,0x37,0x48,0x60,0x38,0x09,0x18,  //0x2c00~0x2c0f      .....(]...7H`8..
0x08,0x46,0xFF,0x30,0x44,0x30,0x42,0x7F,0x03,0x7F,0x10,0x02,0x01,0x9A,0x18,0x43,  //0x2c10~0x2c1f      .F.0D0B........C
0xFF,0x31,0x10,0x80,0x62,0x31,0x48,0x78,0x09,0x78,0x00,0x02,0x08,0x43,0x55,0xE0,  //0x2c20~0x2c2f      .1..b1Hx.x...CU.
0x00,0x20,0x00,0x2C,0x0B,0xDB,0x2E,0x49,0x4A,0x78,0xA2,0x42,0x07,0xDD,0x08,0x78,  //0x2c30~0x2c3f      ...,...IJx.B...x
0x00,0x19,0xC0,0xB2,0xFF,0xF7,0x68,0xFE,0x00,0x28,0x00,0xDC,0x00,0x20,0x21,0x46,  //0x2c40~0x2c4f      ......h..(....!F
0x41,0x43,0x4D,0x19,0x36,0x18,0x64,0x1C,0x64,0xB2,0xBC,0x42,0xE8,0xDD,0x24,0x48,  //0x2c50~0x2c5f      ACM.6.d.d..B..$H
0x41,0x78,0x21,0x48,0x40,0x1C,0x42,0x7F,0x03,0x7F,0x10,0x02,0x18,0x43,0xFD,0xF7,  //0x2c60~0x2c6f      Ax!H@.B......C..
0x39,0xFD,0x04,0xB2,0x28,0x46,0x60,0x43,0x31,0x46,0xFD,0xF7,0x3D,0xFD,0x1A,0x4A,  //0x2c70~0x2c7f      9...(F`C1F..=..J
0x61,0x10,0x41,0x18,0xE0,0x32,0x18,0x4D,0x00,0x20,0x60,0x3D,0x93,0x7B,0x15,0xE0,  //0x2c80~0x2c8f      a.A..2.M..`=.{..
0x82,0x00,0x54,0x19,0x22,0x46,0xFF,0x32,0x44,0x32,0x56,0x7B,0x17,0x7B,0x32,0x02,  //0x2c90~0x2c9f      ..T."F.2D2V{.{2.
0x3A,0x43,0x8A,0x42,0x08,0xDC,0x22,0x46,0xFF,0x32,0x42,0x32,0x54,0x7C,0x16,0x7C,  //0x2ca0~0x2caf      :C.B.."F.2B2T|.|
0x22,0x02,0x32,0x43,0x8A,0x42,0x03,0xDC,0x40,0x1C,0xC0,0xB2,0x83,0x42,0xE7,0xD8,  //0x2cb0~0x2cbf      ".2C.B..@....B..
0x83,0x42,0x01,0xD8,0x02,0x20,0xFE,0xBD,0x80,0x00,0x01,0x9A,0x40,0x19,0xFF,0x30,  //0x2cc0~0x2ccf      .B..........@..0
0x11,0x80,0x62,0x30,0x41,0x78,0x02,0x78,0x08,0x02,0x10,0x43,0x02,0x99,0x08,0x80,  //0x2cd0~0x2cdf      ..b0Ax.x...C....
0x01,0x20,0xFE,0xBD,0x1B,0x06,0x01,0x00,0x60,0x02,0x00,0x00,0xA0,0x06,0x01,0x00,  //0x2ce0~0x2cef      ........`.......
0xDA,0x03,0x01,0x00,0xF0,0xB5,0x02,0x88,0x00,0x20,0x13,0x4D,0xFF,0x21,0x4F,0x31,  //0x2cf0~0x2cff      ...........M.!O1
0x4C,0x5D,0x15,0xE0,0x81,0x00,0x4B,0x19,0x19,0x46,0xFF,0x31,0x44,0x31,0x4E,0x7B,  //0x2d00~0x2d0f      L]....K..F.1D1N{
0x0F,0x7B,0x31,0x02,0x39,0x43,0x91,0x42,0x08,0xD8,0x19,0x46,0xFF,0x31,0x42,0x31,  //0x2d10~0x2d1f      .{1.9C.B...F.1B1
0x4B,0x7C,0x0E,0x7C,0x19,0x02,0x31,0x43,0x91,0x42,0x03,0xD8,0x40,0x1C,0xC0,0xB2,  //0x2d20~0x2d2f      K|.|..1C.B..@...
0x84,0x42,0xE7,0xD8,0x80,0x00,0x40,0x19,0xFF,0x30,0x44,0x30,0x41,0x7F,0x02,0x7F,  //0x2d30~0x2d3f      .B....@..0D0A...
0x08,0x02,0x10,0x43,0xF0,0xBD,0x00,0x00,0x00,0x02,0x00,0x00,0x42,0x18,0x05,0x48,  //0x2d40~0x2d4f      ...C........B..H
0x00,0x29,0x04,0xD0,0x80,0x7A,0x40,0x1C,0xC0,0xB2,0x10,0x71,0x70,0x47,0x40,0x7A,  //0x2d50~0x2d5f      .)...z@....qpG@z
0xF9,0xE7,0x00,0x00,0x80,0x02,0x00,0x00,0xF0,0xB5,0x41,0x01,0x09,0x48,0x08,0x18,  //0x2d60~0x2d6f      ..........A..H..
0x41,0x68,0x45,0x69,0xC3,0x68,0x02,0x69,0x0C,0x78,0x00,0x20,0x06,0xE0,0x41,0x00,  //0x2d70~0x2d7f      AhEi.h.i.x....A.
0x56,0x5A,0x5F,0x5A,0xF6,0x1B,0x40,0x1C,0x6E,0x52,0xC0,0xB2,0xA0,0x42,0xF6,0xD3,  //0x2d80~0x2d8f      VZ_Z..@.nR...B..
0xF0,0xBD,0x00,0x00,0xBC,0x79,0x00,0x00,0x41,0x01,0x30,0xB5,0x07,0x48,0x08,0x18,  //0x2d90~0x2d9f      .....y..A.0..H..
0x41,0x68,0xC3,0x68,0x82,0x68,0x0C,0x78,0x00,0x20,0x04,0xE0,0x41,0x00,0x55,0x5A,  //0x2da0~0x2daf      Ah.h.h.x....A.UZ
0x40,0x1C,0x5D,0x52,0xC0,0xB2,0xA0,0x42,0xF8,0xD3,0x30,0xBD,0xBC,0x79,0x00,0x00,  //0x2db0~0x2dbf      @.]R...B..0..y..
0x70,0xB5,0x0B,0x4C,0x00,0x23,0x0D,0xE0,0x5D,0x00,0x46,0x5B,0x4D,0x5B,0xAE,0x42,  //0x2dc0~0x2dcf      p..L.#..].F[M[.B
0x01,0xD3,0x75,0x1B,0x00,0xE0,0xAD,0x1B,0x2D,0xB2,0xAC,0x42,0x00,0xDA,0x2C,0x46,  //0x2dd0~0x2ddf      ..u.....-..B..,F
0x5B,0x1C,0xDB,0xB2,0x93,0x42,0xEF,0xD3,0x02,0x48,0x44,0x80,0x70,0xBD,0x00,0x00,  //0x2de0~0x2def      [....B...HD.p...
0xC0,0xE0,0xFF,0xFF,0x94,0x00,0x01,0x00,0xF8,0xB5,0x0B,0x46,0x64,0x21,0x00,0x91,  //0x2df0~0x2dff      ...........Fd!..
0x1D,0x49,0x1C,0x4C,0xCE,0x7A,0x1D,0x4D,0x20,0x31,0x00,0x28,0x03,0xD0,0x01,0x28,  //0x2e00~0x2e0f      .I.L.z.M.1.(...(
0x05,0xD0,0x20,0x46,0xF8,0xBD,0xCC,0x79,0x4F,0x7A,0x6D,0x78,0x02,0xE0,0x8C,0x79,  //0x2e10~0x2e1f      ...F...yOzmx...y
0x0F,0x7A,0x2D,0x78,0x18,0x46,0x64,0x21,0x48,0x43,0x11,0x46,0xFD,0xF7,0x5A,0xFC,  //0x2e20~0x2e2f      .z-x.Fd!HC.F..Z.
0x32,0x30,0x64,0x28,0x04,0xD2,0x60,0x43,0x00,0x99,0xFD,0xF7,0x53,0xFC,0x17,0xE0,  //0x2e30~0x2e3f      20d(..`C....S...
0x69,0x1E,0x64,0x22,0x51,0x43,0x81,0x42,0x0C,0xD8,0x00,0x99,0xFD,0xF7,0x4A,0xFC,  //0x2e40~0x2e4f      i.d"QC.B......J.
0x08,0x46,0x78,0x43,0x00,0x99,0xFD,0xF7,0x45,0xFC,0xAD,0x1E,0x00,0x19,0x75,0x43,  //0x2e50~0x2e5f      .FxC....E.....uC
0x40,0x19,0x05,0xE0,0x64,0x38,0x70,0x43,0x00,0x99,0xFD,0xF7,0x3B,0xFC,0x00,0x19,  //0x2e60~0x2e6f      @...d8pC....;...
0x80,0xB2,0xF8,0xBD,0xFF,0xFF,0x00,0x00,0xDA,0x03,0x01,0x00,0xA0,0x06,0x01,0x00,  //0x2e70~0x2e7f      ................
0xF8,0xB5,0x15,0x4C,0x42,0x08,0x15,0x49,0x00,0x2A,0x1C,0xD0,0x14,0x4B,0x9B,0x78,  //0x2e80~0x2e8f      ...LB..I.*...K.x
0x5B,0x1E,0x93,0x42,0x02,0xD1,0x8D,0x79,0xC8,0x78,0x0E,0x79,0xFF,0xF7,0x3C,0xFD,  //0x2e90~0x2e9f      [..B...y.x.y..<.
0x07,0x46,0x30,0x46,0xFF,0xF7,0x38,0xFD,0x38,0x18,0x68,0x43,0x0A,0x21,0xFD,0xF7,  //0x2ea0~0x2eaf      .F0F..8.8.hC.!..
0x23,0xFC,0xFF,0x34,0x24,0x34,0x61,0x79,0x22,0x79,0x09,0x02,0x11,0x43,0x81,0x42,  //0x2eb0~0x2ebf      #..4$4ay"y...C.B
0x05,0xDC,0x08,0x46,0xF8,0xBD,0x4D,0x79,0x48,0x78,0x8E,0x78,0xE6,0xE7,0x64,0x28,  //0x2ec0~0x2ecf      ...F..MyHx.x..d(
0xF8,0xDC,0x64,0x20,0xF8,0xBD,0x00,0x00,0x00,0x02,0x00,0x00,0x20,0x03,0x00,0x00,  //0x2ed0~0x2edf      ..d.............
0xB8,0x03,0x01,0x00,0xF8,0xB5,0x01,0x46,0x23,0x4A,0x22,0x48,0xD4,0x7A,0xC0,0x78,  //0x2ee0~0x2eef      .......F#J"H.z.x
0x8A,0x68,0x09,0x68,0x03,0x28,0x0B,0xD0,0x01,0x28,0x09,0xD0,0x04,0x28,0x07,0xD0,  //0x2ef0~0x2eff      .h.h.(...(...(..
0x10,0x46,0x60,0x43,0xFD,0xF7,0xEE,0xFB,0x61,0x08,0x08,0x18,0x80,0xB2,0xF8,0xBD,  //0x2f00~0x2f0f      .F`C....a.......
0x64,0x23,0x00,0x93,0x03,0x28,0x10,0xD0,0x18,0x48,0x86,0x78,0x64,0x20,0x50,0x43,  //0x2f10~0x2f1f      d#...(...H.xd.PC
0xFD,0xF7,0xE0,0xFB,0x14,0x4F,0x32,0x30,0x20,0x37,0xBD,0x79,0x64,0x28,0x07,0xD2,  //0x2f20~0x2f2f      .....O20.7.yd(..
0x68,0x43,0x00,0x99,0xFD,0xF7,0xD6,0xFB,0xE8,0xE7,0x11,0x48,0x06,0x78,0xED,0xE7,  //0x2f30~0x2f3f      hC.........H.x..
0x71,0x1E,0x64,0x22,0x51,0x43,0x81,0x42,0x0C,0xD8,0x00,0x99,0xFD,0xF7,0xCA,0xFB,  //0x2f40~0x2f4f      q.d"QC.B........
0x38,0x7A,0x48,0x43,0x00,0x99,0xFD,0xF7,0xC5,0xFB,0xB6,0x1E,0x74,0x43,0x29,0x19,  //0x2f50~0x2f5f      8zHC........tC).
0x40,0x18,0xD3,0xE7,0x64,0x38,0x60,0x43,0x00,0x99,0xFD,0xF7,0xBB,0xFB,0x40,0x19,  //0x2f60~0x2f6f      @...d8`C......@.
0xCC,0xE7,0x00,0x00,0x60,0x02,0x00,0x00,0xDA,0x03,0x01,0x00,0xB8,0x03,0x01,0x00,  //0x2f70~0x2f7f      ....`...........
0xA0,0x06,0x01,0x00,0x70,0xB5,0x7D,0x20,0x12,0x4B,0x80,0x01,0xD8,0x63,0x40,0x42,  //0x2f80~0x2f8f      ....p.}..K...c@B
0x18,0x64,0x11,0x49,0x0E,0x4D,0x00,0x20,0x8C,0x78,0x15,0xE0,0x41,0x06,0x09,0x0E,  //0x2f90~0x2f9f      .d.I.M...x..A...
0x6A,0x69,0x49,0x00,0x56,0x5E,0x89,0x1C,0x51,0x5E,0x82,0x00,0x71,0x18,0xD2,0x18,  //0x2fa0~0x2faf      jiI.V^..Q^..q...
0x51,0x60,0x1E,0x6C,0xB1,0x42,0x00,0xDD,0x19,0x64,0x51,0x68,0xDA,0x6B,0x91,0x42,  //0x2fb0~0x2fbf      Q`.l.B...dQh.k.B
0x00,0xDA,0xD9,0x63,0x40,0x1C,0xC0,0xB2,0x84,0x42,0xE7,0xD8,0x70,0xBD,0x00,0x00,  //0x2fc0~0x2fcf      ...c@....B..p...
0xBC,0x79,0x00,0x00,0x0C,0x04,0x01,0x00,0xB8,0x03,0x01,0x00,0x07,0x48,0x01,0x78,  //0x2fd0~0x2fdf      .y...........H.x
0x48,0x08,0xC9,0x07,0x06,0xD0,0x06,0x49,0x40,0x1C,0x0A,0x78,0x43,0x00,0x59,0x18,  //0x2fe0~0x2fef      H......I@..xC.Y.
0x20,0x39,0xCA,0x77,0x03,0x49,0x08,0x70,0x70,0x47,0x00,0x00,0xB8,0x03,0x01,0x00,  //0x2ff0~0x2fff      .9.w.I.ppG......
0x84,0x06,0x01,0x00,0x8C,0x00,0x01,0x00,0x30,0xB5,0x16,0x48,0x81,0x79,0x03,0x29,  //0x3000~0x300f      ........0..H.y.)
0x22,0xD2,0x49,0x00,0x14,0x4A,0x09,0x18,0xCB,0x89,0x54,0x88,0x1B,0x19,0xCB,0x81,  //0x3010~0x301f      ".I..J....T.....
0x81,0x79,0x49,0x1C,0xC9,0xB2,0x81,0x71,0x03,0x29,0x05,0xD0,0x49,0x00,0x09,0x18,  //0x3020~0x302f      .yI....q.)..I...
0x09,0x89,0x0E,0x4B,0x99,0x42,0x10,0xD1,0x00,0x23,0x83,0x71,0x41,0x79,0x0C,0x4C,  //0x3030~0x303f      ...K.B...#.qAy.L
0x49,0x1C,0xC9,0xB2,0x41,0x71,0xA4,0x7C,0xA1,0x42,0x06,0xD3,0x43,0x71,0x02,0x21,  //0x3040~0x304f      I...Aq.|.B..Cq.!
0x01,0x70,0x08,0x48,0x40,0x89,0x10,0x80,0x30,0xBD,0x80,0x79,0x02,0xF0,0x16,0xF8,  //0x3050~0x305f      .p.H@...0..y....
0x30,0xBD,0x00,0x00,0xBE,0x06,0x01,0x00,0x94,0x00,0x01,0x00,0xFF,0xFF,0x00,0x00,  //0x3060~0x306f      0...............
0x40,0x04,0x00,0x00,0xB8,0x03,0x01,0x00,0x02,0x88,0x01,0x29,0x01,0xD1,0x00,0x21,  //0x3070~0x307f      @..........)...!
0x01,0x80,0x10,0x46,0x70,0x47,0x70,0x47,0x70,0x47,0x70,0x47,0x10,0xB5,0x02,0xF0,  //0x3080~0x308f      ...FpGpGpGpG....
0xA5,0xFC,0x03,0xF0,0xDB,0xFC,0x10,0xBD,0x10,0xB5,0x0D,0x4C,0x20,0x78,0x0A,0x28,  //0x3090~0x309f      ...........L.x.(
0x11,0xD9,0x0C,0x48,0x00,0x7C,0x01,0x28,0x0D,0xD1,0x0B,0x48,0x00,0x78,0x01,0x28,  //0x30a0~0x30af      ...H.|.(...H.x.(
0x09,0xD1,0x08,0x48,0x40,0x30,0x00,0x7A,0x01,0x28,0x01,0xD0,0x01,0x20,0x00,0xE0,  //0x30b0~0x30bf      ...H@0.z.(......
0x00,0x20,0x03,0xF0,0x97,0xFA,0x00,0x20,0x04,0x49,0x20,0x70,0x08,0x70,0x10,0xBD,  //0x30c0~0x30cf      .........I.p.p..
0xAC,0x00,0x01,0x00,0x80,0x02,0x00,0x00,0x6B,0x00,0x01,0x00,0xAD,0x00,0x01,0x00,  //0x30d0~0x30df      ........k.......
0x10,0x4A,0x10,0x78,0x04,0x28,0x1B,0xD2,0x0F,0x49,0x0B,0x78,0x89,0x1C,0x0B,0x54,  //0x30e0~0x30ef      .J.x.(...I.x...T
0x40,0x1C,0xC0,0xB2,0x10,0x70,0x03,0x28,0x12,0xD3,0x08,0x78,0x0A,0x28,0x0F,0xD1,  //0x30f0~0x30ff      @....p.(...x.(..
0x48,0x78,0xF5,0x28,0x0C,0xD1,0x88,0x78,0xE7,0x28,0x09,0xD1,0x07,0x48,0x09,0x4A,  //0x3100~0x310f      Hx.(...x.(...H.J
0x83,0x7D,0x07,0x48,0x01,0x2B,0x02,0xD1,0xC9,0x78,0xE8,0x29,0x00,0xD1,0x10,0x80,  //0x3110~0x311f      .}.H.+...x.)....
0x70,0x47,0x00,0x00,0x81,0x00,0x01,0x00,0xA6,0x00,0x01,0x00,0x60,0x02,0x00,0x00,  //0x3120~0x312f      pG..........`...
0xF5,0xE7,0x00,0x00,0x72,0x00,0x01,0x00,0x70,0x47,0x00,0x00,0xF0,0xB5,0x2A,0x48,  //0x3130~0x313f      ....r...pG....*H
0x01,0x7A,0xC9,0x07,0x4E,0xD0,0x29,0x49,0xC9,0x79,0x00,0x29,0x4A,0xD0,0x00,0x21,  //0x3140~0x314f      .z..N.)I.y.)J..!
0x25,0x48,0xCA,0x00,0x12,0x18,0x15,0x46,0x28,0x35,0x68,0x79,0x02,0x28,0x3D,0xD2,  //0x3150~0x315f      %H.....F(5hy.(=.
0x00,0x28,0x02,0xD0,0x01,0x28,0x10,0xD0,0x38,0xE0,0x08,0x46,0x06,0x24,0x60,0x43,  //0x3160~0x316f      .(...(..8..F.$`C
0x1F,0x4C,0x13,0x8D,0x23,0x52,0xA5,0x1D,0x52,0x8D,0x2A,0x52,0x04,0x19,0x63,0x80,  //0x3170~0x317f      .L..#R..R.*R..c.
0x40,0x19,0x42,0x80,0xA3,0x80,0x82,0x80,0x28,0xE0,0x08,0x46,0x06,0x23,0x18,0x4F,  //0x3180~0x318f      @.B.....(..F.#.O
0x58,0x43,0xC4,0x19,0x63,0x88,0xA3,0x80,0xBB,0x1D,0xC3,0x18,0x5E,0x88,0x9E,0x80,  //0x3190~0x319f      XC..c.......^...
0x3E,0x5A,0x66,0x80,0xBE,0x1D,0x36,0x5A,0x5E,0x80,0x16,0x8D,0x3E,0x52,0x57,0x8D,  //0x31a0~0x31af      >Zf...6Z^...>RW.
0x0F,0x4A,0x92,0x1D,0x17,0x52,0xA2,0x88,0x64,0x88,0x92,0x19,0x64,0x00,0x12,0x19,  //0x31b0~0x31bf      .J...R..d...d...
0x92,0x03,0x12,0x0C,0x2A,0x80,0x0A,0x4A,0x9C,0x88,0x92,0x1D,0x10,0x5A,0x5A,0x88,  //0x31c0~0x31cf      ....*..J.....ZZ.
0x20,0x18,0x52,0x00,0x80,0x18,0x80,0x03,0x00,0x0C,0x68,0x80,0x49,0x1C,0x09,0x06,  //0x31d0~0x31df      ..R.......h.I...
0x09,0x0E,0xB5,0xD0,0xF0,0xBD,0x00,0x00,0x08,0x06,0x01,0x00,0x60,0x02,0x00,0x00,  //0x31e0~0x31ef      ............`...
0xC2,0x00,0x01,0x00,0xF8,0xB5,0x27,0x4F,0xF8,0x7A,0x00,0x28,0x49,0xD0,0x38,0x7A,  //0x31f0~0x31ff      ......'O.z.(I.8z
0xC0,0x07,0x46,0xD0,0x38,0x79,0x00,0x28,0x43,0xD0,0x00,0x24,0xE0,0x00,0xC6,0x19,  //0x3200~0x320f      ..F.8y.(C..$....
0x35,0x46,0x28,0x35,0x68,0x79,0x00,0x28,0x02,0xD0,0x01,0x28,0x11,0xD0,0x2B,0xE0,  //0x3210~0x321f      5F(5hy.(...(..+.
0x20,0x46,0xFE,0xF7,0x9B,0xFF,0x18,0x20,0x60,0x43,0x00,0x21,0xC0,0x19,0x40,0x30,  //0x3220~0x322f      .F......`C.!..@0
0x41,0x81,0x01,0x70,0xC1,0x80,0x01,0x81,0x29,0x88,0x41,0x80,0x69,0x88,0x81,0x80,  //0x3230~0x323f      A..p....).A.i...
0x1A,0xE0,0x21,0x46,0x28,0x46,0x00,0xF0,0x41,0xFD,0x29,0x46,0x01,0x20,0xFE,0xF7,  //0x3240~0x324f      ..!F(F..A.)F....
0xD7,0xFC,0x31,0x46,0x30,0x31,0x01,0x20,0x00,0x91,0xFE,0xF7,0xD1,0xFC,0x20,0x46,  //0x3250~0x325f      ..1F01.........F
0xFE,0xF7,0x62,0xFF,0x30,0x46,0x38,0x30,0x08,0x22,0x00,0x99,0xFD,0xF7,0xC8,0xF9,  //0x3260~0x326f      ..b.0F80."......
0x29,0x46,0x00,0x20,0xFE,0xF7,0xC4,0xFC,0x18,0x20,0x60,0x43,0xC0,0x19,0x01,0x46,  //0x3270~0x327f      )F........`C...F
0x40,0x31,0x18,0x22,0x58,0x30,0xFD,0xF7,0xBB,0xF9,0x64,0x1C,0x24,0x06,0x24,0x0E,  //0x3280~0x328f      @1."X0....d.$.$.
0xBC,0xD0,0xF8,0xBD,0x08,0x06,0x01,0x00,0x10,0x49,0xC2,0x00,0x10,0xB5,0x52,0x18,  //0x3290~0x329f      .........I....R.
0x18,0x24,0x13,0x46,0x44,0x43,0x61,0x18,0x28,0x33,0x40,0x31,0x30,0x32,0x00,0x28,  //0x32a0~0x32af      .$.FDCa.(3@102.(
0x12,0xD1,0x1C,0x88,0x10,0x88,0x84,0x42,0x01,0xD3,0x20,0x1A,0x00,0xE0,0x00,0x1B,  //0x32b0~0x32bf      .......B........
0x48,0x82,0x58,0x88,0x52,0x88,0x90,0x42,0x01,0xD3,0x80,0x1A,0x00,0xE0,0x10,0x1A,  //0x32c0~0x32cf      H.X.R..B........
0x88,0x82,0x4A,0x8A,0x10,0x18,0xC8,0x82,0x10,0xBD,0x00,0x00,0x08,0x06,0x01,0x00,  //0x32d0~0x32df      ..J.............
0x70,0xB5,0x05,0x46,0x18,0x20,0x29,0x46,0x41,0x43,0x1A,0x48,0x0C,0x18,0x40,0x34,  //0x32e0~0x32ef      p..F..)FAC.H..@4
0x22,0x46,0x61,0x8A,0x0E,0x32,0x28,0x46,0xFF,0xF7,0x2E,0xFC,0x22,0x46,0xA1,0x8A,  //0x32f0~0x32ff      "Fa..2(F...."F..
0x10,0x32,0x28,0x46,0xFF,0xF7,0x28,0xFC,0x20,0x78,0x01,0x28,0x07,0xD0,0x02,0x28,  //0x3300~0x330f      .2(F..(..x.(...(
0xE0,0x89,0x0C,0xD0,0x21,0x8A,0x40,0x18,0x40,0x08,0xE0,0x81,0x0D,0xE0,0xE0,0x89,  //0x3310~0x331f      ....!.@.@.......
0x17,0x28,0x01,0xD9,0x17,0x20,0xE0,0x81,0x20,0x8A,0x28,0x30,0x05,0xE0,0x28,0x30,  //0x3320~0x332f      .(........(0..(0
0xE0,0x81,0x20,0x8A,0x19,0x28,0x01,0xD9,0x19,0x20,0x20,0x82,0xE1,0x89,0xFF,0x20,  //0x3330~0x333f      .....(..........
0x01,0x30,0x81,0x42,0x00,0xD9,0xE0,0x81,0x21,0x8A,0x81,0x42,0x00,0xD9,0x20,0x82,  //0x3340~0x334f      .0.B....!..B....
0x70,0xBD,0x00,0x00,0x08,0x06,0x01,0x00,0x30,0xB5,0x0D,0x48,0x00,0x21,0x04,0x46,  //0x3350~0x335f      p.......0..H.!.F
0x23,0x7A,0x01,0x25,0x5B,0x08,0x5B,0x00,0x23,0x72,0x2D,0x23,0x1B,0x5C,0x0A,0x46,  //0x3360~0x336f      #z.%[.[.#r-#...F
0x02,0x2B,0x01,0xD2,0x01,0x22,0x02,0xE0,0x02,0x2B,0x00,0xD1,0x01,0x21,0x02,0x70,  //0x3370~0x337f      .+..."...+...!.p
0x81,0x70,0xD0,0xB2,0xC8,0x42,0x02,0xD0,0x20,0x7A,0x28,0x43,0x20,0x72,0x30,0xBD,  //0x3380~0x338f      .p...B...z(C.r0.
0x08,0x06,0x01,0x00,0x10,0xB5,0x04,0x46,0x20,0x21,0xFD,0xF7,0x90,0xF9,0x01,0x48,  //0x3390~0x339f      .......F.!.....H
0x04,0x60,0x10,0xBD,0xB4,0x00,0x01,0x00,0x70,0xB5,0x0E,0x4D,0x0E,0x4C,0x28,0x78,  //0x33a0~0x33af      .`......p..M.L(x
0x00,0x28,0x04,0xD0,0xA2,0x78,0x00,0x21,0x0C,0x48,0x03,0xF0,0x8F,0xFC,0x02,0xF0,  //0x33b0~0x33bf      .(...x.!.H......
0x5F,0xFC,0x02,0xF0,0xD3,0xFF,0x02,0xF0,0x63,0xFC,0x28,0x78,0x00,0x28,0x07,0xD0,  //0x33c0~0x33cf      _.......c.(x.(..
0xA2,0x78,0x01,0x21,0x05,0x48,0x03,0xF0,0x81,0xFC,0x00,0x20,0x01,0xF0,0xD4,0xFD,  //0x33d0~0x33df      .x.!.H..........
0x70,0xBD,0x00,0x00,0xAC,0x05,0x01,0x00,0xB4,0x01,0x01,0x00,0x48,0x09,0x01,0x00,  //0x33e0~0x33ef      p...........H...
0x10,0xB5,0x0B,0x49,0x03,0x28,0x48,0x74,0x08,0xD1,0x02,0x22,0x11,0x46,0x04,0x20,  //0x33f0~0x33ff      ...I.(Ht...".F..
0x03,0xF0,0xE6,0xFF,0x04,0x21,0x02,0x20,0x03,0xF0,0x4C,0xFE,0x05,0x48,0x00,0x7A,  //0x3400~0x340f      .....!....L..H.z
0x01,0x28,0x01,0xD0,0x01,0x20,0x00,0xE0,0x00,0x20,0x03,0xF0,0xEB,0xF8,0x10,0xBD,  //0x3410~0x341f      .(..............
0x08,0x06,0x01,0x00,0xC0,0x02,0x00,0x00,0x70,0xB5,0x06,0x46,0x09,0x4C,0x08,0x48,  //0x3420~0x342f      ........p..F.L.H
0x65,0x79,0xC1,0x78,0x28,0x46,0xFD,0xF7,0x55,0xF9,0xE0,0x74,0x06,0x48,0x00,0x78,  //0x3430~0x343f      ey.x(F..U..t.H.x
0x28,0x1A,0x20,0x75,0x65,0x75,0x01,0x20,0xA0,0x75,0x30,0x70,0x70,0xBD,0x00,0x00,  //0x3440~0x344f      (..ueu...u0pp...
0xB8,0x03,0x01,0x00,0x08,0x06,0x01,0x00,0xDA,0x03,0x01,0x00,0x70,0x47,0x00,0x00,  //0x3450~0x345f      ............pG..
0xF0,0xB5,0x01,0x46,0x00,0x20,0x85,0xB0,0x86,0x46,0x02,0x46,0x01,0x90,0x4D,0x48,  //0x3460~0x346f      ...F.....F.F..MH
0x03,0x90,0x40,0x42,0x02,0x90,0x4C,0x4B,0x00,0x20,0x49,0x01,0xC9,0x18,0x4C,0x69,  //0x3470~0x347f      ..@B..LK..I...Li
0x4A,0x49,0x84,0x46,0xCD,0x78,0x89,0x78,0x00,0x91,0x24,0xE0,0x00,0x27,0x1B,0xE0,  //0x3480~0x348f      JI.F.x.x..$..'..
0x51,0x00,0x61,0x5E,0x03,0x9B,0x99,0x42,0x02,0xDA,0x63,0x46,0x04,0x93,0x03,0x91,  //0x3490~0x349f      Q.a^...B..cF....
0x02,0x9B,0x99,0x42,0x00,0xDD,0x02,0x91,0x41,0x4B,0x5E,0x7C,0x1B,0x7C,0x36,0x02,  //0x34a0~0x34af      ...B....AK^|.|6.
0x1E,0x43,0xB1,0x42,0x03,0xDD,0x73,0x46,0x5B,0x1C,0xDB,0xB2,0x9E,0x46,0x52,0x1C,  //0x34b0~0x34bf      .C.B..sF[....FR.
0x08,0x18,0x7F,0x1C,0xD2,0xB2,0xFF,0xB2,0xBD,0x42,0xE1,0xD8,0x61,0x46,0x49,0x1C,  //0x34c0~0x34cf      .........B..aFI.
0xC9,0xB2,0x8C,0x46,0x00,0x99,0x61,0x45,0xD8,0xD8,0x35,0x49,0x20,0x31,0x4B,0x78,  //0x34d0~0x34df      ...F..aE..5I.1Kx
0x0E,0x78,0x19,0x02,0x02,0x9B,0x31,0x43,0x99,0x42,0x59,0xDC,0x30,0x49,0xC9,0x1E,  //0x34e0~0x34ef      .x....1C.BY.0I..
0x89,0x7C,0x64,0x29,0x01,0xD9,0x64,0x21,0x01,0xE0,0x00,0x29,0x50,0xD0,0x73,0x46,  //0x34f0~0x34ff      .|d)..d!...)P.sF
0x64,0x26,0x73,0x43,0x51,0x43,0x8B,0x42,0x4A,0xD3,0x04,0x99,0x69,0x43,0xCA,0xB2,  //0x3500~0x350f      d&sCQC.BJ...iC..
0x00,0x21,0x06,0xE0,0x53,0x00,0xE3,0x5E,0x52,0x1C,0xC0,0x1A,0x49,0x1C,0xD2,0xB2,  //0x3510~0x351f      .!..S..^R...I...
0xC9,0xB2,0x8D,0x42,0xF6,0xD8,0x00,0x99,0x49,0x1E,0x69,0x43,0xFD,0xF7,0xE4,0xF8,  //0x3520~0x352f      ...B....I.iC....
0x07,0xB2,0x00,0x20,0x01,0x46,0x18,0xE0,0x04,0x9A,0x91,0x42,0x13,0xD0,0x2A,0x46,  //0x3530~0x353f      .....F.....B..*F
0x4A,0x43,0xD3,0xB2,0x00,0x22,0x0C,0xE0,0x5E,0x00,0xA6,0x5F,0xBE,0x42,0x04,0xDA,  //0x3540~0x354f      JC..."..^.._.B..
0x30,0x18,0x01,0x9E,0x76,0x1C,0xF6,0xB2,0x01,0x96,0x5B,0x1C,0x52,0x1C,0xDB,0xB2,  //0x3550~0x355f      0...v.....[.R...
0xD2,0xB2,0x95,0x42,0xF0,0xD8,0x49,0x1C,0xC9,0xB2,0x00,0x9A,0x8A,0x42,0xE3,0xD8,  //0x3560~0x356f      ...B..I......B..
0x01,0x99,0x00,0x29,0x14,0xD0,0xFD,0xF7,0xBF,0xF8,0x03,0xB2,0x00,0x98,0x68,0x43,  //0x3570~0x357f      ...)..........hC
0xC5,0xB2,0x00,0x20,0x06,0x46,0x09,0xE0,0x41,0x00,0x62,0x5E,0x9A,0x42,0x02,0xDD,  //0x3580~0x358f      .....F..A.b^.B..
0xD2,0x1A,0x62,0x52,0x00,0xE0,0x66,0x52,0x40,0x1C,0xC0,0xB2,0xA8,0x42,0xF3,0xD3,  //0x3590~0x359f      ..bR..fR@....B..
0x05,0xB0,0xF0,0xBD,0x20,0x4E,0x00,0x00,0xBC,0x79,0x00,0x00,0xB8,0x03,0x01,0x00,  //0x35a0~0x35af      .....N...y......
0x63,0x02,0x00,0x00,0x70,0xB5,0x12,0x4D,0x12,0x4C,0x28,0x78,0x20,0x70,0x00,0x28,  //0x35b0~0x35bf      c...p..M.L(x.p.(
0x1C,0xD0,0x03,0xF0,0x33,0xFB,0x00,0xF0,0x25,0xF8,0x01,0xF0,0xAF,0xFD,0xE8,0x7E,  //0x35c0~0x35cf      ....3...%......~
0x01,0xF0,0xB8,0xFC,0x00,0x21,0x20,0x46,0xE1,0x76,0x20,0x30,0xC1,0x71,0x81,0x71,  //0x35d0~0x35df      .....!.F.v.0.q.q
0x01,0x21,0x81,0x72,0x01,0x71,0x0D,0x21,0xC1,0x72,0x07,0x48,0x07,0x4A,0x83,0x78,  //0x35e0~0x35ef      .!.r.q.!.r.H.J.x
0x07,0x49,0x20,0x46,0x03,0xF0,0x46,0xFB,0x03,0xF0,0x20,0xFB,0x70,0xBD,0x00,0x00,  //0x35f0~0x35ff      .I.F..F.....p...
0xAC,0x05,0x01,0x00,0x48,0x09,0x01,0x00,0xB4,0x01,0x01,0x00,0x77,0x64,0x00,0x00,  //0x3600~0x360f      ....H.......wd..
0x75,0x64,0x00,0x00,0xF0,0xB5,0x0F,0x48,0x00,0x78,0x00,0x28,0x19,0xD0,0x0E,0x48,  //0x3610~0x361f      ud.....H.x.(...H
0x0E,0x4C,0x05,0x78,0x00,0x20,0x21,0x46,0x20,0x31,0xE0,0x61,0x48,0x71,0x0C,0x4E,  //0x3620~0x362f      .L.x..!F.1.aHq.N
0x01,0x27,0x0A,0xE0,0x31,0x5C,0x02,0x29,0x05,0xD3,0x3A,0x46,0x89,0x1E,0xE3,0x69,  //0x3630~0x363f      .'..1..)..:F...i
0x8A,0x40,0x13,0x43,0xE3,0x61,0x40,0x1C,0xC0,0xB2,0xA8,0x42,0xF2,0xD3,0xE0,0x69,  //0x3640~0x364f      .@.C.a@....B...i
0x20,0x62,0xF0,0xBD,0xAC,0x05,0x01,0x00,0xB8,0x03,0x01,0x00,0x48,0x09,0x01,0x00,  //0x3650~0x365f      .b..........H...
0x84,0x06,0x01,0x00,0xF0,0xB5,0x8C,0x46,0x1C,0x49,0x5F,0x1E,0xC9,0x7E,0x00,0x25,  //0x3660~0x366f      .......F.I_..~.%
0x56,0x1E,0xFC,0xB2,0x01,0x29,0x0B,0xD0,0x02,0x2A,0x01,0xD3,0x91,0x1E,0xCD,0xB2,  //0x3670~0x367f      V....)...*......
0xDB,0x1E,0x9A,0x42,0x01,0xDC,0x91,0x1C,0xCC,0xB2,0x00,0x2A,0x08,0xD0,0x08,0xE0,  //0x3680~0x368f      ...B.......*....
0x00,0x2A,0x00,0xD0,0xF5,0xB2,0x9B,0x1E,0x9A,0x42,0xF6,0xDC,0x51,0x1C,0xF3,0xE7,  //0x3690~0x369f      .*.......B..Q...
0x01,0x24,0xBA,0x42,0x00,0xD1,0xF5,0xB2,0x00,0x21,0x0A,0x46,0x01,0x60,0x0D,0xE0,  //0x36a0~0x36af      .$.B.....!.F.`..
0x6B,0x00,0x61,0x46,0xC9,0x5E,0x0A,0x29,0x00,0xDA,0x00,0x21,0x0B,0x46,0x6B,0x43,  //0x36b0~0x36bf      k.aF.^.)...!.FkC
0x9A,0x18,0x03,0x68,0x59,0x18,0x6D,0x1C,0xED,0xB2,0x01,0x60,0xA5,0x42,0xEF,0xD9,  //0x36c0~0x36cf      ...hY.m....`.B..
0x00,0x29,0x01,0xD1,0x01,0x21,0x01,0x60,0x10,0x46,0xF0,0xBD,0x60,0x02,0x00,0x00,  //0x36d0~0x36df      .)...!.`.F..`...
0x10,0xB5,0x0E,0x4B,0x0E,0x4C,0x9A,0x88,0xA2,0x42,0x15,0xD3,0x1A,0x88,0x82,0x42,  //0x36e0~0x36ef      ...K.L...B.....B
0x01,0xD8,0x80,0x1A,0x00,0xE0,0x10,0x1A,0x14,0x28,0x0D,0xDA,0x58,0x88,0x88,0x42,  //0x36f0~0x36ff      .........(..X..B
0x01,0xD8,0x08,0x1A,0x00,0xE0,0x40,0x1A,0x14,0x28,0x05,0xDA,0x05,0x48,0x16,0x21,  //0x3700~0x370f      ......@..(...H.!
0x81,0x71,0xC1,0x71,0x01,0x20,0x10,0xBD,0x00,0x20,0x10,0xBD,0xD0,0x00,0x01,0x00,  //0x3710~0x371f      .q.q............
0xDC,0x05,0x00,0x00,0x08,0x06,0x01,0x00,0x02,0xF0,0xA6,0xFE,0xFD,0xF7,0x64,0xFF,  //0x3720~0x372f      ..............d.
0x05,0x4C,0x20,0x7A,0x00,0x28,0x04,0xD0,0x04,0x28,0xFA,0xD1,0xFE,0xF7,0x6E,0xFA,  //0x3730~0x373f      .L.z.(...(....n.
0xF7,0xE7,0xFE,0xF7,0xCD,0xFB,0xF4,0xE7,0x9A,0x05,0x01,0x00,0x18,0xB5,0x04,0x46,  //0x3740~0x374f      ...............F
0x03,0x98,0x00,0x90,0x20,0x46,0xFD,0xF7,0xF1,0xFE,0x20,0x80,0x18,0xBD,0x00,0x00,  //0x3750~0x375f      .....F..........
0xF8,0xB5,0x05,0x46,0x01,0x20,0x00,0x90,0x00,0x20,0x00,0x2D,0x0A,0xD0,0x02,0x2D,  //0x3760~0x376f      ...F.......-...-
0x08,0xD8,0x29,0x4A,0x53,0x79,0x14,0x79,0x1A,0x02,0x22,0x43,0x01,0x2D,0x03,0xD0,  //0x3770~0x377f      ..)JSy.y.."C.-..
0x8A,0x42,0x03,0xD9,0x00,0x20,0xF8,0xBD,0x8A,0x42,0xFB,0xD3,0x23,0x49,0x24,0x4B,  //0x3780~0x378f      .B.......B..#I$K
0x24,0x4E,0x4C,0x69,0x00,0x22,0x99,0x78,0xF6,0x7C,0x08,0xE0,0x96,0x42,0x04,0xD0,  //0x3790~0x379f      $NLi.".x.|...B..
0x01,0x2D,0x0C,0xD0,0x93,0x00,0xE3,0x5E,0xC0,0x18,0x52,0x1C,0xD2,0xB2,0x91,0x42,  //0x37a0~0x37af      .-.....^..R....B
0xF4,0xD8,0x49,0x1E,0xFC,0xF7,0xA0,0xFF,0x00,0x21,0x1B,0x4B,0x17,0xE0,0x93,0x00,  //0x37b0~0x37bf      ..I......!.K....
0x1F,0x19,0x02,0x23,0xFB,0x5E,0xEF,0xE7,0x01,0x2D,0x16,0xD0,0x13,0x26,0x5F,0x18,  //0x37c0~0x37cf      ...#.^...-...&_.
0x76,0x01,0xBF,0x19,0xC2,0x0F,0x00,0x26,0x12,0x18,0xBE,0x57,0x52,0x10,0x96,0x19,  //0x37d0~0x37df      v......&...WR...
0x8A,0x00,0x12,0x19,0x57,0x88,0xF6,0x19,0x56,0x80,0x49,0x1C,0xC9,0xB2,0x0C,0x4A,  //0x37e0~0x37ef      ....W...V.I....J
0x92,0x78,0x8A,0x42,0xE8,0xD8,0x00,0x98,0xF8,0xBD,0x13,0x26,0x5F,0x18,0x76,0x01,  //0x37f0~0x37ff      .x.B.......&_.v.
0xBF,0x19,0xC2,0x0F,0x00,0x26,0x12,0x18,0xBE,0x57,0x52,0x10,0x96,0x19,0x8A,0x00,  //0x3800~0x380f      .....&...WR.....
0xA7,0x5A,0xF6,0x19,0xA6,0x52,0xE8,0xE7,0x63,0x04,0x00,0x00,0xBC,0x79,0x00,0x00,  //0x3810~0x381f      .Z...R..c....y..
0xB8,0x03,0x01,0x00,0x08,0x06,0x01,0x00,0x00,0x02,0x00,0x00,0xF0,0xB5,0x89,0xB0,  //0x3820~0x382f      ................
0x00,0x20,0xFD,0xF7,0x41,0xFA,0xFF,0xF7,0xB7,0xFD,0x00,0x24,0x1C,0x4F,0x2D,0xE0,  //0x3830~0x383f      ....A......$.O-.
0x38,0x69,0x65,0x00,0x46,0x5B,0x1B,0x48,0x69,0x46,0x00,0x68,0xFF,0x22,0x40,0x5B,  //0x3840~0x384f      8ie.F[.HiF.h."@[
0x91,0x32,0x30,0x1A,0x00,0xB2,0x48,0x53,0x01,0x46,0xC8,0x31,0x91,0x42,0x03,0xD9,  //0x3850~0x385f      .20...HS.F.1.B..
0xC1,0x0F,0x08,0x18,0x40,0x10,0x0B,0xE0,0x01,0x46,0x64,0x31,0xC8,0x29,0x02,0xD9,  //0x3860~0x386f      ....@....Fd1.)..
0x41,0x00,0x40,0x18,0x00,0xE0,0x80,0x00,0x05,0x21,0xFC,0xF7,0x3D,0xFF,0x00,0xB2,  //0x3870~0x387f      A.@......!..=...
0xC8,0x28,0x01,0xDD,0xC8,0x20,0x04,0xE0,0xC7,0x21,0xC9,0x43,0x88,0x42,0x00,0xDA,  //0x3880~0x388f      .(.......!.C.B..
0x08,0x46,0x30,0x1A,0x39,0x69,0x64,0x1C,0x48,0x53,0xE4,0xB2,0x06,0x48,0x00,0x78,  //0x3890~0x389f      .F0.9id.HS...H.x
0xA0,0x42,0xCD,0xD8,0x00,0xF0,0x14,0xF9,0xFF,0xF7,0x7E,0xFD,0x09,0xB0,0xF0,0xBD,  //0x38a0~0x38af      .B........~.....
0xBC,0x79,0x00,0x00,0xB4,0x79,0x00,0x00,0xB8,0x03,0x01,0x00,0xF1,0xB5,0x1F,0x48,  //0x38b0~0x38bf      .y...y.........H
0x82,0xB0,0x41,0x7D,0x01,0x91,0xC4,0x7C,0x1D,0x4E,0x00,0x2C,0x33,0xD0,0xB0,0x78,  //0x38c0~0x38cf      ..A}...|.N.,3..x
0x40,0x1E,0xA0,0x42,0x2E,0xDC,0xA0,0x42,0x01,0xD1,0x60,0x1E,0xC5,0xB2,0xF0,0x78,  //0x38d0~0x38df      @..B...B..`....x
0x68,0x43,0xC0,0xB2,0xFF,0xF7,0x18,0xF8,0x07,0x46,0xF0,0x78,0x68,0x43,0x40,0x1C,  //0x38e0~0x38ef      hC.......F.xhC@.
0xC0,0xB2,0xFF,0xF7,0x11,0xF8,0x39,0x18,0x00,0x91,0xF0,0x78,0x60,0x43,0xC0,0xB2,  //0x38f0~0x38ff      ......9....x`C..
0xFF,0xF7,0x0A,0xF8,0x07,0x46,0xF0,0x78,0x60,0x43,0x40,0x1C,0xC0,0xB2,0xFF,0xF7,  //0x3900~0x390f      .....F.x`C@.....
0x03,0xF8,0x3E,0x18,0x01,0x98,0xFF,0xF7,0xB3,0xFA,0x00,0x99,0x08,0x1A,0x00,0x28,  //0x3910~0x391f      ..>............(
0x00,0xDC,0x00,0x20,0x32,0x18,0x02,0x99,0x66,0x43,0x68,0x43,0x0A,0x60,0x31,0x18,  //0x3920~0x392f      ....2...fChC.`1.
0x02,0x98,0x81,0x60,0xFE,0xBD,0x01,0x25,0xD1,0xE7,0x00,0x00,0x08,0x06,0x01,0x00,  //0x3930~0x393f      ...`...%........
0xB8,0x03,0x01,0x00,0xF0,0xB5,0x96,0x46,0x00,0x22,0x84,0x46,0x14,0x46,0x11,0xE0,  //0x3940~0x394f      .......F.".F.F..
0x65,0x00,0x60,0x46,0x4E,0x5B,0x47,0x5B,0xF0,0x1B,0x07,0xB2,0x9F,0x42,0x01,0xDD,  //0x3950~0x395f      e.`FN[G[.....B..
0xF0,0x1A,0x04,0xE0,0xDF,0x42,0x01,0xD5,0xF0,0x18,0x00,0xE0,0xF0,0x1B,0x64,0x1C,  //0x3960~0x396f      .....B........d.
0x48,0x53,0xE4,0xB2,0x74,0x45,0xEB,0xD3,0x10,0x46,0xF0,0xBD,0x07,0x49,0x08,0x7A,  //0x3970~0x397f      HS..tE...F...I.z
0xC2,0x07,0x0A,0xD0,0x40,0x08,0x40,0x00,0x08,0x72,0x05,0x49,0x00,0x20,0x88,0x71,  //0x3980~0x398f      ....@.@..r.I...q
0x04,0x49,0x09,0x68,0x88,0x60,0x04,0x49,0x08,0x80,0x70,0x47,0x08,0x06,0x01,0x00,  //0x3990~0x399f      .I.h.`.I..pG....
0x9A,0x05,0x01,0x00,0xB4,0x00,0x01,0x00,0x7A,0x00,0x01,0x00,0xF7,0xB5,0x05,0x46,  //0x39a0~0x39af      ........z......F
0x01,0x20,0x82,0xB0,0x00,0x24,0x10,0x4E,0x10,0x4F,0x00,0x90,0x17,0xE0,0x01,0x20,  //0x39b0~0x39bf      .....$.N.O......
0x02,0xF0,0xD2,0xF8,0x00,0xF0,0x84,0xF8,0xFF,0xF7,0xEE,0xFC,0x03,0x98,0x00,0xF0,  //0x39c0~0x39cf      ................
0x6B,0xF8,0x01,0xAB,0xF0,0x68,0x03,0x9A,0x04,0x99,0x00,0xF0,0x49,0xF8,0xF9,0x89,  //0x39d0~0x39df      k....h......I...
0x88,0x42,0x02,0xDA,0x00,0x20,0x05,0xB0,0xF0,0xBD,0x64,0x1C,0xE4,0xB2,0xAC,0x42,  //0x39e0~0x39ef      .B........d....B
0xE5,0xD3,0x00,0x98,0xF7,0xE7,0x00,0x00,0xBC,0x79,0x00,0x00,0x9A,0x05,0x01,0x00,  //0x39f0~0x39ff      .........y......
0xF3,0xB5,0x81,0xB0,0x0F,0x46,0x49,0x00,0x01,0x98,0xFC,0xF7,0x56,0xFE,0x00,0x24,  //0x3a00~0x3a0f      .....FI.....V..$
0x00,0xF0,0x5E,0xF8,0xFF,0xF7,0xC8,0xFC,0x64,0x1C,0xE4,0xB2,0x03,0x2C,0xF7,0xD3,  //0x3a10~0x3a1f      ..^.....d....,..
0x00,0x26,0x00,0xF0,0x55,0xF8,0xFF,0xF7,0xBF,0xFC,0x0A,0x20,0x02,0xF0,0x9C,0xF8,  //0x3a20~0x3a2f      .&..U...........
0x00,0x24,0x0D,0xE0,0x0D,0x48,0x65,0x00,0x00,0x68,0x03,0x21,0x40,0x5B,0xFC,0xF7,  //0x3a30~0x3a3f      .$...He..h.!@[..
0x51,0xFE,0x01,0x99,0x49,0x5B,0x40,0x18,0x01,0x99,0x64,0x1C,0x48,0x53,0xE4,0xB2,  //0x3a40~0x3a4f      Q...I[@...d.HS..
0xBC,0x42,0xEF,0xD3,0x76,0x1C,0xF6,0xB2,0x03,0x2E,0xE2,0xD3,0x00,0x20,0x01,0xE0,  //0x3a50~0x3a5f      .B..v...........
0x40,0x1C,0xC0,0xB2,0xB8,0x42,0xFB,0xD3,0xFE,0xBD,0x00,0x00,0xB4,0x79,0x00,0x00,  //0x3a60~0x3a6f      @....B.......y..
0xF0,0xB5,0x9C,0x46,0x03,0x46,0x0B,0x48,0x45,0x42,0x00,0x24,0x0C,0xE0,0x66,0x00,  //0x3a70~0x3a7f      ...F.F.HEB.$..f.
0x8F,0x5B,0x9E,0x5B,0xBE,0x1B,0x36,0xB2,0xB0,0x42,0x00,0xDA,0x30,0x46,0xB5,0x42,  //0x3a80~0x3a8f      .[.[..6..B..0F.B
0x00,0xDD,0x35,0x46,0x64,0x1C,0xE4,0xB2,0x94,0x42,0xF0,0xD3,0x61,0x46,0x0D,0x80,  //0x3a90~0x3a9f      ..5Fd....B..aF..
0xF0,0xBD,0x00,0x00,0xE0,0xB1,0xFF,0xFF,0x30,0xB5,0x07,0x49,0x07,0x4B,0xCC,0x68,  //0x3aa0~0x3aaf      ........0..I.K.h
0x00,0x21,0x05,0xE0,0x4A,0x00,0x1D,0x68,0x49,0x1C,0xAD,0x5A,0xA5,0x52,0xC9,0xB2,  //0x3ab0~0x3abf      .!..J..hI..Z.R..
0x81,0x42,0xF7,0xD3,0x30,0xBD,0x00,0x00,0xBC,0x79,0x00,0x00,0xB4,0x79,0x00,0x00,  //0x3ac0~0x3acf      .B..0....y...y..
0xFE,0xB5,0x1D,0x48,0x1D,0x4D,0x04,0x78,0x28,0x7C,0x00,0x28,0x00,0xD0,0x04,0x46,  //0x3ad0~0x3adf      ...H.M.x(|.(...F
0x20,0x46,0x1C,0x21,0x48,0x43,0x02,0xF0,0x8F,0xF8,0x28,0x7C,0x18,0x4A,0x00,0x28,  //0x3ae0~0x3aef      .F.!HC....(|.J.(
0x06,0xD0,0x18,0x4B,0x00,0x90,0x18,0x49,0xD8,0x1C,0x02,0xF0,0xCB,0xF9,0x0A,0xE0,  //0x3af0~0x3aff      ...K...I........
0x13,0x46,0x16,0x49,0x14,0x4A,0x00,0x20,0x01,0x91,0x1C,0x3A,0x00,0x94,0x02,0x90,  //0x3b00~0x3b0f      .F.I.J.....:....
0x13,0x49,0x02,0xF0,0x3F,0xFA,0x13,0x4E,0x21,0x46,0x73,0x7E,0x32,0x7E,0x00,0x20,  //0x3b10~0x3b1f      .I..?..N!Fs~2~..
0x02,0xF0,0xD0,0xFA,0x28,0x7C,0x00,0x28,0x06,0xD0,0x0F,0x49,0x08,0x68,0x00,0x68,  //0x3b20~0x3b2f      ....(|.(...I.h.h
0x02,0x22,0x09,0x68,0x90,0x43,0x08,0x60,0x31,0x7E,0xF0,0x8A,0x02,0xF0,0x70,0xFB,  //0x3b30~0x3b3f      .".h.C.`1~....p.
0x00,0x20,0x02,0xF0,0x81,0xF8,0xFE,0xBD,0x8C,0x00,0x01,0x00,0x9A,0x05,0x01,0x00,  //0x3b40~0x3b4f      ................
0x72,0x05,0x01,0x00,0xE8,0x05,0x01,0x00,0x92,0x01,0x01,0x00,0x8D,0x00,0x01,0x00,  //0x3b50~0x3b5f      r...............
0x84,0x06,0x01,0x00,0xB8,0x03,0x01,0x00,0x60,0x75,0x00,0x00,0x00,0xB5,0x08,0x4B,  //0x3b60~0x3b6f      ........`u.....K
0x18,0x68,0x00,0x28,0x0B,0xD0,0x01,0x21,0x06,0x48,0xFF,0xF7,0x7D,0xFA,0x06,0x49,  //0x3b70~0x3b7f      .h.(...!.H..}..I
0x08,0x80,0x19,0x68,0x00,0x29,0x02,0xD0,0x0A,0x88,0x10,0x18,0x08,0x80,0x00,0xBD,  //0x3b80~0x3b8f      ...h.)..........
0xB4,0x00,0x01,0x00,0x78,0x00,0x01,0x00,0x88,0x00,0x01,0x00,0xF0,0xB5,0x26,0x48,  //0x3b90~0x3b9f      ....x.........&H
0x02,0x24,0x41,0x79,0x25,0x48,0x9D,0xB0,0x00,0x29,0x24,0xD0,0x24,0x49,0x09,0x7A,  //0x3ba0~0x3baf      .$Ay%H...)$.$I.z
0x04,0x29,0x24,0xD0,0x07,0x88,0x23,0x48,0x23,0x4E,0x00,0x78,0x00,0x28,0x04,0xD0,  //0x3bb0~0x3bbf      .)$...#H#N.x.(..
0xB2,0x78,0x00,0x21,0x21,0x48,0x03,0xF0,0x89,0xF8,0x01,0x21,0x38,0x46,0x01,0xF0,  //0x3bc0~0x3bcf      .x.!!H.....!8F..
0x29,0xFA,0x1F,0x4D,0x00,0x20,0x6A,0x46,0x41,0x00,0x2B,0x68,0x40,0x1C,0x5B,0x5A,  //0x3bd0~0x3bdf      )..M..jFA.+h@.[Z
0xC0,0xB2,0x53,0x52,0xA0,0x42,0xF7,0xD3,0x00,0x21,0x38,0x46,0x01,0xF0,0x1A,0xFA,  //0x3be0~0x3bef      ..SR.B...!8F....
0x00,0x20,0x0E,0xAA,0x0C,0xE0,0x00,0x21,0x41,0x80,0x1D,0xB0,0xF0,0xBD,0x15,0x48,  //0x3bf0~0x3bff      .......!A......H
0x47,0x89,0xD8,0xE7,0x41,0x00,0x2B,0x68,0x40,0x1C,0x5B,0x5A,0x53,0x52,0xC0,0xB2,  //0x3c00~0x3c0f      G...A.+h@.[ZSR..
0xA0,0x42,0xF7,0xD3,0x22,0x46,0x0E,0xA9,0x68,0x46,0xFF,0xF7,0xD1,0xF8,0x09,0x48,  //0x3c10~0x3c1f      .B.."F..hF.....H
0x00,0x78,0x00,0x28,0xE9,0xD0,0xB2,0x78,0x01,0x21,0x08,0x48,0x03,0xF0,0x56,0xF8,  //0x3c20~0x3c2f      .x.(...x.!.H..V.
0x00,0x20,0x01,0xF0,0xA9,0xF9,0xE0,0xE7,0x40,0x04,0x00,0x00,0x94,0x00,0x01,0x00,  //0x3c30~0x3c3f      ........@.......
0x9A,0x05,0x01,0x00,0xAC,0x05,0x01,0x00,0xB4,0x01,0x01,0x00,0x48,0x09,0x01,0x00,  //0x3c40~0x3c4f      ............H...
0xB4,0x79,0x00,0x00,0xB8,0x03,0x01,0x00,0xFE,0xB5,0x15,0x4E,0x1C,0x21,0x30,0x78,  //0x3c50~0x3c5f      .y.........N.!0x
0x00,0x25,0x48,0x43,0x01,0xF0,0xD0,0xFF,0x12,0x48,0x00,0x7F,0x00,0x28,0x00,0xD1,  //0x3c60~0x3c6f      .%HC.....H...(..
0x01,0x25,0x11,0x48,0x32,0x78,0x00,0x78,0x00,0x92,0xC0,0x07,0xC0,0x0F,0x0F,0x49,  //0x3c70~0x3c7f      .%.H2x.x.......I
0x0F,0x4F,0x0C,0x4A,0x01,0x91,0x02,0x90,0xBB,0x1C,0x1E,0x3A,0x0D,0x49,0x28,0x46,  //0x3c80~0x3c8f      .O.J.......:.I(F
0x02,0xF0,0x80,0xF9,0x0C,0x4C,0x31,0x78,0x63,0x7B,0x22,0x7B,0x28,0x46,0x02,0xF0,  //0x3c90~0x3c9f      .....L1xc{"{(F..
0x11,0xFA,0x38,0x80,0x21,0x7B,0x60,0x89,0x02,0xF0,0xBA,0xFA,0xFE,0xBD,0x00,0x00,  //0x3ca0~0x3caf      ..8.!{`.........
0x8C,0x00,0x01,0x00,0x94,0x01,0x01,0x00,0x66,0x00,0x01,0x00,0x8D,0x00,0x01,0x00,  //0x3cb0~0x3cbf      ........f.......
0x34,0x05,0x01,0x00,0x84,0x06,0x01,0x00,0xB8,0x03,0x01,0x00,0x25,0x4A,0x18,0x23,  //0x3cc0~0x3ccf      4...........%J.#
0x59,0x43,0x89,0x18,0x40,0x31,0x4A,0x89,0x52,0x1C,0x4A,0x81,0x02,0x88,0x4B,0x88,  //0x3cd0~0x3cdf      YC..@1J.R.J...K.
0x9A,0x42,0x01,0xD3,0xD2,0x1A,0x00,0xE0,0x9A,0x1A,0xCB,0x88,0x92,0xB2,0x93,0x42,  //0x3ce0~0x3cef      .B.............B
0x00,0xD2,0xCA,0x80,0x43,0x88,0x8A,0x88,0x93,0x42,0x01,0xD3,0x9A,0x1A,0x00,0xE0,  //0x3cf0~0x3cff      ....C....B......
0xD2,0x1A,0x0B,0x89,0x92,0xB2,0x93,0x42,0x00,0xD2,0x0A,0x81,0x4A,0x89,0x05,0x2A,  //0x3d00~0x3d0f      .......B....J..*
0x26,0xD3,0xCA,0x88,0x0F,0x2A,0x0A,0xD2,0x8B,0x88,0x42,0x88,0x93,0x42,0x01,0xD3,  //0x3d10~0x3d1f      &....*....B..B..
0x9A,0x1A,0x00,0xE0,0xD2,0x1A,0x14,0x2A,0x01,0xDD,0x01,0x20,0x0C,0xE0,0x0A,0x89,  //0x3d20~0x3d2f      .......*........
0x0A,0x2A,0x0A,0xD2,0x4A,0x88,0x00,0x88,0x82,0x42,0x01,0xD3,0x10,0x1A,0x00,0xE0,  //0x3d30~0x3d3f      .*..J....B......
0x80,0x1A,0x14,0x28,0x01,0xDD,0x02,0x20,0x08,0x70,0xC8,0x88,0x0F,0x28,0x07,0xD3,  //0x3d40~0x3d4f      ...(.....p...(..
0x08,0x89,0x0A,0x28,0x04,0xD3,0x08,0x78,0x00,0x28,0x01,0xD0,0x00,0x20,0x08,0x70,  //0x3d50~0x3d5f      ...(...x.(.....p
0x70,0x47,0x00,0x00,0x08,0x06,0x01,0x00,0x70,0xB5,0x1D,0x49,0xCA,0x7D,0x00,0x2A,  //0x3d60~0x3d6f      pG......p..I.}.*
0x35,0xD0,0x1C,0x4B,0xCD,0x78,0x1C,0x46,0x22,0x34,0x62,0x7A,0x24,0x7A,0x12,0x02,  //0x3d70~0x3d7f      5..K.x.F"4bz$z..
0x22,0x43,0xE0,0x31,0x02,0x24,0x0C,0x57,0x20,0x33,0x12,0x19,0x5C,0x7B,0x1E,0x7B,  //0x3d80~0x3d8f      "C.1.$.W.3...{.{
0x23,0x02,0x03,0x24,0x0C,0x57,0x33,0x43,0x19,0x1B,0x13,0x4B,0x04,0x2D,0x09,0xD0,  //0x3d90~0x3d9f      #..$.W3C...K.-..
0x61,0x33,0x5C,0x7F,0x1B,0x7F,0x24,0x02,0x1C,0x43,0x63,0x08,0x83,0x42,0x0E,0xDB,  //0x3da0~0x3daf      a3....$..Cc..B..
0x92,0xB2,0x01,0xE0,0x63,0x33,0xF4,0xE7,0x51,0x00,0x80,0x1A,0x61,0x1A,0x60,0x43,  //0x3db0~0x3dbf      ....c3..Q...a.`C
0xFC,0xF7,0x9A,0xFC,0x61,0x1E,0x81,0x42,0x05,0xDC,0x08,0x46,0x06,0xE0,0x61,0x1A,  //0x3dc0~0x3dcf      ....a..B...F..a.
0x49,0x1E,0x8A,0xB2,0xF0,0xE7,0x00,0x28,0x00,0xDC,0x00,0x20,0x80,0xB2,0x70,0xBD,  //0x3dd0~0x3ddf      I......(......p.
0x60,0x02,0x00,0x00,0xDA,0x03,0x01,0x00,0x00,0x02,0x00,0x00,0x10,0xB5,0x30,0x22,  //0x3de0~0x3def      `.............0"
0x05,0x49,0x06,0x48,0xFC,0xF7,0x04,0xFC,0x1E,0x22,0x05,0x49,0x05,0x48,0xFC,0xF7,  //0x3df0~0x3dff      .I.H.....".I.H..
0xFF,0xFB,0x00,0xF0,0x09,0xF8,0x10,0xBD,0x1E,0x03,0x00,0x00,0xDA,0x03,0x01,0x00,  //0x3e00~0x3e0f      ................
0x24,0x04,0x00,0x00,0xA0,0x06,0x01,0x00,0x11,0x48,0x12,0x4B,0xC2,0x78,0x18,0x46,  //0x3e10~0x3e1f      $........H.K.x.F
0xD9,0x7A,0x22,0x30,0x02,0x2A,0x10,0xD0,0x05,0x2A,0x0E,0xD0,0x03,0x2A,0x10,0xD0,  //0x3e20~0x3e2f      .z"0.*...*...*..
0x1A,0x78,0x52,0x08,0x92,0x1E,0x51,0x43,0x82,0x1E,0x93,0x79,0x12,0x7A,0xC9,0x18,  //0x3e30~0x3e3f      .xR...QC...y.z..
0x89,0x18,0x01,0x73,0x09,0x0A,0x41,0x73,0x70,0x47,0x07,0x4A,0x12,0x78,0x51,0x43,  //0x3e40~0x3e4f      ...s..AspG.J.xQC
0xF7,0xE7,0x03,0x49,0x49,0x1C,0x4A,0x7F,0x0B,0x7F,0x11,0x02,0x19,0x43,0xF0,0xE7,  //0x3e50~0x3e5f      ...II.J......C..
0x60,0x02,0x00,0x00,0xDA,0x03,0x01,0x00,0xA0,0x06,0x01,0x00,0x10,0xB5,0xFD,0xF7,  //0x3e60~0x3e6f      `...............
0xCD,0xF8,0x00,0xF0,0x79,0xF8,0x00,0xF0,0x39,0xF8,0xFF,0xF7,0x05,0xF9,0x00,0xF0,  //0x3e70~0x3e7f      ....y...9.......
0x95,0xF8,0x01,0xF0,0x75,0xFD,0x10,0xBD,0xF8,0xB5,0x14,0x4D,0x28,0x78,0x01,0x28,  //0x3e80~0x3e8f      ....u......M(x.(
0x23,0xD9,0x13,0x4F,0x00,0x24,0x20,0x46,0xFD,0xF7,0x86,0xFA,0x00,0x28,0x18,0xD0,  //0x3e90~0x3e9f      #..O.$.F.....(..
0xA0,0x00,0x46,0x19,0x0F,0x48,0xF1,0x7C,0x80,0x78,0x40,0x1E,0x81,0x42,0x06,0xD1,  //0x3ea0~0x3eaf      ..F..H.|.x@..B..
0x68,0x79,0x39,0x78,0x88,0x42,0x02,0xD3,0x20,0x46,0x01,0xF0,0xF3,0xF8,0x71,0x7D,  //0x3eb0~0x3ebf      hy9x.B...F....q}
0x38,0x78,0x81,0x42,0x05,0xD3,0x69,0x79,0x81,0x42,0x02,0xD2,0x20,0x46,0x01,0xF0,  //0x3ec0~0x3ecf      8x.B..iy.B...F..
0xE9,0xF8,0x64,0x1C,0x24,0x06,0x24,0x0E,0xDD,0xD0,0xF8,0xBD,0x08,0x06,0x01,0x00,  //0x3ed0~0x3edf      ..d.$.$.........
0xDA,0x03,0x01,0x00,0xB8,0x03,0x01,0x00,0x70,0x47,0x00,0x00,0xF8,0xB5,0x19,0x4D,  //0x3ee0~0x3eef      ........pG.....M
0x28,0x78,0x00,0x28,0x21,0xD0,0x18,0x48,0x18,0x4E,0xC0,0x78,0x02,0x28,0x1D,0xD0,  //0x3ef0~0x3eff      (x.(!..H.N.x.(..
0x17,0x4F,0x00,0x24,0x20,0x46,0xFD,0xF7,0x4F,0xFA,0x00,0x28,0x11,0xD0,0xA0,0x00,  //0x3f00~0x3f0f      .O.$.F..O..(....
0x40,0x19,0xC0,0x7C,0xB9,0x78,0x88,0x42,0x0B,0xD2,0x20,0x46,0xFE,0xF7,0x10,0xFD,  //0x3f10~0x3f1f      @..|.x.B...F....
0x31,0x88,0x88,0x42,0x05,0xDA,0x20,0x46,0x01,0xF0,0xBC,0xF8,0x28,0x78,0x40,0x1E,  //0x3f20~0x3f2f      1..B...F....(x@.
0x28,0x70,0x64,0x1C,0x24,0x06,0x24,0x0E,0xE4,0xD0,0xF8,0xBD,0x09,0x48,0x26,0x21,  //0x3f30~0x3f3f      (pd.$.$......H&!
0x41,0x5E,0x30,0x88,0x81,0x42,0xF8,0xDA,0x00,0x20,0x01,0xF0,0xAB,0xF8,0x00,0x20,  //0x3f40~0x3f4f      A^0..B..........
0x28,0x70,0xF8,0xBD,0x08,0x06,0x01,0x00,0x60,0x02,0x00,0x00,0x8E,0x05,0x01,0x00,  //0x3f50~0x3f5f      (p......`.......
0xB8,0x03,0x01,0x00,0x0C,0x05,0x01,0x00,0x10,0xB5,0x0D,0x4C,0x20,0x78,0x00,0x28,  //0x3f60~0x3f6f      ...........L.x.(
0x09,0xD0,0x60,0x78,0x00,0x28,0x06,0xD1,0x01,0x20,0x20,0x71,0x60,0x79,0xFD,0xF7,  //0x3f70~0x3f7f      ..`x.(.....q`y..
0xC9,0xF9,0x01,0x28,0x03,0xD0,0x20,0x79,0x01,0x28,0x06,0xD0,0x01,0xE0,0x00,0x20,  //0x3f80~0x3f8f      ...(...y.(......
0x20,0x71,0x01,0x20,0xFD,0xF7,0x76,0xFA,0x10,0xBD,0x00,0x20,0xFA,0xE7,0x00,0x00,  //0x3f90~0x3f9f      .q....v.........
0x08,0x06,0x01,0x00,0x10,0xB5,0xFF,0xF7,0x6F,0xFF,0x10,0xBD,0x70,0xB5,0x1C,0x48,  //0x3fa0~0x3faf      ........o...p..H
0xC4,0x7F,0x00,0x2C,0x2A,0xD0,0x02,0x2C,0x28,0xD8,0x1A,0x4E,0x30,0x78,0x00,0x28,  //0x3fb0~0x3fbf      ...,*..,(..N0x.(
0x24,0xD0,0x19,0x4B,0x16,0x49,0x18,0x6C,0x0A,0x25,0x20,0x31,0x68,0x43,0x72,0x78,  //0x3fc0~0x3fcf      $..K.I.l.%.1hCrx
0x4D,0x7A,0xD9,0x6B,0x00,0x2A,0x1A,0xD0,0x00,0x29,0x17,0xDD,0xFC,0xF7,0x8C,0xFB,  //0x3fd0~0x3fdf      Mz.k.*...)......
0x0F,0x4B,0x31,0x46,0x23,0x33,0x4A,0x8E,0x59,0x79,0x1B,0x79,0x09,0x02,0x19,0x43,  //0x3fe0~0x3fef      .K1F#3J.Yy.y...C
0x01,0x2C,0x11,0xD0,0x02,0x2C,0x09,0xD1,0x8A,0x42,0x07,0xD9,0x85,0x42,0x05,0xDB,  //0x3ff0~0x3fff      .,...,...B...B..
0x00,0x20,0x01,0xF0,0x4F,0xF8,0x30,0x78,0x40,0x1E,0x30,0x70,0x70,0xBD,0x00,0x29,  //0x4000~0x400f      ....O.0x@.0pp..)
0xFC,0xDD,0xFC,0xF7,0x71,0xFB,0xF1,0xE7,0x8A,0x42,0xEF,0xD3,0x70,0xBD,0x00,0x00,  //0x4010~0x401f      ....q....B..p...
0x40,0x04,0x00,0x00,0x08,0x06,0x01,0x00,0x0C,0x04,0x01,0x00,0x10,0xB5,0x00,0xF0,  //0x4020~0x402f      @...............
0xF5,0xFD,0xFF,0xF7,0x1B,0xFF,0xFC,0xF7,0xD1,0xFD,0x10,0xBD,0x03,0x48,0x00,0x78,  //0x4030~0x403f      .............H.x
0x52,0x28,0x02,0xD1,0x02,0x49,0x00,0x20,0x08,0x70,0x70,0x47,0x71,0x00,0x01,0x00,  //0x4040~0x404f      R(...I...ppGq...
0x08,0x06,0x01,0x00,0x10,0xB5,0xFE,0xF7,0x95,0xFD,0x01,0xF0,0x8D,0xF8,0xFD,0xF7,  //0x4050~0x405f      ................
0xAB,0xFB,0xFF,0xF7,0x79,0xF9,0x03,0x49,0x08,0x22,0x88,0x1A,0xFC,0xF7,0xC8,0xFA,  //0x4060~0x406f      ....y..I."......
0x10,0xBD,0x00,0x00,0x30,0x06,0x01,0x00,0x10,0xB5,0xFF,0xF7,0xBB,0xF8,0xFD,0xF7,  //0x4070~0x407f      ....0...........
0xFB,0xFC,0x00,0xF0,0x0D,0xF8,0xFF,0xF7,0x59,0xF8,0xFE,0xF7,0x6F,0xF9,0xFC,0xF7,  //0x4080~0x408f      ........Y...o...
0xB4,0xFD,0x10,0xBD,0x10,0xB5,0x01,0xF0,0x0D,0xF8,0xFF,0xF7,0xDB,0xFF,0x10,0xBD,  //0x4090~0x409f      ................
0xFF,0xB5,0x00,0x20,0x67,0x49,0x00,0x90,0x48,0x7B,0x00,0x28,0x74,0xD0,0x08,0x7A,  //0x40a0~0x40af      ....gI..H{.(t..z
0xC0,0x07,0x71,0xD0,0x64,0x48,0xC2,0x7A,0x02,0x92,0x46,0x7A,0x80,0x7A,0x86,0x42,  //0x40b0~0x40bf      ..q.dH.z..Fz.z.B
0x00,0xD9,0x06,0x46,0x00,0x24,0x5F,0x48,0xE1,0x00,0x0D,0x18,0x28,0x35,0x68,0x79,  //0x40c0~0x40cf      ...F.$_H....(5hy
0xFF,0x28,0x07,0xD0,0x0C,0x21,0x5D,0x4A,0x61,0x43,0x8B,0x18,0x00,0x28,0x02,0xD0,  //0x40d0~0x40df      .(...!]JaC...(..
0x01,0x28,0x0F,0xD0,0xA8,0xE0,0x28,0x88,0x18,0x80,0x68,0x88,0x58,0x80,0x00,0x20,  //0x40e0~0x40ef      .(....(...h.X...
0x98,0x71,0xD8,0x71,0x56,0x49,0x2A,0x88,0xA0,0x00,0x0A,0x52,0x6A,0x88,0x40,0x18,  //0x40f0~0x40ff      .q.qVI*....Rj.@.
0x42,0x80,0x99,0xE0,0x00,0x21,0x18,0x46,0xFE,0xF7,0x20,0xFE,0x03,0x90,0x01,0x21,  //0x4100~0x410f      B....!.F.......!
0x18,0x46,0xFE,0xF7,0x1B,0xFE,0x07,0x46,0x98,0x79,0x00,0x28,0x02,0xD1,0xD8,0x79,  //0x4110~0x411f      .F.....F.y.(...y
0x00,0x28,0x06,0xD0,0x29,0x88,0x18,0x88,0x0A,0x46,0x88,0x42,0x2B,0xD3,0x80,0x1A,  //0x4120~0x412f      .(..)....F.B+...
0x2A,0xE0,0x47,0x48,0xA2,0x00,0x80,0x5A,0x29,0x88,0x88,0x42,0x01,0xD3,0x41,0x1A,  //0x4130~0x413f      *.GH...Z)..B..A.
0x00,0xE0,0x09,0x1A,0x89,0xB2,0x8E,0x46,0x41,0x49,0x51,0x18,0x01,0x91,0x4A,0x88,  //0x4140~0x414f      .......FAIQ...J.
0x69,0x88,0x8A,0x42,0x01,0xD3,0x51,0x1A,0x00,0xE0,0x89,0x1A,0x89,0xB2,0x00,0x9A,  //0x4150~0x415f      i..B..Q.........
0x8C,0x46,0x51,0x08,0x03,0x9A,0x8A,0x18,0x72,0x45,0x08,0xD9,0x00,0x99,0x7A,0x18,  //0x4160~0x416f      .FQ.....rE....z.
0x62,0x45,0x04,0xD9,0x28,0x80,0x01,0x98,0x40,0x88,0x68,0x80,0x58,0xE0,0x01,0x20,  //0x4170~0x417f      bE..(...@.h.X...
0x98,0x71,0xD8,0x71,0x54,0xE0,0x10,0x1A,0x80,0xB2,0x84,0x46,0x5A,0x88,0x68,0x88,  //0x4180~0x418f      .q.qT......FZ.h.
0x82,0x42,0x02,0xD3,0x12,0x1A,0x01,0xE0,0x53,0xE0,0x82,0x1A,0x92,0xB2,0x67,0x46,  //0x4190~0x419f      .B......S.....gF
0xBF,0x18,0xB7,0x42,0x0F,0xD2,0x2A,0x4F,0xBF,0x1F,0x3A,0x5D,0xFF,0x2A,0x12,0xD2,  //0x41a0~0x41af      ...B..*O..:].*..
0x52,0x1C,0xD2,0xB2,0x3A,0x55,0x01,0x2A,0x0D,0xD1,0xA2,0x00,0x0A,0x37,0xB9,0x52,  //0x41b0~0x41bf      R...:U.*.....7.R
0xD2,0x19,0x50,0x80,0x07,0xE0,0xB4,0x45,0x01,0xD2,0xB2,0x42,0x03,0xD3,0x20,0x4F,  //0x41c0~0x41cf      ..P....E...B...O
0x00,0x22,0xBF,0x1F,0x3A,0x55,0x1E,0x4A,0x92,0x1F,0x17,0x5D,0x02,0x9A,0x97,0x42,  //0x41d0~0x41df      ."..:U.J...]...B
0x26,0xD9,0x1B,0x4A,0xA7,0x00,0x12,0x1D,0xD2,0x5B,0xBC,0x46,0x8A,0x42,0x01,0xD3,  //0x41e0~0x41ef      &..J.....[.F.B..
0x52,0x1A,0x00,0xE0,0x8A,0x1A,0x16,0x4F,0x92,0xB2,0x3F,0x1D,0x67,0x44,0x7F,0x88,  //0x41f0~0x41ff      R......O..?.gD..
0x96,0x46,0x87,0x42,0x01,0xD3,0x3F,0x1A,0x00,0xE0,0xC7,0x1B,0xBF,0xB2,0xB6,0x45,  //0x4200~0x420f      .F.B..?........E
0x0A,0xD2,0xB7,0x42,0x08,0xD2,0x0E,0x4A,0x67,0x46,0xD1,0x53,0x61,0x46,0x89,0x18,  //0x4210~0x421f      ...B...JgF.SaF..
0x48,0x80,0x00,0x20,0x98,0x71,0xD8,0x71,0x09,0x49,0x00,0x20,0x89,0x1F,0x08,0x55,  //0x4220~0x422f      H....q.q.I.....U
0x28,0x88,0x18,0x80,0x68,0x88,0x58,0x80,0x64,0x1C,0x24,0x06,0x24,0x0E,0x00,0xD1,  //0x4230~0x423f      (...h.X.d.$.$...
0x41,0xE7,0xFF,0xBD,0x08,0x06,0x01,0x00,0x80,0x02,0x00,0x00,0xDA,0x00,0x01,0x00,  //0x4240~0x424f      A...............
0x5E,0x00,0x01,0x00,0xF8,0xB5,0x1F,0x4C,0x18,0x27,0xE7,0x5F,0x00,0x20,0x69,0x46,  //0x4250~0x425f      ^......L.'._..iF
0x08,0x80,0x1D,0x48,0x1C,0x4E,0x41,0x7F,0x00,0x7F,0x0D,0x02,0x05,0x43,0x76,0x1E,  //0x4260~0x426f      ...H.NA......Cv.
0xF0,0x78,0x18,0x34,0x04,0x28,0x06,0xD1,0xF0,0x1C,0x41,0x7F,0x02,0x27,0x00,0x7F,  //0x4270~0x427f      .x.4.(....A..'..
0xE7,0x5F,0x0D,0x02,0x05,0x43,0x13,0x48,0x80,0x7B,0x00,0x28,0x1F,0xD0,0x13,0x48,  //0x4280~0x428f      ._...C.H.{.(...H
0xC0,0x7B,0x00,0x28,0x03,0xD0,0x69,0x46,0x00,0x20,0xFE,0xF7,0xB5,0xFB,0x68,0x46,  //0x4290~0x429f      .{.(..iF......hF
0x00,0x88,0x00,0x28,0x13,0xD0,0x69,0x46,0x00,0x20,0xFE,0xF7,0xFF,0xFB,0x68,0x46,  //0x42a0~0x42af      ...(..iF......hF
0x00,0x88,0x38,0x1A,0x00,0xB2,0x00,0x28,0x01,0xDA,0x00,0x20,0x03,0xE0,0xA8,0x42,  //0x42b0~0x42bf      ..8....(.......B
0x01,0xDB,0x6D,0x1E,0x28,0xB2,0xF1,0x78,0x04,0x29,0x01,0xD0,0x20,0x80,0xF8,0xBD,  //0x42c0~0x42cf      ..m.(..x.)......
0x60,0x80,0xF8,0xBD,0x08,0x06,0x01,0x00,0x61,0x02,0x00,0x00,0x00,0x04,0x00,0x00,  //0x42d0~0x42df      `.......a.......
0xF0,0xB5,0x46,0x4C,0x85,0xB0,0xA0,0x79,0xFC,0xF7,0xFC,0xFF,0x44,0x4E,0x01,0x28,  //0x42e0~0x42ef      ..FL...y....DN.(
0x04,0xD1,0x00,0x20,0xFD,0xF7,0x1A,0xF8,0x02,0x28,0x2D,0xD0,0xA0,0x79,0xFC,0xF7,  //0x42f0~0x42ff      .........(-..y..
0xF1,0xFF,0x00,0x28,0x03,0xD1,0xFD,0xF7,0x11,0xF8,0x00,0x28,0x24,0xD0,0x3C,0x4F,  //0x4300~0x430f      ...(.......($.<O
0xF0,0x78,0x60,0x3F,0x39,0x46,0x61,0x31,0x3A,0x4D,0x63,0x37,0x04,0x91,0x05,0x28,  //0x4310~0x431f      .x`?9Fa1:Mc7...(
0x25,0xD0,0x02,0x28,0x23,0xD0,0x01,0xA8,0x00,0xF0,0x70,0xF8,0xF0,0x78,0x04,0x28,  //0x4320~0x432f      %..(#.....p..x.(
0x4E,0xD0,0x78,0x7F,0x39,0x7F,0x03,0x02,0x68,0x7B,0x0B,0x43,0x29,0x7B,0x02,0x02,  //0x4330~0x433f      N.x.9...h{.C){..
0x0A,0x43,0x01,0xA9,0xA0,0x1C,0x01,0xF0,0x83,0xFB,0x60,0x80,0x2D,0x48,0x22,0x38,  //0x4340~0x434f      .C........`.-H"8
0x80,0x78,0x01,0x28,0x4B,0xD0,0x4E,0xE0,0xF0,0x78,0x01,0x28,0x01,0xD0,0x04,0x28,  //0x4350~0x435f      .x.(K.N..x.(...(
0x03,0xD1,0x20,0x46,0xFE,0xF7,0xC6,0xFC,0x20,0x80,0x05,0xB0,0xF0,0xBD,0x25,0x48,  //0x4360~0x436f      ...F..........%H
0x80,0x1E,0xC1,0x79,0x40,0x7A,0x0A,0x18,0x23,0x48,0x22,0x49,0x40,0x79,0x22,0x39,  //0x4370~0x437f      ...y@z..#H"I@y"9
0xC9,0x7A,0x80,0x1E,0x48,0x43,0x10,0x18,0x86,0xB2,0x00,0x21,0x01,0xA8,0x00,0xF0,  //0x4380~0x438f      .z..HC.....!....
0x63,0xF8,0x00,0x20,0x00,0x90,0x04,0x98,0x32,0x46,0x41,0x7F,0x00,0x7F,0x0B,0x02,  //0x4390~0x439f      c.......2FA.....
0x03,0x43,0x01,0xA9,0x20,0x46,0xFF,0xF7,0xD1,0xF9,0x01,0x21,0x01,0xA8,0x00,0xF0,  //0x43a0~0x43af      .C...F.....!....
0x53,0xF8,0x01,0x20,0x00,0x90,0x78,0x7F,0x39,0x7F,0x03,0x02,0x68,0x7B,0x0B,0x43,  //0x43b0~0x43bf      S.....x.9...h{.C
0x29,0x7B,0x02,0x02,0x0A,0x43,0x01,0xA9,0xA0,0x1C,0xFF,0xF7,0xBF,0xF9,0xBD,0xE7,  //0x43c0~0x43cf      ){...C..........
0x04,0x98,0x41,0x7F,0x00,0x7F,0x0B,0x02,0x03,0x43,0x68,0x7B,0x29,0x7B,0x02,0x02,  //0x43d0~0x43df      ..A......Ch{){..
0x0A,0x43,0x01,0xA9,0x20,0x46,0x01,0xF0,0x33,0xFB,0x20,0x80,0xAE,0xE7,0xA1,0x1C,  //0x43e0~0x43ef      .C...F..3.......
0x20,0x46,0x00,0xF0,0xDD,0xF8,0xFD,0xF7,0x25,0xFA,0xB6,0xE7,0x30,0x06,0x01,0x00,  //0x43f0~0x43ff      .F......%...0...
0x60,0x02,0x00,0x00,0xFC,0x03,0x01,0x00,0x20,0x04,0x00,0x00,0x10,0xB5,0x11,0x49,  //0x4400~0x440f      `..............I
0x4A,0x7E,0x0B,0x7E,0x12,0x02,0x1A,0x43,0x02,0x80,0xCA,0x7E,0x8B,0x7E,0x12,0x02,  //0x4410~0x441f      J~.~...C...~.~..
0x1A,0x43,0x42,0x80,0x4A,0x7F,0x0B,0x7F,0x12,0x02,0x1A,0x43,0x82,0x80,0xCB,0x7F,  //0x4420~0x442f      .CB.J......C....
0x8C,0x7F,0x1A,0x02,0x22,0x43,0xC2,0x80,0x0A,0x46,0x20,0x32,0x53,0x78,0x14,0x78,  //0x4430~0x443f      ...."C...F.2Sx.x
0x1A,0x02,0x22,0x43,0x02,0x81,0x22,0x31,0x4A,0x78,0x0B,0x78,0x11,0x02,0x19,0x43,  //0x4440~0x444f      .."C.."1Jx.x...C
0x41,0x81,0x10,0xBD,0xDA,0x03,0x01,0x00,0xF3,0xB5,0x4A,0x4D,0x04,0x46,0x28,0x46,  //0x4450~0x445f      A.........JM.F(F
0x07,0x46,0x87,0xB0,0x22,0x30,0x08,0x99,0x20,0x37,0x05,0x90,0x00,0x29,0x5A,0xD0,  //0x4460~0x446f      .F.."0...7...)Z.
0x41,0x7B,0x02,0x7B,0x08,0x02,0x10,0x43,0x02,0x90,0x43,0x48,0x41,0x7F,0x00,0x7F,  //0x4470~0x447f      A{.{...C..CHA...
0x0E,0x02,0x06,0x43,0xB8,0x79,0x00,0x90,0x38,0x7A,0x01,0x90,0x30,0x02,0x02,0x99,  //0x4480~0x448f      ...C.y..8z..0...
0xFC,0xF7,0x28,0xF9,0x80,0xB2,0xA0,0x80,0x04,0x90,0xE0,0x80,0x03,0x90,0x00,0x98,  //0x4490~0x449f      ..(.............
0x02,0x99,0x70,0x43,0xFC,0xF7,0x1E,0xF9,0x80,0xB2,0x20,0x80,0x06,0x90,0x01,0x98,  //0x44a0~0x44af      ..pC............
0x02,0x99,0x70,0x43,0xFC,0xF7,0x16,0xF9,0x80,0xB2,0x60,0x80,0x02,0x90,0x00,0x98,  //0x44b0~0x44bf      ..pC......`.....
0x41,0x08,0x06,0x98,0x00,0x02,0xFC,0xF7,0x0D,0xF9,0x86,0xB2,0x26,0x81,0x01,0x98,  //0x44c0~0x44cf      A...........&...
0x41,0x08,0x02,0x98,0x00,0x02,0xFC,0xF7,0x05,0xF9,0x80,0xB2,0x60,0x81,0x08,0x99,  //0x44d0~0x44df      A...........`...
0x00,0x29,0x04,0x99,0x33,0xD0,0x6A,0x7F,0x2B,0x7F,0x12,0x06,0x12,0x14,0x1A,0x43,  //0x44e0~0x44ef      .)..3.j.+......C
0x89,0x18,0xA1,0x80,0xEA,0x7F,0xAB,0x7F,0x12,0x06,0x12,0x14,0x03,0x99,0x1A,0x43,  //0x44f0~0x44ff      ...............C
0x89,0x18,0xE1,0x80,0x79,0x78,0x3A,0x78,0x09,0x06,0x09,0x14,0x11,0x43,0x71,0x18,  //0x4500~0x450f      ....yx:x.....Cq.
0x21,0x81,0x05,0x99,0x4B,0x78,0x0A,0x78,0x19,0x06,0x09,0x14,0x11,0x43,0x40,0x18,  //0x4510~0x451f      !...Kx.x.....C@.
0x60,0x81,0x09,0xB0,0xF0,0xBD,0x19,0x4A,0xF8,0x79,0x52,0x79,0x79,0x7A,0xEE,0x7A,  //0x4520~0x452f      `......J.yRyyz.z
0x92,0x1E,0x43,0x18,0x72,0x43,0x9A,0x18,0x92,0xB2,0x02,0x92,0x12,0x4A,0x92,0x1E,  //0x4530~0x453f      ..C.rC.......J..
0x53,0x7F,0x12,0x7F,0x1E,0x02,0x16,0x43,0x01,0x91,0x00,0x90,0x9E,0xE7,0x6A,0x7C,  //0x4540~0x454f      S......C......j|
0x2B,0x7C,0x12,0x06,0x12,0x14,0x1A,0x43,0x89,0x18,0xA1,0x80,0xEA,0x7C,0xAB,0x7C,  //0x4550~0x455f      +|.....C.....|.|
0x12,0x06,0x12,0x14,0x03,0x99,0x1A,0x43,0x89,0x18,0xE1,0x80,0x69,0x7D,0x2A,0x7D,  //0x4560~0x456f      .......C....i}*}
0x09,0x06,0x09,0x14,0x11,0x43,0x71,0x18,0x21,0x81,0xE9,0x7D,0xAA,0x7D,0x09,0x06,  //0x4570~0x457f      .....Cq.!..}.}..
0xCB,0xE7,0x00,0x00,0xDA,0x03,0x01,0x00,0x63,0x02,0x00,0x00,0x20,0x04,0x00,0x00,  //0x4580~0x458f      ........c.......
0x10,0xB5,0x06,0x48,0x01,0x7A,0xC9,0x07,0x04,0xD0,0x00,0x7B,0x00,0x28,0x01,0xD0,  //0x4590~0x459f      ...H.z.....{.(..
0xFF,0xF7,0x9E,0xFE,0xFE,0xF7,0x71,0xFD,0x10,0xBD,0x00,0x00,0x08,0x06,0x01,0x00,  //0x45a0~0x45af      ......q.........
0xFE,0xB5,0x06,0x46,0x35,0x48,0x0D,0x46,0x41,0x7F,0x02,0x7F,0x08,0x02,0x10,0x43,  //0x45b0~0x45bf      ...F5H.FA......C
0x44,0x08,0x30,0x88,0xA0,0x42,0x01,0xDC,0x20,0x1A,0x00,0xE0,0x00,0x1B,0x00,0xB2,  //0x45c0~0x45cf      D.0..B..........
0x00,0x90,0x28,0x88,0xA0,0x42,0x01,0xDC,0x20,0x1A,0x00,0xE0,0x00,0x1B,0x07,0xB2,  //0x45d0~0x45df      ..(..B..........
0x00,0x98,0x39,0x46,0x40,0x43,0x79,0x43,0x40,0x18,0xFC,0xF7,0x80,0xF9,0x02,0xF0,  //0x45e0~0x45ef      ..9F@CyC@.......
0xC1,0xFE,0xFC,0xF7,0x25,0xF9,0x01,0x90,0xA0,0x42,0x26,0xDD,0x31,0x88,0xA1,0x42,  //0x45f0~0x45ff      ....%....B&.1..B
0x02,0xD1,0x29,0x88,0xA1,0x42,0x20,0xD0,0x64,0x20,0x78,0x43,0x00,0x99,0xFC,0xF7,  //0x4600~0x460f      ..)..B..d.xC....
0x73,0xF8,0x00,0x90,0x01,0x98,0x00,0x1B,0x40,0x43,0xC1,0x0F,0x08,0x18,0x40,0x10,  //0x4610~0x461f      s.......@C....@.
0xFC,0xF7,0x65,0xF9,0x02,0xF0,0xA6,0xFE,0xFC,0xF7,0x0A,0xF9,0x17,0x49,0x03,0x46,  //0x4620~0x462f      ..e..........I.F
0x30,0x88,0x89,0x1C,0x01,0x91,0xA0,0x42,0x08,0xDB,0xC0,0x1A,0xA0,0x42,0x00,0xDC,  //0x4630~0x463f      0......B.....B..
0x20,0x46,0x07,0xB2,0x38,0x1B,0x07,0xE0,0x28,0x80,0xFE,0xBD,0xC0,0x18,0xA0,0x42,  //0x4640~0x464f      .F..8...(......B
0x00,0xDD,0x20,0x46,0x07,0xB2,0xE0,0x1B,0x00,0x99,0x48,0x43,0x64,0x21,0xFC,0xF7,  //0x4650~0x465f      ...F......HCd!..
0x4B,0xF8,0x37,0x80,0x29,0x88,0x00,0xB2,0xA1,0x42,0x04,0xDA,0x20,0x1A,0x00,0x28,  //0x4660~0x466f      K.7.)....B.....(
0xEA,0xDC,0x00,0x20,0xE8,0xE7,0x21,0x18,0x01,0x98,0x42,0x7F,0x03,0x7F,0x10,0x02,  //0x4670~0x467f      ......!...B.....
0x18,0x43,0x81,0x42,0xE0,0xDA,0x08,0x46,0xDE,0xE7,0x00,0x00,0x61,0x02,0x00,0x00,  //0x4680~0x468f      .C.B...F....a...
0xF8,0xB5,0x38,0x48,0x38,0x49,0x04,0x78,0x37,0x48,0x09,0x1D,0x00,0x68,0x01,0x26,  //0x4690~0x469f      ..8H8I.x7H...h.&
0x00,0x78,0x76,0x04,0x40,0x01,0x40,0x18,0x85,0x68,0x34,0x48,0x41,0x78,0x01,0x29,  //0x46a0~0x46af      .xv.@.@..h4HAx.)
0x04,0xD0,0x00,0x78,0x00,0x28,0x0C,0xD0,0x00,0x20,0x35,0xE0,0x00,0x20,0x05,0xE0,  //0x46b0~0x46bf      ...x.(....5.....
0x41,0x00,0x8A,0x19,0x12,0x88,0x40,0x1C,0x6A,0x52,0xC0,0xB2,0xA0,0x42,0xF7,0xD3,  //0x46c0~0x46cf      A.....@.jR...B..
0xF8,0xBD,0x2B,0x4A,0x00,0x20,0x17,0x46,0x01,0x46,0x1C,0x3F,0x04,0xE0,0x83,0x00,  //0x46d0~0x46df      ..+J...F.F.?....
0xD1,0x50,0x39,0x54,0x40,0x1C,0xC0,0xB2,0xA0,0x42,0xF8,0xD3,0x1E,0xE0,0x41,0x00,  //0x46e0~0x46ef      .P9T@....B....A.
0x6A,0x5A,0x89,0x19,0x09,0x88,0x8A,0x42,0x01,0xD3,0x52,0x1A,0x00,0xE0,0x8A,0x1A,  //0x46f0~0x46ff      jZ.....B..R.....
0x93,0xB2,0x20,0x4A,0x57,0x7B,0x12,0x7B,0x3F,0x02,0x17,0x43,0x9F,0x42,0x09,0xD9,  //0x4700~0x470f      ...JW{.{?..C.B..
0x1B,0x4B,0x82,0x00,0x9F,0x58,0x79,0x18,0x99,0x50,0x19,0x46,0x1C,0x39,0x0A,0x5C,  //0x4710~0x471f      .K...Xy..P.F.9..
0x52,0x1C,0x0A,0x54,0x40,0x1C,0xC0,0xB2,0xA0,0x42,0xE0,0xD3,0x00,0x20,0x05,0xE0,  //0x4720~0x472f      R..T@....B......
0x41,0x00,0x8A,0x19,0x12,0x88,0x40,0x1C,0x6A,0x52,0xC0,0xB2,0xA0,0x42,0xF7,0xD3,  //0x4730~0x473f      A.....@.jR...B..
0x0E,0x48,0x01,0x78,0x40,0x78,0x40,0x1E,0x81,0x42,0xC1,0xD1,0x0C,0x4F,0x00,0x26,  //0x4740~0x474f      .H.x@x@..B...O.&
0x1C,0x3F,0x0B,0xE0,0xB9,0x5D,0x00,0x29,0x06,0xD0,0x09,0x48,0xB2,0x00,0x80,0x58,  //0x4750~0x475f      .?...].)...H...X
0xFB,0xF7,0xC0,0xFF,0x71,0x00,0x68,0x52,0x76,0x1C,0xF6,0xB2,0xA6,0x42,0xF1,0xD3,  //0x4760~0x476f      ....q.hRv....B..
0xF8,0xBD,0x00,0x00,0xB8,0x03,0x01,0x00,0xB8,0x79,0x00,0x00,0x66,0x00,0x01,0x00,  //0x4770~0x477f      .........y..f...
0x04,0x01,0x01,0x00,0x62,0x04,0x00,0x00,0x70,0x47,0x00,0x00,0x06,0x48,0x00,0x78,  //0x4780~0x478f      ....b...pG...H.x
0x01,0x28,0x07,0xD1,0x05,0x49,0x08,0x70,0x05,0x48,0x81,0x78,0x01,0x29,0x01,0xD1,  //0x4790~0x479f      .(...I.p.H.x.)..
0x00,0x21,0x81,0x70,0x70,0x47,0x00,0x00,0x98,0x00,0x01,0x00,0x70,0x00,0x01,0x00,  //0x47a0~0x47af      .!.ppG......p...
0xBE,0x06,0x01,0x00,0xF8,0xB5,0x2E,0x48,0x2C,0x4C,0x00,0x78,0x21,0x7A,0x40,0x06,  //0x47b0~0x47bf      .......H,L.x!z@.
0x40,0x0F,0x81,0x42,0x00,0xD0,0x20,0x72,0x2A,0x48,0x01,0x78,0x00,0x29,0x4C,0xD0,  //0x47c0~0x47cf      @..B...r*H.x.)L.
0x00,0x25,0x29,0x4F,0x05,0x70,0x29,0x46,0x0C,0x22,0x4A,0x43,0xB8,0x58,0x00,0x28,  //0x47d0~0x47df      .%)O.p)F."JC.X.(
0x0E,0xD0,0xD2,0x19,0x16,0x7A,0x53,0x68,0x52,0x7A,0x02,0x2E,0x04,0xD0,0x1A,0x78,  //0x47e0~0x47ef      .....zShRz.....x
0x02,0x70,0x49,0x1C,0xC9,0xB2,0xEF,0xE7,0x1B,0x78,0x53,0x43,0x03,0x80,0xF8,0xE7,  //0x47f0~0x47ff      .pI......xSC....
0x1E,0x4E,0x1F,0x4F,0x30,0x78,0x0C,0x28,0x07,0xD1,0x1E,0x48,0x41,0x78,0x88,0x1C,  //0x4800~0x480f      .N.O0x.(...HAx..
0xC0,0xB2,0x01,0xF0,0xDB,0xF9,0x01,0x20,0x38,0x70,0x30,0x78,0x14,0x28,0x01,0xD0,  //0x4810~0x481f      ........8p0x.(..
0x15,0x28,0x05,0xD1,0xFF,0xF7,0xF8,0xFA,0x00,0xF0,0xA0,0xF9,0xFE,0xF7,0xD6,0xFB,  //0x4820~0x482f      .(..............
0x30,0x78,0x20,0x28,0x04,0xD1,0x13,0x48,0x13,0x49,0x20,0x30,0x00,0x79,0x08,0x70,  //0x4830~0x483f      0x.(...H.I.0.y.p
0xA0,0x79,0x00,0x28,0x02,0xD1,0x11,0x48,0x00,0x68,0x85,0x60,0xE0,0x7A,0x00,0x28,  //0x4840~0x484f      .y.(...H.h.`.z.(
0x00,0xD0,0x38,0x70,0x0E,0x4E,0x30,0x78,0x52,0x28,0x06,0xD1,0x20,0x7A,0x00,0x28,  //0x4850~0x485f      ..8p.N0xR(...z.(
0x03,0xD0,0x00,0x20,0x02,0xF0,0x3F,0xFD,0x35,0x70,0xF8,0xBD,0x9A,0x05,0x01,0x00,  //0x4860~0x486f      ......?.5p......
0xA7,0x00,0x01,0x00,0xAE,0x00,0x01,0x00,0xF0,0x79,0x00,0x00,0xA5,0x00,0x01,0x00,  //0x4870~0x487f      .........y......
0x70,0x00,0x01,0x00,0x74,0x01,0x01,0x00,0x8D,0x00,0x01,0x00,0xB4,0x00,0x01,0x00,  //0x4880~0x488f      p...t...........
0x71,0x00,0x01,0x00,0x08,0x48,0x09,0x49,0x40,0x7B,0x00,0x28,0x04,0xD0,0x01,0x28,  //0x4890~0x489f      q....H.I@{.(...(
0x01,0xD1,0x00,0x20,0x88,0x71,0x70,0x47,0x88,0x79,0x00,0x28,0xFB,0xD1,0x08,0x7A,  //0x48a0~0x48af      .....qpG.y.(...z
0x40,0x08,0x40,0x00,0x08,0x72,0x70,0x47,0x9A,0x05,0x01,0x00,0x08,0x06,0x01,0x00,  //0x48b0~0x48bf      @.@..rpG........
0x10,0xB5,0x19,0x48,0x01,0x78,0x00,0x29,0x27,0xD1,0x81,0x7A,0x00,0x29,0x24,0xD1,  //0x48c0~0x48cf      ...H.x.)'..z.)$.
0x01,0x21,0x81,0x72,0x15,0x49,0x16,0x4A,0xCC,0x78,0x11,0x46,0x20,0x31,0x15,0x4B,  //0x48d0~0x48df      .!.r.I.J.x.F.1.K
0x22,0x32,0x04,0x2C,0x0A,0xD0,0x44,0x8B,0x50,0x7B,0x12,0x7B,0x00,0x02,0x10,0x43,  //0x48e0~0x48ef      "2.,..D.P{.{...C
0x42,0x08,0x94,0x42,0x12,0xD8,0x88,0x79,0x40,0x08,0x12,0xE0,0x04,0x8B,0x50,0x7B,  //0x48f0~0x48ff      B..B...y@.....P{
0x12,0x7B,0x00,0x02,0x10,0x43,0x42,0x08,0x94,0x42,0x02,0xD8,0x88,0x79,0x40,0x08,  //0x4900~0x490f      .{...CB..B...y@.
0x02,0xE0,0x09,0x7A,0x49,0x08,0x40,0x1A,0x18,0x80,0x10,0xBD,0x09,0x7A,0x49,0x08,  //0x4910~0x491f      ...zI.@......zI.
0x40,0x1A,0x58,0x80,0x10,0xBD,0x00,0x00,0x08,0x06,0x01,0x00,0x60,0x02,0x00,0x00,  //0x4920~0x492f      @.X.........`...
0xDA,0x03,0x01,0x00,0x9E,0x00,0x01,0x00,0x10,0xB5,0x00,0x20,0x00,0xF0,0x74,0xF8,  //0x4930~0x493f      ..............t.
0x03,0x48,0x80,0x78,0x00,0x28,0x02,0xD0,0x03,0x20,0x00,0xF0,0x6D,0xF8,0x10,0xBD,  //0x4940~0x494f      .H.x.(......m...
0x9A,0x05,0x01,0x00,0xFE,0xB5,0x00,0x20,0x06,0x46,0x02,0x90,0x06,0x20,0x31,0x46,  //0x4950~0x495f      .........F....1F
0x41,0x43,0x23,0x48,0x08,0x18,0x41,0x78,0x00,0x29,0x3B,0xD0,0x81,0x88,0x49,0x1C,  //0x4960~0x496f      AC#H..Ax.);...I.
0x81,0x80,0x83,0x78,0x58,0x42,0xC2,0x00,0x09,0x20,0xC0,0x43,0x82,0x42,0x00,0xDA,  //0x4970~0x497f      ...xXB.....C.B..
0x02,0x46,0x1C,0x48,0x71,0x01,0x00,0x78,0x01,0x90,0x1B,0x48,0x08,0x18,0x41,0x69,  //0x4980~0x498f      .F.Hq..x...H..Ai
0x00,0x91,0x04,0x69,0x02,0x98,0x00,0x28,0x01,0xD0,0x00,0x25,0x1F,0xE0,0x00,0x21,  //0x4990~0x499f      ...i...(...%...!
0x0E,0xE0,0x00,0x9D,0x48,0x00,0x2D,0x5E,0x9D,0x42,0x02,0xDD,0x25,0x5A,0xED,0x1A,  //0x49a0~0x49af      ....H.-^.B..%Z..
0x03,0xE0,0x95,0x42,0x02,0xDA,0x25,0x5A,0xAD,0x1A,0x25,0x52,0x49,0x1C,0xC9,0xB2,  //0x49b0~0x49bf      ...B..%Z..%RI...
0x01,0x98,0x81,0x42,0xED,0xD3,0x0D,0xE0,0x00,0x98,0x6F,0x00,0xC0,0x5F,0x03,0x21,  //0x49c0~0x49cf      ...B......o.._.!
0xFB,0xF7,0x92,0xFE,0xE1,0x5B,0x08,0x1A,0x6D,0x1C,0xE0,0x53,0xED,0xB2,0x01,0x98,  //0x49d0~0x49df      .....[..m..S....
0x85,0x42,0xF1,0xD3,0x76,0x1C,0x36,0x06,0x36,0x0E,0xB7,0xD0,0xFE,0xBD,0x00,0x00,  //0x49e0~0x49ef      .B..v.6.6.......
0x98,0x00,0x01,0x00,0xB8,0x03,0x01,0x00,0xBC,0x79,0x00,0x00,0x70,0xB5,0x06,0x46,  //0x49f0~0x49ff      .........y..p..F
0xFF,0x20,0x00,0x25,0x2A,0x46,0x0B,0xE0,0x54,0x00,0x34,0x5F,0x00,0x2B,0x01,0xD0,  //0x4a00~0x4a0f      ...%*F..T.4_.+..
0x64,0x42,0x24,0xB2,0xAC,0x42,0x01,0xDD,0x10,0x46,0x25,0x46,0x52,0x1C,0xD2,0xB2,  //0x4a10~0x4a1f      dB$..B...F%FR...
0x8A,0x42,0xF1,0xD3,0x70,0xBD,0x00,0x00,0xF1,0xB5,0xB4,0xB0,0x08,0x20,0x01,0x90,  //0x4a20~0x4a2f      .B..p...........
0x01,0x20,0x00,0x90,0x48,0x48,0x00,0x26,0x86,0x57,0x48,0x48,0xC4,0x8F,0x34,0x98,  //0x4a30~0x4a3f      ....HH.&.WHH..4.
0x00,0x28,0x02,0xD0,0x03,0x28,0x02,0xD0,0x10,0xE0,0x45,0x4D,0x0E,0xE0,0x45,0x48,  //0x4a40~0x4a4f      .(...(....EM..EH
0x00,0x7C,0x00,0x28,0x08,0xD0,0x44,0x49,0x8C,0x42,0x03,0xD3,0x7D,0x21,0x49,0x01,  //0x4a50~0x4a5f      .|.(..DI.B..}!I.
0x61,0x1A,0x8C,0xB2,0x40,0x00,0x46,0xB2,0x3D,0x4D,0x3C,0x35,0x32,0x46,0x29,0x46,  //0x4a60~0x4a6f      a...@.F.=M<52F)F
0x2C,0xA8,0xFB,0xF7,0xC5,0xFD,0x00,0x20,0x7D,0x22,0x12,0x02,0x04,0xE0,0x43,0x00,  //0x4a70~0x4a7f      ,.......}"....C.
0x02,0xA9,0x40,0x1C,0xCA,0x52,0x40,0xB2,0xB0,0x42,0xF8,0xDB,0x00,0x20,0x01,0x46,  //0x4a80~0x4a8f      ..@..R@..B.....F
0x7F,0x23,0x05,0xE0,0x1E,0xAA,0x11,0x54,0x25,0xAA,0x13,0x54,0x40,0x1C,0x40,0xB2,  //0x4a90~0x4a9f      .#.....T%..T@.@.
0xB0,0x42,0xF7,0xDB,0x00,0xF0,0x62,0xFB,0x34,0x98,0xFC,0xF7,0x05,0xF9,0xFE,0xF7,  //0x4aa0~0x4aaf      .B....b.4.......
0x7B,0xFC,0xF1,0xB2,0x10,0xAA,0x34,0x98,0xFD,0xF7,0xD2,0xFC,0x00,0x23,0x26,0xE0,  //0x4ab0~0x4abf      {.....4......#&.
0x59,0x00,0x10,0xA8,0x40,0x5A,0xA0,0x42,0x01,0xD3,0x02,0x1B,0x00,0xE0,0x22,0x1A,  //0x4ac0~0x4acf      Y...@Z.B......".
0x02,0xAF,0x7F,0x5A,0x92,0xB2,0x97,0x42,0x04,0xD9,0x02,0xAF,0x7A,0x52,0xE9,0x5C,  //0x4ad0~0x4adf      ...Z...B....zR..
0x2C,0xAA,0xD1,0x54,0xA0,0x42,0x06,0xD2,0x25,0xA8,0xC1,0x5C,0xE8,0x5C,0x1E,0xAA,  //0x4ae0~0x4aef      ,..T.B..%.......
0x09,0x18,0x49,0x08,0x07,0xE0,0xA0,0x42,0x07,0xD9,0x1E,0xA9,0xE8,0x5C,0xC9,0x5C,  //0x4af0~0x4aff      ..I....B........
0x25,0xAA,0x41,0x18,0x49,0x08,0xD0,0x54,0xE9,0x54,0x5B,0x1C,0x5B,0xB2,0xB3,0x42,  //0x4b00~0x4b0f      %.A.I..T.T[.[..B
0xD6,0xDB,0x01,0x98,0x40,0x1E,0x00,0x06,0x00,0x0E,0x01,0x90,0xC2,0xD1,0x32,0x46,  //0x4b10~0x4b1f      ....@.........2F
0x2C,0xA9,0x28,0x46,0xFB,0xF7,0x6C,0xFD,0x00,0x20,0x01,0xE0,0x40,0x1C,0x40,0xB2,  //0x4b20~0x4b2f      ,.(F..l.....@.@.
0xB0,0x42,0xFB,0xDB,0x7D,0x23,0xDB,0x00,0x00,0x20,0x02,0xA9,0x07,0xE0,0x42,0x00,  //0x4b30~0x4b3f      .B..}#........B.
0x8A,0x5A,0x9A,0x42,0x01,0xD9,0x00,0x22,0x00,0x92,0x40,0x1C,0x40,0xB2,0xB0,0x42,  //0x4b40~0x4b4f      .Z.B..."..@.@..B
0xF5,0xDB,0x00,0x98,0x35,0xB0,0xF0,0xBD,0xB8,0x03,0x01,0x00,0x74,0x01,0x01,0x00,  //0x4b50~0x4b5f      ....5.......t...
0x36,0x05,0x01,0x00,0x9A,0x05,0x01,0x00,0x10,0x27,0x00,0x00,0x10,0xB5,0x14,0x48,  //0x4b60~0x4b6f      6........'.....H
0x13,0x4B,0x01,0x78,0x42,0x78,0x02,0x24,0x88,0x18,0xC0,0xB2,0x22,0x3B,0x18,0x70,  //0x4b70~0x4b7f      .K.xBx.$....";.p
0x40,0x08,0xDC,0x70,0x58,0x70,0xD2,0x07,0x01,0xD0,0x40,0x1C,0x58,0x70,0x48,0x08,  //0x4b80~0x4b8f      @..pXp....@.XpH.
0x0C,0x49,0x98,0x70,0x48,0x70,0x0C,0x48,0xC0,0x78,0x05,0x28,0x09,0xD0,0x02,0x28,  //0x4b90~0x4b9f      .I.pHp.H.x.(...(
0x01,0xD0,0x03,0x28,0x04,0xD1,0x09,0x48,0x01,0x78,0x40,0x78,0x41,0x43,0x19,0x70,  //0x4ba0~0x4baf      ...(...H.x@xAC.p
0x10,0xBD,0x07,0x49,0x08,0x79,0x98,0x70,0x49,0x79,0xD9,0x70,0x58,0x70,0x10,0xBD,  //0x4bb0~0x4bbf      ...I.y.pIy.pXp..
0xDA,0x03,0x01,0x00,0x8D,0x00,0x01,0x00,0x60,0x02,0x00,0x00,0xA0,0x06,0x01,0x00,  //0x4bc0~0x4bcf      ........`.......
0x20,0x04,0x00,0x00,0x10,0xB5,0x04,0x49,0x00,0x20,0x88,0x70,0x00,0xF0,0x36,0xFD,  //0x4bd0~0x4bdf      .......I...p..6.
0xFC,0xF7,0x90,0xF8,0x10,0xBD,0x00,0x00,0xA2,0x00,0x01,0x00,0x10,0xB5,0x09,0x49,  //0x4be0~0x4bef      ...............I
0x1C,0x22,0x0C,0x46,0x08,0x48,0xFB,0xF7,0x03,0xFD,0x07,0x48,0x1C,0x22,0x21,0x46,  //0x4bf0~0x4bff      .".F.H.....H."!F
0x99,0x38,0xFB,0xF7,0xFD,0xFC,0x04,0x48,0xEA,0x38,0x00,0x7C,0xFC,0xF7,0x5E,0xFA,  //0x4c00~0x4c0f      .8.....H.8.|..^.
0x10,0xBD,0x00,0x00,0xE6,0x02,0x00,0x00,0x84,0x06,0x01,0x00,0xFE,0xB5,0x00,0x20,  //0x4c10~0x4c1f      ................
0x69,0x46,0x08,0x70,0x02,0x20,0x37,0x4C,0x01,0x90,0x04,0x21,0x20,0x46,0xFB,0xF7,  //0x4c20~0x4c2f      iF.p..7L...!.F..
0x44,0xFD,0x25,0x46,0x13,0x3D,0x28,0x7A,0x34,0x4F,0x40,0x08,0x40,0x00,0x28,0x72,  //0x4c30~0x4c3f      D.%F.=(z4O@.@.(r
0x31,0x48,0x01,0x26,0xC1,0x78,0x32,0x4B,0x7A,0x88,0x05,0x29,0x12,0xD0,0x28,0x46,  //0x4c40~0x4c4f      1H.&.x2Kz..)..(F
0x40,0x79,0x02,0x29,0x28,0xD0,0x2F,0x4D,0x41,0x08,0xAD,0x78,0xA9,0x42,0x38,0xD3,  //0x4c50~0x4c5f      @y.)(./MA..x.B8.
0xDD,0x69,0x00,0x21,0x69,0x5E,0x3D,0x89,0xA9,0x42,0x32,0xDD,0x68,0x46,0xFE,0xF7,  //0x4c60~0x4c6f      .i.!i^=..B2.hF..
0xDB,0xFB,0x3F,0xE0,0x28,0x4F,0x26,0x48,0x39,0x78,0x40,0x69,0x00,0x23,0xFF,0xF7,  //0x4c70~0x4c7f      ..?.(O&H9x@i.#..
0xBD,0xFE,0xFF,0x28,0x24,0xD0,0x20,0x70,0xA0,0x70,0x21,0x48,0x39,0x78,0x40,0x69,  //0x4c80~0x4c8f      ...($..p.p!H9x@i
0x49,0x00,0x40,0x18,0x1D,0x49,0x00,0x23,0x4A,0x88,0x79,0x78,0xFF,0xF7,0xAE,0xFE,  //0x4c90~0x4c9f      I.@..I.#J.yx....
0xFF,0x28,0x15,0xD0,0x60,0x70,0x10,0xE0,0xDB,0x69,0x00,0x21,0x59,0x5E,0x91,0x42,  //0x4ca0~0x4caf      .(..`p...i.!Y^.B
0x0E,0xDD,0x19,0x4F,0x79,0x78,0xFB,0xF7,0x15,0xFD,0x20,0x70,0x79,0x78,0x68,0x79,  //0x4cb0~0x4cbf      ...Oyx.....pyxhy
0xFB,0xF7,0x10,0xFD,0x61,0x70,0x68,0x79,0xA0,0x70,0xE6,0x70,0x2E,0x70,0xEE,0x70,  //0x4cc0~0x4ccf      ....aphy.p.p.p.p
0xFE,0xBD,0xDB,0x69,0x00,0x21,0x59,0x5E,0x91,0x42,0x0B,0xDD,0x05,0x46,0x40,0x08,  //0x4cd0~0x4cdf      ...i.!Y^.B...F@.
0x20,0x70,0x28,0x46,0x01,0x99,0xFB,0xF7,0xFD,0xFC,0x61,0x70,0xA5,0x70,0xE6,0x70,  //0x4ce0~0x4cef      .p(F......ap.p.p
0x68,0x46,0x06,0x70,0x03,0x49,0x68,0x46,0x00,0x78,0x13,0x39,0x08,0x70,0xC8,0x70,  //0x4cf0~0x4cff      hF.p.IhF.x.9.p.p
0xFE,0xBD,0x00,0x00,0x1B,0x06,0x01,0x00,0x60,0x02,0x00,0x00,0x8E,0x05,0x01,0x00,  //0x4d00~0x4d0f      ........`.......
0xBC,0x79,0x00,0x00,0xB8,0x03,0x01,0x00,0xA0,0x06,0x01,0x00,0x70,0xB5,0xFF,0x22,  //0x4d10~0x4d1f      .y..........p.."
0x07,0x21,0x12,0x48,0xFB,0xF7,0x56,0xFA,0x00,0x20,0x00,0xF0,0xB3,0xFA,0x10,0x4B,  //0x4d20~0x4d2f      .!.H..V........K
0x00,0x21,0x5A,0x68,0x0C,0x46,0x10,0x46,0xE0,0x40,0xC0,0x07,0x02,0xD0,0x49,0x1C,  //0x4d30~0x4d3f      .!Zh.F.F.@....I.
0xC9,0xB2,0x25,0x46,0x64,0x1C,0xE4,0xB2,0x1C,0x2C,0xF4,0xD3,0x07,0x48,0x10,0x38,  //0x4d40~0x4d4f      ..%Fd....,...H.8
0x01,0x29,0x00,0xD1,0x85,0x75,0xD1,0x43,0x59,0x60,0x01,0x74,0x0A,0x0A,0x42,0x74,  //0x4d50~0x4d5f      .)...u.CY`.t..Bt
0x0A,0x0C,0x82,0x74,0x09,0x0E,0xC1,0x74,0x70,0xBD,0x00,0x00,0xA4,0x01,0x01,0x00,  //0x4d60~0x4d6f      ...t...tp.......
0x8C,0x00,0x01,0x00,0xF8,0xB5,0x1F,0x48,0x00,0x24,0x00,0x78,0x1E,0x4D,0x46,0x00,  //0x4d70~0x4d7f      .......H.$.x.MF.
0x00,0x90,0x60,0x01,0x40,0x19,0x00,0x69,0x31,0x46,0xFB,0xF7,0x96,0xFC,0x64,0x1C,  //0x4d80~0x4d8f      ..`.@..i1F....d.
0x24,0x06,0x24,0x0E,0xF5,0xD0,0x00,0x24,0x00,0xF0,0xE8,0xF9,0x00,0xF0,0x56,0xFC,  //0x4d90~0x4d9f      $.$....$......V.
0x00,0xF0,0x1C,0xFE,0x00,0x20,0xFD,0xF7,0xF7,0xFF,0x00,0x21,0x12,0x48,0x4A,0x01,  //0x4da0~0x4daf      ...........!.HJ.
0x10,0x18,0xC5,0x68,0x03,0x69,0x00,0x20,0x07,0xE0,0x42,0x00,0xAF,0x5A,0x9E,0x5A,  //0x4db0~0x4dbf      ...h.i....B..Z.Z
0x7F,0x08,0xF6,0x19,0x40,0x1C,0x9E,0x52,0xC0,0xB2,0x00,0x9A,0x90,0x42,0xF4,0xD3,  //0x4dc0~0x4dcf      ....@..R.....B..
0x49,0x1C,0x09,0x06,0x09,0x0E,0xE9,0xD0,0x64,0x1C,0xE4,0xB2,0x02,0x2C,0xDB,0xD3,  //0x4dd0~0x4ddf      I.......d....,..
0x00,0xF0,0x96,0xFC,0x05,0x48,0x00,0x68,0x81,0x88,0x05,0x48,0x00,0xF0,0x9C,0xF9,  //0x4de0~0x4def      .....H.h...H....
0xF8,0xBD,0x00,0x00,0xB8,0x03,0x01,0x00,0xBC,0x79,0x00,0x00,0xB4,0x00,0x01,0x00,  //0x4df0~0x4dff      .........y......
0x7A,0x00,0x01,0x00,0xF8,0xB5,0x3E,0x48,0x3F,0x49,0x45,0x78,0x06,0x78,0x3D,0x48,  //0x4e00~0x4e0f      z.....>H?IEx.x=H
0x4C,0x69,0x40,0x79,0x29,0x46,0xFB,0xF7,0x65,0xFC,0x00,0x28,0x21,0xD0,0x76,0x1E,  //0x4e10~0x4e1f      Li@y)F..e..(!.v.
0xB0,0x42,0x31,0xD1,0x45,0x43,0x28,0x06,0xC0,0x0D,0x04,0x19,0x02,0x20,0x20,0x5E,  //0x4e20~0x4e2f      .B1.EC(........^
0x0A,0x21,0x48,0x43,0x07,0x21,0xFB,0xF7,0x5F,0xFC,0x60,0x80,0x06,0x20,0x20,0x5E,  //0x4e30~0x4e3f      .!HC.!.._.`....^
0x0A,0x21,0x48,0x43,0x07,0x21,0xFB,0xF7,0x57,0xFC,0x00,0xB2,0xE0,0x80,0x02,0x21,  //0x4e40~0x4e4f      .!HC.!..W......!
0x61,0x5E,0x08,0x18,0xC1,0x00,0x08,0x1A,0x0A,0x21,0xFB,0xF7,0x4D,0xFC,0xA0,0x80,  //0x4e50~0x4e5f      a^.......!..M...
0xF8,0xBD,0x02,0x20,0x20,0x5E,0x0A,0x21,0x48,0x43,0x07,0x21,0xFB,0xF7,0x44,0xFC,  //0x4e60~0x4e6f      .....^.!HC.!..D.
0x60,0x80,0x06,0x20,0x20,0x5E,0x0A,0x21,0x48,0x43,0x07,0x21,0xFB,0xF7,0x3C,0xFC,  //0x4e70~0x4e7f      `....^.!HC.!..<.
0xE0,0x80,0x61,0x88,0x08,0x18,0xEA,0xE7,0x1D,0x48,0x06,0x22,0x40,0x78,0x07,0x46,  //0x4e80~0x4e8f      ..a......H."@x.F
0x57,0x43,0x86,0x00,0x00,0x29,0x14,0xD0,0x68,0x1E,0x81,0x42,0xE0,0xD1,0x30,0x19,  //0x4e90~0x4e9f      WC...)..h..B..0.
0x40,0x38,0x3E,0x26,0x86,0x5F,0xE8,0x00,0x00,0x19,0x40,0x38,0x3E,0x25,0x45,0x5F,  //0x4ea0~0x4eaf      @8>&._....@8>%E_
0x00,0x2E,0xD5,0xDD,0x00,0x2D,0xD3,0xDD,0xAE,0x42,0x0D,0xDD,0x29,0x46,0x30,0x46,  //0x4eb0~0x4ebf      .....-...B..)F0F
0x0C,0xE0,0x68,0x00,0x20,0x5E,0xE1,0x5F,0x40,0x18,0xC1,0x00,0x08,0x1A,0x0A,0x21,  //0x4ec0~0x4ecf      ..h..^._@......!
0xFB,0xF7,0x12,0xFC,0xA0,0x53,0xF8,0xBD,0x31,0x46,0x28,0x46,0xFB,0xF7,0x0C,0xFC,  //0x4ed0~0x4edf      .....S..1F(F....
0xC0,0xB2,0x05,0x28,0x03,0xD2,0x70,0x19,0xC1,0x00,0x08,0x1A,0x01,0xE0,0x70,0x19,  //0x4ee0~0x4eef      ...(..p.......p.
0x80,0x00,0x0A,0x21,0xFB,0xF7,0x00,0xFC,0x39,0x19,0x40,0x39,0xC8,0x87,0xF8,0xBD,  //0x4ef0~0x4eff      ...!....9.@9....
0xA0,0x06,0x01,0x00,0x08,0x06,0x01,0x00,0xBC,0x79,0x00,0x00,0x10,0xB5,0x0A,0x48,  //0x4f00~0x4f0f      .........y.....H
0x01,0x7A,0x00,0x29,0x0F,0xD1,0x80,0x79,0x00,0x28,0x0C,0xD1,0x07,0x48,0x00,0x78,  //0x4f10~0x4f1f      .z.)...y.(...H.x
0x01,0x28,0x08,0xD1,0x00,0xF0,0x23,0xFD,0x05,0x48,0x00,0x7A,0x01,0x28,0x00,0xD0,  //0x4f20~0x4f2f      .(....#..H.z.(..
0x00,0x20,0x01,0xF0,0x5F,0xFB,0x10,0xBD,0x9A,0x05,0x01,0x00,0x6B,0x00,0x01,0x00,  //0x4f30~0x4f3f      ...._.......k...
0xC0,0x02,0x00,0x00,0x70,0xB5,0x04,0x00,0x16,0xD0,0x32,0x2C,0x00,0xD9,0x32,0x24,  //0x4f40~0x4f4f      ....p.....2,..2$
0x02,0xF0,0x7E,0xF8,0x0A,0x49,0xFB,0xF7,0xC5,0xFB,0x05,0x46,0x7D,0x20,0x21,0x46,  //0x4f50~0x4f5f      ..~..I.....F}.!F
0xC0,0x00,0xFB,0xF7,0xBF,0xFB,0x45,0x43,0x28,0x0A,0x07,0xD0,0xFF,0x28,0x00,0xD9,  //0x4f60~0x4f6f      ......EC(....(..
0xFF,0x20,0x04,0x49,0x48,0x72,0x70,0xBD,0x01,0x24,0xE9,0xE7,0x01,0x20,0xF8,0xE7,  //0x4f70~0x4f7f      ...IHrp..$......
0x40,0x42,0x0F,0x00,0x68,0x09,0x01,0x00,0xF8,0xB5,0x04,0x46,0x0D,0x28,0x33,0xD2,  //0x4f80~0x4f8f      @B..h......F.(3.
0x01,0xF0,0x4C,0xFE,0x19,0x4D,0x1A,0x4F,0x00,0x2C,0x0C,0xD1,0x00,0x21,0x08,0x46,  //0x4f90~0x4f9f      ..L..M.O.,...!.F
0x18,0x4B,0x3E,0x78,0x05,0xE0,0x6A,0x5C,0x02,0x2A,0x00,0xD3,0xD0,0x54,0x49,0x1C,  //0x4fa0~0x4faf      .K>x..j..*...TI.
0x89,0xB2,0x8E,0x42,0xF7,0xD8,0x14,0x48,0x01,0xF0,0x3A,0xFF,0x12,0x4E,0x00,0x2C,  //0x4fb0~0x4fbf      ...B...H..:..N.,
0x0F,0xD1,0x00,0x20,0x3C,0x78,0x0A,0xE0,0x29,0x5C,0x02,0x29,0x05,0xD3,0x01,0x22,  //0x4fc0~0x4fcf      ....<x..)..)..."
0x89,0x1E,0x33,0x6A,0x8A,0x40,0x93,0x43,0x33,0x62,0x40,0x1C,0x80,0xB2,0x84,0x42,  //0x4fd0~0x4fdf      ..3j.@.C3b@....B
0xF2,0xD8,0x0A,0x49,0x30,0x6A,0xC8,0x62,0x07,0x48,0xF1,0x69,0x20,0x30,0xC0,0x7A,  //0x4fe0~0x4fef      ...I0j.b.H.i.0.z
0x01,0xF0,0x58,0xFE,0x01,0xF0,0x22,0xFE,0xF8,0xBD,0x00,0x00,0x84,0x06,0x01,0x00,  //0x4ff0~0x4fff      ..X...".........
0xB8,0x03,0x01,0x00,0x47,0x09,0x01,0x00,0x48,0x09,0x01,0x00,0x00,0x06,0x03,0x00,  //0x5000~0x500f      ....G...H.......
0x03,0x49,0x02,0x48,0x09,0x68,0x00,0x79,0x88,0x80,0x70,0x47,0x9A,0x05,0x01,0x00,  //0x5010~0x501f      .I.H.h.y..pG....
0xB4,0x00,0x01,0x00,0xFE,0xB5,0x01,0x24,0x07,0x46,0x01,0x29,0x1C,0xD1,0x1C,0x20,  //0x5020~0x502f      .......$.F.)....
0x00,0xF0,0xEA,0xFD,0x10,0x49,0x11,0x4E,0x00,0x20,0x01,0x91,0xB3,0x1C,0x10,0x4A,  //0x5030~0x503f      .....I.N.......J
0x00,0x94,0x02,0x90,0x0F,0x49,0x00,0xF0,0xA5,0xFF,0x0F,0x4D,0x21,0x46,0xEB,0x7F,  //0x5040~0x504f      .....I.....M!F..
0xAA,0x7F,0x00,0x20,0x01,0xF0,0x36,0xF8,0x30,0x80,0xA9,0x7F,0x38,0x46,0x01,0xF0,  //0x5050~0x505f      ......6.0...8F..
0xDF,0xF8,0x00,0x20,0x00,0xF0,0xF0,0xFD,0x00,0xF0,0x0A,0xFE,0x01,0xF0,0x7E,0xF9,  //0x5060~0x506f      ..............~.
0x00,0xF0,0x0E,0xFE,0xFE,0xBD,0x00,0x00,0x8D,0x00,0x01,0x00,0x34,0x05,0x01,0x00,  //0x5070~0x507f      ............4...
0x76,0x01,0x01,0x00,0x47,0x04,0x00,0x00,0xB8,0x03,0x01,0x00,0x03,0x49,0x40,0x00,  //0x5080~0x508f      v...G........I@.
0x40,0x18,0x03,0x49,0x00,0x89,0x08,0x80,0x70,0x47,0x00,0x00,0xBE,0x06,0x01,0x00,  //0x5090~0x509f      @..I....pG......
0x94,0x00,0x01,0x00,0x02,0x4A,0x00,0x21,0x80,0x00,0x80,0x18,0x81,0x75,0x70,0x47,  //0x50a0~0x50af      .....J.!.....upG
0x08,0x06,0x01,0x00,0xF8,0xB5,0x1B,0x4C,0x08,0x21,0x60,0x1A,0x07,0x46,0x00,0x90,  //0x50b0~0x50bf      .......L.!`..F..
0x20,0x3F,0x3E,0x78,0x7D,0x78,0xFF,0x22,0x20,0x46,0xFB,0xF7,0x83,0xF8,0x00,0x21,  //0x50c0~0x50cf      .?>x}x.".F.....!
0x01,0x2E,0x04,0xD0,0x30,0x46,0x02,0x26,0x00,0x28,0x07,0xD0,0x08,0xE0,0x00,0x2D,  //0x50d0~0x50df      ....0F.&.(.....-
0x02,0xD0,0x01,0x20,0x60,0x71,0x08,0xE0,0x61,0x71,0x06,0xE0,0x01,0x2D,0x10,0xD0,  //0x50e0~0x50ef      ....`q..aq...-..
0x60,0x79,0xFF,0x28,0x0A,0xD2,0x02,0x28,0x0C,0xD0,0x39,0x77,0x60,0x79,0x09,0x49,  //0x50f0~0x50ff      `y.(...(..9w`y.I
0x78,0x77,0x08,0x22,0x10,0x39,0x20,0x46,0xFB,0xF7,0x7A,0xFA,0xFE,0xF7,0x24,0xF9,  //0x5100~0x510f      xw.".9.F..z...$.
0xF8,0xBD,0x66,0x71,0x08,0x22,0x20,0x46,0x00,0x99,0xFB,0xF7,0x71,0xFA,0x66,0x71,  //0x5110~0x511f      ..fq.".F....q.fq
0xF4,0xE7,0x00,0x00,0x30,0x06,0x01,0x00,0x01,0x80,0x70,0x47,0x70,0xB5,0x0B,0x48,  //0x5120~0x512f      ....0.....pGp..H
0x0B,0x4B,0x02,0x78,0x00,0x20,0x0B,0x4C,0x0B,0x4D,0x0B,0xE0,0x19,0x5C,0x02,0x29,  //0x5130~0x513f      .K.x...L.M.....)
0x06,0xD3,0x26,0x18,0x76,0x78,0x89,0x1E,0xC9,0xB2,0xF6,0x00,0x69,0x18,0x4E,0x70,  //0x5140~0x514f      ..&.vx......i.Np
0x40,0x1C,0xC0,0xB2,0x90,0x42,0xF1,0xD3,0x70,0xBD,0x00,0x00,0xB8,0x03,0x01,0x00,  //0x5150~0x515f      @....B..p.......
0x84,0x06,0x01,0x00,0xAC,0x05,0x01,0x00,0x48,0x09,0x01,0x00,0x01,0x49,0x00,0x20,  //0x5160~0x516f      ........H....I..
0x08,0x80,0x70,0x47,0x40,0x00,0x01,0x00,0xF8,0xB5,0x27,0x4D,0x02,0xF0,0xEC,0xF8,  //0x5170~0x517f      ..pG@.....'M....
0x00,0x24,0x00,0x90,0xE0,0x00,0x46,0x19,0x20,0x36,0x29,0x7A,0x70,0x7B,0xC9,0x07,  //0x5180~0x518f      .$....F..6)zp{..
0x01,0xD0,0x00,0x28,0x03,0xD0,0x21,0x48,0x00,0x21,0x01,0x55,0x37,0xE0,0x20,0x46,  //0x5190~0x519f      ...(..!H.!.U7..F
0xFC,0xF7,0xA0,0xF8,0x00,0x28,0x1E,0x48,0x1D,0xD0,0x01,0x89,0x1D,0x48,0x42,0x7C,  //0x51a0~0x51af      .....(.H.....HB|
0x03,0x7C,0x10,0x02,0x18,0x43,0x08,0x18,0x87,0xB2,0x18,0x48,0x01,0x5D,0x00,0x98,  //0x51b0~0x51bf      .|...C.....H.]..
0x81,0x42,0x04,0xD3,0x20,0x46,0xFD,0xF7,0xAF,0xFB,0xB8,0x42,0x1F,0xDA,0xFF,0x20,  //0x51c0~0x51cf      .B...F.....B....
0x12,0x49,0x70,0x73,0x08,0x5D,0xF0,0x28,0x01,0xD2,0x40,0x1C,0x08,0x55,0xA8,0x7A,  //0x51d0~0x51df      .Ips.].(..@..U.z
0x00,0x28,0x02,0xD0,0x13,0xE0,0xC7,0x88,0xE7,0xE7,0x30,0x7B,0x80,0x00,0x40,0x19,  //0x51e0~0x51ef      .(........0{..@.
0xC0,0x7C,0x02,0x28,0x04,0xD3,0x0C,0x49,0x89,0x78,0x89,0x1E,0x88,0x42,0x06,0xDD,  //0x51f0~0x51ff      .|.(...I.x...B..
0x02,0x20,0xA8,0x72,0x09,0x48,0x29,0x8D,0x01,0x80,0x69,0x8D,0x41,0x80,0x64,0x1C,  //0x5200~0x520f      ...r.H)...i.A.d.
0x24,0x06,0x24,0x0E,0xB6,0xD0,0xF8,0xBD,0x08,0x06,0x01,0x00,0xC1,0x00,0x01,0x00,  //0x5210~0x521f      $.$.............
0x8E,0x05,0x01,0x00,0xC1,0x02,0x00,0x00,0xB8,0x03,0x01,0x00,0x9E,0x00,0x01,0x00,  //0x5220~0x522f      ................
0x10,0xB5,0x07,0x4C,0x20,0x78,0x40,0x07,0x08,0xD5,0x01,0x20,0x00,0xF0,0x2A,0xF8,  //0x5230~0x523f      ...L.x@.......*.
0x20,0x78,0xFB,0x21,0x08,0x40,0x40,0x06,0x40,0x0E,0x20,0x70,0x10,0xBD,0x00,0x00,  //0x5240~0x524f      .x.!.@@.@..p....
0xA7,0x00,0x01,0x00,0x10,0xB5,0x0A,0x4A,0x11,0x68,0x09,0x68,0x09,0x4B,0x12,0x68,  //0x5250~0x525f      .......J.h.h.K.h
0x19,0x40,0x09,0x4B,0x5B,0x8C,0x5B,0x01,0x19,0x43,0x11,0x60,0x07,0x49,0x4B,0x7B,  //0x5260~0x526f      .@.K[.[..C.`.IK{
0x0A,0x7B,0x01,0x21,0x00,0xF0,0x26,0xFF,0x05,0x49,0x08,0x80,0x10,0xBD,0x00,0x00,  //0x5270~0x527f      .{.!..&..I......
0x60,0x75,0x00,0x00,0x1F,0x00,0x80,0xFF,0xB4,0x01,0x01,0x00,0xB8,0x03,0x01,0x00,  //0x5280~0x528f      `u..............
0x34,0x05,0x01,0x00,0xF1,0xB5,0x58,0x48,0xB2,0xB0,0x06,0x78,0x44,0x78,0x1C,0x25,  //0x5290~0x529f      4.....XH...xDx.%
0x70,0x21,0x68,0x46,0xFB,0xF7,0x0B,0xFA,0x1C,0x22,0x54,0xA1,0x2A,0xA8,0xFA,0xF7,  //0x52a0~0x52af      p!hF....."T.*...
0x59,0xFF,0x07,0x2C,0x00,0xD9,0x07,0x24,0x02,0x2E,0x01,0xD2,0x02,0x26,0x02,0xE0,  //0x52b0~0x52bf      Y..,...$.....&..
0x20,0x2E,0x00,0xD9,0x20,0x26,0x32,0x98,0x00,0x28,0x06,0xD0,0x52,0x48,0x53,0x49,  //0x52c0~0x52cf      .....&2..(..RHSI
0x05,0x78,0x2A,0xA8,0x2A,0x46,0xFB,0xF7,0x93,0xF9,0x51,0x48,0x01,0x68,0xC9,0x6A,  //0x52d0~0x52df      .x*.*F....QH.h.j
0xE0,0x22,0x91,0x43,0x62,0x07,0x12,0x0E,0x00,0x68,0x11,0x43,0xC1,0x62,0x32,0x98,  //0x52e0~0x52ef      .".Cb....h.C.b2.
0x00,0x28,0x09,0xD0,0x4B,0x49,0x00,0x20,0x08,0x70,0x3F,0x48,0x00,0x21,0x20,0x38,  //0x52f0~0x52ff      .(..KI...p?H.!.8
0x82,0x78,0x49,0x48,0x01,0xF0,0xEA,0xFC,0x00,0x27,0x3B,0xE0,0x38,0x21,0x1C,0xA8,  //0x5300~0x530f      .xIH.....';.8!..
0xFB,0xF7,0xD5,0xF9,0x00,0x24,0x22,0xE0,0x04,0x20,0xFF,0xF7,0x9B,0xFF,0x40,0x48,  //0x5310~0x531f      .....$".......@H
0x01,0x68,0xC9,0x6A,0x2A,0xAA,0x12,0x5D,0x49,0x09,0x49,0x01,0xD2,0x06,0xD2,0x0E,  //0x5320~0x532f      .h.j*..]I.I.....
0x11,0x43,0x02,0x68,0xD1,0x62,0x01,0x68,0x89,0x6A,0x01,0x22,0x00,0x68,0x11,0x43,  //0x5330~0x533f      .C.h.b.h.j.".h.C
0x81,0x62,0x00,0xF0,0xAD,0xFC,0x00,0x28,0xFB,0xD0,0x00,0xF0,0x75,0xFC,0x37,0x48,  //0x5340~0x534f      .b.....(....u.7H
0x62,0x00,0x00,0x68,0x64,0x1C,0x01,0x88,0x1C,0xA8,0x81,0x52,0xE4,0xB2,0xAC,0x42,  //0x5350~0x535f      b..hd......R...B
0xDA,0xD3,0x00,0x20,0x1C,0xAA,0x09,0xE0,0x81,0x00,0x6B,0x46,0x44,0x00,0x5B,0x58,  //0x5360~0x536f      ..........kFD.[X
0x14,0x5B,0x1B,0x19,0x6C,0x46,0x40,0x1C,0x63,0x50,0xC0,0xB2,0xA8,0x42,0xF3,0xD3,  //0x5370~0x537f      .[..lF@.cP...B..
0x7F,0x1C,0xFF,0xB2,0xB7,0x42,0xC1,0xD3,0x00,0x24,0x09,0xE0,0xA7,0x00,0x68,0x46,  //0x5380~0x538f      .....B...$....hF
0xC0,0x59,0x31,0x46,0xFB,0xF7,0xA6,0xF9,0x69,0x46,0x64,0x1C,0xC8,0x51,0xE4,0xB2,  //0x5390~0x539f      .Y1F....iFd..Q..
0xAC,0x42,0xF3,0xD3,0x32,0x98,0x00,0x28,0x03,0xD0,0x00,0x20,0x6C,0x46,0x20,0x4B,  //0x53a0~0x53af      .B..2..(....lF.K
0x1E,0xE0,0x00,0x20,0x1F,0x4A,0xFF,0x24,0xF5,0x34,0x01,0x26,0x6B,0x46,0x10,0x60,  //0x53b0~0x53bf      .....J.$.4.&kF.`
0x0A,0xE0,0x81,0x00,0x59,0x58,0xA1,0x42,0x04,0xD8,0x31,0x46,0x17,0x68,0x81,0x40,  //0x53c0~0x53cf      ....YX.B..1F.h.@
0x39,0x43,0x11,0x60,0x40,0x1C,0xC0,0xB2,0xA8,0x42,0xF2,0xD3,0x33,0xB0,0xF0,0xBD,  //0x53d0~0x53df      9C.`@....B..3...
0x42,0x00,0x81,0x00,0xD2,0x18,0x40,0x32,0x61,0x5A,0x40,0x1C,0x91,0x87,0xC0,0xB2,  //0x53e0~0x53ef      B.....@2aZ@.....
0xA8,0x42,0xF5,0xD3,0xF2,0xE7,0x00,0x00,0xD4,0x01,0x01,0x00,0x00,0x01,0x02,0x03,  //0x53f0~0x53ff      .B..............
0x04,0x05,0x06,0x07,0x08,0x09,0x0A,0x0B,0x0C,0x0D,0x0E,0x0F,0x10,0x11,0x12,0x13,  //0x5400~0x540f      ................
0x14,0x15,0x16,0x17,0x18,0x19,0x1A,0x1B,0xB8,0x03,0x01,0x00,0xE6,0x02,0x00,0x00,  //0x5410~0x541f      ................
0x64,0x75,0x00,0x00,0xAC,0x05,0x01,0x00,0x48,0x09,0x01,0x00,0x5C,0x75,0x00,0x00,  //0x5420~0x542f      du......H....u..
0x0C,0x04,0x01,0x00,0x90,0x00,0x01,0x00,0xF0,0xB5,0x85,0xB0,0x54,0x4C,0x55,0x4D,  //0x5430~0x543f      ............TLUM
0xE7,0x7E,0x03,0xA9,0x04,0xA8,0xFD,0xF7,0xBF,0xFB,0x06,0x00,0x02,0xD0,0x02,0x2E,  //0x5440~0x544f      .~..............
0x7B,0xD0,0x88,0xE0,0xE0,0x78,0x05,0x28,0x45,0xD0,0x3A,0x46,0x00,0x21,0x68,0x46,  //0x5450~0x545f      {....x.(E.:F.!hF
0xFD,0xF7,0x0E,0xF8,0xE0,0x78,0x04,0x28,0x0C,0xD0,0x05,0x28,0x3B,0xD0,0x02,0x28,  //0x5460~0x546f      .....x.(...(;..(
0x5C,0xD0,0x68,0x46,0xFD,0xF7,0xDA,0xF8,0x69,0x46,0x08,0x82,0xE0,0x78,0x01,0x28,  //0x5470~0x547f      ..hF....iF...x.(
0x64,0xD0,0x66,0xE0,0x68,0x46,0xFD,0xF7,0xD1,0xF8,0x69,0x46,0x88,0x81,0x68,0x46,  //0x5480~0x548f      d.f.hF....iF..hF
0xFE,0xF7,0x14,0xFA,0x68,0x46,0xFD,0xF7,0x25,0xFD,0x69,0x46,0x08,0x82,0x88,0x89,  //0x5490~0x549f      ....hF..%.iF....
0xFE,0xF7,0x62,0xFC,0x69,0x46,0x88,0x81,0x00,0xB2,0xFB,0xF7,0x37,0xFB,0x69,0x46,  //0x54a0~0x54af      ..b.iF......7.iF
0x88,0x81,0x39,0x49,0xCA,0x7F,0x01,0x46,0x10,0x46,0xFE,0xF7,0x51,0xF9,0x01,0x28,  //0x54b0~0x54bf      ..9I...F.F..Q..(
0x51,0xD1,0x3A,0x46,0x00,0x21,0x68,0x46,0xFC,0xF7,0xDA,0xFF,0x68,0x46,0xFD,0xF7,  //0x54c0~0x54cf      Q.:F.!hF....hF..
0xAD,0xF8,0x69,0x46,0x88,0x81,0xFE,0xF7,0x47,0xFC,0x69,0x46,0x88,0x81,0x00,0xB2,  //0x54d0~0x54df      ..iF....G.iF....
0xFB,0xF7,0x1C,0xFB,0x2E,0xE0,0x2E,0x4C,0x2C,0x48,0x21,0x78,0x40,0x69,0x29,0x4F,  //0x54e0~0x54ef      .......L,H!x@i)O
0x49,0x00,0x41,0x18,0x18,0x3F,0x63,0x78,0x3A,0x7D,0x68,0x46,0xFE,0xF7,0xB2,0xF8,  //0x54f0~0x54ff      I.A..?cx:}hF....
0x01,0x90,0x01,0x46,0x00,0x20,0x00,0x9A,0xFD,0xF7,0xF0,0xF8,0x69,0x46,0x08,0x82,  //0x5500~0x550f      ...F........iF..
0x22,0x48,0x23,0x78,0x41,0x69,0xFA,0x7C,0x68,0x46,0xFE,0xF7,0xA3,0xF8,0x02,0x90,  //0x5510~0x551f      "H#xAi.|hF......
0x01,0x46,0x01,0x20,0x00,0x9A,0xFD,0xF7,0xE1,0xF8,0x0B,0xE0,0x00,0x20,0x00,0x9A,  //0x5520~0x552f      .F..............
0x01,0x99,0xFD,0xF7,0x61,0xFC,0x69,0x46,0x08,0x82,0x01,0x20,0x00,0x9A,0x02,0x99,  //0x5530~0x553f      ....a.iF........
0xFD,0xF7,0x5A,0xFC,0x69,0x46,0x88,0x81,0x0D,0xE0,0x17,0xE0,0x08,0x46,0xFE,0xF7,  //0x5540~0x554f      ..Z.iF.......F..
0xB5,0xF9,0x68,0x46,0xFD,0xF7,0xC6,0xFC,0x69,0x46,0x88,0x81,0x08,0x8A,0xFE,0xF7,  //0x5550~0x555f      ..hF....iF......
0x03,0xFC,0x69,0x46,0x08,0x82,0x68,0x46,0x00,0x8A,0x28,0x80,0x68,0x46,0x80,0x89,  //0x5560~0x556f      ..iF..hF..(.hF..
0x68,0x80,0x00,0x20,0xA8,0x71,0x00,0x2E,0x03,0xD0,0x06,0xE0,0x00,0x20,0x05,0xB0,  //0x5570~0x557f      h....q..........
0xF0,0xBD,0xFE,0xF7,0x67,0xFE,0xFC,0xF7,0x95,0xF9,0x01,0x20,0xF7,0xE7,0x00,0x00,  //0x5580~0x558f      ....g...........
0x60,0x02,0x00,0x00,0x20,0x06,0x01,0x00,0x40,0x04,0x00,0x00,0xBC,0x79,0x00,0x00,  //0x5590~0x559f      `.......@....y..
0xA0,0x06,0x01,0x00,0x02,0x48,0x03,0x49,0x00,0x78,0x08,0x70,0x70,0x47,0x00,0x00,  //0x55a0~0x55af      .....H.I.x.ppG..
0xA7,0x00,0x01,0x00,0x3C,0x09,0x01,0x00,0x70,0x47,0x00,0x00,0x70,0xB5,0x1C,0x4C,  //0x55b0~0x55bf      ....<...pG..p..L
0x1C,0x4D,0x20,0x78,0x61,0x78,0x88,0x42,0x0E,0xD1,0x28,0x78,0x40,0x1C,0xC0,0xB2,  //0x55c0~0x55cf      .M.xax.B..(x@...
0xFB,0xF7,0xBC,0xFE,0x00,0x21,0x00,0x28,0x21,0x70,0x15,0xD0,0x28,0x78,0x40,0x1C,  //0x55d0~0x55df      .....!.(!p..(x@.
0xC0,0xB2,0x28,0x70,0xFB,0xF7,0x68,0xFB,0x13,0x48,0x00,0x7A,0x00,0x28,0x08,0xD0,  //0x55e0~0x55ef      ..(p..h..H.z.(..
0x60,0x78,0x01,0x28,0x05,0xD9,0x20,0x78,0x00,0x28,0x02,0xD0,0x28,0x78,0xFB,0xF7,  //0x55f0~0x55ff      `x.(...x.(..(x..
0x5B,0xFB,0x00,0xF0,0x3D,0xFB,0x70,0xBD,0x02,0x20,0x0C,0x4A,0x68,0x70,0x10,0x70,  //0x5600~0x560f      [...=.p....Jhp.p
0x0B,0x48,0x29,0x70,0x00,0x78,0x00,0x28,0xF5,0xD0,0x0A,0x48,0x01,0x21,0x82,0x78,  //0x5610~0x561f      .H)p.x.(...H.!.x
0x09,0x48,0x01,0xF0,0x5B,0xFB,0x00,0x20,0xFF,0xF7,0xAE,0xFC,0x70,0xBD,0x00,0x00,  //0x5620~0x562f      .H..[.......p...
0x66,0x00,0x01,0x00,0xA2,0x00,0x01,0x00,0x60,0x02,0x00,0x00,0x77,0x00,0x01,0x00,  //0x5630~0x563f      f.......`...w...
0xAC,0x05,0x01,0x00,0xB4,0x01,0x01,0x00,0x48,0x09,0x01,0x00,0x10,0xB5,0x0E,0x48,  //0x5640~0x564f      ........H......H
0x00,0x78,0x01,0x28,0x17,0xD0,0x0D,0x48,0x01,0x21,0x01,0x70,0x0C,0x4A,0x00,0x20,  //0x5650~0x565f      .x.(...H.!.p.J..
0x10,0x70,0x51,0x70,0xFB,0xF7,0x28,0xFB,0x01,0x20,0x00,0xF0,0xED,0xFA,0x09,0x48,  //0x5660~0x566f      .pQp..(........H
0x00,0x78,0x00,0x28,0x05,0xD0,0x08,0x48,0x00,0x21,0x82,0x78,0x07,0x48,0x01,0xF0,  //0x5670~0x567f      .x.(...H.!.x.H..
0x2D,0xFB,0x00,0xF0,0xFD,0xFA,0x10,0xBD,0x6C,0x00,0x01,0x00,0x77,0x00,0x01,0x00,  //0x5680~0x568f      -.......l...w...
0xA2,0x00,0x01,0x00,0xAC,0x05,0x01,0x00,0xB4,0x01,0x01,0x00,0x48,0x09,0x01,0x00,  //0x5690~0x569f      ............H...
0x70,0xB5,0x16,0x4D,0x28,0x68,0x00,0x28,0x26,0xD0,0x00,0x21,0x14,0x48,0xFD,0xF7,  //0x56a0~0x56af      p..M(h.(&..!.H..
0xE3,0xFC,0x29,0x68,0x48,0x80,0xFB,0xF7,0x53,0xFD,0x12,0x48,0x00,0x78,0x01,0x28,  //0x56b0~0x56bf      ..)hH...S..H.x.(
0x09,0xD1,0x00,0x21,0x10,0x48,0xFD,0xF7,0xD7,0xFC,0x10,0x49,0x09,0x7C,0x81,0x42,  //0x56c0~0x56cf      ...!.H.....I.|.B
0x01,0xD9,0x0D,0x48,0x01,0x80,0x00,0x21,0x0B,0x48,0xFD,0xF7,0xCD,0xFC,0x04,0x46,  //0x56d0~0x56df      ...H...!.H.....F
0xFB,0xF7,0x9E,0xFE,0x00,0x2C,0xF6,0xD1,0x00,0xF0,0x12,0xF8,0x29,0x68,0x06,0x48,  //0x56e0~0x56ef      .....,......)h.H
0x89,0x88,0x01,0x80,0xFC,0xF7,0xFE,0xFA,0x70,0xBD,0x00,0x00,0xB4,0x00,0x01,0x00,  //0x56f0~0x56ff      ........p.......
0x78,0x00,0x01,0x00,0x6B,0x00,0x01,0x00,0x7A,0x00,0x01,0x00,0x80,0x02,0x00,0x00,  //0x5700~0x570f      x...k...z.......
0x06,0x48,0x00,0x68,0x00,0x28,0x05,0xD0,0x05,0x49,0x8A,0x79,0x00,0x2A,0x02,0xD0,  //0x5710~0x571f      .H.h.(...I.y.*..
0x09,0x79,0x81,0x80,0x70,0x47,0xC9,0x78,0xFB,0xE7,0x00,0x00,0xB4,0x00,0x01,0x00,  //0x5720~0x572f      .y..pG.x........
0x9A,0x05,0x01,0x00,0x70,0xB5,0x11,0x4C,0x11,0x4D,0x12,0x21,0x20,0x46,0xFA,0xF7,  //0x5730~0x573f      ....p..L.M.!.F..
0xBC,0xFF,0x28,0x46,0x80,0x30,0x81,0x7C,0xA1,0x72,0xC1,0x7C,0xE1,0x70,0x01,0x7D,  //0x5740~0x574f      ..(F.0.|.r.|.p.}
0x21,0x71,0x6B,0x21,0x49,0x5D,0xA1,0x70,0x01,0x21,0xE1,0x72,0x61,0x35,0x69,0x7E,  //0x5750~0x575f      !qk!I].p.!.ra5i~
0x2A,0x7E,0x09,0x02,0x11,0x43,0xE1,0x81,0x02,0x21,0x61,0x73,0x80,0x7D,0x21,0x46,  //0x5760~0x576f      *~...C...!as.}!F
0x08,0x74,0x03,0x28,0x01,0xD9,0x00,0x20,0x08,0x74,0x70,0xBD,0x9A,0x05,0x01,0x00,  //0x5770~0x577f      .t.(.....tp.....
0x00,0x02,0x00,0x00,0x10,0xB5,0x1B,0x48,0x01,0x78,0x00,0x29,0x02,0xD0,0x01,0x78,  //0x5780~0x578f      .......H.x.)...x
0x49,0x1E,0x01,0x70,0x18,0x48,0x01,0x88,0x18,0x4A,0x91,0x42,0x02,0xD2,0x01,0x88,  //0x5790~0x579f      I..p.H...J.B....
0x49,0x1C,0x01,0x80,0x16,0x48,0x01,0x88,0x00,0x29,0x02,0xD0,0x01,0x88,0x49,0x1E,  //0x57a0~0x57af      I....H...)....I.
0x01,0x80,0x14,0x48,0x14,0x49,0x00,0x88,0x88,0x42,0x02,0xD1,0x00,0x20,0x01,0xF0,  //0x57b0~0x57bf      ...H.I...B......
0x92,0xFD,0xFB,0xF7,0x15,0xFE,0x11,0x48,0x01,0x88,0xC8,0x29,0x11,0xD2,0x49,0x1C,  //0x57c0~0x57cf      .......H...)..I.
0x89,0xB2,0x01,0x80,0xC8,0x29,0x0C,0xD1,0x0D,0x48,0x01,0xF0,0x39,0xFE,0x7D,0x21,  //0x57d0~0x57df      .....)...H..9.}!
0xC9,0x00,0x0C,0x48,0x01,0xF0,0x7C,0xFE,0x01,0xF0,0xB7,0xFE,0x0A,0x49,0x01,0x20,  //0x57e0~0x57ef      ...H..|......I..
0x08,0x70,0x10,0xBD,0x76,0x00,0x01,0x00,0x78,0x00,0x01,0x00,0x30,0x75,0x00,0x00,  //0x57f0~0x57ff      .p..v...x...0u..
0x7A,0x00,0x01,0x00,0x72,0x00,0x01,0x00,0xF5,0xE7,0x00,0x00,0xB4,0x01,0x01,0x00,  //0x5800~0x580f      z...r...........
0x00,0x24,0xF4,0x00,0x10,0x05,0x03,0x00,0x70,0x00,0x01,0x00,0x10,0xB5,0xFB,0xF7,  //0x5810~0x581f      .$......p.......
0xA1,0xFD,0x09,0x4C,0x01,0x28,0x09,0xD0,0x00,0x20,0x20,0x70,0xFC,0xF7,0x9C,0xFB,  //0x5820~0x582f      ...L.(.....p....
0x06,0x49,0x20,0x78,0x08,0x70,0xFF,0xF7,0x69,0xFB,0x10,0xBD,0x04,0x48,0xFC,0xF7,  //0x5830~0x583f      .I.x.p..i....H..
0xD7,0xFF,0x01,0x20,0xF1,0xE7,0x00,0x00,0x6A,0x00,0x01,0x00,0x6B,0x00,0x01,0x00,  //0x5840~0x584f      ........j...k...
0x30,0x06,0x01,0x00,0x10,0xB5,0xFF,0xF7,0xE1,0xFF,0x10,0xBD,0x70,0xB5,0x3F,0x4C,  //0x5850~0x585f      0...........p.?L
0x3F,0x4D,0xFF,0x22,0x09,0x21,0x3F,0x48,0xFA,0xF7,0xB4,0xFC,0x00,0x21,0x28,0x46,  //0x5860~0x586f      ?M.".!?H.....!(F
0x21,0x70,0x61,0x70,0x60,0x30,0x82,0x79,0xE2,0x72,0x42,0x7A,0x22,0x73,0x82,0x7A,  //0x5870~0x587f      !pap`0.y.rBz"s.z
0x62,0x73,0x82,0x7B,0xA2,0x73,0xC2,0x7B,0xE2,0x73,0xC0,0x35,0xAA,0x7A,0x22,0x74,  //0x5880~0x588f      bs.{.s.{.s.5.z"t
0xA1,0x74,0x33,0x49,0xC5,0x78,0x0A,0x46,0x20,0x46,0x60,0x30,0x63,0x32,0x32,0x4B,  //0x5890~0x589f      .t3I.x.F.F`0c22K
0x61,0x31,0x05,0x2D,0x0F,0xD0,0x26,0x7B,0x00,0x2E,0x2B,0xD0,0x04,0x2D,0x0D,0xD0,  //0x58a0~0x58af      a1.-..&{..+..-..
0x53,0x7F,0x15,0x7F,0x1B,0x02,0x2B,0x43,0x1B,0x0A,0x83,0x76,0x53,0x7F,0x15,0x7F,  //0x58b0~0x58bf      S.....+C...vS...
0x1A,0x02,0x2A,0x43,0x26,0xE0,0x25,0x7B,0x00,0x2D,0x0A,0xD0,0x4B,0x7F,0x0D,0x7F,  //0x58c0~0x58cf      ..*C&.%{.-..K...
0x1B,0x02,0x2B,0x43,0x1B,0x0A,0x03,0x76,0x4B,0x7F,0x0D,0x7F,0x19,0x02,0x29,0x43,  //0x58d0~0x58df      ..+C...vK.....)C
0x2B,0xE0,0x21,0x49,0x1D,0x4A,0x22,0x39,0x98,0x32,0xC9,0x7A,0x52,0x78,0x51,0x43,  //0x58e0~0x58ef      +.!I.J"9.2.zRxQC
0x0A,0x0A,0x02,0x76,0x41,0x76,0x59,0x7B,0x1A,0x7B,0x09,0x02,0x11,0x43,0x0A,0x0A,  //0x58f0~0x58ff      ...vAvY{.{...C..
0x82,0x76,0x25,0xE0,0x04,0x2D,0x12,0xD0,0x5A,0x7B,0x1B,0x7B,0x12,0x02,0x1A,0x43,  //0x5900~0x590f      .v%..-..Z{.{...C
0x13,0x0A,0x83,0x76,0xC2,0x76,0x4A,0x7F,0x0B,0x7F,0x12,0x02,0x1A,0x43,0x12,0x0A,  //0x5910~0x591f      ...v.vJ......C..
0x02,0x76,0x4A,0x7F,0x0B,0x7F,0x11,0x02,0x19,0x43,0x41,0x76,0x11,0xE0,0x59,0x7B,  //0x5920~0x592f      .vJ......CAv..Y{
0x1B,0x7B,0x09,0x02,0x19,0x43,0x0B,0x0A,0x03,0x76,0x41,0x76,0x51,0x7F,0x13,0x7F,  //0x5930~0x593f      .{...C...vAvQ...
0x09,0x02,0x19,0x43,0x09,0x0A,0x81,0x76,0x51,0x7F,0x12,0x7F,0x09,0x02,0x11,0x43,  //0x5940~0x594f      ...C...vQ......C
0xC1,0x76,0x20,0x7A,0xF7,0x21,0x08,0x40,0x20,0x72,0x70,0xBD,0x08,0x06,0x01,0x00,  //0x5950~0x595f      .v.z.!.@.rp.....
0x00,0x02,0x00,0x00,0x3C,0x09,0x01,0x00,0xFC,0x03,0x01,0x00,0x70,0x47,0x70,0x47,  //0x5960~0x596f      ....<.......pGpG
0x00,0xB5,0x00,0x20,0xFB,0xF7,0x18,0xFD,0x03,0x49,0x00,0x28,0x00,0xD0,0x01,0x20,  //0x5970~0x597f      .........I.(....
0x08,0x70,0xC8,0x70,0x00,0xBD,0x00,0x00,0x08,0x06,0x01,0x00,0x70,0xB5,0x11,0x48,  //0x5980~0x598f      .p.p........p..H
0x01,0x78,0x00,0x29,0x1C,0xD0,0x01,0x21,0x0F,0x4E,0x01,0x70,0x00,0x25,0x28,0x46,  //0x5990~0x599f      .x.)...!.N.p.%(F
0x0C,0x21,0x48,0x43,0x81,0x19,0x4C,0x68,0x00,0x2C,0x0F,0xD0,0x0A,0x7A,0x30,0x58,  //0x59a0~0x59af      .!HC..Lh.,...z0X
0x49,0x7A,0x02,0x2A,0x05,0xD1,0x00,0x29,0x03,0xD0,0x00,0x88,0xFA,0xF7,0x92,0xFE,  //0x59b0~0x59bf      Iz.*...)........
0x00,0xE0,0x00,0x78,0x6D,0x1C,0x20,0x70,0xED,0xB2,0xE8,0xE7,0xFF,0xF7,0xCE,0xF8,  //0x59c0~0x59cf      ...xm..p........
0x70,0xBD,0x00,0x00,0xAF,0x00,0x01,0x00,0xF0,0x79,0x00,0x00,0x00,0xB5,0xFB,0xF7,  //0x59d0~0x59df      p........y......
0x61,0xF9,0x00,0x28,0xFB,0xD0,0x00,0xBD,0x70,0x47,0x70,0x47,0x10,0xB5,0x11,0x48,  //0x59e0~0x59ef      a..(....pGpG...H
0x00,0x78,0x02,0x28,0x1A,0xD3,0x11,0x4B,0x0F,0x49,0x1A,0x78,0x80,0x1E,0x89,0x5C,  //0x59f0~0x59ff      .x.(...K.I.x....
0xC0,0xB2,0x00,0x29,0x12,0xD0,0xCA,0x00,0x0D,0x49,0x51,0x18,0x4A,0x78,0x82,0x42,  //0x5a00~0x5a0f      ...).....IQ.Jx.B
0x0C,0xD9,0x0C,0x4A,0x49,0x68,0x14,0x78,0x0C,0x54,0x19,0x78,0x01,0x20,0xA5,0x29,  //0x5a10~0x5a1f      ...JIh.x.T.x...)
0x02,0xD1,0x11,0x78,0x01,0x29,0x02,0xD0,0x07,0x49,0x08,0x70,0x10,0xBD,0x07,0x49,  //0x5a20~0x5a2f      ...x.)...I.p...I
0xFB,0xE7,0x00,0x00,0xAD,0x00,0x01,0x00,0xB0,0x78,0x00,0x00,0xA5,0x00,0x01,0x00,  //0x5a30~0x5a3f      .........x......
0x70,0x75,0x00,0x00,0xA6,0x00,0x01,0x00,0xAE,0x00,0x01,0x00,0x7F,0x00,0x01,0x00,  //0x5a40~0x5a4f      pu..............
0xF0,0xB5,0x29,0x4E,0x04,0x88,0x35,0x46,0x20,0x35,0xA8,0x79,0x2F,0x7A,0x27,0x4D,  //0x5a50~0x5a5f      ..)N..5F.5.y/z'M
0xED,0x78,0x04,0x2D,0x12,0xD0,0xB5,0x7B,0xF6,0x7B,0x84,0x42,0x11,0xD8,0x0A,0x89,  //0x5a60~0x5a6f      .x.-...{.{.B....
0x00,0x1B,0x50,0x43,0x00,0x02,0x09,0x88,0x00,0x0C,0x81,0x42,0x00,0xD2,0x08,0x46,  //0x5a70~0x5a7f      ..PC.......B...F
0x08,0x1A,0x80,0xB2,0xA8,0x42,0x00,0xD2,0x28,0x46,0xF0,0xBD,0x35,0x7B,0x76,0x7B,  //0x5a80~0x5a8f      .....B..(F..5{v{
0xEB,0xE7,0xD0,0x1B,0xA0,0x42,0x10,0xDC,0x4A,0x89,0x20,0x1A,0x50,0x43,0x00,0x02,  //0x5a90~0x5a9f      .....B..J...PC..
0x49,0x88,0x00,0x0C,0x81,0x42,0x00,0xD2,0x08,0x46,0x59,0x1A,0x08,0x18,0x99,0x1B,  //0x5aa0~0x5aaf      I....B...FY.....
0x80,0xB2,0x49,0x1E,0x1D,0xE0,0x88,0xB2,0xF0,0xBD,0x52,0x08,0x58,0x08,0xA2,0x42,  //0x5ab0~0x5abf      ..I.......R.X..B
0x0E,0xD9,0x8B,0x88,0x12,0x1B,0x5A,0x43,0x12,0x02,0x12,0x0C,0x90,0x42,0x00,0xD2,  //0x5ac0~0x5acf      ......ZC.....B..
0x02,0x46,0x80,0x1A,0x09,0x88,0x80,0xB2,0x81,0x42,0xED,0xD9,0x08,0x46,0xF0,0xBD,  //0x5ad0~0x5adf      .F.......B...F..
0xA2,0x1A,0xCC,0x88,0x49,0x88,0x62,0x43,0x12,0x02,0x12,0x0C,0x80,0x18,0x80,0xB2,  //0x5ae0~0x5aef      ....I.bC........
0x59,0x1A,0x81,0x42,0xDF,0xDB,0xF0,0xBD,0xDA,0x03,0x01,0x00,0x60,0x02,0x00,0x00,  //0x5af0~0x5aff      Y..B........`...
0x70,0xB5,0x18,0x48,0x16,0x4B,0x01,0x46,0x81,0x31,0x4A,0x78,0x0C,0x46,0x0D,0x78,  //0x5b00~0x5b0f      p..H.K.F.1Jx.F.x
0x11,0x02,0x29,0x43,0x1A,0x46,0x11,0x80,0x01,0x46,0x83,0x31,0x4D,0x78,0x0E,0x78,  //0x5b10~0x5b1f      ..)C.F...F.1Mx.x
0x2D,0x02,0x35,0x43,0x55,0x80,0x66,0x79,0x25,0x79,0x34,0x06,0x24,0x14,0x2C,0x43,  //0x5b20~0x5b2f      -.5CU.fy%y4.$.,C
0x94,0x80,0x4C,0x79,0x0D,0x79,0x21,0x06,0x09,0x14,0x29,0x43,0xD1,0x80,0x01,0x46,  //0x5b30~0x5b3f      ..Ly.y!...)C...F
0xC3,0x31,0x4C,0x7B,0x0D,0x7B,0x21,0x02,0x29,0x43,0x11,0x81,0x01,0x46,0xA0,0x31,  //0x5b40~0x5b4f      .1L{.{!.)C...F.1
0x08,0x7F,0xD8,0x72,0xC8,0x7E,0x98,0x72,0xFD,0xF7,0xEE,0xFA,0x70,0xBD,0x00,0x00,  //0x5b50~0x5b5f      ...r.~.r....p...
0x8E,0x05,0x01,0x00,0x00,0x02,0x00,0x00,0x10,0xB5,0x04,0x46,0x01,0xF0,0x70,0xFA,  //0x5b60~0x5b6f      ...........F..p.
0x60,0x43,0x07,0x49,0xFA,0xF7,0xB6,0xFD,0x83,0xB2,0x06,0x4C,0x02,0xE0,0x20,0x46,  //0x5b70~0x5b7f      `C.I.......L...F
0x00,0xF0,0x0A,0xF8,0x19,0x46,0x5B,0x1E,0x9B,0xB2,0x00,0x29,0xF7,0xD1,0x10,0xBD,  //0x5b80~0x5b8f      .....F[....)....
0x00,0x48,0xE8,0x01,0x52,0x03,0x00,0x00,0x05,0xE0,0x01,0x21,0x0A,0x46,0x49,0x1E,  //0x5b90~0x5b9f      .H..R......!.FI.
0xC9,0xB2,0x00,0x2A,0xFA,0xD1,0x01,0x46,0x40,0x1E,0x80,0xB2,0x00,0x29,0xF4,0xD1,  //0x5ba0~0x5baf      ...*...F@....)..
0x70,0x47,0x00,0x00,0x04,0x4A,0x51,0x68,0x02,0x23,0xC0,0x07,0x99,0x43,0x80,0x0F,  //0x5bb0~0x5bbf      pG...JQh.#...C..
0x01,0x43,0x51,0x60,0x70,0x47,0x00,0x00,0x00,0x02,0x03,0x00,0x0D,0x4A,0x53,0x69,  //0x5bc0~0x5bcf      .CQ`pG.......JSi
0x00,0x07,0x1B,0x09,0x1B,0x01,0x00,0x0F,0x03,0x43,0x53,0x61,0x10,0x69,0x0C,0x23,  //0x5bd0~0x5bdf      .........CSa.i.#
0x89,0x07,0x98,0x43,0x09,0x0F,0x08,0x43,0x10,0x61,0x10,0x69,0x10,0x21,0x08,0x43,  //0x5be0~0x5bef      ...C...C.a.i.!.C
0x10,0x61,0x10,0x69,0x01,0x21,0x08,0x43,0x10,0x61,0x10,0x69,0x02,0x21,0x08,0x43,  //0x5bf0~0x5bff      .a.i.!.C.a.i.!.C
0x10,0x61,0x70,0x47,0x00,0x02,0x03,0x00,0x10,0xB5,0x01,0x46,0x01,0x48,0xFA,0xF7,  //0x5c00~0x5c0f      .apG.......F.H..
0x56,0xFD,0x10,0xBD,0x38,0x00,0x02,0x00,0x10,0xB5,0x4B,0x08,0xCC,0x07,0x49,0x08,  //0x5c10~0x5c1f      V...8.....K...I.
0x51,0x5C,0x00,0x2C,0x05,0xD0,0xC7,0x24,0x21,0x40,0xC0,0x00,0x01,0x43,0xD1,0x54,  //0x5c20~0x5c2f      Q..,...$!@...C.T
0x10,0xBD,0xC9,0x08,0xC9,0x00,0xF9,0xE7,0x02,0x48,0x81,0x6A,0x49,0x08,0x49,0x00,  //0x5c30~0x5c3f      .........H.jI.I.
0x81,0x62,0x70,0x47,0x00,0x02,0x03,0x00,0x04,0x4A,0x11,0x68,0x10,0x23,0x99,0x43,  //0x5c40~0x5c4f      .bpG.....J.h.#.C
0x01,0x23,0x83,0x43,0x18,0x01,0x01,0x43,0x11,0x60,0x70,0x47,0x00,0x01,0x03,0x00,  //0x5c50~0x5c5f      .#.C...C.`pG....
0x05,0x48,0x01,0x68,0x09,0x02,0x09,0x0A,0x42,0x05,0x11,0x43,0x01,0x60,0x03,0x49,  //0x5c60~0x5c6f      .H.h....B..C.`.I
0x08,0x20,0x08,0x60,0x70,0x47,0x00,0x00,0x00,0xE4,0x00,0xE0,0x00,0xE1,0x00,0xE0,  //0x5c70~0x5c7f      ...`pG..........
0x02,0x48,0x01,0x68,0x01,0x22,0x11,0x43,0x01,0x60,0x70,0x47,0x00,0x01,0x03,0x00,  //0x5c80~0x5c8f      .H.h.".C.`pG....
0x02,0x48,0x01,0x68,0x49,0x08,0x49,0x00,0x01,0x60,0x70,0x47,0x00,0x01,0x03,0x00,  //0x5c90~0x5c9f      .H.hI.I..`pG....
0x02,0x48,0x40,0x6A,0x04,0x21,0x08,0x40,0x70,0x47,0x00,0x00,0x00,0x01,0x03,0x00,  //0x5ca0~0x5caf      .H@j.!.@pG......
0xF8,0xB5,0x06,0x9F,0x1D,0x46,0x16,0x46,0x0C,0x46,0x01,0x28,0x13,0xD0,0x02,0x28,  //0x5cb0~0x5cbf      .....F.F.F.(...(
0x1C,0xD0,0x03,0x28,0x27,0xD0,0x20,0x46,0x03,0x21,0x83,0x38,0xFA,0xF7,0x14,0xFD,  //0x5cc0~0x5ccf      ...('..F.!.8....
0x00,0xB2,0x03,0x28,0x00,0xDA,0x03,0x20,0x21,0x1A,0xC9,0x1E,0x29,0x80,0x82,0x39,  //0x5cd0~0x5cdf      ...(....!...)..9
0x31,0x80,0x38,0x80,0xF8,0xBD,0x03,0x21,0x60,0x1F,0xFA,0xF7,0x05,0xFD,0x00,0xB2,  //0x5ce0~0x5cef      1.8....!`.......
0x03,0x28,0x00,0xDA,0x03,0x20,0x21,0x1A,0xCA,0x1F,0x18,0xE0,0x20,0x46,0x03,0x21,  //0x5cf0~0x5cff      .(....!......F.!
0x17,0x38,0xFA,0xF7,0xF9,0xFC,0x00,0xB2,0x03,0x28,0x00,0xDA,0x03,0x20,0x21,0x1A,  //0x5d00~0x5d0f      .8.......(....!.
0x0A,0x46,0x19,0x3A,0x0B,0xE0,0x20,0x46,0x03,0x21,0x3B,0x38,0xFA,0xF7,0xEC,0xFC,  //0x5d10~0x5d1f      .F.:...F.!;8....
0x00,0xB2,0x03,0x28,0x00,0xDA,0x03,0x20,0x21,0x1A,0x0A,0x46,0x3D,0x3A,0x32,0x80,  //0x5d20~0x5d2f      ...(....!..F=:2.
0xC9,0x1E,0x29,0x80,0xD5,0xE7,0x00,0x00,0x10,0xB5,0x00,0xF0,0x57,0xFF,0x80,0xB2,  //0x5d30~0x5d3f      ..).........W...
0x05,0x49,0x04,0x28,0x08,0x80,0x02,0xD0,0x00,0x20,0x08,0x80,0x10,0xBD,0x01,0x20,  //0x5d40~0x5d4f      .I.(............
0x08,0x80,0x02,0x49,0x08,0x70,0x10,0xBD,0x72,0x00,0x01,0x00,0x71,0x00,0x01,0x00,  //0x5d50~0x5d5f      ...I.p..r...q...
0x10,0xB5,0x02,0x48,0x40,0x78,0xFF,0xF7,0x25,0xFF,0x10,0xBD,0x60,0x02,0x00,0x00,  //0x5d60~0x5d6f      ...H@x..%...`...
0x08,0x49,0x07,0x48,0x08,0x60,0x09,0x49,0x07,0x48,0x08,0x60,0x09,0x49,0x08,0x48,  //0x5d70~0x5d7f      .I.H.`.I.H.`.I.H
0x08,0x60,0x0A,0x49,0x08,0x48,0x08,0x60,0x0A,0x49,0x09,0x48,0x08,0x60,0x70,0x47,  //0x5d80~0x5d8f      .`.I.H.`.I.H.`pG
0xB9,0x5D,0x00,0x00,0x0C,0x00,0x01,0x00,0x3D,0x5E,0x00,0x00,0x10,0x00,0x01,0x00,  //0x5d90~0x5d9f      .]......=^......
0x11,0x5E,0x00,0x00,0x14,0x00,0x01,0x00,0x45,0x63,0x00,0x00,0x38,0x00,0x01,0x00,  //0x5da0~0x5daf      .^......Ec..8...
0x3D,0x63,0x00,0x00,0x00,0x00,0x01,0x00,0x70,0xB5,0x0E,0x4C,0x20,0x69,0x0E,0x4D,  //0x5db0~0x5dbf      =c......p..L.i.M
0x28,0x70,0xFD,0xF7,0x8D,0xF9,0x0D,0x49,0x0D,0x4E,0x08,0x78,0x00,0x28,0x01,0xD1,  //0x5dc0~0x5dcf      (p.....I.N.x.(..
0x2A,0x78,0x32,0x70,0x40,0x1C,0x08,0x70,0xFF,0xF7,0x08,0xFE,0x09,0x48,0x31,0x78,  //0x5dd0~0x5ddf      *x2p@..p.....H1x
0x40,0x5C,0x09,0x49,0xC0,0x00,0x40,0x18,0x08,0x49,0x40,0x68,0x09,0x78,0x40,0x5C,  //0x5de0~0x5def      @..I..@..I@h.x@.
0x60,0x61,0x70,0xBD,0x00,0x03,0x03,0x00,0xA6,0x00,0x01,0x00,0xAD,0x00,0x01,0x00,  //0x5df0~0x5dff      `ap.............
0xA5,0x00,0x01,0x00,0xB0,0x78,0x00,0x00,0x70,0x75,0x00,0x00,0xAC,0x00,0x01,0x00,  //0x5e00~0x5e0f      .....x..pu......
0x10,0xB5,0xFD,0xF7,0x41,0xF9,0x05,0x49,0x00,0x20,0x08,0x70,0x05,0x49,0x04,0x48,  //0x5e10~0x5e1f      ....A..I...p.I.H
0x09,0x78,0x40,0x5C,0x04,0x49,0x08,0x70,0x10,0xBD,0x00,0x00,0x81,0x00,0x01,0x00,  //0x5e20~0x5e2f      .x@..I.p........
0xB0,0x78,0x00,0x00,0xA5,0x00,0x01,0x00,0xB0,0x00,0x01,0x00,0x07,0x49,0x09,0x4A,  //0x5e30~0x5e3f      .x...........I.J
0x08,0x78,0x40,0x1C,0xC0,0xB2,0x08,0x70,0x05,0x49,0x09,0x78,0xC9,0x00,0x89,0x18,  //0x5e40~0x5e4f      .x@....p.I.x....
0x49,0x68,0x08,0x5C,0x04,0x49,0x48,0x61,0x70,0x47,0x00,0x00,0xAC,0x00,0x01,0x00,  //0x5e50~0x5e5f      Ih...IHapG......
0xB0,0x00,0x01,0x00,0x70,0x75,0x00,0x00,0x00,0x03,0x03,0x00,0x00,0xB5,0x04,0x49,  //0x5e60~0x5e6f      ....pu.........I
0x08,0x89,0xCA,0x88,0x80,0x18,0x00,0x20,0x08,0x81,0x00,0xF0,0x03,0xF8,0x00,0xBD,  //0x5e70~0x5e7f      ................
0x42,0x00,0x01,0x00,0x02,0x48,0x01,0x22,0x41,0x78,0x51,0x40,0x41,0x70,0x70,0x47,  //0x5e80~0x5e8f      B....H."AxQ@AppG
0x42,0x00,0x01,0x00,0xFF,0xB5,0x00,0x21,0x8D,0xB0,0x07,0x91,0x08,0x91,0x0A,0x46,  //0x5e90~0x5e9f      B......!.......F
0x09,0x91,0x0A,0xE0,0x9C,0x5C,0x55,0x00,0x26,0x07,0x36,0x0F,0x08,0xA9,0x4E,0x55,  //0x5ea0~0x5eaf      ......U.&.6...NU
0x24,0x09,0x69,0x18,0x52,0x1C,0x4C,0x70,0xD2,0xB2,0x16,0x99,0x8A,0x42,0xF1,0xD3,  //0x5eb0~0x5ebf      $.i.R.Lp.....B..
0x01,0x46,0x1C,0x22,0x68,0x46,0xFA,0xF7,0x9B,0xFB,0x00,0x27,0x5B,0xE0,0x78,0x06,  //0x5ec0~0x5ecf      .F."hF.....'[.x.
0x05,0x0E,0x1C,0x20,0x2E,0x49,0x78,0x43,0x44,0x18,0x1B,0x22,0x0E,0x21,0x20,0x46,  //0x5ed0~0x5edf      .....IxCD..".!.F
0xFA,0xF7,0x78,0xF9,0x03,0x20,0x20,0x76,0x00,0x20,0x08,0xA9,0x49,0x5D,0x06,0x46,  //0x5ee0~0x5eef      ..x....v....I].F
0x40,0x1C,0x0A,0x91,0x0B,0x90,0x09,0xE0,0x07,0x98,0x22,0x46,0x31,0x18,0x68,0x46,  //0x5ef0~0x5eff      @........."F1.hF
0x41,0x5C,0x0B,0x98,0xFF,0xF7,0x88,0xFE,0x76,0x1C,0xF6,0xB2,0x0A,0x98,0x86,0x42,  //0x5f00~0x5f0f      A.......v......B
0xF2,0xD3,0x0E,0x98,0x69,0x46,0x40,0x5D,0x20,0x74,0x0F,0x98,0x00,0x26,0x40,0x5D,  //0x5f10~0x5f1f      ....iF@].t...&@]
0xA0,0x74,0x25,0x75,0x07,0x98,0x08,0x5C,0xA0,0x75,0x0A,0x9A,0x07,0x98,0x80,0x18,  //0x5f20~0x5f2f      .t%u.....u......
0xC0,0xB2,0x08,0xAA,0x52,0x19,0x07,0x90,0x52,0x78,0x02,0x20,0x0A,0x92,0x0B,0x90,  //0x5f30~0x5f3f      ....R...Rx......
0x09,0xE0,0x07,0x98,0x22,0x46,0x31,0x18,0x68,0x46,0x41,0x5C,0x0B,0x98,0xFF,0xF7,  //0x5f40~0x5f4f      ...."F1.hFA.....
0x63,0xFE,0x76,0x1C,0xF6,0xB2,0x0A,0x98,0x86,0x42,0xF2,0xD3,0x0E,0x98,0x40,0x19,  //0x5f50~0x5f5f      c.v......B....@.
0x40,0x78,0x60,0x74,0x0F,0x98,0x40,0x19,0x40,0x78,0xE0,0x74,0x6D,0x1C,0x65,0x75,  //0x5f60~0x5f6f      @x`t..@.@x.tm.eu
0x07,0x99,0x68,0x46,0x40,0x5C,0xE0,0x75,0x0A,0x99,0x07,0x98,0x40,0x18,0xC0,0xB2,  //0x5f70~0x5f7f      ..hF@..u....@...
0x7F,0x1C,0xFF,0xB2,0x07,0x90,0x16,0x98,0x87,0x42,0xA0,0xD3,0x11,0xB0,0xF0,0xBD,  //0x5f80~0x5f8f      .........B......
0x38,0x00,0x02,0x00,0xFF,0xB5,0x89,0xB0,0x0C,0x46,0xFF,0x22,0x1C,0x21,0x68,0x46,  //0x5f90~0x5f9f      8........F.".!hF
0xFA,0xF7,0x18,0xF9,0x1C,0x22,0x21,0x46,0x68,0x46,0xFA,0xF7,0x29,0xFB,0x00,0x26,  //0x5fa0~0x5faf      ....."!FhF..)..&
0x7F,0xE0,0x30,0x46,0x1C,0x21,0x48,0x43,0x41,0x49,0x04,0x46,0x40,0x18,0x07,0x90,  //0x5fb0~0x5fbf      ..0F.!HCAI.F@...
0x09,0x98,0x00,0x28,0x2F,0xD0,0x2D,0x22,0x0E,0x21,0x07,0x98,0xFA,0xF7,0x02,0xF9,  //0x5fc0~0x5fcf      ...(/.-".!......
0x3B,0x49,0x03,0x20,0x08,0x31,0x61,0x18,0x00,0x24,0x08,0x74,0x77,0x00,0x14,0x98,  //0x5fd0~0x5fdf      ;I...1a..$.tw...
0x00,0x28,0x22,0xD0,0x38,0x1B,0x40,0x1C,0xC5,0xB2,0x68,0x46,0x40,0x5D,0x08,0x90,  //0x5fe0~0x5fef      .(".8.@...hF@]..
0xFF,0x28,0x10,0xD0,0x60,0x1C,0xC0,0xB2,0x07,0x9A,0x08,0x99,0xFF,0xF7,0x0C,0xFE,  //0x5ff0~0x5fff      .(..`...........
0x0B,0x98,0x41,0x5D,0x07,0x98,0x00,0x19,0x01,0x74,0x0C,0x99,0x49,0x5D,0x81,0x74,  //0x6000~0x600f      ..A].....t..I].t
0x05,0x75,0x08,0x99,0x81,0x75,0x64,0x1C,0xE4,0xB2,0x02,0x2C,0xDF,0xD3,0x09,0x98,  //0x6010~0x601f      .u...ud....,....
0x00,0x28,0x04,0xD0,0x43,0xE0,0x1B,0x22,0xCE,0xE7,0x38,0x19,0xDC,0xE7,0x13,0x98,  //0x6020~0x602f      .(..C.."..8.....
0x00,0x78,0x00,0x28,0x3B,0xD0,0x13,0x99,0x49,0x78,0xB1,0x42,0x37,0xD9,0x01,0x28,  //0x6030~0x603f      .x.(;...Ix.B7..(
0x04,0xD0,0x11,0x28,0x29,0xD0,0x12,0x28,0x2B,0xD0,0x30,0xE0,0x00,0x2E,0x05,0xD0,  //0x6040~0x604f      ...()..(+.0.....
0x48,0x1E,0xB0,0x42,0x0B,0xD1,0x68,0x46,0x3C,0x18,0x16,0xE0,0x68,0x46,0x81,0x78,  //0x6050~0x605f      H..B..hF<...hF.x
0x05,0x20,0x07,0x9A,0xFF,0xF7,0xD8,0xFD,0x68,0x46,0xC1,0x78,0x1B,0xE0,0x03,0x29,  //0x6060~0x606f      ........hF.x...)
0x1D,0xD3,0x68,0x46,0x3C,0x18,0xA1,0x78,0x05,0x20,0x07,0x9A,0xFF,0xF7,0xCC,0xFD,  //0x6070~0x607f      ..hF<..x........
0xE1,0x78,0x05,0x20,0x07,0x9A,0xFF,0xF7,0xC7,0xFD,0x20,0x3C,0xA1,0x7F,0x05,0x20,  //0x6080~0x608f      .x.........<....
0x07,0x9A,0xFF,0xF7,0xC1,0xFD,0xE1,0x7F,0x05,0xE0,0x68,0x46,0x38,0x18,0x41,0x78,  //0x6090~0x609f      ..........hF8.Ax
0x01,0xE0,0x68,0x46,0xC1,0x5D,0x05,0x20,0x07,0x9A,0xFF,0xF7,0xB5,0xFD,0x76,0x1C,  //0x60a0~0x60af      ..hF.]........v.
0xF6,0xB2,0x12,0x98,0x86,0x42,0x00,0xD2,0x7B,0xE7,0x0D,0xB0,0xF0,0xBD,0x00,0x00,  //0x60b0~0x60bf      .....B..{.......
0x38,0x00,0x02,0x00,0xFF,0xB5,0x81,0xB0,0x05,0x46,0x04,0x9C,0x17,0x20,0x44,0x43,  //0x60c0~0x60cf      8........F....DC
0x03,0x98,0x01,0x21,0x81,0x40,0x20,0x46,0x17,0x30,0x18,0x34,0x00,0x91,0xFA,0xF7,  //0x60d0~0x60df      ...!.@.F.0.4....
0x0B,0xFB,0x48,0x4A,0x40,0x1D,0x11,0x68,0x80,0xB2,0x08,0x23,0x19,0x43,0x11,0x60,  //0x60e0~0x60ef      ..HJ@..h...#.C.`
0x11,0x68,0x04,0x23,0x99,0x43,0x11,0x60,0x43,0x4B,0x04,0x2D,0x56,0xD0,0x16,0x68,  //0x60f0~0x60ff      .h.#.C.`CK.-V..h
0x42,0x4F,0x3E,0x40,0xBF,0x0C,0xF1,0x19,0x11,0x60,0x16,0x68,0x02,0x27,0x3E,0x43,  //0x6100~0x610f      BO>@.....`.h.'>C
0x16,0x60,0x96,0x68,0x00,0x99,0x3E,0x4F,0x89,0x05,0x3E,0x40,0x09,0x0B,0x0E,0x43,  //0x6110~0x611f      .`.h..>O..>@...C
0x96,0x60,0x11,0x69,0x40,0x26,0xB1,0x43,0x11,0x61,0x59,0x6B,0x49,0x08,0x49,0x00,  //0x6120~0x612f      .`.i@&.C.aYkI.I.
0x59,0x63,0x51,0x68,0x02,0x9E,0x09,0x09,0x09,0x01,0x36,0x07,0x36,0x0F,0x31,0x43,  //0x6130~0x613f      YcQh......6.6.1C
0x51,0x60,0x91,0x68,0x86,0x05,0x89,0x0A,0x89,0x02,0xB6,0x0D,0x31,0x43,0x91,0x60,  //0x6140~0x614f      Q`.h........1C.`
0x11,0x69,0x04,0x9E,0x89,0x09,0x89,0x01,0xB6,0x06,0xB6,0x0E,0x31,0x43,0x11,0x61,  //0x6150~0x615f      .i..........1C.a
0x11,0x69,0x2C,0x4E,0x64,0x05,0x31,0x40,0xA4,0x0B,0x21,0x43,0x11,0x61,0x51,0x69,  //0x6160~0x616f      .i,Nd.1@..!C.aQi
0x07,0x24,0x24,0x07,0xA1,0x43,0x03,0x9C,0x64,0x07,0x64,0x08,0x21,0x43,0x51,0x61,  //0x6170~0x617f      .$$..C..d.d.!CQa
0x59,0x6B,0x25,0x4A,0x11,0x40,0x01,0x22,0xD2,0x02,0x89,0x18,0x59,0x63,0x5A,0x6B,  //0x6180~0x618f      Yk%J.@."....YcZk
0x02,0x21,0x8A,0x43,0x5A,0x63,0x21,0x49,0x20,0x22,0x0B,0x69,0x01,0x2D,0x15,0xD8,  //0x6190~0x619f      .!.CZc!I.".i.-..
0x93,0x43,0x01,0x22,0xAA,0x43,0x52,0x01,0x13,0x43,0x10,0xE0,0x11,0x68,0x02,0x26,  //0x61a0~0x61af      .C.".CR..C...h.&
0xB1,0x43,0x11,0x60,0x91,0x68,0x16,0x4E,0x31,0x40,0x91,0x60,0x11,0x69,0x40,0x26,  //0x61b0~0x61bf      .C.`.h.N1@.`.i@&
0x31,0x43,0x11,0x61,0x59,0x6B,0x01,0x26,0x31,0x43,0xB1,0xE7,0x93,0x43,0x0B,0x61,  //0x61c0~0x61cf      1C.aYk.&1C...C.a
0x0B,0x6A,0x08,0x22,0x93,0x43,0x0B,0x62,0x0A,0x6A,0x10,0x23,0x9A,0x43,0x0A,0x62,  //0x61d0~0x61df      .j.".C.b.j.#.C.b
0x0A,0x6A,0x04,0x23,0x1A,0x43,0x0A,0x62,0x0A,0x69,0xC0,0x23,0x9A,0x43,0x0A,0x61,  //0x61e0~0x61ef      .j.#.C.b.i.#.C.a
0xCB,0x69,0x03,0x22,0x13,0x43,0xCB,0x61,0x4B,0x6A,0x13,0x43,0x4B,0x62,0x05,0xB0,  //0x61f0~0x61ff      .i.".C.aKj.CKb..
0xF0,0xBD,0x00,0x00,0x00,0x01,0x03,0x00,0x00,0x05,0x03,0x00,0x1F,0x00,0x80,0xFF,  //0x6200~0x620f      ................
0xFF,0x03,0xF0,0xFF,0x7F,0x00,0xFC,0xFF,0x03,0xF0,0xFF,0xFF,0x00,0x02,0x03,0x00,  //0x6210~0x621f      ................
0xF0,0xB5,0x0C,0x46,0x3F,0x49,0x89,0xB0,0x06,0xC9,0x03,0x27,0x02,0x92,0x01,0x91,  //0x6220~0x622f      ...F?I.....'....
0x04,0x2C,0x01,0xD9,0x04,0x24,0x02,0xE0,0x00,0x2C,0x00,0xD1,0x01,0x24,0x61,0x00,  //0x6230~0x623f      .,...$...,...$a.
0x01,0xAA,0x89,0x18,0x40,0x39,0xC9,0x8F,0x88,0x42,0x00,0xD3,0x08,0x46,0x7D,0x21,  //0x6240~0x624f      ....@9...B...F}!
0x09,0x01,0x41,0x43,0x34,0x48,0x00,0x68,0xFA,0xF7,0x44,0xFA,0x86,0xB2,0x00,0x20,  //0x6250~0x625f      ..AC4H.h..D.....
0x07,0x90,0x06,0x90,0x05,0xA8,0x00,0x90,0x01,0x25,0x04,0xAB,0x03,0xAA,0x31,0x46,  //0x6260~0x626f      .........%....1F
0x20,0x46,0xFF,0xF7,0x1D,0xFD,0x2D,0x4B,0xD8,0x68,0x00,0x0C,0x00,0x04,0x30,0x43,  //0x6270~0x627f      .F....-K.h....0C
0xD8,0x60,0x58,0x69,0x2A,0x49,0x08,0x40,0x69,0x46,0x89,0x8A,0x89,0x05,0x89,0x0C,  //0x6280~0x628f      .`Xi*I.@iF......
0x08,0x43,0x58,0x61,0x58,0x69,0x03,0x21,0x00,0x09,0x00,0x01,0x08,0x43,0x58,0x61,  //0x6290~0x629f      .CXaXi.!.....CXa
0x02,0x22,0x00,0x2C,0x03,0xD0,0x00,0x20,0x11,0x46,0x64,0x1E,0x03,0xE0,0x00,0x21,  //0x62a0~0x62af      .".,.....Fd....!
0x03,0xE0,0x51,0x43,0x40,0x1C,0xA0,0x42,0xFB,0xD3,0x48,0x08,0x79,0x19,0x40,0x1E,  //0x62b0~0x62bf      ..QC@..B..H.y.@.
0x0E,0x31,0x48,0x43,0x30,0x1A,0x19,0x6A,0xC0,0x1B,0xCA,0x0A,0x07,0x99,0xD2,0x02,  //0x62c0~0x62cf      .1HC0..j........
0x0A,0x43,0x1A,0x62,0xD9,0x69,0x6A,0x46,0x92,0x89,0x89,0x0B,0x89,0x03,0x92,0x04,  //0x62d0~0x62df      .C.b.ijF........
0x92,0x0C,0x11,0x43,0xD9,0x61,0x99,0x69,0x89,0x0B,0x89,0x03,0x29,0x43,0x99,0x61,  //0x62e0~0x62ef      ...C.a.i....)C.a
0x99,0x69,0x10,0x4A,0x0E,0x38,0x80,0x04,0x11,0x40,0x00,0x09,0x01,0x43,0x99,0x61,  //0x62f0~0x62ff      .i.J.8...@...C.a
0x18,0x6A,0x0D,0x49,0x08,0x40,0x06,0x99,0xC9,0x02,0x08,0x43,0x18,0x62,0x58,0x69,  //0x6300~0x630f      .j.I.@.....C.bXi
0x10,0x40,0x6A,0x46,0x11,0x8A,0x89,0x04,0x09,0x09,0x08,0x43,0x58,0x61,0x09,0xB0,  //0x6310~0x631f      .@jF.......CXa..
0xF0,0xBD,0x00,0x00,0x68,0x75,0x00,0x00,0x34,0x00,0x01,0x00,0x00,0x01,0x03,0x00,  //0x6320~0x632f      ....hu..4.......
0x0F,0xC0,0xFF,0xFF,0xFF,0x3F,0x00,0xF0,0xFF,0x07,0xC0,0xFF,0x10,0xB5,0xFA,0xF7,  //0x6330~0x633f      .....?..........
0xA1,0xFC,0x10,0xBD,0x10,0xB5,0x04,0x48,0x81,0x88,0x49,0x1C,0x81,0x80,0x00,0xF0,  //0x6340~0x634f      .......H..I.....
0x3B,0xFC,0xFF,0xF7,0x17,0xFA,0x10,0xBD,0x42,0x00,0x01,0x00,0x02,0x48,0x81,0x88,  //0x6350~0x635f      ;.......B....H..
0xC1,0x80,0x00,0x21,0x81,0x80,0x70,0x47,0x42,0x00,0x01,0x00,0x02,0x48,0x41,0x6A,  //0x6360~0x636f      ...!..pGB....HAj
0xC9,0x07,0xFC,0xD0,0x70,0x47,0x00,0x00,0x00,0x01,0x03,0x00,0x00,0xB5,0x03,0x20,  //0x6370~0x637f      ....pG..........
0x00,0x04,0x42,0x68,0x04,0x21,0x0A,0x43,0x42,0x60,0x42,0x68,0x8A,0x43,0x42,0x60,  //0x6380~0x638f      ..Bh.!.CB`Bh.CB`
0x00,0xF0,0x9C,0xFB,0x00,0xBD,0x00,0x00,0x10,0xB5,0x01,0x21,0x04,0x20,0x00,0xF0,  //0x6390~0x639f      ...........!....
0x69,0xFE,0x01,0x21,0x04,0x20,0x00,0xF0,0x71,0xFE,0x02,0x21,0x04,0x20,0x00,0xF0,  //0x63a0~0x63af      i..!....q..!....
0x61,0xFE,0x02,0x21,0x04,0x20,0x00,0xF0,0x69,0xFE,0x04,0x21,0x08,0x46,0x00,0xF0,  //0x63b0~0x63bf      a..!....i..!.F..
0x59,0xFE,0x04,0x21,0x08,0x46,0x00,0xF0,0x61,0xFE,0x08,0x21,0x04,0x20,0x00,0xF0,  //0x63c0~0x63cf      Y..!.F..a..!....
0x51,0xFE,0x08,0x21,0x04,0x20,0x00,0xF0,0x59,0xFE,0x03,0x48,0x00,0x68,0x00,0x28,  //0x63d0~0x63df      Q..!....Y..H.h.(
0x00,0xD0,0x80,0x47,0x10,0xBD,0x00,0x00,0x04,0x00,0x01,0x00,0x90,0x42,0x01,0xD3,  //0x63e0~0x63ef      ...G.........B..
0x80,0x1A,0x00,0xE0,0x10,0x1A,0x99,0x42,0x01,0xD3,0xC9,0x1A,0x00,0xE0,0x59,0x1A,  //0x63f0~0x63ff      .......B......Y.
0x40,0x18,0x80,0xB2,0x70,0x47,0xFE,0xE7,0x10,0xB5,0x00,0xF0,0x67,0xFE,0x10,0xBD,  //0x6400~0x640f      @...pG......g...
0x10,0xB5,0x00,0xF0,0xCD,0xFE,0x03,0x48,0x00,0x68,0x00,0x28,0x00,0xD0,0x80,0x47,  //0x6410~0x641f      .......H.h.(...G
0x10,0xBD,0x00,0x00,0x0C,0x00,0x01,0x00,0x10,0xB5,0x00,0xF0,0xC9,0xFE,0x03,0x48,  //0x6420~0x642f      ...............H
0x00,0x68,0x00,0x28,0x00,0xD0,0x80,0x47,0x10,0xBD,0x00,0x00,0x14,0x00,0x01,0x00,  //0x6430~0x643f      .h.(...G........
0x10,0xB5,0x00,0xF0,0xC5,0xFE,0x03,0x48,0x00,0x68,0x00,0x28,0x00,0xD0,0x80,0x47,  //0x6440~0x644f      .......H.h.(...G
0x10,0xBD,0x00,0x00,0x10,0x00,0x01,0x00,0x10,0xB5,0x00,0xF0,0xC1,0xFE,0x00,0xF0,  //0x6450~0x645f      ................
0x35,0xFB,0x10,0xBD,0x10,0xB5,0x00,0xF0,0xC5,0xFB,0x10,0xBD,0x10,0xB5,0x00,0xF0,  //0x6460~0x646f      5...............
0xED,0xFB,0x10,0xBD,0x70,0x47,0x70,0x47,0x03,0x49,0x00,0x20,0x08,0x72,0x88,0x71,  //0x6470~0x647f      ....pGpG.I...r.q
0x02,0x49,0x08,0x70,0x70,0x47,0x00,0x00,0x9A,0x05,0x01,0x00,0xA7,0x00,0x01,0x00,  //0x6480~0x648f      .I.ppG..........
0x70,0xB5,0x00,0xF0,0x93,0xFF,0x1D,0x48,0x00,0xF0,0xDA,0xFF,0x00,0xF0,0x3E,0xFF,  //0x6490~0x649f      p......H......>.
0x1B,0x48,0x80,0x7A,0xFF,0x28,0x06,0xD0,0x1A,0x4C,0xA0,0x78,0x09,0x28,0x02,0xD1,  //0x64a0~0x64af      .H.z.(...L.x.(..
0xE0,0x78,0x09,0x28,0x00,0xD0,0xFE,0xE7,0x18,0x4D,0x17,0x48,0x28,0x80,0x00,0xF0,  //0x64b0~0x64bf      .x.(.....M.H(...
0xA9,0xFD,0x08,0x20,0xFF,0xF7,0x50,0xFB,0xFF,0xF7,0x36,0xFC,0x10,0x48,0x40,0x30,  //0x64c0~0x64cf      ......P...6..H@0
0x80,0x78,0xFF,0xF7,0x99,0xFF,0x7D,0x21,0xC9,0x00,0x11,0x48,0x01,0xF0,0x00,0xF8,  //0x64d0~0x64df      .x....}!...H....
0xFF,0xF7,0x3E,0xFC,0xFF,0xF7,0x44,0xFC,0x20,0x78,0xAA,0x28,0x02,0xD1,0x60,0x78,  //0x64e0~0x64ef      ..>...D..x.(..`x
0x55,0x28,0x07,0xD0,0x0B,0x4B,0x0C,0x48,0x00,0x21,0x19,0x80,0x02,0x69,0x52,0x1C,  //0x64f0~0x64ff      U(...K.H.!...iR.
0x02,0x61,0xFA,0xE7,0x04,0x48,0x55,0x30,0x28,0x80,0x70,0xBD,0x00,0x48,0xE8,0x01,  //0x6500~0x650f      .a...HU0(.p..H..
0x20,0x02,0x00,0x00,0xFC,0x05,0x00,0x00,0x55,0x55,0x00,0x00,0x74,0x00,0x01,0x00,  //0x6510~0x651f      ........UU..t...
0x10,0x05,0x03,0x00,0x40,0x00,0x01,0x00,0xD8,0x01,0x01,0x00,0x70,0x47,0x00,0x00,  //0x6520~0x652f      ....@.......pG..
0x70,0xB5,0x15,0x49,0x00,0x20,0x0D,0x78,0x04,0x46,0x00,0x2D,0x22,0xD0,0x01,0x22,  //0x6530~0x653f      p..I...x.F.-".."
0x12,0x4B,0x07,0xE0,0x91,0x00,0x5E,0x5A,0xC9,0x18,0x49,0x88,0x30,0x18,0x0C,0x19,  //0x6540~0x654f      .K....^Z..I.0...
0x52,0x1C,0xD2,0xB2,0xAA,0x42,0xF5,0xD9,0x29,0x46,0xFA,0xF7,0xC3,0xF8,0x06,0x46,  //0x6550~0x655f      R....B..)F.....F
0x29,0x46,0x20,0x46,0xFA,0xF7,0xBE,0xF8,0x02,0x46,0x09,0x48,0x00,0x21,0x01,0x73,  //0x6560~0x656f      )F.F.....F.H.!.s
0x41,0x73,0x01,0x46,0x20,0x39,0x0E,0x85,0x4A,0x85,0x01,0x20,0x08,0x70,0x0A,0x7A,  //0x6570~0x657f      As.F.9..J....p.z
0x02,0x43,0x0A,0x72,0x70,0xBD,0x00,0x00,0xC0,0x00,0x01,0x00,0x74,0x09,0x01,0x00,  //0x6580~0x658f      .C.rp.......t...
0x28,0x06,0x01,0x00,0x05,0x49,0x06,0x48,0x0A,0x88,0x02,0x85,0x49,0x88,0x41,0x85,  //0x6590~0x659f      (....I.H....I.A.
0x01,0x21,0x01,0x70,0x02,0x7A,0x0A,0x43,0x02,0x72,0x70,0x47,0x74,0x09,0x01,0x00,  //0x65a0~0x65af      .!.p.z.C.rpGt...
0x08,0x06,0x01,0x00,0x70,0x47,0x00,0x00,0x06,0x48,0x05,0x49,0x00,0x78,0x06,0x4A,  //0x65b0~0x65bf      ....pG...H.I.x.J
0x0B,0x8D,0x80,0x00,0x13,0x52,0x49,0x8D,0x80,0x18,0x41,0x80,0x70,0x47,0x00,0x00,  //0x65c0~0x65cf      .....RI...A.pG..
0x08,0x06,0x01,0x00,0xC0,0x00,0x01,0x00,0x74,0x09,0x01,0x00,0x70,0x47,0x00,0x00,  //0x65d0~0x65df      ........t...pG..
0x03,0x48,0x00,0x21,0x01,0x70,0x01,0x7A,0x49,0x08,0x49,0x00,0x01,0x72,0x70,0x47,  //0x65e0~0x65ef      .H.!.p.zI.I..rpG
0x08,0x06,0x01,0x00,0x70,0xB5,0x04,0x46,0x18,0x48,0x01,0x78,0xAA,0x29,0x27,0xD1,  //0x65f0~0x65ff      ....p..F.H.x.)'.
0x40,0x78,0x55,0x28,0x24,0xD1,0x16,0x48,0x16,0x49,0x00,0x88,0x88,0x42,0x1F,0xD1,  //0x6600~0x660f      @xU($..H.I...B..
0x15,0x4D,0x68,0x7C,0x00,0x28,0x08,0xD1,0x02,0x22,0x11,0x46,0x04,0x20,0x00,0xF0,  //0x6610~0x661f      .Mh|.(...".F....
0xD7,0xFE,0x04,0x21,0x02,0x20,0x00,0xF0,0x3D,0xFD,0x00,0x2C,0x11,0xD0,0x04,0x20,  //0x6620~0x662f      ...!....=..,....
0x00,0xF0,0x1A,0xFD,0x68,0x7C,0x00,0x28,0x0A,0xD1,0x01,0x2C,0x08,0xD1,0x04,0x21,  //0x6630~0x663f      ....h|.(...,...!
0x01,0x20,0x00,0xF0,0x2F,0xFD,0x06,0x22,0x02,0x21,0x04,0x20,0x00,0xF0,0xC0,0xFE,  //0x6640~0x664f      ..../..".!......
0x70,0xBD,0x04,0x20,0x00,0xF0,0x02,0xFD,0xEC,0xE7,0x00,0x00,0xFC,0x05,0x00,0x00,  //0x6650~0x665f      p...............
0x74,0x00,0x01,0x00,0xAA,0x55,0x00,0x00,0x08,0x06,0x01,0x00,0x70,0x47,0x00,0x00,  //0x6660~0x666f      t....U......pG..
0x02,0x48,0x01,0x68,0x49,0x08,0x49,0x00,0x01,0x60,0x70,0x47,0x40,0x04,0x03,0x00,  //0x6670~0x667f      .H.hI.I..`pG@...
0x10,0xB5,0x04,0x48,0x00,0xF0,0x64,0xFF,0x03,0x48,0x00,0x68,0x00,0x28,0x00,0xD0,  //0x6680~0x668f      ...H..d..H.h.(..
0x80,0x47,0x10,0xBD,0x10,0x05,0x03,0x00,0x38,0x00,0x01,0x00,0x10,0xB5,0x03,0x48,  //0x6690~0x669f      .G......8......H
0x00,0xF0,0x56,0xFF,0x00,0xF0,0x04,0xF8,0x10,0xBD,0x00,0x00,0x1C,0x05,0x03,0x00,  //0x66a0~0x66af      ..V.............
0x00,0xB5,0x06,0x48,0xC1,0x69,0x49,0x08,0x49,0x00,0xC1,0x61,0x00,0xF0,0x06,0xFA,  //0x66b0~0x66bf      ...H.iI.I..a....
0x00,0xF0,0x7E,0xFC,0x00,0xF0,0x2E,0xFA,0x00,0xBD,0x00,0x00,0x00,0x05,0x03,0x00,  //0x66c0~0x66cf      ..~.............
0x10,0xB5,0xFF,0xF7,0xDD,0xFA,0x03,0x48,0x00,0x68,0x00,0x28,0x00,0xD0,0x80,0x47,  //0x66d0~0x66df      .......H.h.(...G
0x10,0xBD,0x00,0x00,0x00,0x00,0x01,0x00,0x70,0x47,0x30,0xB4,0x74,0x46,0x64,0x1E,  //0x66e0~0x66ef      ........pG0.tFd.
0x25,0x78,0x64,0x1C,0xAB,0x42,0x00,0xD2,0x1D,0x46,0x63,0x5D,0x5B,0x00,0xE3,0x18,  //0x66f0~0x66ff      %xd..B...Fc][...
0x30,0xBC,0x18,0x47,0x00,0x28,0x05,0xDB,0xC1,0x06,0xC9,0x0E,0x01,0x20,0x88,0x40,  //0x6700~0x670f      0..G.(.........@
0x01,0x49,0x08,0x60,0x70,0x47,0x00,0x00,0x00,0xE1,0x00,0xE0,0x00,0x28,0x05,0xDB,  //0x6710~0x671f      .I.`pG.......(..
0xC1,0x06,0xC9,0x0E,0x01,0x20,0x88,0x40,0x01,0x49,0x08,0x60,0x70,0x47,0x00,0x00,  //0x6720~0x672f      .......@.I.`pG..
0x00,0xE1,0x00,0xE0,0x00,0x28,0x05,0xDB,0xC1,0x06,0xC9,0x0E,0x01,0x20,0x88,0x40,  //0x6730~0x673f      .....(.........@
0x01,0x49,0x08,0x60,0x70,0x47,0x00,0x00,0x00,0xE1,0x00,0xE0,0x00,0x28,0x05,0xDB,  //0x6740~0x674f      .I.`pG.......(..
0xC1,0x06,0xC9,0x0E,0x01,0x20,0x88,0x40,0x01,0x49,0x08,0x60,0x70,0x47,0x00,0x00,  //0x6750~0x675f      .......@.I.`pG..
0x00,0xE1,0x00,0xE0,0x83,0x07,0xFF,0x22,0xDB,0x0E,0x9A,0x40,0x89,0x07,0x09,0x0E,  //0x6760~0x676f      ......."...@....
0x99,0x40,0x00,0x28,0x08,0xDB,0x83,0x08,0x09,0x48,0x9B,0x00,0x18,0x18,0x03,0x68,  //0x6770~0x677f      .@.(.....H.....h
0x93,0x43,0x0B,0x43,0x03,0x60,0x70,0x47,0x00,0x07,0x00,0x0F,0x08,0x38,0x83,0x08,  //0x6780~0x678f      .C.C.`pG.....8..
0x04,0x48,0x9B,0x00,0x18,0x18,0xC3,0x69,0x93,0x43,0x0B,0x43,0xC3,0x61,0x70,0x47,  //0x6790~0x679f      .H.....i.C.C.apG
0x00,0xE4,0x00,0xE0,0x00,0xED,0x00,0xE0,0x83,0x07,0xFF,0x22,0xDB,0x0E,0x9A,0x40,  //0x67a0~0x67af      ..........."...@
0x89,0x07,0x09,0x0E,0x99,0x40,0x00,0x28,0x08,0xDB,0x83,0x08,0x09,0x48,0x9B,0x00,  //0x67b0~0x67bf      .....@.(.....H..
0x18,0x18,0x03,0x68,0x93,0x43,0x0B,0x43,0x03,0x60,0x70,0x47,0x00,0x07,0x00,0x0F,  //0x67c0~0x67cf      ...h.C.C.`pG....
0x08,0x38,0x83,0x08,0x04,0x48,0x9B,0x00,0x18,0x18,0xC3,0x69,0x93,0x43,0x0B,0x43,  //0x67d0~0x67df      .8...H.....i.C.C
0xC3,0x61,0x70,0x47,0x00,0xE4,0x00,0xE0,0x00,0xED,0x00,0xE0,0x83,0x07,0xFF,0x22,  //0x67e0~0x67ef      .apG..........."
0xDB,0x0E,0x9A,0x40,0x89,0x07,0x09,0x0E,0x99,0x40,0x00,0x28,0x08,0xDB,0x83,0x08,  //0x67f0~0x67ff      ...@.....@.(....
0x09,0x48,0x9B,0x00,0x18,0x18,0x03,0x68,0x93,0x43,0x0B,0x43,0x03,0x60,0x70,0x47,  //0x6800~0x680f      .H.....h.C.C.`pG
0x00,0x07,0x00,0x0F,0x08,0x38,0x83,0x08,0x04,0x48,0x9B,0x00,0x18,0x18,0xC3,0x69,  //0x6810~0x681f      .....8...H.....i
0x93,0x43,0x0B,0x43,0xC3,0x61,0x70,0x47,0x00,0xE4,0x00,0xE0,0x00,0xED,0x00,0xE0,  //0x6820~0x682f      .C.C.apG........
0xF8,0xB5,0x04,0x46,0x40,0x68,0x00,0x25,0x43,0x18,0x63,0x60,0x60,0x7A,0xA6,0x7A,  //0x6830~0x683f      ...F@h.%C.c``z.z
0xE7,0x7A,0x42,0x00,0x20,0x68,0xBE,0x42,0x05,0xD2,0x81,0x52,0xA0,0x7A,0x40,0x1C,  //0x6840~0x684f      .zB..h.B...R.z@.
0xC1,0xB2,0xA1,0x72,0x0D,0xE0,0x26,0x7A,0x76,0x00,0x86,0x5B,0x9B,0x1B,0x63,0x60,  //0x6850~0x685f      ...r..&zv..[..c`
0x81,0x52,0x20,0x7A,0x40,0x1C,0xC0,0xB2,0x20,0x72,0xE1,0x7A,0x88,0x42,0x00,0xD1,  //0x6860~0x686f      .R.z@....r.z.B..
0x25,0x72,0x60,0x68,0xF9,0xF7,0x36,0xFF,0x61,0x7A,0x80,0xB2,0x49,0x1C,0xC9,0xB2,  //0x6870~0x687f      %r`h..6.az..I...
0x61,0x72,0xE2,0x7A,0x91,0x42,0x00,0xD1,0x65,0x72,0xF8,0xBD,0x01,0x60,0x00,0x21,  //0x6880~0x688f      ar.z.B..er...`.!
0x01,0x72,0x41,0x72,0x81,0x72,0x41,0x60,0xC2,0x72,0x70,0x47,0xF8,0xB5,0x05,0x46,  //0x6890~0x689f      .rAr.rA`.rpG...F
0x13,0x48,0x00,0x90,0x00,0x7B,0x0E,0x46,0x01,0x28,0x0C,0xD1,0x00,0x24,0x08,0xE0,  //0x68a0~0x68af      .H...{.F.(...$..
0x10,0x48,0x67,0x00,0xE2,0x00,0xE9,0x5B,0x10,0x18,0x00,0xF0,0xB6,0xFC,0xE8,0x53,  //0x68b0~0x68bf      .Hg....[.......S
0x64,0x1C,0xB4,0x42,0xF4,0xD3,0x00,0x98,0x40,0x7B,0x01,0x28,0x0D,0xD1,0x00,0x24,  //0x68c0~0x68cf      d..B....@{.(...$
0x09,0xE0,0x0C,0x20,0x08,0x4A,0x67,0x00,0x60,0x43,0xE9,0x5B,0x80,0x18,0xFF,0xF7,  //0x68d0~0x68df      .....Jg.`C.[....
0xA7,0xFF,0xE8,0x53,0x64,0x1C,0xB4,0x42,0xF3,0xD3,0x01,0x20,0xF8,0xBD,0x00,0x00,  //0x68e0~0x68ef      ...Sd..B........
0x60,0x02,0x00,0x00,0xD4,0x06,0x01,0x00,0xB4,0x07,0x01,0x00,0xF0,0xB5,0x14,0x4D,  //0x68f0~0x68ff      `..............M
0x28,0x7B,0x01,0x28,0x0E,0xD1,0x13,0x4E,0x13,0x4F,0x00,0x24,0x0A,0x20,0x60,0x43,  //0x6900~0x690f      ({.(...N.O.$..`C
0x81,0x19,0xE0,0x00,0xC0,0x19,0x05,0x22,0x00,0xF0,0x7E,0xFC,0x64,0x1C,0xE4,0xB2,  //0x6910~0x691f      ......."..~.d...
0x1C,0x2C,0xF3,0xD3,0x68,0x7B,0x01,0x28,0x10,0xD1,0x0B,0x4D,0x00,0x23,0x0B,0x4C,  //0x6920~0x692f      .,..h{.(...M.#.L
0xE0,0x35,0x06,0x20,0x58,0x43,0x01,0x19,0x0C,0x20,0x58,0x43,0x40,0x19,0x03,0x22,  //0x6930~0x693f      .5..XC....XC@.."
0xFF,0xF7,0xA4,0xFF,0x5B,0x1C,0xDB,0xB2,0x1C,0x2B,0xF2,0xD3,0xF0,0xBD,0x00,0x00,  //0x6940~0x694f      ....[....+......
0x60,0x02,0x00,0x00,0xF8,0x01,0x01,0x00,0xD4,0x06,0x01,0x00,0x10,0x03,0x01,0x00,  //0x6950~0x695f      `...............
0x10,0xB5,0x2C,0x48,0x01,0x68,0x49,0x68,0x01,0x22,0x11,0x43,0x02,0x68,0x51,0x60,  //0x6960~0x696f      ..,H.hIh.".C.hQ`
0x01,0x68,0x09,0x69,0x02,0x68,0x49,0x08,0x49,0x00,0x11,0x61,0x01,0x68,0x0A,0x69,  //0x6970~0x697f      .h.i.hI.I..a.h.i
0x02,0x21,0x03,0x68,0x8A,0x43,0x1A,0x61,0x02,0x68,0x13,0x69,0x10,0x22,0x04,0x68,  //0x6980~0x698f      .!.h.C.a.h.i.".h
0x93,0x43,0x23,0x61,0x03,0x68,0x9B,0x69,0x04,0x68,0x5B,0x08,0x5B,0x00,0xA3,0x61,  //0x6990~0x699f      .C#a.h.i.h[.[..a
0x03,0x68,0x9B,0x6A,0x04,0x68,0x5B,0x08,0x5B,0x00,0xA3,0x62,0x03,0x68,0xDB,0x69,  //0x69a0~0x69af      .h.j.h[.[..b.h.i
0x04,0x68,0x5B,0x08,0x5B,0x00,0xE3,0x61,0x03,0x68,0xDB,0x69,0x04,0x68,0x8B,0x43,  //0x69b0~0x69bf      .h[.[..a.h.i.h.C
0xE3,0x61,0x03,0x68,0x1B,0x6A,0x08,0x24,0xA3,0x43,0x04,0x68,0x23,0x62,0x03,0x68,  //0x69c0~0x69cf      .a.h.j.$.C.h#b.h
0x1B,0x6A,0x93,0x43,0x02,0x68,0x13,0x62,0x02,0x68,0x12,0x6A,0x04,0x23,0x9A,0x43,  //0x69d0~0x69df      .j.C.h.b.h.j.#.C
0x03,0x68,0x1A,0x62,0x02,0x68,0x52,0x6A,0x03,0x68,0x52,0x08,0x52,0x00,0x5A,0x62,  //0x69e0~0x69ef      .h.b.hRj.hR.R.Zb
0x02,0x68,0x52,0x6A,0x03,0x68,0x8A,0x43,0x5A,0x62,0x02,0x68,0xD2,0x68,0x03,0x68,  //0x69f0~0x69ff      .hRj.h.CZb.h.h.h
0x92,0x08,0x92,0x00,0xDA,0x60,0x02,0x68,0x92,0x6A,0x00,0x68,0x8A,0x43,0x82,0x62,  //0x6a00~0x6a0f      .....`.h.j.h.C.b
0x10,0xBD,0x00,0x00,0x64,0x75,0x00,0x00,0x10,0xB5,0x05,0x22,0x00,0x21,0x04,0x20,  //0x6a10~0x6a1f      ....du.....".!..
0x00,0xF0,0xD6,0xFC,0x05,0x22,0x01,0x21,0x04,0x20,0x00,0xF0,0xD1,0xFC,0x06,0x22,  //0x6a20~0x6a2f      .....".!......."
0x02,0x21,0x04,0x20,0x00,0xF0,0xCC,0xFC,0x02,0x22,0x03,0x21,0x04,0x20,0x00,0xF0,  //0x6a30~0x6a3f      .!.......".!....
0xC7,0xFC,0x08,0x21,0x01,0x20,0x00,0xF0,0x2D,0xFB,0x10,0xBD,0x10,0xB5,0x00,0xF0,  //0x6a40~0x6a4f      ...!....-.......
0xBF,0xFA,0xFF,0xF7,0x85,0xFF,0xFF,0xF7,0xDF,0xFF,0x1B,0x48,0xC1,0x69,0x02,0x22,  //0x6a50~0x6a5f      ...........H.i."
0x11,0x43,0xC1,0x61,0xC1,0x69,0x49,0x08,0x49,0x00,0xC1,0x61,0xC1,0x69,0x04,0x22,  //0x6a60~0x6a6f      .C.a.iI.I..a.i."
0x11,0x43,0xC1,0x61,0x03,0x24,0x24,0x04,0x60,0x68,0x40,0x21,0x88,0x43,0x60,0x60,  //0x6a70~0x6a7f      .C.a.$$.`h@!.C``
0x11,0x46,0x01,0x20,0x00,0xF0,0x0E,0xFB,0x06,0x22,0x02,0x21,0x04,0x20,0x00,0xF0,  //0x6a80~0x6a8f      .F.......".!....
0x9F,0xFC,0x60,0x68,0x10,0x21,0x08,0x43,0x60,0x60,0x60,0x68,0x08,0x21,0x88,0x43,  //0x6a90~0x6a9f      ..`h.!.C```h.!.C
0x60,0x60,0x60,0x68,0xA1,0x10,0x08,0x43,0x60,0x60,0x21,0x68,0x01,0x20,0x40,0x05,  //0x6aa0~0x6aaf      ```h...C``!h..@.
0x81,0x43,0x21,0x60,0x61,0x68,0x03,0x22,0x11,0x43,0x61,0x60,0x21,0x68,0x01,0x43,  //0x6ab0~0x6abf      .C!`ah.".Ca`!h.C
0x21,0x60,0x00,0xF0,0x03,0xF8,0x10,0xBD,0x00,0x05,0x03,0x00,0x13,0x49,0xC8,0x69,  //0x6ac0~0x6acf      !`...........I.i
0x04,0x22,0x10,0x43,0xC8,0x61,0x03,0x20,0x00,0x04,0x43,0x68,0x13,0x43,0x43,0x60,  //0x6ad0~0x6adf      .".C.a....Ch.CC`
0x43,0x68,0x93,0x43,0x43,0x60,0x42,0x68,0x10,0x23,0x9A,0x43,0x42,0x60,0x42,0x68,  //0x6ae0~0x6aef      Ch.CC`Bh.#.CB`Bh
0x20,0x23,0x9A,0x43,0x42,0x60,0x42,0x68,0x08,0x23,0x1A,0x43,0x42,0x60,0x08,0x48,  //0x6af0~0x6aff      .#.CB`Bh.#.CB`.H
0xC2,0x68,0x80,0x23,0x1A,0x43,0xC2,0x60,0xC2,0x68,0x40,0x23,0x9A,0x43,0xC2,0x60,  //0x6b00~0x6b0f      .h.#.C.`.h@#.C.`
0xC8,0x69,0x02,0x22,0x90,0x43,0xC8,0x61,0x70,0x47,0x00,0x00,0x00,0x05,0x03,0x00,  //0x6b10~0x6b1f      .i.".C.apG......
0x00,0x03,0x03,0x00,0x30,0xB5,0x27,0x48,0x01,0x68,0x49,0x68,0x02,0x68,0x49,0x08,  //0x6b20~0x6b2f      ....0.'H.hIh.hI.
0x49,0x00,0x51,0x60,0x01,0x68,0x0A,0x69,0x01,0x21,0x03,0x68,0x0A,0x43,0x1A,0x61,  //0x6b30~0x6b3f      I.Q`.h.i.!.h.C.a
0x02,0x68,0x13,0x69,0x02,0x22,0x04,0x68,0x13,0x43,0x23,0x61,0x03,0x68,0x1B,0x69,  //0x6b40~0x6b4f      .h.i.".h.C#a.h.i
0x10,0x24,0x05,0x68,0x23,0x43,0x2B,0x61,0x03,0x68,0x9B,0x69,0x05,0x68,0x0B,0x43,  //0x6b50~0x6b5f      .$.h#C+a.h.i.h.C
0xAB,0x61,0x03,0x68,0xDB,0x69,0x05,0x68,0x0B,0x43,0xEB,0x61,0x03,0x68,0xDB,0x69,  //0x6b60~0x6b6f      .a.h.i.h.C.a.h.i
0x05,0x68,0x13,0x43,0xEB,0x61,0x03,0x68,0x1B,0x6A,0x08,0x25,0x2B,0x43,0x05,0x68,  //0x6b70~0x6b7f      .h.C.a.h.j.%+C.h
0x2B,0x62,0x03,0x68,0x1B,0x6A,0x23,0x43,0x04,0x68,0x23,0x62,0x03,0x68,0x1B,0x6A,  //0x6b80~0x6b8f      +b.h.j#C.h#b.h.j
0x04,0x24,0xA3,0x43,0x04,0x68,0x23,0x62,0x03,0x68,0x5B,0x6A,0x0B,0x43,0x01,0x68,  //0x6b90~0x6b9f      .$.C.h#b.h[j.C.h
0x4B,0x62,0x01,0x68,0x49,0x6A,0x03,0x68,0x11,0x43,0x59,0x62,0x01,0x68,0xC9,0x68,  //0x6ba0~0x6baf      Kb.hIj.h.CYb.h.h
0x03,0x68,0x89,0x08,0x89,0x00,0xD9,0x60,0x01,0x68,0x89,0x6A,0x00,0x68,0x11,0x43,  //0x6bb0~0x6bbf      .h.....`.h.j.h.C
0x81,0x62,0x30,0xBD,0x64,0x75,0x00,0x00,0x06,0x49,0x00,0x20,0x08,0x5E,0x7D,0x22,  //0x6bc0~0x6bcf      .b0.du...I...^}"
0x12,0x01,0x90,0x42,0x04,0xDC,0x40,0x1C,0x08,0x80,0x03,0x49,0x01,0x20,0x48,0x60,  //0x6bd0~0x6bdf      ...B..@....I..H`
0x70,0x47,0x00,0x00,0x40,0x00,0x01,0x00,0x00,0x05,0x03,0x00,0x03,0x20,0x00,0x04,  //0x6be0~0x6bef      pG..@...........
0xC0,0x68,0x70,0x47,0x70,0xB5,0x0B,0x4C,0x20,0x68,0x40,0x08,0x40,0x00,0x20,0x60,  //0x6bf0~0x6bff      .hpGp..L.h@.@..`
0xE0,0x68,0x01,0x25,0xC0,0x07,0x00,0x28,0x02,0xD0,0x60,0x68,0x28,0x43,0x60,0x60,  //0x6c00~0x6c0f      .h.%...(..`h(C``
0x05,0x48,0x40,0x68,0x00,0x28,0x00,0xD0,0x80,0x47,0x20,0x68,0x28,0x43,0x20,0x60,  //0x6c10~0x6c1f      .H@h.(...G.h(C.`
0x70,0xBD,0x00,0x00,0x00,0x06,0x03,0x00,0x18,0x00,0x01,0x00,0x02,0x48,0x01,0x68,  //0x6c20~0x6c2f      p............H.h
0x49,0x08,0x49,0x00,0x01,0x60,0x70,0x47,0x00,0x06,0x03,0x00,0x02,0x48,0x01,0x68,  //0x6c30~0x6c3f      I.I..`pG.....H.h
0x01,0x22,0x11,0x43,0x01,0x60,0x70,0x47,0x00,0x06,0x03,0x00,0x10,0xB5,0x0B,0x4C,  //0x6c40~0x6c4f      .".C.`pG.......L
0x20,0x68,0x40,0x08,0x40,0x00,0x20,0x60,0xE0,0x68,0x80,0x07,0x03,0xD5,0x20,0x68,  //0x6c50~0x6c5f      .h@.@..`.h.....h
0x04,0x21,0x08,0x43,0x20,0x60,0x06,0x48,0x00,0x68,0x00,0x28,0x00,0xD0,0x80,0x47,  //0x6c60~0x6c6f      .!.C.`.H.h.(...G
0x20,0x68,0x01,0x21,0x08,0x43,0x20,0x60,0x10,0xBD,0x00,0x00,0x00,0x06,0x03,0x00,  //0x6c70~0x6c7f      .h.!.C.`........
0x18,0x00,0x01,0x00,0x70,0xB5,0x15,0x46,0x0E,0x46,0x04,0x46,0x01,0x78,0x1A,0x46,  //0x6c80~0x6c8f      ....p..F.F.F.x.F
0x00,0xF0,0x24,0xF8,0x20,0x46,0x00,0xF0,0x65,0xF8,0x01,0x48,0x60,0xC0,0x70,0xBD,  //0x6c90~0x6c9f      ..$..F..e..H`.p.
0x18,0x00,0x01,0x00,0x03,0xB5,0x0C,0x48,0x81,0x68,0x0F,0x22,0x92,0x06,0x91,0x43,  //0x6ca0~0x6caf      .......H.h."...C
0x81,0x60,0x81,0x68,0x6A,0x46,0x12,0x78,0x12,0x07,0x92,0x08,0x11,0x43,0x81,0x60,  //0x6cb0~0x6cbf      .`.hjF.x.....C.`
0x81,0x68,0x89,0x0E,0x89,0x06,0x81,0x60,0x81,0x68,0x01,0x9A,0x92,0x01,0x92,0x09,  //0x6cc0~0x6ccf      .h.....`.h......
0x11,0x43,0x81,0x60,0x0C,0xBD,0x00,0x00,0x00,0x06,0x03,0x00,0xF0,0xB5,0xC0,0x69,  //0x6cd0~0x6cdf      .C.`...........i
0x85,0xB0,0x00,0x29,0x01,0xD0,0x01,0x24,0x00,0xE0,0x00,0x24,0x87,0x00,0x00,0x21,  //0x6ce0~0x6cef      ...)...$...$...!
0x22,0x46,0x08,0x46,0x00,0xF0,0x6C,0xFB,0x22,0x46,0x01,0x21,0x00,0x20,0x00,0xF0,  //0x6cf0~0x6cff      "F.F..l."F.!....
0x67,0xFB,0xC1,0x20,0x80,0x02,0x01,0x68,0x00,0x91,0x41,0x68,0x01,0x91,0x80,0x68,  //0x6d00~0x6d0f      g......h..Ah...h
0x02,0x90,0x13,0x48,0xC0,0x68,0x03,0x90,0x02,0x20,0x6A,0x46,0x01,0x21,0x81,0x40,  //0x6d10~0x6d1f      ...H.h....jF.!.@
0x39,0x42,0x0C,0xD0,0x43,0x07,0xC1,0x08,0xDB,0x0E,0x89,0x00,0x55,0x58,0x0F,0x26,  //0x6d20~0x6d2f      9B..C.......UX.&
0x9E,0x40,0xB5,0x43,0x26,0x46,0x55,0x50,0x9E,0x40,0x35,0x43,0x55,0x50,0x40,0x1C,  //0x6d30~0x6d3f      .@.C&FUP.@5CUP@.
0xC0,0xB2,0x20,0x28,0xEA,0xD3,0xC1,0x20,0x80,0x02,0x00,0x99,0x01,0x60,0x01,0x99,  //0x6d40~0x6d4f      ...(.........`..
0x41,0x60,0x02,0x99,0x81,0x60,0x02,0x48,0x03,0x99,0xC1,0x60,0x05,0xB0,0xF0,0xBD,  //0x6d50~0x6d5f      A`...`.H...`....
0x40,0x04,0x03,0x00,0xF8,0xB5,0x05,0x46,0xC0,0x7E,0x2E,0x4E,0x02,0x27,0x00,0x28,  //0x6d60~0x6d6f      @......F.~.N.'.(
0x30,0x68,0x29,0xD0,0xB8,0x43,0x30,0x60,0x2C,0x46,0x20,0x34,0x20,0x79,0x00,0xF0,  //0x6d70~0x6d7f      0h)..C0`,F.4.y..
0x9D,0xF8,0xE8,0x7E,0x00,0x28,0x09,0xD0,0x70,0x68,0x1C,0x21,0x88,0x43,0x70,0x60,  //0x6d80~0x6d8f      ...~.(..ph.!.Cp`
0x70,0x68,0x21,0x7A,0x49,0x07,0xC9,0x0E,0x08,0x43,0x70,0x60,0x70,0x68,0x22,0x49,  //0x6d90~0x6d9f      ph!zI....Cp`ph"I
0x08,0x40,0x70,0x60,0x70,0x68,0x61,0x7A,0x49,0x01,0x08,0x43,0x70,0x60,0x70,0x68,  //0x6da0~0x6daf      .@p`phazI..Cp`ph
0x1E,0x49,0x08,0x40,0x70,0x60,0x70,0x68,0xA1,0x7A,0x89,0x03,0x08,0x43,0x70,0x60,  //0x6db0~0x6dbf      .I.@p`ph.z...Cp`
0xE8,0x7E,0x00,0x28,0x02,0xD0,0x04,0xE0,0x38,0x43,0xD4,0xE7,0x28,0x46,0x00,0xF0,  //0x6dc0~0x6dcf      .~.(....8C..(F..
0x2F,0xF8,0x00,0x20,0x70,0x63,0x30,0x63,0xE0,0x7A,0xE9,0x69,0xFF,0xF7,0x62,0xFF,  //0x6dd0~0x6ddf      /...pc0c.z.i..b.
0xE0,0x79,0x08,0x25,0x00,0x28,0x0C,0xD0,0x70,0x68,0xB8,0x43,0x70,0x60,0x30,0x68,  //0x6de0~0x6def      .y.%.(..ph.Cp`0h
0x28,0x43,0x30,0x60,0x03,0x21,0x0B,0x20,0xFF,0xF7,0xD6,0xFC,0x0B,0x20,0xFF,0xF7,  //0x6df0~0x6dff      (C0`.!..........
0x8D,0xFC,0xA0,0x79,0x00,0x28,0x0C,0xD0,0x30,0x68,0xA8,0x43,0x30,0x60,0x70,0x68,  //0x6e00~0x6e0f      ...y.(..0h.C0`ph
0x38,0x43,0x70,0x60,0x03,0x21,0x0C,0x20,0xFF,0xF7,0xC6,0xFC,0x0C,0x20,0xFF,0xF7,  //0x6e10~0x6e1f      8Cp`.!..........
0x7D,0xFC,0xF8,0xBD,0x00,0x06,0x03,0x00,0x1F,0xC0,0xFF,0xFF,0xFF,0x3F,0x80,0xFF,  //0x6e20~0x6e2f      }............?..
0x70,0xB5,0x04,0x46,0x40,0x1C,0xF9,0xF7,0x44,0xFC,0x00,0x02,0x21,0x79,0x00,0x0A,  //0x6e30~0x6e3f      p..F@...D...!y..
0x09,0x06,0x1D,0x4D,0x08,0x43,0x28,0x61,0x60,0x1D,0xF9,0xF7,0x3A,0xFC,0x00,0x02,  //0x6e40~0x6e4f      ...M.C(a`...:...
0x21,0x7A,0x00,0x0A,0x09,0x06,0x08,0x43,0x68,0x61,0x20,0x46,0x09,0x30,0xF9,0xF7,  //0x6e50~0x6e5f      !z.....Cha.F.0..
0x30,0xFC,0x00,0x02,0x21,0x7B,0x00,0x0A,0x09,0x06,0x08,0x43,0xA8,0x61,0x20,0x46,  //0x6e60~0x6e6f      0...!{.....C.a.F
0x0D,0x30,0xF9,0xF7,0x26,0xFC,0x00,0x02,0x21,0x7C,0x00,0x0A,0x09,0x06,0x08,0x43,  //0x6e70~0x6e7f      .0..&...!|.....C
0xE8,0x61,0x20,0x46,0x11,0x30,0xF9,0xF7,0x1C,0xFC,0x00,0x02,0x21,0x7D,0x00,0x0A,  //0x6e80~0x6e8f      .a.F.0......!}..
0x09,0x06,0x08,0x43,0x28,0x62,0x20,0x46,0x15,0x30,0xF9,0xF7,0x12,0xFC,0x00,0x02,  //0x6e90~0x6e9f      ...C(b.F.0......
0x21,0x7E,0x00,0x0A,0x09,0x06,0x08,0x43,0x68,0x62,0xA0,0x7E,0x61,0x7E,0x00,0x02,  //0x6ea0~0x6eaf      !~.....Chb.~a~..
0x08,0x43,0xA8,0x62,0x70,0xBD,0x00,0x00,0x00,0x06,0x03,0x00,0x04,0x49,0x10,0x22,  //0x6eb0~0x6ebf      .C.bp........I."
0x00,0x28,0x08,0x68,0x01,0xD0,0x10,0x43,0x00,0xE0,0x90,0x43,0x08,0x60,0x70,0x47,  //0x6ec0~0x6ecf      .(.h...C...C.`pG
0x00,0x06,0x03,0x00,0xF8,0xB5,0x0F,0x46,0x06,0x46,0xFF,0xF7,0x41,0xFD,0x30,0x4D,  //0x6ed0~0x6edf      .......F.F..A.0M
0x30,0x4C,0xF0,0x07,0x0E,0xD0,0x07,0x20,0xFF,0xF7,0x24,0xFC,0xE8,0x68,0x40,0x21,  //0x6ee0~0x6eef      0L........$..h@!
0x08,0x43,0xE8,0x60,0xE8,0x68,0x80,0x21,0x08,0x43,0xE8,0x60,0x60,0x68,0x20,0x21,  //0x6ef0~0x6eff      .C.`.h.!.C.``h.!
0x08,0x43,0x60,0x60,0xB0,0x07,0x13,0xD5,0x04,0x21,0x01,0x20,0x00,0xF0,0xCA,0xF8,  //0x6f00~0x6f0f      .C``.....!......
0x06,0x22,0x02,0x21,0x04,0x20,0x00,0xF0,0x5B,0xFA,0x0A,0x20,0xFF,0xF7,0x0A,0xFC,  //0x6f10~0x6f1f      .".!....[.......
0x60,0x68,0x10,0x21,0x08,0x43,0x60,0x60,0x60,0x68,0x08,0x21,0x08,0x43,0x60,0x60,  //0x6f20~0x6f2f      `h.!.C```h.!.C``
0x01,0x20,0xFF,0xF7,0xFF,0xFB,0x1C,0x49,0x78,0x01,0x08,0x62,0xC8,0x69,0x04,0x22,  //0x6f30~0x6f3f      .......Ix..b.i."
0x10,0x43,0xC8,0x61,0x00,0x20,0x6A,0x46,0x01,0xE0,0x10,0x78,0x40,0x1C,0x10,0x70,  //0x6f40~0x6f4f      .C.a..jF...x@..p
0x10,0x78,0x3C,0x28,0xF9,0xD3,0xC8,0x69,0x02,0x23,0x98,0x43,0xC8,0x61,0xC8,0x69,  //0x6f50~0x6f5f      .x<(...i.#.C.a.i
0x01,0x26,0x30,0x43,0xC8,0x61,0x00,0xF0,0x23,0xF8,0x60,0x68,0x43,0x21,0x08,0x43,  //0x6f60~0x6f6f      .&0C.a..#.`hC!.C
0x60,0x60,0x28,0x68,0x01,0x07,0x0D,0x48,0x02,0xD5,0x01,0x78,0x31,0x43,0x01,0x70,  //0x6f70~0x6f7f      ``(h...H...x1C.p
0xE1,0x68,0x49,0x06,0x02,0xD5,0x01,0x78,0x19,0x43,0x01,0x70,0xFF,0xF7,0x9E,0xFD,  //0x6f80~0x6f8f      .hI....x.C.p....
0x00,0xF0,0x1E,0xF8,0x00,0xF0,0x14,0xF8,0xFF,0xF7,0xC4,0xFD,0xF8,0xBD,0x00,0x00,  //0x6f90~0x6f9f      ................
0x00,0x03,0x03,0x00,0x00,0x00,0x03,0x00,0x00,0x05,0x03,0x00,0x30,0x00,0x01,0x00,  //0x6fa0~0x6faf      ............0...
0x03,0x21,0x09,0x04,0x48,0x68,0x01,0x22,0x92,0x03,0x10,0x43,0x48,0x60,0x70,0x47,  //0x6fb0~0x6fbf      .!..Hh."...CH`pG
0x03,0x21,0x09,0x04,0x48,0x68,0x8A,0x10,0x90,0x43,0x48,0x60,0x70,0x47,0x00,0x00,  //0x6fc0~0x6fcf      .!..Hh...CH`pG..
0x03,0x20,0x00,0x04,0x41,0x68,0x08,0x22,0x11,0x43,0x41,0x60,0x41,0x68,0x10,0x22,  //0x6fd0~0x6fdf      ....Ah.".CA`Ah."
0x91,0x43,0x41,0x60,0x42,0x68,0x04,0x21,0x0A,0x43,0x42,0x60,0x42,0x68,0x8A,0x43,  //0x6fe0~0x6fef      .CA`Bh.!.CB`Bh.C
0x42,0x60,0x07,0x49,0xCA,0x68,0x80,0x23,0x1A,0x43,0xCA,0x60,0x42,0x68,0x20,0x23,  //0x6ff0~0x6fff      B`.I.h.#.C.`Bh.#
0x9A,0x43,0x42,0x60,0xC8,0x68,0x40,0x22,0x90,0x43,0xC8,0x60,0x70,0x47,0x00,0x00,  //0x7000~0x700f      .CB`.h@".C.`pG..
0x00,0x03,0x03,0x00,0x10,0xB5,0x03,0x20,0x00,0x04,0x01,0x68,0x01,0x22,0x52,0x03,  //0x7010~0x701f      ...........h."R.
0x11,0x43,0x01,0x60,0xFF,0x20,0xF5,0x30,0x00,0xF0,0x06,0xF8,0x01,0x49,0x01,0x20,  //0x7020~0x702f      .C.`...0.....I..
0x08,0x60,0x10,0xBD,0x00,0x05,0x03,0x00,0x10,0xB5,0x7D,0x21,0xC0,0x03,0xC9,0x00,  //0x7030~0x703f      .`........}!....
0xF9,0xF7,0x50,0xFB,0x01,0x49,0x88,0x60,0x10,0xBD,0x00,0x00,0x00,0x05,0x03,0x00,  //0x7040~0x704f      ..P..I.`........
0x01,0x48,0x00,0x68,0x70,0x47,0x00,0x00,0x34,0x00,0x01,0x00,0xC1,0x22,0x92,0x02,  //0x7050~0x705f      .H.hpG..4...."..
0x11,0x69,0x81,0x43,0x11,0x61,0x70,0x47,0xC1,0x22,0x92,0x02,0x11,0x69,0x01,0x43,  //0x7060~0x706f      .i.C.apG."...i.C
0x11,0x61,0x70,0x47,0x04,0x4A,0x04,0x28,0x00,0xD1,0x51,0x70,0x50,0x78,0xC1,0x21,  //0x7070~0x707f      .apG.J.(..QpPx.!
0x89,0x02,0x48,0x63,0x70,0x47,0x00,0x00,0x08,0x00,0x01,0x00,0x04,0x4A,0x04,0x28,  //0x7080~0x708f      ..HcpG.......J.(
0x00,0xD1,0x91,0x70,0x90,0x78,0xC1,0x21,0x89,0x02,0x08,0x63,0x70,0x47,0x00,0x00,  //0x7090~0x709f      ...p.x.!...cpG..
0x08,0x00,0x01,0x00,0x00,0x28,0x08,0xD0,0xC1,0x22,0x92,0x02,0x01,0x28,0x05,0xD0,  //0x70a0~0x70af      .....(..."...(..
0x02,0x28,0x02,0xD1,0x50,0x69,0x08,0x43,0x50,0x61,0x70,0x47,0x50,0x69,0x88,0x43,  //0x70b0~0x70bf      .(..Pi.CPapGPi.C
0xFA,0xE7,0x00,0x00,0x04,0x48,0xC1,0x68,0x40,0x22,0x91,0x43,0xC1,0x60,0xC1,0x68,  //0x70c0~0x70cf      .....H.h@".C.`.h
0x38,0x22,0x11,0x43,0xC1,0x60,0x70,0x47,0x00,0x03,0x03,0x00,0x00,0xB5,0x85,0xB0,  //0x70d0~0x70df      8".C.`pG........
0x01,0x22,0x52,0x03,0x00,0x21,0x01,0x92,0x04,0x23,0x00,0x91,0x6A,0x46,0x13,0x72,  //0x70e0~0x70ef      ."R..!...#..jF.r
0x51,0x72,0x40,0x06,0x40,0x0E,0x90,0x72,0x2C,0x21,0xD1,0x72,0x10,0x73,0x01,0x20,  //0x70f0~0x70ff      Qr@.@..r,!.r.s..
0x50,0x73,0x90,0x73,0xD0,0x73,0x80,0x20,0x10,0x74,0x68,0x46,0x00,0xF0,0x0E,0xF8,  //0x7100~0x710f      Ps.s.s...thF....
0x05,0xB0,0x00,0xBD,0x10,0xB5,0x05,0x22,0x00,0x21,0x04,0x20,0x00,0xF0,0x58,0xF9,  //0x7110~0x711f      .......".!....X.
0x05,0x22,0x01,0x21,0x04,0x20,0x00,0xF0,0x53,0xF9,0x10,0xBD,0x70,0xB5,0x04,0x46,  //0x7120~0x712f      .".!....S...p..F
0xFF,0xF7,0xF0,0xFF,0x61,0x7B,0xA0,0x7A,0xC9,0x01,0x08,0x43,0xE1,0x7A,0xA2,0x7B,  //0x7130~0x713f      ....a{.z...C.z.{
0x09,0x02,0xD2,0x03,0x11,0x43,0x08,0x43,0x21,0x7B,0x18,0x4D,0x09,0x04,0x08,0x43,  //0x7140~0x714f      .....C.C!{.M...C
0xE1,0x7B,0xC9,0x05,0x08,0x43,0x68,0x60,0x60,0x7A,0x80,0x07,0x80,0x0E,0x28,0x60,  //0x7150~0x715f      .{...Ch``z....(`
0x03,0xCC,0x08,0x43,0x21,0x78,0x09,0x07,0x09,0x0D,0x08,0x43,0xE8,0x60,0xFF,0xF7,  //0x7160~0x716f      ...C!x.....C.`..
0xA9,0xFF,0x00,0x21,0x04,0x20,0xFF,0xF7,0xF5,0xFA,0x00,0x21,0x05,0x20,0xFF,0xF7,  //0x7170~0x717f      ...!.......!....
0xF1,0xFA,0x00,0x21,0x06,0x20,0xFF,0xF7,0xED,0xFA,0x04,0x20,0xFF,0xF7,0xBA,0xFA,  //0x7180~0x718f      ...!............
0x05,0x20,0xFF,0xF7,0xB7,0xFA,0x06,0x20,0xFF,0xF7,0xB4,0xFA,0x06,0x20,0xFF,0xF7,  //0x7190~0x719f      ................
0xB1,0xFA,0x00,0x20,0x68,0x61,0x01,0x20,0x70,0xBD,0x00,0x00,0x00,0x03,0x03,0x00,  //0x71a0~0x71af      ....ha..p.......
0x02,0x48,0xC1,0x68,0x08,0x22,0x11,0x43,0xC1,0x60,0x70,0x47,0x00,0x03,0x03,0x00,  //0x71b0~0x71bf      .H.h.".C.`pG....
0x02,0x48,0xC1,0x68,0x20,0x22,0x11,0x43,0xC1,0x60,0x70,0x47,0x00,0x03,0x03,0x00,  //0x71c0~0x71cf      .H.h.".C.`pG....
0x02,0x48,0xC1,0x68,0x10,0x22,0x11,0x43,0xC1,0x60,0x70,0x47,0x00,0x03,0x03,0x00,  //0x71d0~0x71df      .H.h.".C.`pG....
0x02,0x48,0xC1,0x68,0x40,0x22,0x91,0x43,0xC1,0x60,0x70,0x47,0x00,0x03,0x03,0x00,  //0x71e0~0x71ef      .H.h@".C.`pG....
0xFF,0xF7,0x4E,0xF9,0x06,0x49,0x07,0x4D,0x88,0x78,0x40,0x1C,0x88,0x70,0x00,0x24,  //0x71f0~0x71ff      ..N..I.M.x@..p.$
0x2C,0x80,0xFF,0xF7,0xAB,0xF8,0xFE,0xF7,0x31,0xFE,0xFC,0xF7,0x8D,0xFA,0xF7,0xE7,  //0x7200~0x720f      ,.......1.......
0x42,0x00,0x01,0x00,0x40,0x00,0x01,0x00,0x00,0x23,0x01,0x60,0x03,0x71,0x43,0x71,  //0x7210~0x721f      B...@....#.`.qCq
0x83,0x71,0xC2,0x71,0x0B,0x80,0x4B,0x80,0x70,0x47,0xF3,0xB5,0x04,0x46,0x82,0x79,  //0x7220~0x722f      .q.q..K.pG...F.y
0xC3,0x79,0x40,0x79,0xA1,0xB0,0x40,0x00,0x21,0x68,0x9A,0x42,0x22,0x9A,0x0A,0x52,  //0x7230~0x723f      .y@y..@.!h.B"..R
0x03,0xD2,0xA0,0x79,0x40,0x1C,0xA0,0x71,0x08,0xE0,0x20,0x79,0x40,0x1C,0xC0,0xB2,  //0x7240~0x724f      ...y@..q...y@...
0x20,0x71,0xE1,0x79,0x88,0x42,0x01,0xD1,0x00,0x20,0x20,0x71,0x60,0x79,0x40,0x1C,  //0x7250~0x725f      .q.y.B.....q`y@.
0xC0,0xB2,0x60,0x71,0xE1,0x79,0x88,0x42,0x01,0xD1,0x00,0x20,0x60,0x71,0xA0,0x79,  //0x7260~0x726f      ..`q.y.B....`q.y
0x21,0x68,0x42,0x00,0x68,0x46,0xF9,0xF7,0xC3,0xF9,0xA7,0x79,0x00,0x22,0x78,0x1E,  //0x7270~0x727f      !hB.hF.....y."x.
0x69,0x46,0x86,0x46,0x11,0xE0,0x50,0x1C,0x84,0x46,0xC0,0xB2,0x56,0x00,0x08,0xE0,  //0x7280~0x728f      iF.F..P..F..V...
0x45,0x00,0x8B,0x5B,0x4A,0x5B,0x93,0x42,0x01,0xD9,0x8A,0x53,0x4B,0x53,0x40,0x1C,  //0x7290~0x729f      E..[J[.B...SKS@.
0xC0,0xB2,0xB8,0x42,0xF4,0xD3,0x60,0x46,0xC2,0xB2,0x72,0x45,0xEB,0xDB,0xA0,0x79,  //0x72a0~0x72af      ...B..`F..rE...y
0x00,0x28,0x06,0xD0,0xC2,0x07,0x02,0x46,0x05,0xD0,0x52,0x08,0x52,0x00,0x89,0x5A,  //0x72b0~0x72bf      .(.....F..R.R..Z
0x09,0xE0,0x00,0x21,0x07,0xE0,0x52,0x08,0x52,0x00,0x8B,0x5A,0x51,0x18,0x40,0x39,  //0x72c0~0x72cf      ...!..R.R..ZQ.@9
0xC9,0x8F,0x59,0x18,0x49,0x08,0xE2,0x79,0x90,0x42,0x02,0xD8,0x22,0x98,0x23,0xB0,  //0x72d0~0x72df      ..Y.I..y.B..".#.
0xF0,0xBD,0x08,0x46,0xFB,0xE7,0x00,0xB5,0x03,0x22,0x12,0x04,0x11,0x68,0x03,0x00,  //0x72e0~0x72ef      ...F....."...h..
0xFF,0xF7,0xFB,0xF9,0x05,0x04,0x07,0x09,0x10,0x12,0x0B,0x00,0x49,0x08,0x49,0x00,  //0x72f0~0x72ff      ............I.I.
0x03,0xE0,0x02,0x20,0x00,0xE0,0x04,0x20,0x81,0x43,0x11,0x60,0x1F,0x20,0x01,0x43,  //0x7300~0x730f      .........C.`...C
0x11,0x60,0x00,0xBD,0x08,0x20,0xF7,0xE7,0x10,0x20,0xF5,0xE7,0x0D,0x48,0x00,0x21,  //0x7310~0x731f      .`...........H.!
0x41,0x63,0x81,0x6B,0x10,0x22,0x91,0x43,0x81,0x63,0x81,0x6B,0x20,0x22,0x91,0x43,  //0x7320~0x732f      Ac.k.".C.c.k.".C
0x81,0x63,0x81,0x6B,0x40,0x22,0x91,0x43,0x81,0x63,0x81,0x6B,0x80,0x22,0x91,0x43,  //0x7330~0x733f      .c.k@".C.c.k.".C
0x81,0x63,0x81,0x6B,0x52,0x00,0x91,0x43,0x81,0x63,0x81,0x6B,0x52,0x00,0x91,0x43,  //0x7340~0x734f      .c.kR..C.c.kR..C
0x81,0x63,0x70,0x47,0x40,0x02,0x03,0x00,0x04,0x48,0x41,0x78,0x00,0x29,0x02,0xD1,  //0x7350~0x735f      .cpG@....HAx.)..
0x00,0x78,0x00,0x28,0x01,0xD0,0x02,0x48,0x80,0x7A,0x70,0x47,0x08,0x06,0x01,0x00,  //0x7360~0x736f      .x.(...H.zpG....
0x8E,0x05,0x01,0x00,0xF8,0xB5,0x06,0x46,0x0C,0x46,0xF9,0xF7,0xCF,0xFA,0x05,0x1E,  //0x7370~0x737f      .......F.F......
0x0F,0x46,0x00,0xD0,0x01,0x20,0x01,0x43,0x49,0x00,0x0B,0x48,0x49,0x08,0x41,0x1A,  //0x7380~0x738f      .F.....CI..HI.A.
0xC9,0x0F,0x0D,0xD0,0x00,0x2E,0x01,0xD0,0x01,0x21,0x00,0xE0,0x00,0x21,0x0C,0x43,  //0x7390~0x739f      .........!...!.C
0x61,0x00,0x49,0x08,0x40,0x1A,0xC0,0x0F,0x02,0xD1,0x01,0x20,0xF9,0xF7,0xAF,0xFA,  //0x73a0~0x73af      a.I.@...........
0x28,0x46,0x39,0x46,0xF8,0xBD,0x00,0x00,0x00,0x00,0xF0,0x7F,0x03,0x20,0x00,0x04,  //0x73b0~0x73bf      (F9F............
0x01,0x68,0x02,0x4A,0x11,0x43,0x01,0x60,0x70,0x47,0x00,0x00,0x00,0xF8,0x1F,0x00,  //0x73c0~0x73cf      .h.J.C.`pG......
0xF0,0xB5,0xC1,0x24,0x16,0x07,0x8B,0x00,0xA4,0x02,0x0F,0x27,0x36,0x0F,0x1B,0x4D,  //0x73d0~0x73df      ...$.......'6..M
0x04,0x28,0x10,0xD0,0x8E,0x00,0x0F,0x23,0xB3,0x40,0x11,0x07,0x09,0x0F,0xB1,0x40,  //0x73e0~0x73ef      .(.....#.@.....@
0x00,0x28,0x17,0xD0,0x01,0x28,0x1A,0xD0,0x02,0x28,0x1D,0xD0,0x03,0x28,0x20,0xD0,  //0x73f0~0x73ff      .(...(...(...(..
0x05,0x28,0x0D,0xD0,0xF0,0xBD,0x03,0x29,0x08,0xD0,0x02,0x29,0x08,0xD0,0xE0,0x68,  //0x7400~0x740f      .(.....)...)...h
0x9F,0x40,0xB8,0x43,0x9E,0x40,0x06,0x43,0xE6,0x60,0xF0,0xBD,0x1B,0x1F,0xF6,0xE7,  //0x7410~0x741f      .@.C.@.C.`......
0xAA,0x60,0xF0,0xBD,0x20,0x68,0x98,0x43,0x01,0x43,0x21,0x60,0xF0,0xBD,0x60,0x68,  //0x7420~0x742f      .`...h.C.C!`..`h
0x98,0x43,0x01,0x43,0x61,0x60,0xF0,0xBD,0xA0,0x68,0x98,0x43,0x01,0x43,0xA1,0x60,  //0x7430~0x743f      .C.Ca`...h.C.C.`
0xF0,0xBD,0xE8,0x68,0x98,0x43,0x01,0x43,0xE9,0x60,0xF0,0xBD,0x40,0x04,0x03,0x00,  //0x7440~0x744f      ...h.C.C.`..@...
0xF0,0xB5,0x1E,0x4C,0x20,0x60,0x03,0x25,0x2D,0x04,0x69,0x68,0x1C,0x4E,0x3F,0x23,  //0x7450~0x745f      ...L.`.%-.ih.N?#
0x87,0x1B,0x1B,0x02,0x80,0x22,0xB0,0x42,0x20,0xD0,0x0C,0xDC,0x19,0x4E,0x80,0x19,  //0x7460~0x746f      .....".B.....N..
0x27,0xD0,0x80,0x19,0x20,0xD0,0x76,0x00,0xF0,0x42,0x0D,0xD1,0x11,0x43,0x99,0x43,  //0x7470~0x747f      '.....v..B...C.C
0x01,0x20,0xC0,0x02,0x16,0xE0,0x12,0x48,0x40,0x42,0x38,0x18,0x09,0xD0,0x12,0x4B,  //0x7480~0x748f      .......H@B8....K
0xD8,0x42,0x01,0xD1,0x91,0x43,0x02,0xE0,0x10,0x48,0x91,0x43,0x20,0x60,0x69,0x60,  //0x7490~0x749f      .B...C...H.C.`i`
0xF0,0xBD,0x11,0x43,0x99,0x43,0x01,0x20,0x40,0x02,0x03,0xE0,0x11,0x43,0x99,0x43,  //0x74a0~0x74af      ...C.C..@....C.C
0x01,0x20,0x80,0x02,0x01,0x43,0xF2,0xE7,0x11,0x43,0x99,0x43,0x01,0x20,0x00,0x03,  //0x74b0~0x74bf      .....C...C.C....
0xF8,0xE7,0x11,0x43,0x99,0x43,0x01,0x20,0x40,0x03,0xF3,0xE7,0x34,0x00,0x01,0x00,  //0x74c0~0x74cf      ...C.C..@...4...
0x00,0x12,0x7A,0x00,0xC0,0xBD,0xF0,0xFF,0x00,0xDC,0x0B,0xFF,0x00,0x48,0xE8,0x01,  //0x74d0~0x74df      ..z..........H..
0x70,0xB5,0x04,0x46,0x17,0x48,0x0D,0x46,0x01,0x60,0xFF,0xF7,0xB1,0xFD,0x16,0x49,  //0x74e0~0x74ef      p..F.H.F.`.....I
0xF9,0xF7,0xF8,0xF8,0x68,0x43,0x00,0x01,0x00,0x09,0x60,0x60,0x05,0x20,0x20,0x60,  //0x74f0~0x74ff      ....hC....``...`
0x12,0x4E,0x12,0x48,0x10,0x3E,0x84,0x42,0x06,0xD1,0x30,0x69,0x03,0x21,0x02,0x20,  //0x7500~0x750f      .N.H.>.B..0i.!..
0xFF,0xF7,0x6C,0xF9,0x02,0x20,0x11,0xE0,0x0C,0x48,0x0C,0x30,0x84,0x42,0x0F,0xD1,  //0x7510~0x751f      ..l......H.0.B..
0x7D,0x21,0x68,0x01,0xC9,0x00,0xF9,0xF7,0xDD,0xF8,0x00,0x01,0x00,0x09,0x60,0x60,  //0x7520~0x752f      }!h...........``
0xF0,0x69,0x01,0x21,0x08,0x46,0xFF,0xF7,0x59,0xF9,0x01,0x20,0xFF,0xF7,0x06,0xF9,  //0x7530~0x753f      .i.!.F..Y.......
0x70,0xBD,0x00,0x00,0x3C,0x00,0x01,0x00,0x40,0x42,0x0F,0x00,0x10,0x05,0x03,0x00,  //0x7540~0x754f      p...<...@B......
0x01,0x68,0x04,0x22,0x11,0x43,0x01,0x60,0x70,0x47,0x70,0x47,0x00,0x00,0x02,0x00,  //0x7550~0x755f      .h.".C.`pGpG....
0x00,0x01,0x03,0x00,0x00,0x02,0x03,0x00,0xB6,0x03,0xC2,0x01,0xDC,0x00,0x6E,0x00,  //0x7560~0x756f      ..............n.
0x01,0x03,0x00,0x00,0x00,0x00,0x00,0x00,0x01,0x01,0x00,0x00,0x9A,0x05,0x01,0x00,  //0x7570~0x757f      ................
0x01,0x01,0x00,0x00,0x9B,0x05,0x01,0x00,0x01,0x01,0x00,0x00,0x9A,0x05,0x01,0x00,  //0x7580~0x758f      ................
0x01,0x01,0x00,0x00,0x9A,0x05,0x01,0x00,0x01,0x02,0x00,0x00,0xA8,0x05,0x01,0x00,  //0x7590~0x759f      ................
0x01,0x01,0x00,0x00,0xAE,0x01,0x01,0x00,0x00,0x38,0x00,0x00,0xC0,0x04,0x01,0x00,  //0x75a0~0x75af      .........8......
0x00,0x38,0x00,0x00,0xF8,0x04,0x01,0x00,0x01,0x01,0x00,0x00,0x13,0x06,0x01,0x00,  //0x75b0~0x75bf      .8..............
0x01,0x02,0x00,0x00,0xB2,0x01,0x01,0x00,0x01,0x01,0x00,0x00,0xAA,0x05,0x01,0x00,  //0x75c0~0x75cf      ................
0x01,0x01,0x00,0x00,0x14,0x06,0x01,0x00,0x01,0x01,0x00,0x00,0x15,0x06,0x01,0x00,  //0x75d0~0x75df      ................
0x01,0x01,0x00,0x00,0x9C,0x05,0x01,0x00,0x01,0x01,0x00,0x00,0xAF,0x01,0x01,0x00,  //0x75e0~0x75ef      ................
0x01,0x01,0x00,0x00,0xA7,0x00,0x01,0x00,0x01,0x01,0x00,0x00,0x6D,0x00,0x01,0x00,  //0x75f0~0x75ff      ............m...
0x01,0x01,0x00,0x00,0x6E,0x00,0x01,0x00,0x01,0x01,0x00,0x00,0x6F,0x00,0x01,0x00,  //0x7600~0x760f      ....n.......o...
0x00,0x38,0x00,0x00,0x88,0x04,0x01,0x00,0x01,0x01,0x00,0x00,0x99,0x01,0x01,0x00,  //0x7610~0x761f      .8..............
0x01,0x01,0x00,0x00,0xA4,0x05,0x01,0x00,0x01,0x01,0x00,0x00,0x16,0x06,0x01,0x00,  //0x7620~0x762f      ................
0x00,0x09,0x00,0x00,0x3D,0x09,0x01,0x00,0x00,0x38,0x00,0x00,0x88,0x04,0x01,0x00,  //0x7630~0x763f      ....=....8......
0x01,0x01,0x00,0x00,0x74,0x01,0x01,0x00,0x01,0x04,0x00,0x00,0xD4,0x01,0x01,0x00,  //0x7640~0x764f      ....t...........
0x01,0x02,0x00,0x00,0x34,0x05,0x01,0x00,0x01,0x01,0x00,0x00,0x75,0x01,0x01,0x00,  //0x7650~0x765f      ....4.......u...
0x01,0x1C,0x00,0x00,0x76,0x01,0x01,0x00,0x01,0x01,0x00,0x00,0x7E,0x00,0x01,0x00,  //0x7660~0x766f      ....v.......~...
0x01,0x02,0x00,0x00,0xC2,0x03,0x01,0x00,0x01,0x01,0x00,0x00,0x00,0x00,0x00,0x00,  //0x7670~0x767f      ................
0x01,0x1C,0x00,0x00,0x36,0x05,0x01,0x00,0x00,0x07,0x00,0x00,0x2A,0x02,0x00,0x00,  //0x7680~0x768f      ....6.......*...
0x01,0x01,0x00,0x00,0x2C,0x02,0x00,0x00,0x00,0x02,0x00,0x00,0x2D,0x02,0x00,0x00,  //0x7690~0x769f      ....,.......-...
0x01,0x01,0x00,0x00,0x00,0x00,0x00,0x00,0x00,0x09,0x00,0x00,0x00,0x02,0x00,0x00,  //0x76a0~0x76af      ................
0x01,0x1C,0x00,0x00,0x84,0x06,0x01,0x00,0x01,0x01,0x00,0x00,0xDA,0x03,0x01,0x00,  //0x76b0~0x76bf      ................
0x01,0x01,0x00,0x00,0xDB,0x03,0x01,0x00,0x00,0x01,0x00,0x00,0x80,0x06,0x01,0x00,  //0x76c0~0x76cf      ................
0x00,0x01,0x00,0x00,0x81,0x06,0x01,0x00,0x00,0x01,0x00,0x00,0x82,0x06,0x01,0x00,  //0x76d0~0x76df      ................
0x00,0x01,0x00,0x00,0x83,0x06,0x01,0x00,0x01,0x01,0x00,0x00,0xA5,0x05,0x01,0x00,  //0x76e0~0x76ef      ................
0x01,0x01,0x00,0x00,0xA6,0x05,0x01,0x00,0x01,0x01,0x00,0x00,0x9D,0x05,0x01,0x00,  //0x76f0~0x76ff      ................
0x01,0x01,0x00,0x00,0x9E,0x05,0x01,0x00,0x01,0x01,0x00,0x00,0x00,0x00,0x00,0x00,  //0x7700~0x770f      ................
0x01,0x03,0x00,0x00,0x9A,0x01,0x01,0x00,0x01,0x01,0x00,0x00,0xA0,0x05,0x01,0x00,  //0x7710~0x771f      ................
0x01,0x02,0x00,0x00,0x2F,0x02,0x00,0x00,0x01,0x01,0x00,0x00,0xB0,0x01,0x01,0x00,  //0x7720~0x772f      ..../...........
0x01,0x01,0x00,0x00,0x71,0x00,0x01,0x00,0x00,0x02,0x00,0x00,0x72,0x00,0x01,0x00,  //0x7730~0x773f      ....q.......r...
0x01,0x01,0x00,0x00,0xD3,0x01,0x01,0x00,0x01,0x02,0x00,0x00,0xCE,0x03,0x01,0x00,  //0x7740~0x774f      ................
0x01,0x04,0x00,0x00,0xE8,0x01,0x01,0x00,0x01,0x04,0x00,0x00,0xEC,0x01,0x01,0x00,  //0x7750~0x775f      ................
0x01,0x01,0x00,0x00,0xA2,0x05,0x01,0x00,0x01,0x01,0x00,0x00,0x19,0x06,0x01,0x00,  //0x7760~0x776f      ................
0x01,0x01,0x00,0x00,0xD1,0x03,0x01,0x00,0x01,0x01,0x00,0x00,0x00,0x00,0x00,0x00,  //0x7770~0x777f      ................
0x01,0x04,0x00,0x00,0xA0,0x01,0x01,0x00,0x00,0x07,0x00,0x00,0xA4,0x01,0x01,0x00,  //0x7780~0x778f      ................
0x00,0x14,0x00,0x00,0x0F,0x02,0x00,0x00,0x01,0x01,0x00,0x00,0xC4,0x03,0x01,0x00,  //0x7790~0x779f      ................
0x01,0x01,0x00,0x00,0xC5,0x03,0x01,0x00,0x01,0x01,0x00,0x00,0x00,0x00,0x00,0x00,  //0x77a0~0x77af      ................
0x01,0x01,0x00,0x00,0x00,0x00,0x00,0x00,0x01,0x01,0x00,0x00,0x00,0x00,0x00,0x00,  //0x77b0~0x77bf      ................
0x01,0x01,0x00,0x00,0x00,0x00,0x00,0x00,0x01,0x01,0x00,0x00,0x00,0x00,0x00,0x00,  //0x77c0~0x77cf      ................
0x01,0x01,0x00,0x00,0x98,0x01,0x01,0x00,0x01,0x01,0x00,0x00,0x00,0x00,0x00,0x00,  //0x77d0~0x77df      ................
0x01,0x01,0x00,0x00,0x00,0x00,0x00,0x00,0x00,0x0E,0x00,0x00,0xD8,0x02,0x00,0x00,  //0x77e0~0x77ef      ................
0x00,0x04,0x00,0x00,0xE2,0x02,0x00,0x00,0x00,0x02,0x00,0x00,0x00,0x00,0x00,0x00,  //0x77f0~0x77ff      ................
0x00,0x01,0x00,0x00,0x4E,0x03,0x00,0x00,0x00,0x10,0x00,0x00,0x5F,0x03,0x00,0x00,  //0x7800~0x780f      ....N......._...
0x01,0x01,0x00,0x00,0xA7,0x05,0x01,0x00,0x01,0x02,0x00,0x00,0x94,0x05,0x01,0x00,  //0x7810~0x781f      ................
0x01,0x01,0x00,0x00,0x00,0x00,0x00,0x00,0x01,0x00,0x00,0x00,0x00,0x00,0x00,0x00,  //0x7820~0x782f      ................
0x01,0x00,0x00,0x00,0x00,0x00,0x00,0x00,0x01,0x00,0x00,0x00,0x00,0x00,0x00,0x00,  //0x7830~0x783f      ................
0x01,0x00,0x00,0x00,0x00,0x00,0x00,0x00,0x01,0x00,0x00,0x00,0x00,0x00,0x00,0x00,  //0x7840~0x784f      ................
0x01,0x00,0x00,0x00,0x00,0x00,0x00,0x00,0x01,0x00,0x00,0x00,0x00,0x00,0x00,0x00,  //0x7850~0x785f      ................
0x01,0x00,0x00,0x00,0x00,0x00,0x00,0x00,0x01,0x00,0x00,0x00,0x00,0x00,0x00,0x00,  //0x7860~0x786f      ................
0x01,0x00,0x00,0x00,0x00,0x00,0x00,0x00,0x01,0x00,0x00,0x00,0x00,0x00,0x00,0x00,  //0x7870~0x787f      ................
0x01,0x00,0x00,0x00,0x00,0x00,0x00,0x00,0x01,0x00,0x00,0x00,0x00,0x00,0x00,0x00,  //0x7880~0x788f      ................
0x01,0x00,0x00,0x00,0x00,0x00,0x00,0x00,0x01,0x00,0x00,0x00,0x00,0x00,0x00,0x00,  //0x7890~0x789f      ................
0x00,0x01,0x00,0x00,0x00,0x00,0x00,0x00,0x01,0x00,0x00,0x00,0x00,0x00,0x00,0x00,  //0x78a0~0x78af      ................
0x10,0x18,0x4B,0x00,0x00,0x00,0x00,0x00,0x15,0x1A,0x39,0x1C,0x1D,0x1E,0x37,0x20,  //0x78b0~0x78bf      ..K.......9...7.
0x21,0x22,0x26,0x28,0x29,0x2A,0x00,0x00,0x00,0x00,0x00,0x00,0x00,0x00,0x00,0x00,  //0x78c0~0x78cf      !"&()*..........
0x4C,0x14,0x00,0x51,0x57,0x58,0x59,0x5A,0x5B,0x5C,0x5D,0x5E,0x5F,0x60,0x61,0x62,  //0x78d0~0x78df      L..QWXYZ[.]^_`ab
0x63,0x64,0x65,0x43,0x00,0x14,0x00,0x00,0x45,0x46,0x52,0x53,0x47,0x48,0x00,0x34,  //0x78e0~0x78ef      cdeC....EFRSGH.4
0x00,0x00,0x56,0x55,0x00,0x00,0x00,0x00,0x00,0x00,0x00,0x00,0x00,0x00,0x00,0x00,  //0x78f0~0x78ff      ..VU............
0x00,0x00,0x38,0x00,0x00,0x00,0x00,0x00,0x00,0x00,0x00,0x00,0x00,0x00,0x0A,0x00,  //0x7900~0x790f      ..8.............
0x00,0x00,0x00,0x00,0x00,0x00,0x00,0x68,0x69,0x00,0x4F,0x50,0x00,0x00,0x00,0x00,  //0x7910~0x791f      .......hi.OP....
0x00,0x00,0x07,0x08,0x09,0x00,0x00,0x0C,0x0D,0x00,0x17,0x19,0x33,0x66,0x00,0x00,  //0x7920~0x792f      ............3f..
0x01,0x02,0x03,0x04,0x00,0x00,0x0E,0x16,0x31,0x32,0x34,0x05,0x40,0x0B,0x0F,0x3B,  //0x7930~0x793f      ........124.@..;
0x06,0x00,0x00,0x00,0x00,0x00,0x00,0x00,0x2B,0x2C,0x2D,0x2E,0x2F,0x30,0x00,0x00,  //0x7940~0x794f      ........+,-./0..
0x00,0x00,0x4D,0x00,0x4E,0x35,0x00,0x00,0x00,0x00,0x00,0x00,0x00,0x00,0x00,0x00,  //0x7950~0x795f      ..M.N5..........
0x00,0x00,0x00,0x54,0x44,0x24,0x23,0x25,0x27,0x36,0x42,0x00,0x00,0x00,0x00,0x00,  //0x7960~0x796f      ...TD$#%'6B.....
0x00,0x00,0x1B,0x00,0x00,0x00,0x00,0x00,0x00,0x00,0x00,0x00,0x00,0x00,0x00,0x00,  //0x7970~0x797f      ................
0x00,0x00,0x00,0x00,0x00,0x00,0x00,0x00,0x00,0x00,0x00,0x00,0x00,0x00,0x00,0x00,  //0x7980~0x798f      ................
0x00,0x00,0x00,0x00,0x00,0x00,0x00,0x00,0x00,0x00,0x00,0x00,0x00,0x00,0x1F,0x00,  //0x7990~0x799f      ................
0x00,0x00,0x00,0x00,0x00,0x00,0x3F,0x3E,0x3D,0x3C,0x00,0x3A,0x13,0x12,0x11,0x00,  //0x79a0~0x79af      ......?>=<.:....
0x14,0x7A,0x00,0x00,0x00,0x00,0x02,0x00,0xA2,0x00,0x01,0x00,0x00,0x00,0x00,0x00,  //0x79b0~0x79bf      .z..............
0xB8,0x03,0x01,0x00,0x50,0x04,0x01,0x00,0x88,0x04,0x01,0x00,0xC0,0x04,0x01,0x00,  //0x79c0~0x79cf      ....P...........
0xF8,0x04,0x01,0x00,0x30,0x05,0x01,0x00,0x32,0x05,0x01,0x00,0x60,0x7A,0x00,0x00,  //0x79d0~0x79df      ....0...2...`z..
0x79,0x0A,0x00,0x00,0x7D,0x39,0x00,0x00,0xB9,0x55,0x00,0x00,0x8D,0x30,0x00,0x00,  //0x79e0~0x79ef      y...}9...U...0..
0x8E,0x05,0x01,0x00,0x9A,0x05,0x01,0x00,0x02,0x64,0x00,0x00,0x90,0x05,0x01,0x00,  //0x79f0~0x79ff      .........d......
0x9B,0x05,0x01,0x00,0x02,0x64,0x00,0x00,0x00,0x00,0x00,0x00,0x00,0x00,0x00,0x00,  //0x7a00~0x7a0f      .....d..........
0x00,0x01,0x00,0x00,0x20,0x4D,0x6F,0x6F,0x72,0x65,0x50,0x6C,0x75,0x73,0x56,0x65,  //0x7a10~0x7a1f      .....MoorePlusVe
0x72,0x5F,0x44,0x65,0x62,0x75,0x67,0x56,0x5F,0x39,0x32,0x5F,0x52,0x65,0x6C,0x65,  //0x7a20~0x7a2f      r_DebugV_92_Rele
0x61,0x73,0x65,0x56,0x5F,0x31,0x5F,0x44,0x41,0x54,0x41,0x5F,0x44,0x65,0x63,0x20,  //0x7a30~0x7a3f      aseV_1_DATA_Dec.
0x31,0x36,0x20,0x32,0x30,0x32,0x35,0x5F,0x54,0x49,0x4D,0x45,0x5F,0x31,0x38,0x3A,  //0x7a40~0x7a4f      16.2025_TIME_18:
0x32,0x34,0x3A,0x30,0x34,0x5F,0x31,0x37,0x35,0x32,0x30,0x20,0x20,0x00,0x00,0x00,  //0x7a50~0x7a5f      24:04_17520.....
0x20,0x4D,0x6F,0x6F,0x72,0x65,0x50,0x6C,0x75,0x73,0x56,0x65,0x72,0x5F,0x4C,0x49,  //0x7a60~0x7a6f      .MoorePlusVer_LI
0x42,0x5F,0x44,0x41,0x54,0x41,0x5F,0x4E,0x6F,0x76,0x20,0x20,0x32,0x20,0x32,0x30,  //0x7a70~0x7a7f      B_DATA_Nov..2.20
0x32,0x34,0x5F,0x54,0x49,0x4D,0x45,0x5F,0x30,0x39,0x3A,0x33,0x35,0x3A,0x32,0x37,  //0x7a80~0x7a8f      24_TIME_09:35:27
0x5F,0x31,0x37,0x35,0x32,0x30,0x20,0x20,0x00,0x00,0x00,0x00,0xBC,0x7A,0x00,0x00,  //0x7a90~0x7a9f      _17520.......z..
0x00,0x00,0x01,0x00,0xD0,0x00,0x00,0x00,0x04,0x01,0x00,0x00,0x8C,0x7B,0x00,0x00,  //0x7aa0~0x7aaf      .............{..
0xD0,0x00,0x01,0x00,0x28,0x0E,0x00,0x00,0x20,0x01,0x00,0x00,0x00,0x00,0x00,0x00,  //0x7ab0~0x7abf      ....(...........
0x00,0x00,0x00,0x00,0x00,0x00,0x00,0x00,0x00,0x00,0x00,0x00,0x00,0x00,0x00,0x00,  //0x7ac0~0x7acf      ................
0x00,0x00,0x00,0x00,0x00,0x00,0x00,0x00,0x00,0x00,0x00,0x00,0x00,0x00,0x00,0x00,  //0x7ad0~0x7adf      ................
0x00,0x00,0x00,0x00,0x00,0x00,0x00,0x00,0x00,0x00,0x00,0x00,0x00,0x00,0x00,0x00,  //0x7ae0~0x7aef      ................
0x00,0x48,0xE8,0x01,0x00,0x00,0x00,0x00,0xE8,0x03,0x00,0x00,0x00,0x00,0x00,0x00,  //0x7af0~0x7aff      .H..............
0x00,0x00,0x00,0x00,0x00,0x00,0x00,0x00,0x00,0xC8,0x00,0x00,0x00,0x00,0x00,0x00,  //0x7b00~0x7b0f      ................
0x00,0x00,0x04,0x04,0x00,0x00,0x00,0x00,0x00,0x00,0x00,0x00,0x00,0x00,0x00,0x00,  //0x7b10~0x7b1f      ................
0x00,0x00,0x00,0x00,0x00,0x00,0x00,0x00,0x00,0xFF,0x00,0x00,0x01,0x00,0x00,0x00,  //0x7b20~0x7b2f      ................
0x55,0xAA,0x02,0x02,0x00,0x00,0x00,0x00,0x00,0x00,0x00,0x00,0x00,0x00,0x00,0x00,  //0x7b30~0x7b3f      U...............
0x00,0x00,0x00,0x00,0x00,0x00,0x00,0x00,0x00,0x00,0x00,0x00,0x00,0x00,0x00,0x00,  //0x7b40~0x7b4f      ................
0x00,0x00,0x00,0x00,0x00,0x00,0x00,0x00,0x00,0x00,0x00,0x00,0x00,0x00,0x00,0x00,  //0x7b50~0x7b5f      ................
0x00,0xFF,0xFF,0x00,0x00,0x00,0x00,0x00,0x00,0x00,0x00,0x01,0x00,0x00,0x00,0x00,  //0x7b60~0x7b6f      ................
0x00,0x00,0x00,0x00,0x00,0x00,0x00,0x00,0x00,0x00,0x00,0x00,0xFF,0x00,0x00,0x00,  //0x7b70~0x7b7f      ................
0x00,0x00,0x00,0x00,0x00,0x00,0x00,0x00,0x00,0x00,0x00,0x00  //0x7b80~0x7b8b      ............
};

const unsigned char bin_pj_info_arr[][20] = {"XYD210FC750"};
const unsigned char bin_pjid_arr[] = {1};
const unsigned char bin_fwid_arr[] = {1};
const unsigned char bin_arg_id_arr[] = {4};
const unsigned short checksum_arr[] = {0xaf68};
const unsigned short checksum_1k_arr[] = {0x6b44};
const unsigned short bin_argstr_id_arr[] = {0x0025};

#define FW_SIZE 0x7B8C

#endif