#if defined(LV_LVGL_H_INCLUDE_SIMPLE)
#include "lvgl.h"
#else
#include "lvgl/lvgl.h"
#endif


#ifndef LV_ATTRIBUTE_MEM_ALIGN
#define LV_ATTRIBUTE_MEM_ALIGN
#endif

#ifndef LV_ATTRIBUTE_IMG__ATTITUDEFUN_360X360
#define LV_ATTRIBUTE_IMG__ATTITUDEFUN_360X360
#endif

const LV_ATTRIBUTE_MEM_ALIGN LV_ATTRIBUTE_LARGE_CONST LV_ATTRIBUTE_IMG__ATTITUDEFUN_360X360 uint8_t _attitudefun_360x360_map[] = {
  0x2d, 0x2d, 0x2d, 0xff,   /*Color of index 0*/
  0x1d, 0x1d, 0x1d, 0xff,   /*Color of index 1*/
  0x18, 0x18, 0x18, 0xff,   /*Color of index 2*/
  0x15, 0x15, 0x15, 0xff,   /*Color of index 3*/
  0x11, 0x11, 0x11, 0xff,   /*Color of index 4*/
  0x0e, 0x0e, 0x0e, 0xff,   /*Color of index 5*/
  0x0b, 0x0b, 0x0b, 0xff,   /*Color of index 6*/
  0x09, 0x09, 0x09, 0xff,   /*Color of index 7*/
  0x08, 0x08, 0x08, 0xff,   /*Color of index 8*/
  0x07, 0x07, 0x07, 0xff,   /*Color of index 9*/
  0x05, 0x05, 0x05, 0xff,   /*Color of index 10*/
  0x04, 0x04, 0x04, 0xff,   /*Color of index 11*/
  0x03, 0x03, 0x03, 0xff,   /*Color of index 12*/
  0x02, 0x02, 0x02, 0xff,   /*Color of index 13*/
  0x01, 0x01, 0x01, 0xff,   /*Color of index 14*/
  0x00, 0x00, 0x00, 0xff,   /*Color of index 15*/

  0xff, 0xff, 0xff, 0xff, 0xff, 0xff, 0xff, 0xff, 0xff, 0xff, 0xff, 0xff, 0xff, 0xff, 0xff, 0xff,
  0xff, 0xff, 0xff, 0xff, 0xff, 0xff, 0xff, 0xff, 0xff, 0xff, 0xff, 0xff, 0xff, 0xff, 0xff, 0xff,
  0xff, 0xff, 0xff, 0xff, 0xff, 0xff, 0xff, 0xff, 0xff, 0xff, 0xff, 0xff, 0xff, 0xff, 0xff, 0xff,
  0xff, 0xff, 0xff, 0xff, 0xff, 0xff, 0xff, 0xff, 0xff, 0xff, 0xff, 0xff, 0xff, 0xff, 0xff, 0xff,
  0xff, 0xff, 0xff, 0xff, 0xff, 0xff, 0xff, 0xff, 0xff, 0xff, 0xff, 0xff, 0xff, 0xff, 0xff, 0xff,
  0xff, 0xff, 0xff, 0xff, 0xff, 0xff, 0xff, 0xff, 0xff, 0xff, 0xff, 0xff, 0xff, 0xff, 0xff, 0xff,
  0xff, 0xff, 0xff, 0xff, 0xff, 0xff, 0xff, 0xfe, 0xee, 0xee, 0xee, 0xee, 0xee, 0xee, 0xee, 0xee,
  0xee, 0xee, 0xee, 0xee, 0xee, 0xee, 0xee, 0xee, 0xee, 0xee, 0xee, 0xee, 0xcc, 0xcc, 0xcc, 0xcc,
  0xcc, 0xcc, 0xcc, 0xcc, 0xcc, 0xcc, 0xcc, 0xcc, 0xcc, 0xcc, 0xcc, 0xcc, 0xcc, 0xcc, 0xcc, 0xcc,
  0xcc, 0xcc, 0xcc, 0xcc, 0xcc, 0xcc, 0xcc, 0xcc, 0xcc, 0xcc, 0xcc, 0xcc, 0xcc, 0xcc, 0xcc, 0xcc,
  0xcc, 0xcc, 0xcc, 0xcc, 0xcc, 0xcc, 0xcc, 0xcc, 0xcc, 0xcc, 0xcc, 0xcc, 0xcc, 0xcc, 0xcc, 0xcc,
  0xcc, 0xcc, 0xcc, 0xcc, 0xff, 0xff, 0xff, 0xff, 0xff, 0xff, 0xff, 0xff, 0xff, 0xff, 0xff, 0xff,
  0xff, 0xff, 0xff, 0xff, 0xff, 0xff, 0xff, 0xff, 0xff, 0xff, 0xff, 0xff, 0xff, 0xff, 0xff, 0xff,
  0xff, 0xff, 0xff, 0xff, 0xff, 0xff, 0xff, 0xff, 0xff, 0xff, 0xff, 0xff, 0xff, 0xff, 0xff, 0xff,
  0xff, 0xff, 0xff, 0xff, 0xff, 0xff, 0xff, 0xff, 0xff, 0xff, 0xff, 0xff, 0xff, 0xff, 0xff, 0xff,
  0xff, 0xff, 0xff, 0xff, 0xff, 0xff, 0xff, 0xff, 0xff, 0xff, 0xff, 0xff, 0xff, 0xff, 0xff, 0xff,
  0xff, 0xff, 0xff, 0xff, 0xff, 0xff, 0xff, 0xff, 0xff, 0xff, 0xff, 0xff, 0xff, 0xff, 0xff, 0xff,
  0xff, 0xff, 0xff, 0xff, 0xff, 0xff, 0xff, 0xff, 0xff, 0xff, 0xff, 0xfe, 0xef, 0xee, 0xee, 0xee,
  0xee, 0xee, 0xee, 0xee, 0xee, 0xee, 0xee, 0xee, 0xee, 0xee, 0xee, 0xee, 0xee, 0xee, 0xee, 0xee,
  0xee, 0xdc, 0xdc, 0xcc, 0xcc, 0xcc, 0xcc, 0xcc, 0xcc, 0xcc, 0xcc, 0xcc, 0xcc, 0xcc, 0xcc, 0xcc,
  0xcc, 0xcc, 0xcc, 0xcc, 0xcc, 0xbb, 0xcc, 0xcc, 0xcc, 0xbb, 0xcc, 0xcc, 0xcb, 0xbc, 0xcc, 0xcc,
  0xcc, 0xcc, 0xcc, 0xcc, 0xcc, 0xcc, 0xcc, 0xcc, 0xcc, 0xcc, 0xcc, 0xcc, 0xcc, 0xcc, 0xcc, 0xcc,
  0xcc, 0xcc, 0xcc, 0xcc, 0xcc, 0xcc, 0xcc, 0xcc, 0xff, 0xff, 0xff, 0xff, 0xff, 0xff, 0xff, 0xff,
  0xff, 0xff, 0xff, 0xff, 0xff, 0xff, 0xff, 0xff, 0xff, 0xff, 0xff, 0xff, 0xff, 0xff, 0xff, 0xff,
  0xff, 0xff, 0xff, 0xff, 0xff, 0xff, 0xff, 0xff, 0xff, 0xff, 0xff, 0xff, 0xff, 0xff, 0xff, 0xff,
  0xff, 0xff, 0xff, 0xff, 0xff, 0xff, 0xff, 0xff, 0xff, 0xff, 0xff, 0xff, 0xff, 0xff, 0xff, 0xff,
  0xff, 0xff, 0xff, 0xff, 0xff, 0xff, 0xff, 0xff, 0xff, 0xff, 0xff, 0xff, 0xff, 0xff, 0xff, 0xff,
  0xff, 0xff, 0xff, 0xff, 0xff, 0xff, 0xff, 0xff, 0xff, 0xff, 0xff, 0xff, 0xff, 0xff, 0xff, 0xff,
  0xff, 0xff, 0xff, 0xff, 0xff, 0xff, 0xff, 0xff, 0xff, 0xff, 0xff, 0xff, 0xff, 0xff, 0xff, 0xff,
  0xff, 0xff, 0xee, 0xee, 0xee, 0xee, 0xee, 0xee, 0xee, 0xee, 0xee, 0xee, 0xee, 0xee, 0xee, 0xee,
  0xee, 0xee, 0xee, 0xed, 0xdd, 0xcc, 0xcc, 0xcc, 0xcc, 0xcc, 0xcc, 0xcc, 0xcc, 0xcc, 0xcc, 0xcc,
  0xcc, 0xcc, 0xcc, 0xcc, 0xcc, 0xcc, 0xcc, 0xcc, 0xcb, 0xbb, 0xbb, 0xbb, 0xbb, 0xbb, 0xbb, 0xbb,
  0xbb, 0xbb, 0xbb, 0xbb, 0xbb, 0xbb, 0xbb, 0xbb, 0xbb, 0xbb, 0xbb, 0xbb, 0xbb, 0xbb, 0xbb, 0xbb,
  0xbb, 0xbb, 0xbb, 0xbb, 0xbb, 0xcc, 0xcc, 0xcc, 0xcc, 0xcc, 0xcc, 0xcc, 0xff, 0xff, 0xff, 0xff,
  0xff, 0xff, 0xff, 0xff, 0xff, 0xff, 0xff, 0xff, 0xff, 0xff, 0xff, 0xff, 0xff, 0xff, 0xff, 0xff,
  0xff, 0xff, 0xff, 0xff, 0xff, 0xff, 0xff, 0xff, 0xff, 0xff, 0xff, 0xff, 0xff, 0xff, 0xff, 0xff,
  0xff, 0xff, 0xff, 0xff, 0xff, 0xff, 0xff, 0xff, 0xff, 0xff, 0xff, 0xff, 0xff, 0xff, 0xff, 0xff,
  0xff, 0xff, 0xff, 0xff, 0xff, 0xff, 0xff, 0xff, 0xff, 0xff, 0xff, 0xff, 0xff, 0xff, 0xff, 0xff,
  0xff, 0xff, 0xff, 0xff, 0xff, 0xff, 0xff, 0xff, 0xff, 0xff, 0xff, 0xff, 0xff, 0xff, 0xff, 0xff,
  0xff, 0xff, 0xff, 0xff, 0xff, 0xff, 0xff, 0xff, 0xff, 0xff, 0xff, 0xff, 0xff, 0xff, 0xff, 0xff,
  0xff, 0xff, 0xff, 0xff, 0xff, 0xff, 0xfe, 0xee, 0xee, 0xee, 0xee, 0xee, 0xee, 0xee, 0xee, 0xee,
  0xee, 0xee, 0xee, 0xee, 0xee, 0xee, 0xee, 0xee, 0xee, 0xed, 0xdd, 0xdd, 0xdc, 0xcc, 0xcc, 0xcc,
  0xcc, 0xcc, 0xcc, 0xcc, 0xcc, 0xcc, 0xcc, 0xcc, 0xcc, 0xcc, 0xcc, 0xcc, 0xbb, 0xbb, 0xbb, 0xbb,
  0xbb, 0xbb, 0xbb, 0xbb, 0xbb, 0xbb, 0xbb, 0xbb, 0xbb, 0xbb, 0xbb, 0xbb, 0xbb, 0xbb, 0xbb, 0xbb,
  0xbb, 0xbb, 0xbb, 0xbb, 0xbb, 0xbb, 0xbb, 0xbb, 0xbb, 0xbc, 0xcc, 0xcc, 0xcc, 0xcc, 0xcc, 0xcc,
  0xff, 0xff, 0xff, 0xff, 0xff, 0xff, 0xff, 0xff, 0xff, 0xff, 0xff, 0xff, 0xff, 0xff, 0xff, 0xff,
  0xff, 0xff, 0xff, 0xff, 0xff, 0xff, 0xff, 0xff, 0xff, 0xff, 0xff, 0xff, 0xff, 0xff, 0xff, 0xff,
  0xff, 0xff, 0xff, 0xff, 0xff, 0xff, 0xff, 0xff, 0xff, 0xff, 0xff, 0xff, 0xff, 0xff, 0xff, 0xff,
  0xff, 0xff, 0xff, 0xff, 0xff, 0xff, 0xff, 0xff, 0xff, 0xff, 0xff, 0xff, 0xff, 0xff, 0xff, 0xff,
  0xff, 0xff, 0xff, 0xff, 0xff, 0xff, 0xff, 0xff, 0xff, 0xff, 0xff, 0xff, 0xff, 0xff, 0xff, 0xff,
  0xff, 0xff, 0xff, 0xff, 0xff, 0xff, 0xff, 0xff, 0xff, 0xff, 0xff, 0xff, 0xff, 0xff, 0xff, 0xff,
  0xff, 0xff, 0xff, 0xff, 0xff, 0xff, 0xff, 0xff, 0xff, 0xff, 0xfe, 0xfe, 0xee, 0xee, 0xee, 0xee,
  0xee, 0xee, 0xee, 0xee, 0xee, 0xee, 0xee, 0xee, 0xee, 0xee, 0xee, 0xee, 0xee, 0xee, 0xee, 0xed,
  0xdc, 0xcc, 0xcc, 0xcc, 0xcc, 0xcc, 0xcc, 0xcc, 0xcc, 0xcc, 0xcc, 0xcc, 0xcc, 0xcc, 0xcc, 0xcb,
  0xbb, 0xbb, 0xbb, 0xbb, 0xbb, 0xbb, 0xbb, 0xbb, 0xbb, 0xbb, 0xbb, 0xbb, 0xbb, 0xbb, 0xbb, 0xbb,
  0xbb, 0xbb, 0xbb, 0xbb, 0xbb, 0xbb, 0xbb, 0xbb, 0xbb, 0xbb, 0xbb, 0xbb, 0xbb, 0xbb, 0xbb, 0xbb,
  0xbb, 0xbb, 0xcb, 0xbc, 0xff, 0xff, 0xff, 0xff, 0xff, 0xff, 0xff, 0xff, 0xff, 0xff, 0xff, 0xff,
  0xff, 0xff, 0xff, 0xff, 0xff, 0xff, 0xff, 0xff, 0xff, 0xff, 0xff, 0xff, 0xff, 0xff, 0xff, 0xff,
  0xff, 0xff, 0xff, 0xff, 0xff, 0xff, 0xff, 0xff, 0xff, 0xff, 0xff, 0xff, 0xff, 0xff, 0xff, 0xff,
  0xff, 0xff, 0xff, 0xff, 0xff, 0xff, 0xff, 0xff, 0xff, 0xff, 0xff, 0xff, 0xff, 0xff, 0xff, 0xff,
  0xff, 0xff, 0xff, 0xff, 0xff, 0xff, 0xff, 0xff, 0xff, 0xff, 0xff, 0xff, 0xff, 0xff, 0xff, 0xff,
  0xff, 0xff, 0xff, 0xff, 0xff, 0xff, 0xff, 0xff, 0xff, 0xff, 0xff, 0xff, 0xff, 0xff, 0xff, 0xff,
  0xff, 0xff, 0xff, 0xff, 0xff, 0xff, 0xff, 0xff, 0xff, 0xff, 0xff, 0xff, 0xff, 0xff, 0xef, 0xef,
  0xee, 0xee, 0xee, 0xee, 0xee, 0xee, 0xee, 0xee, 0xee, 0xee, 0xee, 0xee, 0xee, 0xee, 0xee, 0xee,
  0xee, 0xee, 0xee, 0xdc, 0xdd, 0xcc, 0xcc, 0xcc, 0xcc, 0xcc, 0xcc, 0xcc, 0xcc, 0xcc, 0xcc, 0xcc,
  0xcc, 0xcc, 0xbb, 0xcb, 0xbb, 0xbb, 0xbb, 0xbb, 0xbb, 0xbb, 0xbb, 0xbb, 0xbb, 0xbb, 0xbb, 0xbb,
  0xbb, 0xbb, 0xbb, 0xbb, 0xbb, 0xbb, 0xbb, 0xbb, 0xbb, 0xbb, 0xbb, 0xbb, 0xbb, 0xbb, 0xbb, 0xbb,
  0xbb, 0xbb, 0xbb, 0xbb, 0xbb, 0xbb, 0xbb, 0xbb, 0xff, 0xff, 0xff, 0xff, 0xff, 0xff, 0xff, 0xff,
  0xff, 0xff, 0xff, 0xff, 0xff, 0xff, 0xff, 0xff, 0xff, 0xff, 0xff, 0xff, 0xff, 0xff, 0xff, 0xff,
  0xff, 0xff, 0xff, 0xff, 0xff, 0xff, 0xff, 0xff, 0xff, 0xff, 0xff, 0xff, 0xff, 0xff, 0xff, 0xff,
  0xff, 0xff, 0xff, 0xff, 0xff, 0xff, 0xff, 0xff, 0xff, 0xff, 0xff, 0xff, 0xff, 0xff, 0xff, 0xff,
  0xff, 0xff, 0xff, 0xff, 0xff, 0xff, 0xff, 0xff, 0xff, 0xff, 0xff, 0xff, 0xff, 0xff, 0xff, 0xff,
  0xff, 0xff, 0xff, 0xff, 0xff, 0xff, 0xff, 0xff, 0xff, 0xff, 0xff, 0xff, 0xff, 0xff, 0xff, 0xff,
  0xff, 0xff, 0xff, 0xff, 0xff, 0xff, 0xff, 0xff, 0xff, 0xff, 0xff, 0xff, 0xff, 0xff, 0xff, 0xff,
  0xff, 0xff, 0xee, 0xee, 0xee, 0xee, 0xee, 0xee, 0xee, 0xee, 0xee, 0xee, 0xee, 0xee, 0xee, 0xee,
  0xee, 0xee, 0xee, 0xee, 0xee, 0xee, 0xee, 0xee, 0xee, 0xee, 0xdc, 0xcc, 0xcc, 0xcc, 0xcc, 0xcc,
  0xcc, 0xcc, 0xcc, 0xcc, 0xcc, 0xcc, 0xbb, 0xbb, 0xbb, 0xbb, 0xbb, 0xbb, 0xbb, 0xbb, 0xbb, 0xbb,
  0xbb, 0xbb, 0xbb, 0xbb, 0xbb, 0xbb, 0xbb, 0xbb, 0xbb, 0xbb, 0xbb, 0xbb, 0xbb, 0xbb, 0xaa, 0xbb,
  0xbb, 0xbb, 0xbb, 0xbb, 0xbb, 0xbb, 0xbb, 0xbb, 0xbb, 0xbb, 0xbb, 0xbb, 0xff, 0xff, 0xff, 0xff,
  0xff, 0xff, 0xff, 0xff, 0xff, 0xff, 0xff, 0xff, 0xff, 0xff, 0xff, 0xff, 0xff, 0xff, 0xff, 0xff,
  0xff, 0xff, 0xff, 0xff, 0xff, 0xff, 0xff, 0xff, 0xff, 0xff, 0xff, 0xff, 0xff, 0xff, 0xff, 0xff,
  0xff, 0xff, 0xff, 0xff, 0xff, 0xff, 0xff, 0xff, 0xff, 0xff, 0xff, 0xff, 0xff, 0xff, 0xff, 0xff,
  0xff, 0xff, 0xff, 0xff, 0xff, 0xff, 0xff, 0xff, 0xff, 0xff, 0xff, 0xff, 0xff, 0xff, 0xff, 0xff,
  0xff, 0xff, 0xff, 0xff, 0xff, 0xff, 0xff, 0xff, 0xff, 0xff, 0xff, 0xff, 0xff, 0xff, 0xff, 0xff,
  0xff, 0xff, 0xff, 0xff, 0xff, 0xff, 0xff, 0xff, 0xff, 0xff, 0xff, 0xff, 0xff, 0xff, 0xff, 0xff,
  0xff, 0xff, 0xff, 0xff, 0xff, 0xfe, 0xee, 0xee, 0xee, 0xee, 0xee, 0xee, 0xee, 0xee, 0xee, 0xee,
  0xee, 0xee, 0xee, 0xee, 0xee, 0xee, 0xee, 0xee, 0xee, 0xee, 0xee, 0xee, 0xee, 0xee, 0xee, 0xdd,
  0xdc, 0xcc, 0xcc, 0xcc, 0xcc, 0xcc, 0xcc, 0xcc, 0xcc, 0xcc, 0xcc, 0xcc, 0xcb, 0xcb, 0xbb, 0xbb,
  0xbb, 0xbb, 0xbb, 0xbb, 0xbb, 0xbb, 0xbb, 0xbb, 0xbb, 0xbb, 0xbb, 0xaa, 0xaa, 0xaa, 0xaa, 0xaa,
  0xaa, 0xaa, 0xaa, 0xaa, 0xaa, 0xaa, 0xaa, 0xaa, 0xaa, 0xaa, 0xaa, 0xaa, 0xaa, 0xaa, 0xaa, 0xaa,
  0xff, 0xff, 0xff, 0xff, 0xff, 0xff, 0xff, 0xff, 0xff, 0xff, 0xff, 0xff, 0xff, 0xff, 0xff, 0xff,
  0xff, 0xff, 0xff, 0xff, 0xff, 0xff, 0xff, 0xff, 0xff, 0xff, 0xff, 0xff, 0xff, 0xff, 0xff, 0xff,
  0xff, 0xff, 0xff, 0xff, 0xff, 0xff, 0xff, 0xff, 0xff, 0xff, 0xff, 0xff, 0xff, 0xff, 0xff, 0xff,
  0xff, 0xff, 0xff, 0xff, 0xff, 0xff, 0xff, 0xff, 0xff, 0xff, 0xff, 0xff, 0xff, 0xff, 0xff, 0xff,
  0xff, 0xff, 0xff, 0xff, 0xff, 0xff, 0xff, 0xff, 0xff, 0xff, 0xff, 0xff, 0xff, 0xff, 0xff, 0xff,
  0xff, 0xff, 0xff, 0xff, 0xff, 0xff, 0xff, 0xff, 0xff, 0xff, 0xff, 0xff, 0xff, 0xff, 0xee, 0xee,
  0xff, 0xff, 0xff, 0xff, 0xfe, 0xee, 0xee, 0xff, 0xff, 0xfe, 0xee, 0xee, 0xee, 0xee, 0xee, 0xee,
  0xee, 0xee, 0xee, 0xee, 0xee, 0xee, 0xee, 0xee, 0xee, 0xee, 0xee, 0xee, 0xee, 0xee, 0xee, 0xee,
  0xee, 0xee, 0xee, 0xee, 0xed, 0xdd, 0xcc, 0xcc, 0xcc, 0xcc, 0xcc, 0xcc, 0xcc, 0xcc, 0xcc, 0xcc,
  0xcc, 0xcc, 0xcc, 0xbb, 0xbb, 0xbb, 0xbb, 0xbb, 0xbb, 0xbb, 0xbb, 0xbb, 0xbb, 0xbb, 0xbb, 0xaa,
  0xaa, 0xaa, 0xaa, 0xaa, 0xaa, 0xaa, 0xaa, 0xaa, 0xaa, 0xaa, 0xaa, 0xaa, 0xaa, 0xaa, 0xaa, 0xaa,
  0xaa, 0xaa, 0xaa, 0xaa, 0xff, 0xff, 0xff, 0xff, 0xff, 0xff, 0xff, 0xff, 0xff, 0xff, 0xff, 0xff,
  0xff, 0xff, 0xff, 0xff, 0xff, 0xff, 0xff, 0xff, 0xff, 0xff, 0xff, 0xff, 0xff, 0xff, 0xff, 0xff,
  0xff, 0xff, 0xff, 0xff, 0xff, 0xff, 0xff, 0xff, 0xff, 0xff, 0xff, 0xff, 0xff, 0xff, 0xff, 0xff,
  0xff, 0xff, 0xff, 0xff, 0xff, 0xff, 0xff, 0xff, 0xff, 0xff, 0xff, 0xff, 0xff, 0xff, 0xff, 0xff,
  0xff, 0xff, 0xff, 0xff, 0xff, 0xff, 0xff, 0xff, 0xff, 0xff, 0xff, 0xff, 0xff, 0xff, 0xff, 0xff,
  0xff, 0xff, 0xff, 0xff, 0xff, 0xff, 0xff, 0xff, 0xff, 0xff, 0xff, 0xff, 0xff, 0xff, 0xff, 0xff,
  0xff, 0xff, 0xee, 0xee, 0xef, 0xff, 0xfe, 0xff, 0xee, 0xee, 0xee, 0xef, 0xff, 0xfe, 0xee, 0xee,
  0xee, 0xee, 0xee, 0xee, 0xee, 0xee, 0xee, 0xee, 0xee, 0xee, 0xee, 0xee, 0xee, 0xee, 0xee, 0xee,
  0xee, 0xee, 0xee, 0xee, 0xee, 0xee, 0xee, 0xee, 0xee, 0xee, 0xdd, 0xdc, 0xdc, 0xcc, 0xcc, 0xcc,
  0xcc, 0xcc, 0xcc, 0xcc, 0xcc, 0xcc, 0xcc, 0xbb, 0xbb, 0xbb, 0xbb, 0xbb, 0xbb, 0xbb, 0xbb, 0xbb,
  0xbb, 0xbb, 0xbb, 0xaa, 0xaa, 0xaa, 0xaa, 0xaa, 0xaa, 0xaa, 0xaa, 0xaa, 0xaa, 0xaa, 0xaa, 0xaa,
  0xaa, 0xaa, 0xaa, 0xaa, 0xaa, 0xaa, 0xaa, 0xaa, 0xff, 0xff, 0xff, 0xff, 0xff, 0xff, 0xff, 0xff,
  0xff, 0xff, 0xff, 0xff, 0xff, 0xff, 0xff, 0xff, 0xff, 0xff, 0xff, 0xff, 0xff, 0xff, 0xff, 0xff,
  0xff, 0xff, 0xff, 0xff, 0xff, 0xff, 0xff, 0xff, 0xff, 0xff, 0xff, 0xff, 0xff, 0xff, 0xff, 0xff,
  0xff, 0xff, 0xff, 0xff, 0xff, 0xff, 0xff, 0xff, 0xff, 0xff, 0xff, 0xff, 0xff, 0xff, 0xff, 0xff,
  0xff, 0xff, 0xff, 0xff, 0xff, 0xff, 0xff, 0xff, 0xff, 0xff, 0xff, 0xff, 0xff, 0xff, 0xff, 0xff,
  0xff, 0xff, 0xff, 0xff, 0xff, 0xff, 0xff, 0xff, 0xff, 0xff, 0xff, 0xff, 0xff, 0xff, 0xff, 0xff,
  0xef, 0xee, 0xff, 0xff, 0xff, 0xfe, 0xee, 0xee, 0xee, 0xee, 0xee, 0xee, 0xee, 0xee, 0xee, 0xee,
  0xee, 0xee, 0xee, 0xee, 0xee, 0xee, 0xee, 0xee, 0xee, 0xee, 0xee, 0xee, 0xee, 0xee, 0xee, 0xee,
  0xee, 0xee, 0xee, 0xee, 0xee, 0xee, 0xee, 0xee, 0xee, 0xee, 0xee, 0xee, 0xee, 0xee, 0xee, 0xed,
  0xed, 0xdc, 0xcc, 0xcc, 0xcc, 0xcc, 0xcc, 0xcc, 0xcc, 0xcc, 0xcc, 0xcb, 0xbb, 0xbb, 0xbb, 0xbb,
  0xbb, 0xbb, 0xbb, 0xbb, 0xbb, 0xbb, 0xbb, 0xbb, 0xba, 0xaa, 0xaa, 0xaa, 0xaa, 0xaa, 0xaa, 0xaa,
  0xaa, 0xaa, 0xaa, 0xaa, 0xaa, 0xaa, 0xaa, 0xaa, 0xaa, 0xaa, 0xaa, 0xaa, 0xff, 0xff, 0xff, 0xff,
  0xff, 0xff, 0xff, 0xff, 0xff, 0xff, 0xff, 0xff, 0xff, 0xff, 0xff, 0xff, 0xff, 0xff, 0xff, 0xff,
  0xff, 0xff, 0xff, 0xff, 0xff, 0xff, 0xff, 0xff, 0xff, 0xff, 0xff, 0xff, 0xff, 0xff, 0xff, 0xff,
  0xff, 0xff, 0xff, 0xff, 0xff, 0xff, 0xff, 0xff, 0xff, 0xff, 0xff, 0xff, 0xff, 0xff, 0xff, 0xff,
  0xff, 0xff, 0xff, 0xff, 0xff, 0xff, 0xff, 0xff, 0xff, 0xff, 0xff, 0xff, 0xff, 0xff, 0xff, 0xff,
  0xff, 0xff, 0xff, 0xff, 0xff, 0xff, 0xff, 0xff, 0xff, 0xff, 0xff, 0xff, 0xff, 0xff, 0xff, 0xff,
  0xff, 0xff, 0xff, 0xfe, 0xee, 0xee, 0xee, 0xee, 0xee, 0xee, 0xee, 0xee, 0xee, 0xee, 0xee, 0xee,
  0xee, 0xee, 0xee, 0xee, 0xee, 0xee, 0xee, 0xee, 0xee, 0xee, 0xee, 0xee, 0xee, 0xee, 0xee, 0xee,
  0xee, 0xee, 0xee, 0xee, 0xee, 0xee, 0xee, 0xee, 0xee, 0xee, 0xee, 0xee, 0xee, 0xee, 0xee, 0xee,
  0xee, 0xee, 0xee, 0xee, 0xee, 0xed, 0xdc, 0xcc, 0xcc, 0xcc, 0xcc, 0xcc, 0xcc, 0xcc, 0xcc, 0xcc,
  0xcc, 0xcc, 0xcb, 0xbb, 0xbb, 0xbb, 0xbb, 0xbb, 0xbb, 0xbb, 0xbb, 0xbb, 0xba, 0xaa, 0xaa, 0xaa,
  0xaa, 0xaa, 0xaa, 0xaa, 0xaa, 0xaa, 0xaa, 0xaa, 0xaa, 0xaa, 0xaa, 0xaa, 0x99, 0x99, 0x99, 0x99,
  0xff, 0xff, 0xff, 0xff, 0xff, 0xff, 0xff, 0xff, 0xff, 0xff, 0xff, 0xff, 0xff, 0xff, 0xff, 0xff,
  0xff, 0xff, 0xff, 0xff, 0xff, 0xff, 0xff, 0xff, 0xff, 0xff, 0xff, 0xff, 0xff, 0xff, 0xff, 0xff,
  0xff, 0xff, 0xff, 0xff, 0xff, 0xff, 0xff, 0xff, 0xff, 0xff, 0xff, 0xff, 0xff, 0xff, 0xff, 0xff,
  0xff, 0xff, 0xff, 0xff, 0xff, 0xff, 0xff, 0xff, 0xff, 0xff, 0xff, 0xff, 0xff, 0xff, 0xff, 0xff,
  0xff, 0xff, 0xff, 0xff, 0xff, 0xff, 0xff, 0xff, 0xff, 0xff, 0xff, 0xff, 0xff, 0xff, 0xff, 0xff,
  0xff, 0xff, 0xff, 0xff, 0xff, 0xfe, 0xff, 0xff, 0xee, 0xee, 0xee, 0xee, 0xee, 0xee, 0xee, 0xee,
  0xee, 0xee, 0xee, 0xee, 0xee, 0xee, 0xee, 0xee, 0xee, 0xee, 0xee, 0xee, 0xee, 0xee, 0xee, 0xee,
  0xee, 0xee, 0xee, 0xee, 0xee, 0xee, 0xee, 0xee, 0xee, 0xee, 0xee, 0xee, 0xee, 0xee, 0xee, 0xee,
  0xee, 0xee, 0xee, 0xee, 0xee, 0xee, 0xee, 0xee, 0xee, 0xee, 0xed, 0xdd, 0xdc, 0xcc, 0xcc, 0xcc,
  0xcc, 0xcc, 0xcc, 0xcc, 0xcc, 0xcc, 0xcc, 0xcc, 0xcc, 0xbb, 0xbb, 0xbb, 0xbb, 0xbb, 0xbb, 0xbb,
  0xbb, 0xbb, 0xbb, 0xaa, 0xaa, 0xaa, 0xaa, 0xaa, 0xaa, 0xaa, 0xaa, 0xaa, 0xaa, 0xa9, 0x99, 0x99,
  0x99, 0x99, 0x99, 0x99, 0xff, 0xff, 0xff, 0xff, 0xff, 0xff, 0xff, 0xff, 0xff, 0xff, 0xff, 0xff,
  0xff, 0xff, 0xff, 0xff, 0xff, 0xff, 0xff, 0xff, 0xff, 0xff, 0xff, 0xff, 0xff, 0xff, 0xff, 0xff,
  0xff, 0xff, 0xff, 0xff, 0xff, 0xff, 0xff, 0xff, 0xff, 0xff, 0xff, 0xff, 0xff, 0xff, 0xff, 0xff,
  0xff, 0xff, 0xff, 0xff, 0xff, 0xff, 0xff, 0xff, 0xff, 0xff, 0xff, 0xff, 0xff, 0xff, 0xff, 0xff,
  0xff, 0xff, 0xff, 0xff, 0xff, 0xff, 0xff, 0xff, 0xff, 0xff, 0xff, 0xff, 0xff, 0xff, 0xff, 0xff,
  0xff, 0xff, 0xff, 0xff, 0xff, 0xff, 0xff, 0xff, 0xff, 0xfe, 0xee, 0xee, 0xee, 0xee, 0xee, 0xee,
  0xee, 0xee, 0xee, 0xee, 0xee, 0xee, 0xee, 0xee, 0xee, 0xee, 0xee, 0xee, 0xee, 0xee, 0xee, 0xee,
  0xee, 0xee, 0xee, 0xee, 0xee, 0xee, 0xee, 0xee, 0xee, 0xee, 0xee, 0xee, 0xee, 0xee, 0xee, 0xee,
  0xee, 0xee, 0xee, 0xee, 0xee, 0xee, 0xee, 0xee, 0xee, 0xee, 0xee, 0xee, 0xee, 0xee, 0xee, 0xee,
  0xee, 0xee, 0xdc, 0xcc, 0xcc, 0xcc, 0xcc, 0xcc, 0xcc, 0xcc, 0xcc, 0xcc, 0xcc, 0xcc, 0xcc, 0xbb,
  0xbb, 0xbb, 0xbb, 0xbb, 0xbb, 0xbb, 0xbb, 0xba, 0xaa, 0xaa, 0xaa, 0xaa, 0xaa, 0xaa, 0xaa, 0xaa,
  0xaa, 0xaa, 0x9a, 0x99, 0x99, 0x99, 0x99, 0x99, 0xff, 0xff, 0xff, 0xff, 0xff, 0xff, 0xff, 0xff,
  0xff, 0xff, 0xff, 0xff, 0xff, 0xff, 0xff, 0xff, 0xff, 0xff, 0xff, 0xff, 0xff, 0xff, 0xff, 0xff,
  0xff, 0xff, 0xff, 0xff, 0xff, 0xff, 0xff, 0xff, 0xff, 0xff, 0xff, 0xff, 0xff, 0xff, 0xff, 0xff,
  0xff, 0xff, 0xff, 0xff, 0xff, 0xff, 0xff, 0xff, 0xff, 0xff, 0xff, 0xff, 0xff, 0xff, 0xff, 0xff,
  0xff, 0xff, 0xff, 0xff, 0xff, 0xff, 0xff, 0xff, 0xff, 0xff, 0xff, 0xff, 0xff, 0xff, 0xff, 0xff,
  0xff, 0xff, 0xff, 0xff, 0xff, 0xff, 0xff, 0xff, 0xff, 0xff, 0xff, 0xff, 0xff, 0xfe, 0xee, 0xee,
  0xee, 0xee, 0xee, 0xee, 0xee, 0xee, 0xee, 0xee, 0xee, 0xee, 0xee, 0xee, 0xee, 0xee, 0xee, 0xee,
  0xee, 0xee, 0xee, 0xee, 0xee, 0xee, 0xee, 0xee, 0xee, 0xee, 0xee, 0xee, 0xee, 0xee, 0xee, 0xee,
  0xee, 0xee, 0xee, 0xee, 0xee, 0xee, 0xee, 0xee, 0xee, 0xee, 0xee, 0xee, 0xee, 0xee, 0xee, 0xee,
  0xee, 0xee, 0xee, 0xee, 0xee, 0xee, 0xed, 0xdd, 0xcc, 0xcc, 0xcc, 0xcc, 0xcc, 0xcc, 0xcc, 0xcc,
  0xcc, 0xcc, 0xcc, 0xcc, 0xcc, 0xbb, 0xbb, 0xbb, 0xbb, 0xbb, 0xbb, 0xbb, 0xbb, 0xbb, 0xaa, 0xaa,
  0xaa, 0xaa, 0xaa, 0xaa, 0xaa, 0xaa, 0x9a, 0x99, 0x99, 0x99, 0x99, 0x99, 0xff, 0xff, 0xff, 0xff,
  0xff, 0xff, 0xff, 0xff, 0xff, 0xff, 0xff, 0xff, 0xff, 0xff, 0xff, 0xff, 0xff, 0xff, 0xff, 0xff,
  0xff, 0xff, 0xff, 0xff, 0xff, 0xff, 0xff, 0xff, 0xff, 0xff, 0xff, 0xff, 0xff, 0xff, 0xff, 0xff,
  0xff, 0xff, 0xff, 0xff, 0xff, 0xff, 0xff, 0xff, 0xff, 0xff, 0xff, 0xff, 0xff, 0xff, 0xff, 0xff,
  0xff, 0xff, 0xff, 0xff, 0xff, 0xff, 0xff, 0xff, 0xff, 0xff, 0xff, 0xff, 0xff, 0xff, 0xff, 0xff,
  0xff, 0xff, 0xff, 0xff, 0xff, 0xff, 0xff, 0xff, 0xff, 0xff, 0xff, 0xff, 0xff, 0xff, 0xff, 0xff,
  0xff, 0xef, 0xee, 0xee, 0xee, 0xee, 0xee, 0xee, 0xee, 0xee, 0xee, 0xee, 0xee, 0xee, 0xee, 0xee,
  0xee, 0xee, 0xee, 0xee, 0xee, 0xee, 0xee, 0xee, 0xee, 0xee, 0xee, 0xee, 0xee, 0xee, 0xee, 0xee,
  0xee, 0xee, 0xee, 0xee, 0xee, 0xee, 0xee, 0xee, 0xee, 0xee, 0xee, 0xee, 0xee, 0xee, 0xee, 0xee,
  0xee, 0xee, 0xee, 0xee, 0xee, 0xee, 0xee, 0xee, 0xee, 0xee, 0xee, 0xee, 0xed, 0xdd, 0xdd, 0xcc,
  0xcc, 0xcc, 0xcc, 0xcc, 0xcc, 0xcc, 0xcc, 0xcc, 0xcc, 0xcb, 0xbb, 0xbb, 0xbb, 0xbb, 0xbb, 0xbb,
  0xbb, 0xbb, 0xbb, 0xbb, 0xaa, 0xaa, 0xaa, 0xaa, 0xaa, 0xaa, 0xaa, 0xaa, 0xa9, 0x99, 0x99, 0x99,
  0xff, 0xff, 0xff, 0xff, 0xff, 0xff, 0xff, 0xff, 0xff, 0xff, 0xff, 0xff, 0xff, 0xff, 0xff, 0xff,
  0xff, 0xff, 0xff, 0xff, 0xff, 0xff, 0xff, 0xff, 0xff, 0xff, 0xff, 0xff, 0xff, 0xff, 0xff, 0xff,
  0xff, 0xff, 0xff, 0xff, 0xff, 0xff, 0xff, 0xff, 0xff, 0xff, 0xff, 0xff, 0xff, 0xff, 0xff, 0xff,
  0xff, 0xff, 0xff, 0xff, 0xff, 0xff, 0xff, 0xff, 0xff, 0xff, 0xff, 0xff, 0xff, 0xff, 0xff, 0xff,
  0xff, 0xff, 0xff, 0xff, 0xff, 0xff, 0xff, 0xff, 0xff, 0xff, 0xff, 0xff, 0xff, 0xff, 0xff, 0xff,
  0xff, 0xff, 0xff, 0xff, 0xfe, 0xfe, 0xee, 0xee, 0xee, 0xee, 0xee, 0xee, 0xee, 0xee, 0xee, 0xee,
  0xee, 0xee, 0xee, 0xee, 0xee, 0xee, 0xee, 0xee, 0xee, 0xee, 0xee, 0xee, 0xee, 0xee, 0xee, 0xee,
  0xee, 0xee, 0xee, 0xee, 0xee, 0xee, 0xee, 0xee, 0xee, 0xee, 0xee, 0xee, 0xee, 0xed, 0xee, 0xee,
  0xee, 0xee, 0xee, 0xee, 0xee, 0xee, 0xee, 0xee, 0xee, 0xee, 0xee, 0xee, 0xee, 0xee, 0xee, 0xee,
  0xee, 0xee, 0xee, 0xdd, 0xdd, 0xcc, 0xcc, 0xcc, 0xcc, 0xcc, 0xcc, 0xcc, 0xcc, 0xcc, 0xcc, 0xcc,
  0xcb, 0xbb, 0xbb, 0xbb, 0xbb, 0xbb, 0xbb, 0xbb, 0xbb, 0xaa, 0xaa, 0xaa, 0xaa, 0xaa, 0xaa, 0xaa,
  0xaa, 0xaa, 0xa9, 0x99, 0xff, 0xff, 0xff, 0xff, 0xff, 0xff, 0xff, 0xff, 0xff, 0xff, 0xff, 0xff,
  0xff, 0xff, 0xff, 0xff, 0xff, 0xff, 0xff, 0xff, 0xff, 0xff, 0xff, 0xff, 0xff, 0xff, 0xff, 0xff,
  0xff, 0xff, 0xff, 0xff, 0xff, 0xff, 0xff, 0xff, 0xff, 0xff, 0xff, 0xff, 0xff, 0xff, 0xff, 0xff,
  0xff, 0xff, 0xff, 0xff, 0xff, 0xff, 0xff, 0xff, 0xff, 0xff, 0xff, 0xff, 0xff, 0xff, 0xff, 0xff,
  0xff, 0xff, 0xff, 0xff, 0xff, 0xff, 0xff, 0xff, 0xff, 0xff, 0xff, 0xff, 0xff, 0xff, 0xff, 0xff,
  0xff, 0xff, 0xff, 0xff, 0xff, 0xff, 0xff, 0xfe, 0xfe, 0xee, 0xee, 0xee, 0xee, 0xee, 0xee, 0xee,
  0xee, 0xee, 0xee, 0xee, 0xee, 0xee, 0xee, 0xee, 0xee, 0xee, 0xee, 0xee, 0xee, 0xee, 0xee, 0xee,
  0xee, 0xee, 0xee, 0xee, 0xee, 0xee, 0xee, 0xee, 0xee, 0xee, 0xee, 0xee, 0xee, 0xee, 0xee, 0xee,
  0xee, 0xec, 0xde, 0xee, 0xee, 0xee, 0xee, 0xee, 0xee, 0xee, 0xee, 0xee, 0xee, 0xee, 0xee, 0xee,
  0xee, 0xee, 0xee, 0xee, 0xee, 0xee, 0xee, 0xee, 0xee, 0xdc, 0xcc, 0xcc, 0xcc, 0xcc, 0xcc, 0xcc,
  0xcc, 0xcc, 0xcc, 0xcc, 0xcc, 0xcc, 0xcb, 0xbb, 0xbb, 0xbb, 0xbb, 0xbb, 0xbb, 0xbb, 0xbb, 0xaa,
  0xaa, 0xaa, 0xaa, 0xaa, 0xaa, 0xaa, 0xaa, 0x99, 0xff, 0xff, 0xff, 0xff, 0xff, 0xff, 0xff, 0xff,
  0xff, 0xff, 0xff, 0xff, 0xff, 0xff, 0xff, 0xff, 0xff, 0xff, 0xff, 0xff, 0xff, 0xff, 0xff, 0xff,
  0xff, 0xff, 0xff, 0xff, 0xff, 0xff, 0xff, 0xff, 0xff, 0xff, 0xff, 0xff, 0xff, 0xff, 0xff, 0xff,
  0xff, 0xff, 0xff, 0xff, 0xff, 0xff, 0xff, 0xff, 0xff, 0xff, 0xff, 0xff, 0xff, 0xff, 0xff, 0xff,
  0xff, 0xff, 0xff, 0xff, 0xff, 0xff, 0xff, 0xff, 0xff, 0xff, 0xff, 0xff, 0xff, 0xff, 0xff, 0xff,
  0xff, 0xff, 0xff, 0xff, 0xff, 0xff, 0xff, 0xff, 0xff, 0xff, 0xff, 0xff, 0xee, 0xee, 0xee, 0xee,
  0xee, 0xee, 0xee, 0xee, 0xee, 0xee, 0xee, 0xee, 0xee, 0xee, 0xee, 0xee, 0xee, 0xee, 0xee, 0xee,
  0xee, 0xee, 0xee, 0xee, 0xee, 0xee, 0xee, 0xed, 0xde, 0xee, 0xee, 0xee, 0xdc, 0xcc, 0xcc, 0xcc,
  0xcc, 0xcc, 0xcc, 0xcc, 0xcd, 0xec, 0xcc, 0xcc, 0xcc, 0xcd, 0xdd, 0xed, 0xcc, 0xdd, 0xcc, 0xcc,
  0xce, 0xee, 0xee, 0xee, 0xee, 0xee, 0xee, 0xee, 0xee, 0xee, 0xee, 0xee, 0xee, 0xee, 0xee, 0xdc,
  0xcc, 0xcc, 0xcc, 0xcc, 0xcc, 0xcc, 0xcc, 0xcc, 0xcc, 0xcc, 0xcc, 0xcc, 0xbb, 0xbb, 0xbb, 0xbb,
  0xbb, 0xbb, 0xbb, 0xbb, 0xbb, 0xaa, 0xaa, 0xaa, 0xaa, 0xaa, 0xaa, 0xaa, 0xff, 0xff, 0xff, 0xff,
  0xff, 0xff, 0xff, 0xff, 0xff, 0xff, 0xff, 0xff, 0xff, 0xff, 0xff, 0xff, 0xff, 0xff, 0xff, 0xff,
  0xff, 0xff, 0xff, 0xff, 0xff, 0xff, 0xff, 0xff, 0xff, 0xff, 0xff, 0xff, 0xff, 0xff, 0xff, 0xff,
  0xff, 0xff, 0xff, 0xff, 0xff, 0xff, 0xff, 0xff, 0xff, 0xff, 0xff, 0xff, 0xff, 0xff, 0xff, 0xff,
  0xff, 0xff, 0xff, 0xff, 0xff, 0xff, 0xff, 0xff, 0xff, 0xff, 0xff, 0xff, 0xff, 0xff, 0xff, 0xff,
  0xff, 0xff, 0xff, 0xff, 0xff, 0xff, 0xff, 0xff, 0xff, 0xff, 0xff, 0xff, 0xff, 0xff, 0xfe, 0xfe,
  0xee, 0xee, 0xee, 0xee, 0xee, 0xee, 0xee, 0xee, 0xee, 0xee, 0xee, 0xee, 0xee, 0xee, 0xee, 0xee,
  0xee, 0xee, 0xee, 0xee, 0xee, 0xee, 0xee, 0xee, 0xee, 0xee, 0xed, 0xdc, 0xcc, 0xcc, 0xcc, 0xcc,
  0xcc, 0xcc, 0xcc, 0xcc, 0xcc, 0xcc, 0xcc, 0xcc, 0xcc, 0xcc, 0xcc, 0xcc, 0xcc, 0xcc, 0xcc, 0xcc,
  0xcc, 0xcc, 0xcc, 0xcc, 0xcc, 0xcc, 0xcc, 0xcc, 0xcc, 0xcd, 0xdc, 0xcd, 0xee, 0xed, 0xcc, 0xcd,
  0xee, 0xee, 0xdc, 0xcc, 0xcc, 0xcc, 0xcc, 0xcc, 0xcc, 0xcc, 0xcc, 0xcc, 0xcc, 0xcc, 0xcc, 0xcc,
  0xcc, 0xcc, 0xbb, 0xbb, 0xbb, 0xbb, 0xbb, 0xbb, 0xbb, 0xbb, 0xbb, 0xba, 0xaa, 0xaa, 0xaa, 0xaa,
  0xff, 0xff, 0xff, 0xff, 0xff, 0xff, 0xff, 0xff, 0xff, 0xff, 0xff, 0xff, 0xff, 0xff, 0xff, 0xff,
  0xff, 0xff, 0xff, 0xff, 0xff, 0xff, 0xff, 0xff, 0xff, 0xff, 0xff, 0xff, 0xff, 0xff, 0xff, 0xff,
  0xff, 0xff, 0xff, 0xff, 0xff, 0xff, 0xff, 0xff, 0xff, 0xff, 0xff, 0xff, 0xff, 0xff, 0xff, 0xff,
  0xff, 0xff, 0xff, 0xff, 0xff, 0xff, 0xff, 0xff, 0xff, 0xff, 0xff, 0xff, 0xff, 0xff, 0xff, 0xff,
  0xff, 0xff, 0xff, 0xff, 0xff, 0xff, 0xff, 0xff, 0xff, 0xff, 0xff, 0xff, 0xff, 0xff, 0xff, 0xff,
  0xff, 0xff, 0xff, 0xff, 0xff, 0xfe, 0xee, 0xee, 0xee, 0xee, 0xee, 0xee, 0xee, 0xee, 0xee, 0xee,
  0xee, 0xee, 0xee, 0xee, 0xee, 0xee, 0xee, 0xee, 0xee, 0xee, 0xee, 0xee, 0xee, 0xed, 0xdd, 0xcc,
  0xcc, 0xcc, 0xcc, 0xcc, 0xcc, 0xcc, 0xcc, 0xcc, 0xcc, 0xcc, 0xcc, 0xcc, 0xcc, 0xcc, 0xcc, 0xcc,
  0xcc, 0xcc, 0xcc, 0xcc, 0xcc, 0xcc, 0xcc, 0xcc, 0xcc, 0xcc, 0xcc, 0xcc, 0xcc, 0xcc, 0xcc, 0xcc,
  0xcc, 0xcc, 0xcc, 0xcc, 0xcc, 0xcc, 0xcc, 0xcc, 0xcc, 0xcc, 0xcc, 0xcc, 0xcc, 0xcc, 0xcc, 0xcc,
  0xcc, 0xcc, 0xcc, 0xcc, 0xcc, 0xcc, 0xcc, 0xcc, 0xcc, 0xcb, 0xbb, 0xbb, 0xbb, 0xbb, 0xbb, 0xbb,
  0xbb, 0xaa, 0xaa, 0xaa, 0xff, 0xff, 0xff, 0xff, 0xff, 0xff, 0xff, 0xff, 0xff, 0xff, 0xff, 0xff,
  0xff, 0xff, 0xff, 0xff, 0xff, 0xff, 0xff, 0xff, 0xff, 0xff, 0xff, 0xff, 0xff, 0xff, 0xff, 0xff,
  0xff, 0xff, 0xff, 0xff, 0xff, 0xff, 0xff, 0xff, 0xff, 0xff, 0xff, 0xff, 0xff, 0xff, 0xff, 0xff,
  0xff, 0xff, 0xff, 0xff, 0xff, 0xff, 0xff, 0xff, 0xff, 0xff, 0xff, 0xff, 0xff, 0xff, 0xff, 0xff,
  0xff, 0xff, 0xff, 0xff, 0xff, 0xff, 0xff, 0xff, 0xff, 0xff, 0xff, 0xff, 0xff, 0xff, 0xff, 0xff,
  0xff, 0xff, 0xff, 0xff, 0xff, 0xff, 0xff, 0xff, 0xff, 0xff, 0xee, 0xef, 0xee, 0xee, 0xee, 0xee,
  0xee, 0xee, 0xee, 0xee, 0xee, 0xee, 0xee, 0xee, 0xee, 0xee, 0xee, 0xee, 0xee, 0xee, 0xee, 0xee,
  0xed, 0xdc, 0xcc, 0xcc, 0xcc, 0xcc, 0xcc, 0xcc, 0xcc, 0xcc, 0xcc, 0xcc, 0xcc, 0xcc, 0xcc, 0xcc,
  0xcc, 0xcc, 0xcc, 0xcc, 0xcc, 0xcc, 0xcc, 0xcc, 0xcc, 0xcc, 0xcc, 0xcc, 0xcc, 0xcc, 0xcc, 0xcc,
  0xcc, 0xcc, 0xcc, 0xcc, 0xcc, 0xcc, 0xcc, 0xcc, 0xcc, 0xcc, 0xcc, 0xcc, 0xcc, 0xcc, 0xcc, 0xcc,
  0xcc, 0xcc, 0xcc, 0xcc, 0xcc, 0xcc, 0xcc, 0xcc, 0xcc, 0xcc, 0xcc, 0xcc, 0xcc, 0xcc, 0xcb, 0xbb,
  0xbb, 0xbb, 0xbb, 0xbb, 0xbb, 0xbb, 0xbb, 0xaa, 0xff, 0xff, 0xff, 0xff, 0xff, 0xff, 0xff, 0xff,
  0xff, 0xff, 0xff, 0xff, 0xff, 0xff, 0xff, 0xff, 0xff, 0xff, 0xff, 0xff, 0xff, 0xff, 0xff, 0xff,
  0xff, 0xff, 0xff, 0xff, 0xff, 0xff, 0xff, 0xff, 0xff, 0xff, 0xff, 0xff, 0xff, 0xff, 0xff, 0xff,
  0xff, 0xff, 0xff, 0xff, 0xff, 0xff, 0xff, 0xff, 0xff, 0xff, 0xff, 0xff, 0xff, 0xff, 0xff, 0xff,
  0xff, 0xff, 0xff, 0xff, 0xff, 0xff, 0xff, 0xff, 0xff, 0xff, 0xff, 0xff, 0xff, 0xff, 0xff, 0xff,
  0xff, 0xff, 0xff, 0xff, 0xff, 0xff, 0xff, 0xff, 0xff, 0xff, 0xff, 0xff, 0xff, 0xff, 0xee, 0xee,
  0xee, 0xee, 0xee, 0xee, 0xee, 0xee, 0xee, 0xee, 0xee, 0xee, 0xee, 0xee, 0xee, 0xee, 0xee, 0xee,
  0xee, 0xee, 0xee, 0xee, 0xec, 0xcc, 0xcc, 0xcc, 0xcc, 0xcc, 0xcc, 0xcc, 0xcc, 0xcc, 0xcc, 0xcc,
  0xcc, 0xcc, 0xcc, 0xcc, 0xcc, 0xcc, 0xcc, 0xcc, 0xcc, 0xcc, 0xcc, 0xcc, 0xcc, 0xcc, 0xcc, 0xcc,
  0xcc, 0xcc, 0xcc, 0xcc, 0xcc, 0xcc, 0xcc, 0xcc, 0xcc, 0xcc, 0xcc, 0xcc, 0xcc, 0xcc, 0xcc, 0xcc,
  0xcc, 0xcc, 0xcc, 0xcc, 0xcc, 0xcc, 0xcc, 0xcc, 0xcc, 0xcc, 0xcc, 0xcc, 0xcc, 0xcc, 0xcc, 0xcc,
  0xcc, 0xcc, 0xcc, 0xcc, 0xbb, 0xbb, 0xbb, 0xbb, 0xbb, 0xbb, 0xbb, 0xbb, 0xff, 0xff, 0xff, 0xff,
  0xff, 0xff, 0xff, 0xff, 0xff, 0xff, 0xff, 0xff, 0xff, 0xff, 0xff, 0xff, 0xff, 0xff, 0xff, 0xff,
  0xff, 0xff, 0xff, 0xff, 0xff, 0xff, 0xff, 0xff, 0xff, 0xff, 0xff, 0xff, 0xff, 0xff, 0xff, 0xff,
  0xff, 0xff, 0xff, 0xff, 0xff, 0xff, 0xff, 0xff, 0xff, 0xff, 0xff, 0xff, 0xff, 0xff, 0xff, 0xff,
  0xff, 0xff, 0xff, 0xff, 0xff, 0xff, 0xff, 0xff, 0xff, 0xff, 0xff, 0xff, 0xff, 0xff, 0xff, 0xff,
  0xff, 0xff, 0xff, 0xff, 0xff, 0xff, 0xff, 0xff, 0xff, 0xff, 0xff, 0xff, 0xff, 0xff, 0xff, 0xff,
  0xff, 0xff, 0xfe, 0xee, 0xee, 0xee, 0xee, 0xee, 0xee, 0xee, 0xee, 0xee, 0xee, 0xee, 0xee, 0xee,
  0xee, 0xee, 0xee, 0xee, 0xee, 0xee, 0xee, 0xee, 0xed, 0xcc, 0xcc, 0xcc, 0xcc, 0xcc, 0xcc, 0xcc,
  0xcc, 0xcc, 0xcc, 0xcc, 0xcc, 0xcc, 0xcc, 0xcc, 0xcc, 0xcc, 0xcc, 0xcc, 0xcc, 0xcc, 0xcc, 0xcc,
  0xcc, 0xcc, 0xcc, 0xcc, 0xcc, 0xcc, 0xcc, 0xcc, 0xcc, 0xcc, 0xcc, 0xcc, 0xcc, 0xcc, 0xcc, 0xcc,
  0xcc, 0xcc, 0xcc, 0xcc, 0xcc, 0xcc, 0xcc, 0xcc, 0xcc, 0xcc, 0xcc, 0xcc, 0xcc, 0xcc, 0xcc, 0xcc,
  0xcc, 0xcc, 0xcc, 0xcc, 0xcc, 0xcc, 0xcc, 0xcc, 0xcc, 0xcc, 0xbb, 0xbb, 0xbb, 0xbb, 0xbb, 0xbb,
  0xff, 0xff, 0xff, 0xff, 0xff, 0xff, 0xff, 0xff, 0xff, 0xff, 0xff, 0xff, 0xff, 0xff, 0xff, 0xff,
  0xff, 0xff, 0xff, 0xff, 0xff, 0xff, 0xff, 0xff, 0xff, 0xff, 0xff, 0xff, 0xff, 0xff, 0xff, 0xff,
  0xff, 0xff, 0xff, 0xff, 0xff, 0xff, 0xff, 0xff, 0xff, 0xff, 0xff, 0xff, 0xff, 0xff, 0xff, 0xff,
  0xff, 0xff, 0xff, 0xff, 0xff, 0xff, 0xff, 0xff, 0xff, 0xff, 0xff, 0xff, 0xff, 0xff, 0xff, 0xff,
  0xff, 0xff, 0xff, 0xff, 0xff, 0xff, 0xff, 0xff, 0xff, 0xff, 0xff, 0xff, 0xff, 0xff, 0xff, 0xff,
  0xff, 0xff, 0xff, 0xff, 0xff, 0xff, 0xff, 0xff, 0xfe, 0xee, 0xee, 0xee, 0xee, 0xee, 0xee, 0xee,
  0xee, 0xee, 0xee, 0xee, 0xee, 0xee, 0xee, 0xee, 0xee, 0xee, 0xee, 0xee, 0xdd, 0xdd, 0xcc, 0xcc,
  0xcc, 0xcc, 0xcc, 0xcc, 0xcc, 0xcc, 0xcc, 0xcc, 0xcc, 0xcc, 0xcc, 0xcc, 0xcc, 0xcc, 0xcb, 0xcc,
  0xcc, 0xcc, 0xcc, 0xbb, 0xbb, 0xbb, 0xcc, 0xcb, 0xbb, 0xcc, 0xbb, 0xbb, 0xcc, 0xcc, 0xcc, 0xcc,
  0xcc, 0xcc, 0xcc, 0xcc, 0xcc, 0xcc, 0xcc, 0xcc, 0xcc, 0xcc, 0xcc, 0xcc, 0xcc, 0xcc, 0xcc, 0xcc,
  0xcc, 0xcc, 0xcc, 0xcc, 0xcc, 0xcc, 0xcc, 0xcc, 0xcc, 0xcc, 0xcc, 0xcc, 0xcc, 0xcc, 0xcc, 0xcb,
  0xbb, 0xbb, 0xbb, 0xbb, 0xff, 0xff, 0xff, 0xff, 0xff, 0xff, 0xff, 0xff, 0xff, 0xff, 0xff, 0xff,
  0xff, 0xff, 0xff, 0xff, 0xff, 0xff, 0xff, 0xff, 0xff, 0xff, 0xff, 0xff, 0xff, 0xff, 0xff, 0xff,
  0xff, 0xff, 0xff, 0xff, 0xff, 0xff, 0xff, 0xff, 0xff, 0xff, 0xff, 0xff, 0xff, 0xff, 0xff, 0xff,
  0xff, 0xff, 0xff, 0xff, 0xff, 0xff, 0xff, 0xff, 0xff, 0xff, 0xff, 0xff, 0xff, 0xff, 0xff, 0xff,
  0xff, 0xff, 0xff, 0xff, 0xff, 0xff, 0xff, 0xff, 0xff, 0xff, 0xff, 0xff, 0xff, 0xff, 0xff, 0xff,
  0xff, 0xff, 0xff, 0xff, 0xff, 0xff, 0xff, 0xff, 0xff, 0xff, 0xff, 0xff, 0xff, 0xfe, 0xee, 0xee,
  0xee, 0xee, 0xee, 0xee, 0xee, 0xee, 0xee, 0xee, 0xee, 0xee, 0xee, 0xee, 0xee, 0xee, 0xee, 0xee,
  0xee, 0xee, 0xdd, 0xdd, 0xdc, 0xcc, 0xcc, 0xcc, 0xcc, 0xcc, 0xcc, 0xcc, 0xcc, 0xcc, 0xcc, 0xcc,
  0xcc, 0xcb, 0xbb, 0xbb, 0xbb, 0xbb, 0xbb, 0xbb, 0xbb, 0xbb, 0xbb, 0xbb, 0xbb, 0xbb, 0xbb, 0xbb,
  0xbb, 0xbb, 0xbb, 0xbb, 0xbb, 0xbb, 0xbb, 0xbb, 0xbb, 0xbb, 0xbb, 0xbb, 0xbb, 0xbb, 0xbb, 0xbb,
  0xbb, 0xbb, 0xcc, 0xcb, 0xcc, 0xcc, 0xcc, 0xcc, 0xcc, 0xcc, 0xcc, 0xcc, 0xcc, 0xcc, 0xcc, 0xcc,
  0xcc, 0xcc, 0xcc, 0xcc, 0xcc, 0xcc, 0xbb, 0xbb, 0xff, 0xff, 0xff, 0xff, 0xff, 0xff, 0xff, 0xff,
  0xff, 0xff, 0xff, 0xff, 0xff, 0xff, 0xff, 0xff, 0xff, 0xff, 0xff, 0xff, 0xff, 0xff, 0xff, 0xff,
  0xff, 0xff, 0xff, 0xff, 0xff, 0xff, 0xff, 0xff, 0xff, 0xff, 0xff, 0xff, 0xff, 0xff, 0xff, 0xff,
  0xff, 0xff, 0xff, 0xff, 0xff, 0xff, 0xff, 0xff, 0xff, 0xff, 0xff, 0xff, 0xff, 0xff, 0xff, 0xff,
  0xff, 0xff, 0xff, 0xff, 0xff, 0xff, 0xff, 0xff, 0xff, 0xff, 0xff, 0xff, 0xff, 0xff, 0xff, 0xff,
  0xff, 0xff, 0xff, 0xff, 0xff, 0xff, 0xff, 0xff, 0xff, 0xff, 0xff, 0xff, 0xff, 0xff, 0xff, 0xff,
  0xff, 0xee, 0xee, 0xee, 0xee, 0xee, 0xee, 0xee, 0xee, 0xee, 0xee, 0xee, 0xee, 0xee, 0xee, 0xee,
  0xee, 0xee, 0xee, 0xee, 0xee, 0xee, 0xed, 0xdc, 0xcc, 0xcc, 0xcc, 0xcc, 0xcc, 0xcc, 0xcc, 0xcc,
  0xcc, 0xcc, 0xcc, 0xcc, 0xcc, 0xcb, 0xbb, 0xbb, 0xbb, 0xbb, 0xbb, 0xbb, 0xbb, 0xbb, 0xbb, 0xbb,
  0xbb, 0xbb, 0xbb, 0xbb, 0xbb, 0xbb, 0xbb, 0xbb, 0xbb, 0xbb, 0xbb, 0xbb, 0xbb, 0xbb, 0xbb, 0xbb,
  0xbb, 0xbb, 0xbb, 0xbb, 0xbb, 0xbb, 0xbb, 0xbb, 0xbb, 0xbb, 0xbb, 0xbb, 0xbb, 0xbb, 0xbb, 0xbb,
  0xbb, 0xbc, 0xcc, 0xcc, 0xcc, 0xcc, 0xbb, 0xbb, 0xcc, 0xcc, 0xcb, 0xbb, 0xff, 0xff, 0xff, 0xff,
  0xff, 0xff, 0xff, 0xff, 0xff, 0xff, 0xff, 0xff, 0xff, 0xff, 0xff, 0xff, 0xff, 0xff, 0xff, 0xff,
  0xff, 0xff, 0xff, 0xff, 0xff, 0xff, 0xff, 0xff, 0xff, 0xff, 0xff, 0xff, 0xff, 0xff, 0xff, 0xff,
  0xff, 0xff, 0xff, 0xff, 0xff, 0xff, 0xff, 0xff, 0xff, 0xff, 0xff, 0xff, 0xff, 0xff, 0xff, 0xff,
  0xff, 0xff, 0xff, 0xff, 0xff, 0xff, 0xff, 0xff, 0xff, 0xff, 0xff, 0xff, 0xff, 0xff, 0xff, 0xff,
  0xff, 0xff, 0xff, 0xff, 0xff, 0xff, 0xff, 0xff, 0xff, 0xff, 0xff, 0xff, 0xff, 0xff, 0xff, 0xff,
  0xff, 0xff, 0xff, 0xff, 0xff, 0xff, 0xff, 0xff, 0xee, 0xee, 0xee, 0xee, 0xee, 0xee, 0xee, 0xee,
  0xee, 0xee, 0xee, 0xee, 0xee, 0xee, 0xee, 0xee, 0xee, 0xee, 0xed, 0xdd, 0xdd, 0xcc, 0xcc, 0xcc,
  0xcc, 0xcc, 0xcc, 0xcc, 0xcc, 0xcc, 0xcc, 0xcc, 0xcc, 0xcc, 0xbb, 0xbb, 0xbb, 0xbb, 0xbb, 0xbb,
  0xbb, 0xbb, 0xbb, 0xbb, 0xbb, 0xbb, 0xbb, 0xbb, 0xbb, 0xbb, 0xbb, 0xbb, 0xbb, 0xbb, 0xbb, 0xbb,
  0xbb, 0xbb, 0xbb, 0xbb, 0xbb, 0xbb, 0xbb, 0xbb, 0xbb, 0xbb, 0xbb, 0xbb, 0xbb, 0xbb, 0xbb, 0xbb,
  0xbb, 0xbb, 0xbb, 0xbb, 0xbb, 0xbb, 0xbb, 0xbb, 0xbb, 0xbb, 0xbb, 0xbb, 0xbb, 0xbb, 0xbb, 0xbb,
  0xff, 0xff, 0xff, 0xff, 0xff, 0xff, 0xff, 0xff, 0xff, 0xff, 0xff, 0xff, 0xff, 0xff, 0xff, 0xff,
  0xff, 0xff, 0xff, 0xff, 0xff, 0xff, 0xff, 0xff, 0xff, 0xff, 0xff, 0xff, 0xff, 0xff, 0xff, 0xff,
  0xff, 0xff, 0xff, 0xff, 0xff, 0xff, 0xff, 0xff, 0xff, 0xff, 0xff, 0xff, 0xff, 0xff, 0xff, 0xff,
  0xff, 0xff, 0xff, 0xff, 0xff, 0xff, 0xff, 0xff, 0xff, 0xff, 0xff, 0xff, 0xff, 0xff, 0xff, 0xff,
  0xff, 0xff, 0xff, 0xff, 0xff, 0xff, 0xff, 0xff, 0xff, 0xff, 0xff, 0xff, 0xff, 0xff, 0xff, 0xff,
  0xff, 0xff, 0xff, 0xff, 0xff, 0xff, 0xff, 0xff, 0xff, 0xff, 0xff, 0xff, 0xee, 0xee, 0xee, 0xee,
  0xee, 0xee, 0xee, 0xee, 0xee, 0xee, 0xee, 0xee, 0xee, 0xee, 0xee, 0xee, 0xee, 0xee, 0xee, 0xee,
  0xee, 0xdd, 0xdd, 0xdd, 0xcc, 0xcc, 0xcc, 0xcc, 0xcc, 0xcc, 0xcc, 0xcc, 0xcc, 0xcc, 0xcb, 0xbb,
  0xbb, 0xbb, 0xbb, 0xbb, 0xbb, 0xbb, 0xbb, 0xbb, 0xbb, 0xbb, 0xbb, 0xbb, 0xbb, 0xbb, 0xbb, 0xbb,
  0xbb, 0xbb, 0xbb, 0xbb, 0xbb, 0xbb, 0xbb, 0xbb, 0xbb, 0xbb, 0xbb, 0xbb, 0xbb, 0xbb, 0xbb, 0xbb,
  0xbb, 0xbb, 0xbb, 0xbb, 0xbb, 0xbb, 0xbb, 0xbb, 0xbb, 0xbb, 0xbb, 0xbb, 0xbb, 0xbb, 0xbb, 0xbb,
  0xbb, 0xbb, 0xbb, 0xbb, 0xff, 0xff, 0xff, 0xff, 0xff, 0xff, 0xff, 0xff, 0xff, 0xff, 0xff, 0xff,
  0xff, 0xff, 0xff, 0xff, 0xff, 0xff, 0xff, 0xff, 0xff, 0xff, 0xff, 0xff, 0xff, 0xff, 0xff, 0xff,
  0xff, 0xff, 0xff, 0xff, 0xff, 0xff, 0xff, 0xff, 0xff, 0xff, 0xff, 0xff, 0xff, 0xff, 0xff, 0xff,
  0xff, 0xff, 0xff, 0xff, 0xff, 0xff, 0xff, 0xff, 0xff, 0xff, 0xff, 0xff, 0xff, 0xff, 0xff, 0xff,
  0xff, 0xff, 0xff, 0xff, 0xff, 0xff, 0xff, 0xff, 0xff, 0xff, 0xff, 0xff, 0xff, 0xff, 0xff, 0xff,
  0xff, 0xff, 0xff, 0xff, 0xff, 0xff, 0xff, 0xff, 0xff, 0xff, 0xff, 0xff, 0xff, 0xff, 0xff, 0xff,
  0xee, 0xee, 0xee, 0xee, 0xee, 0xee, 0xee, 0xee, 0xee, 0xee, 0xee, 0xee, 0xee, 0xee, 0xee, 0xee,
  0xee, 0xee, 0xee, 0xee, 0xee, 0xee, 0xee, 0xcc, 0xcc, 0xcc, 0xcc, 0xcc, 0xcc, 0xcc, 0xcc, 0xcc,
  0xcc, 0xcc, 0xcc, 0xcc, 0xbb, 0xbb, 0xbb, 0xbb, 0xbb, 0xbb, 0xbb, 0xbb, 0xbb, 0xbb, 0xbb, 0xbb,
  0xbb, 0xbb, 0xbb, 0xbb, 0xbb, 0xba, 0xaa, 0xaa, 0xaa, 0xaa, 0xaa, 0xaa, 0xaa, 0xaa, 0xaa, 0xaa,
  0xaa, 0xaa, 0xaa, 0xab, 0xbb, 0xaa, 0xab, 0xbb, 0xbb, 0xbb, 0xbb, 0xbb, 0xbb, 0xbb, 0xbb, 0xbb,
  0xbb, 0xbb, 0xbb, 0xbb, 0xbb, 0xbb, 0xbb, 0xbb, 0xff, 0xff, 0xff, 0xff, 0xff, 0xff, 0xff, 0xff,
  0xff, 0xff, 0xff, 0xff, 0xff, 0xff, 0xff, 0xff, 0xff, 0xff, 0xff, 0xff, 0xff, 0xff, 0xff, 0xff,
  0xff, 0xff, 0xff, 0xff, 0xff, 0xff, 0xff, 0xff, 0xff, 0xff, 0xff, 0xff, 0xff, 0xff, 0xff, 0xff,
  0xff, 0xff, 0xff, 0xff, 0xff, 0xff, 0xff, 0xff, 0xff, 0xff, 0xff, 0xff, 0xff, 0xff, 0xff, 0xff,
  0xff, 0xff, 0xff, 0xff, 0xff, 0xff, 0xff, 0xff, 0xff, 0xff, 0xff, 0xff, 0xff, 0xff, 0xff, 0xff,
  0xff, 0xff, 0xff, 0xff, 0xff, 0xff, 0xff, 0xff, 0xff, 0xff, 0xff, 0xff, 0xff, 0xff, 0xff, 0xff,
  0xfe, 0xef, 0xff, 0xff, 0xfe, 0xee, 0xee, 0xee, 0xee, 0xee, 0xee, 0xee, 0xee, 0xee, 0xee, 0xee,
  0xee, 0xee, 0xee, 0xee, 0xee, 0xee, 0xee, 0xee, 0xee, 0xee, 0xee, 0xdd, 0xdc, 0xcc, 0xcc, 0xcc,
  0xcc, 0xcc, 0xcc, 0xcc, 0xcc, 0xcc, 0xcc, 0xcc, 0xcc, 0xbb, 0xbb, 0xbb, 0xbb, 0xbb, 0xbb, 0xbb,
  0xbb, 0xbb, 0xbb, 0xbb, 0xbb, 0xbb, 0xbb, 0xbb, 0xaa, 0xaa, 0xaa, 0xaa, 0xaa, 0xaa, 0xaa, 0xaa,
  0xaa, 0xaa, 0xaa, 0xaa, 0xaa, 0xaa, 0xaa, 0xaa, 0xaa, 0xaa, 0xaa, 0xaa, 0xaa, 0xaa, 0xaa, 0xaa,
  0xaa, 0xaa, 0xaa, 0xaa, 0xaa, 0xbb, 0xbb, 0xbb, 0xbb, 0xbb, 0xbb, 0xbb, 0xff, 0xff, 0xff, 0xff,
  0xff, 0xff, 0xff, 0xff, 0xff, 0xff, 0xff, 0xff, 0xff, 0xff, 0xff, 0xff, 0xff, 0xff, 0xff, 0xff,
  0xff, 0xff, 0xff, 0xff, 0xff, 0xff, 0xff, 0xff, 0xff, 0xff, 0xff, 0xff, 0xff, 0xff, 0xff, 0xff,
  0xff, 0xff, 0xff, 0xff, 0xff, 0xff, 0xff, 0xff, 0xff, 0xff, 0xff, 0xff, 0xff, 0xff, 0xff, 0xff,
  0xff, 0xff, 0xff, 0xff, 0xff, 0xff, 0xff, 0xff, 0xff, 0xff, 0xff, 0xff, 0xff, 0xff, 0xff, 0xff,
  0xff, 0xff, 0xff, 0xff, 0xff, 0xff, 0xff, 0xff, 0xff, 0xff, 0xff, 0xff, 0xef, 0xfe, 0xee, 0xef,
  0xff, 0xff, 0xee, 0xff, 0xee, 0xee, 0xee, 0xee, 0xee, 0xee, 0xee, 0xee, 0xee, 0xee, 0xee, 0xee,
  0xee, 0xee, 0xee, 0xee, 0xee, 0xee, 0xee, 0xee, 0xee, 0xee, 0xee, 0xee, 0xee, 0xee, 0xee, 0xee,
  0xee, 0xee, 0xdc, 0xcc, 0xcc, 0xcc, 0xcc, 0xcc, 0xcc, 0xcc, 0xcc, 0xcc, 0xcc, 0xcc, 0xcc, 0xcb,
  0xbb, 0xbb, 0xbb, 0xbb, 0xbb, 0xbb, 0xbb, 0xbb, 0xbb, 0xbb, 0xbb, 0xba, 0xaa, 0xaa, 0xaa, 0xaa,
  0xaa, 0xaa, 0xaa, 0xaa, 0xaa, 0xaa, 0xaa, 0xaa, 0xaa, 0xaa, 0xaa, 0xaa, 0xaa, 0xaa, 0xaa, 0xaa,
  0xaa, 0xaa, 0xaa, 0xaa, 0xaa, 0xaa, 0xaa, 0xaa, 0xaa, 0xaa, 0xaa, 0xaa, 0xaa, 0xaa, 0xaa, 0xab,
  0xff, 0xff, 0xff, 0xff, 0xff, 0xff, 0xff, 0xff, 0xff, 0xff, 0xff, 0xff, 0xff, 0xff, 0xff, 0xff,
  0xff, 0xff, 0xff, 0xff, 0xff, 0xff, 0xff, 0xff, 0xff, 0xff, 0xff, 0xff, 0xff, 0xff, 0xff, 0xff,
  0xff, 0xff, 0xff, 0xff, 0xff, 0xff, 0xff, 0xff, 0xff, 0xff, 0xff, 0xff, 0xff, 0xff, 0xff, 0xff,
  0xff, 0xff, 0xff, 0xff, 0xff, 0xff, 0xff, 0xff, 0xff, 0xff, 0xff, 0xff, 0xff, 0xff, 0xff, 0xff,
  0xff, 0xff, 0xff, 0xff, 0xff, 0xff, 0xff, 0xff, 0xff, 0xff, 0xff, 0xff, 0xff, 0xff, 0xff, 0xfe,
  0xee, 0xfe, 0xee, 0xee, 0xee, 0xee, 0xee, 0xee, 0xee, 0xee, 0xee, 0xee, 0xee, 0xee, 0xee, 0xee,
  0xee, 0xee, 0xee, 0xee, 0xee, 0xee, 0xee, 0xee, 0xee, 0xee, 0xee, 0xee, 0xee, 0xee, 0xee, 0xee,
  0xee, 0xee, 0xee, 0xee, 0xee, 0xee, 0xed, 0xcd, 0xcc, 0xcc, 0xcc, 0xcc, 0xcc, 0xcc, 0xcc, 0xcc,
  0xcc, 0xcc, 0xcc, 0xcc, 0xcc, 0xbb, 0xbb, 0xbb, 0xbb, 0xbb, 0xbb, 0xbb, 0xbb, 0xbb, 0xbb, 0xbb,
  0xaa, 0xaa, 0xaa, 0xaa, 0xaa, 0xaa, 0xaa, 0xaa, 0xaa, 0xaa, 0xaa, 0xaa, 0xaa, 0xaa, 0xaa, 0xaa,
  0xaa, 0xaa, 0xaa, 0xaa, 0xaa, 0xaa, 0xaa, 0xaa, 0xaa, 0xaa, 0xaa, 0xaa, 0xaa, 0xaa, 0xaa, 0xaa,
  0xaa, 0xaa, 0xaa, 0xaa, 0xff, 0xff, 0xff, 0xff, 0xff, 0xff, 0xff, 0xff, 0xff, 0xff, 0xff, 0xff,
  0xff, 0xff, 0xff, 0xff, 0xff, 0xff, 0xff, 0xff, 0xff, 0xff, 0xff, 0xff, 0xff, 0xff, 0xff, 0xff,
  0xff, 0xff, 0xff, 0xff, 0xff, 0xff, 0xff, 0xff, 0xff, 0xff, 0xff, 0xff, 0xff, 0xff, 0xff, 0xff,
  0xff, 0xff, 0xff, 0xff, 0xff, 0xff, 0xff, 0xff, 0xff, 0xff, 0xff, 0xff, 0xff, 0xff, 0xff, 0xff,
  0xff, 0xff, 0xff, 0xff, 0xff, 0xff, 0xff, 0xff, 0xff, 0xff, 0xff, 0xff, 0xff, 0xff, 0xff, 0xff,
  0xff, 0xff, 0xee, 0xee, 0xee, 0xee, 0xee, 0xee, 0xee, 0xee, 0xee, 0xee, 0xee, 0xee, 0xee, 0xee,
  0xee, 0xee, 0xee, 0xee, 0xee, 0xee, 0xee, 0xee, 0xee, 0xee, 0xee, 0xee, 0xee, 0xee, 0xee, 0xee,
  0xee, 0xee, 0xee, 0xee, 0xee, 0xee, 0xee, 0xee, 0xee, 0xee, 0xee, 0xee, 0xdd, 0xdd, 0xcc, 0xcc,
  0xcc, 0xcc, 0xcc, 0xcc, 0xcc, 0xcc, 0xcc, 0xcc, 0xcc, 0xbb, 0xbc, 0xbb, 0xbb, 0xbb, 0xbb, 0xbb,
  0xbb, 0xbb, 0xbb, 0xbb, 0xaa, 0xaa, 0xaa, 0xaa, 0xaa, 0xaa, 0xaa, 0xaa, 0xaa, 0xaa, 0xaa, 0xaa,
  0xaa, 0xaa, 0xaa, 0xaa, 0xaa, 0xaa, 0xaa, 0xaa, 0xaa, 0xaa, 0x99, 0xaa, 0xaa, 0xaa, 0xaa, 0xaa,
  0xaa, 0xaa, 0xaa, 0xaa, 0xaa, 0xaa, 0xaa, 0xaa, 0xff, 0xff, 0xff, 0xff, 0xff, 0xff, 0xff, 0xff,
  0xff, 0xff, 0xff, 0xff, 0xff, 0xff, 0xff, 0xff, 0xff, 0xff, 0xff, 0xff, 0xff, 0xff, 0xff, 0xff,
  0xff, 0xff, 0xff, 0xff, 0xff, 0xff, 0xff, 0xff, 0xff, 0xff, 0xff, 0xff, 0xff, 0xff, 0xff, 0xff,
  0xff, 0xff, 0xff, 0xff, 0xff, 0xff, 0xff, 0xff, 0xff, 0xff, 0xff, 0xff, 0xff, 0xff, 0xff, 0xff,
  0xff, 0xff, 0xff, 0xff, 0xff, 0xff, 0xff, 0xff, 0xff, 0xff, 0xff, 0xff, 0xff, 0xff, 0xff, 0xff,
  0xff, 0xff, 0xff, 0xff, 0xee, 0xee, 0xee, 0xee, 0xee, 0xee, 0xee, 0xee, 0xee, 0xee, 0xee, 0xee,
  0xee, 0xee, 0xee, 0xee, 0xee, 0xee, 0xee, 0xee, 0xee, 0xee, 0xee, 0xee, 0xee, 0xee, 0xee, 0xee,
  0xee, 0xee, 0xee, 0xee, 0xee, 0xee, 0xee, 0xee, 0xee, 0xee, 0xee, 0xee, 0xee, 0xee, 0xee, 0xee,
  0xee, 0xee, 0xdd, 0xdc, 0xcc, 0xcc, 0xcc, 0xcc, 0xcc, 0xcc, 0xcc, 0xcc, 0xcc, 0xcc, 0xcc, 0xcc,
  0xcb, 0xbb, 0xbb, 0xbb, 0xbb, 0xbb, 0xbb, 0xbb, 0xbb, 0xba, 0xaa, 0xaa, 0xaa, 0xaa, 0xaa, 0xaa,
  0xaa, 0xaa, 0xaa, 0xaa, 0xaa, 0xa9, 0x99, 0x99, 0x99, 0x99, 0x99, 0x99, 0x99, 0x99, 0x99, 0x99,
  0x99, 0x99, 0x99, 0x99, 0x99, 0x99, 0x99, 0x99, 0x99, 0x99, 0x9a, 0xa9, 0xff, 0xff, 0xff, 0xff,
  0xff, 0xff, 0xff, 0xff, 0xff, 0xff, 0xff, 0xff, 0xff, 0xff, 0xff, 0xff, 0xff, 0xff, 0xff, 0xff,
  0xff, 0xff, 0xff, 0xff, 0xff, 0xff, 0xff, 0xff, 0xff, 0xff, 0xff, 0xff, 0xff, 0xff, 0xff, 0xff,
  0xff, 0xff, 0xff, 0xff, 0xff, 0xff, 0xff, 0xff, 0xff, 0xff, 0xff, 0xff, 0xff, 0xff, 0xff, 0xff,
  0xff, 0xff, 0xff, 0xff, 0xff, 0xff, 0xff, 0xff, 0xff, 0xff, 0xff, 0xff, 0xff, 0xff, 0xff, 0xff,
  0xff, 0xff, 0xff, 0xff, 0xff, 0xff, 0xff, 0xfe, 0xee, 0xee, 0xee, 0xee, 0xee, 0xee, 0xee, 0xee,
  0xee, 0xee, 0xee, 0xee, 0xee, 0xee, 0xee, 0xee, 0xee, 0xee, 0xee, 0xee, 0xee, 0xee, 0xee, 0xee,
  0xee, 0xee, 0xee, 0xee, 0xee, 0xee, 0xee, 0xee, 0xee, 0xee, 0xee, 0xee, 0xee, 0xee, 0xee, 0xee,
  0xee, 0xee, 0xee, 0xee, 0xee, 0xee, 0xee, 0xed, 0xcd, 0xec, 0xcc, 0xcc, 0xcc, 0xcc, 0xcc, 0xcc,
  0xcc, 0xcc, 0xcc, 0xcc, 0xcc, 0xbb, 0xbb, 0xbb, 0xbb, 0xbb, 0xbb, 0xbb, 0xbb, 0xbb, 0xaa, 0xaa,
  0xaa, 0xaa, 0xaa, 0xaa, 0xaa, 0xaa, 0xaa, 0xaa, 0xaa, 0x99, 0x99, 0x99, 0x99, 0x99, 0x99, 0x99,
  0x99, 0x99, 0x99, 0x99, 0x99, 0x99, 0x99, 0x99, 0x99, 0x99, 0x99, 0x99, 0x99, 0x99, 0x99, 0x99,
  0xff, 0xff, 0xff, 0xff, 0xff, 0xff, 0xff, 0xff, 0xff, 0xff, 0xff, 0xff, 0xff, 0xff, 0xff, 0xff,
  0xff, 0xff, 0xff, 0xff, 0xff, 0xff, 0xff, 0xff, 0xff, 0xff, 0xff, 0xff, 0xff, 0xff, 0xff, 0xff,
  0xff, 0xff, 0xff, 0xff, 0xff, 0xff, 0xff, 0xff, 0xff, 0xff, 0xff, 0xff, 0xff, 0xff, 0xff, 0xff,
  0xff, 0xff, 0xff, 0xff, 0xff, 0xff, 0xff, 0xff, 0xff, 0xff, 0xff, 0xff, 0xff, 0xff, 0xff, 0xff,
  0xff, 0xff, 0xff, 0xff, 0xff, 0xff, 0xff, 0xff, 0xff, 0xff, 0xff, 0xee, 0xee, 0xee, 0xee, 0xee,
  0xee, 0xee, 0xee, 0xee, 0xee, 0xee, 0xee, 0xee, 0xee, 0xee, 0xee, 0xee, 0xee, 0xee, 0xee, 0xee,
  0xee, 0xee, 0xee, 0xee, 0xee, 0xee, 0xee, 0xee, 0xee, 0xee, 0xee, 0xee, 0xee, 0xee, 0xee, 0xee,
  0xee, 0xee, 0xee, 0xee, 0xee, 0xee, 0xee, 0xee, 0xee, 0xee, 0xee, 0xee, 0xee, 0xec, 0xcc, 0xcc,
  0xcc, 0xcc, 0xcc, 0xcc, 0xcc, 0xcc, 0xcc, 0xcc, 0xcc, 0xcc, 0xcc, 0xbb, 0xbb, 0xbb, 0xbb, 0xbb,
  0xbb, 0xbb, 0xbb, 0xbb, 0xbb, 0xaa, 0xaa, 0xaa, 0xaa, 0xaa, 0xaa, 0xaa, 0xaa, 0xaa, 0xa9, 0x99,
  0x99, 0x99, 0x99, 0x99, 0x99, 0x99, 0x99, 0x99, 0x99, 0x99, 0x99, 0x99, 0x99, 0x99, 0x99, 0x99,
  0x99, 0x99, 0x99, 0x99, 0xff, 0xff, 0xff, 0xff, 0xff, 0xff, 0xff, 0xff, 0xff, 0xff, 0xff, 0xff,
  0xff, 0xff, 0xff, 0xff, 0xff, 0xff, 0xff, 0xff, 0xff, 0xff, 0xff, 0xff, 0xff, 0xff, 0xff, 0xff,
  0xff, 0xff, 0xff, 0xff, 0xff, 0xff, 0xff, 0xff, 0xff, 0xff, 0xff, 0xff, 0xff, 0xff, 0xff, 0xff,
  0xff, 0xff, 0xff, 0xff, 0xff, 0xff, 0xff, 0xff, 0xff, 0xff, 0xff, 0xff, 0xff, 0xff, 0xff, 0xff,
  0xff, 0xff, 0xff, 0xff, 0xff, 0xff, 0xff, 0xff, 0xff, 0xff, 0xff, 0xff, 0xff, 0xff, 0xee, 0xee,
  0xee, 0xee, 0xee, 0xee, 0xee, 0xee, 0xee, 0xee, 0xee, 0xee, 0xee, 0xee, 0xee, 0xee, 0xee, 0xee,
  0xee, 0xee, 0xee, 0xee, 0xee, 0xee, 0xee, 0xee, 0xee, 0xee, 0xee, 0xee, 0xee, 0xee, 0xee, 0xee,
  0xee, 0xee, 0xee, 0xee, 0xee, 0xee, 0xee, 0xee, 0xee, 0xee, 0xee, 0xee, 0xee, 0xee, 0xee, 0xee,
  0xee, 0xee, 0xee, 0xdc, 0xcc, 0xcc, 0xcc, 0xcc, 0xcc, 0xcc, 0xcc, 0xcc, 0xcc, 0xcc, 0xcc, 0xcc,
  0xcc, 0xbb, 0xbb, 0xbb, 0xbb, 0xbb, 0xbb, 0xbb, 0xbb, 0xba, 0xaa, 0xaa, 0xaa, 0xaa, 0xaa, 0xaa,
  0xaa, 0xaa, 0xaa, 0xaa, 0x99, 0x99, 0x99, 0x99, 0x99, 0x99, 0x99, 0x99, 0x99, 0x99, 0x99, 0x98,
  0x88, 0x88, 0x88, 0x88, 0x88, 0x88, 0x88, 0x88, 0xff, 0xff, 0xff, 0xff, 0xff, 0xff, 0xff, 0xff,
  0xff, 0xff, 0xff, 0xff, 0xff, 0xff, 0xff, 0xff, 0xff, 0xff, 0xff, 0xff, 0xff, 0xff, 0xff, 0xff,
  0xff, 0xff, 0xff, 0xff, 0xff, 0xff, 0xff, 0xff, 0xff, 0xff, 0xff, 0xff, 0xff, 0xff, 0xff, 0xff,
  0xff, 0xff, 0xff, 0xff, 0xff, 0xff, 0xff, 0xff, 0xff, 0xff, 0xff, 0xff, 0xff, 0xff, 0xff, 0xff,
  0xff, 0xff, 0xff, 0xff, 0xff, 0xff, 0xff, 0xff, 0xff, 0xff, 0xff, 0xff, 0xff, 0xff, 0xff, 0xff,
  0xff, 0xfe, 0xee, 0xee, 0xee, 0xee, 0xee, 0xee, 0xee, 0xee, 0xee, 0xee, 0xee, 0xee, 0xee, 0xee,
  0xee, 0xee, 0xee, 0xee, 0xee, 0xee, 0xee, 0xee, 0xee, 0xee, 0xee, 0xee, 0xee, 0xee, 0xee, 0xee,
  0xee, 0xee, 0xee, 0xee, 0xee, 0xee, 0xee, 0xee, 0xee, 0xee, 0xee, 0xee, 0xee, 0xee, 0xee, 0xee,
  0xee, 0xee, 0xee, 0xee, 0xee, 0xee, 0xee, 0xed, 0xdd, 0xcc, 0xcc, 0xcc, 0xcc, 0xcc, 0xcc, 0xcc,
  0xcc, 0xcc, 0xcc, 0xcc, 0xcc, 0xcc, 0xbb, 0xbb, 0xbb, 0xbb, 0xbb, 0xbb, 0xbb, 0xbb, 0xbb, 0xbb,
  0xaa, 0xaa, 0xaa, 0xaa, 0xaa, 0xaa, 0xaa, 0xaa, 0xa9, 0x99, 0x99, 0x99, 0x99, 0x99, 0x99, 0x99,
  0x99, 0x99, 0x98, 0x88, 0x88, 0x88, 0x88, 0x88, 0x88, 0x88, 0x88, 0x88, 0xff, 0xff, 0xff, 0xff,
  0xff, 0xff, 0xff, 0xff, 0xff, 0xff, 0xff, 0xff, 0xff, 0xff, 0xff, 0xff, 0xff, 0xff, 0xff, 0xff,
  0xff, 0xff, 0xff, 0xff, 0xff, 0xff, 0xff, 0xff, 0xff, 0xff, 0xff, 0xff, 0xff, 0xff, 0xff, 0xff,
  0xff, 0xff, 0xff, 0xff, 0xff, 0xff, 0xff, 0xff, 0xff, 0xff, 0xff, 0xff, 0xff, 0xff, 0xff, 0xff,
  0xff, 0xff, 0xff, 0xff, 0xff, 0xff, 0xff, 0xff, 0xff, 0xff, 0xff, 0xff, 0xff, 0xff, 0xff, 0xff,
  0xff, 0xff, 0xff, 0xff, 0xff, 0xee, 0xee, 0xee, 0xee, 0xee, 0xee, 0xee, 0xee, 0xee, 0xee, 0xee,
  0xee, 0xee, 0xee, 0xee, 0xee, 0xee, 0xee, 0xee, 0xee, 0xee, 0xee, 0xee, 0xee, 0xee, 0xee, 0xee,
  0xee, 0xee, 0xdd, 0xee, 0xee, 0xee, 0xee, 0xed, 0xee, 0xee, 0xee, 0xee, 0xee, 0xee, 0xee, 0xee,
  0xee, 0xee, 0xee, 0xee, 0xee, 0xee, 0xee, 0xee, 0xee, 0xee, 0xee, 0xee, 0xee, 0xde, 0xdc, 0xcc,
  0xcc, 0xcc, 0xcc, 0xcc, 0xcc, 0xcc, 0xcc, 0xcc, 0xcc, 0xcc, 0xcc, 0xcc, 0xcc, 0xcb, 0xbb, 0xbb,
  0xbb, 0xbb, 0xbb, 0xbb, 0xbb, 0xbb, 0xbb, 0xba, 0xaa, 0xaa, 0xaa, 0xaa, 0xaa, 0xaa, 0xaa, 0x99,
  0x99, 0x99, 0x99, 0x99, 0x99, 0x98, 0x88, 0x88, 0x88, 0x88, 0x88, 0x88, 0x88, 0x88, 0x88, 0x88,
  0xff, 0xff, 0xff, 0xff, 0xff, 0xff, 0xff, 0xff, 0xff, 0xff, 0xff, 0xff, 0xff, 0xff, 0xff, 0xff,
  0xff, 0xff, 0xff, 0xff, 0xff, 0xff, 0xff, 0xff, 0xff, 0xff, 0xff, 0xff, 0xff, 0xff, 0xff, 0xff,
  0xff, 0xff, 0xff, 0xff, 0xff, 0xff, 0xff, 0xff, 0xff, 0xff, 0xff, 0xff, 0xff, 0xff, 0xff, 0xff,
  0xff, 0xff, 0xff, 0xff, 0xff, 0xff, 0xff, 0xff, 0xff, 0xff, 0xff, 0xff, 0xff, 0xff, 0xff, 0xff,
  0xff, 0xff, 0xff, 0xff, 0xff, 0xff, 0xff, 0xff, 0xff, 0xee, 0xee, 0xee, 0xee, 0xee, 0xee, 0xee,
  0xee, 0xee, 0xee, 0xee, 0xee, 0xee, 0xee, 0xee, 0xee, 0xee, 0xee, 0xee, 0xee, 0xee, 0xee, 0xee,
  0xee, 0xee, 0xed, 0xdd, 0xdd, 0xee, 0xdd, 0xde, 0xdd, 0xdd, 0xdd, 0xdc, 0xdd, 0xdd, 0xdd, 0xee,
  0xdd, 0xdd, 0xdd, 0xdd, 0xdd, 0xdd, 0xee, 0xdd, 0xdd, 0xee, 0xde, 0xdd, 0xdd, 0xde, 0xed, 0xdd,
  0xdd, 0xde, 0xed, 0xcc, 0xcc, 0xcc, 0xcc, 0xcc, 0xcc, 0xcc, 0xcc, 0xcc, 0xcc, 0xcc, 0xcc, 0xcc,
  0xcc, 0xcc, 0xbb, 0xbb, 0xbb, 0xbb, 0xbb, 0xbb, 0xbb, 0xbb, 0xbb, 0xbb, 0xaa, 0xaa, 0xaa, 0xaa,
  0xaa, 0xaa, 0xaa, 0xa9, 0x99, 0x99, 0x99, 0x99, 0x99, 0x99, 0x88, 0x88, 0x88, 0x88, 0x88, 0x88,
  0x88, 0x88, 0x88, 0x88, 0xff, 0xff, 0xff, 0xff, 0xff, 0xff, 0xff, 0xff, 0xff, 0xff, 0xff, 0xff,
  0xff, 0xff, 0xff, 0xff, 0xff, 0xff, 0xff, 0xff, 0xff, 0xff, 0xff, 0xff, 0xff, 0xff, 0xff, 0xff,
  0xff, 0xff, 0xff, 0xff, 0xff, 0xff, 0xff, 0xff, 0xff, 0xff, 0xff, 0xff, 0xff, 0xff, 0xff, 0xff,
  0xff, 0xff, 0xff, 0xff, 0xff, 0xff, 0xff, 0xff, 0xff, 0xff, 0xff, 0xff, 0xff, 0xff, 0xff, 0xff,
  0xff, 0xff, 0xff, 0xff, 0xff, 0xff, 0xff, 0xff, 0xff, 0xff, 0xff, 0xff, 0xff, 0xee, 0xee, 0xee,
  0xee, 0xee, 0xee, 0xee, 0xee, 0xee, 0xee, 0xee, 0xee, 0xee, 0xee, 0xee, 0xee, 0xee, 0xee, 0xee,
  0xee, 0xee, 0xee, 0xee, 0xee, 0xee, 0xed, 0xcc, 0xcc, 0xde, 0xee, 0xdc, 0xcc, 0xcc, 0xcc, 0xcc,
  0xcc, 0xcc, 0xcc, 0xcd, 0xcc, 0xcc, 0xcc, 0xcc, 0xcc, 0xcc, 0xdc, 0xcc, 0xcc, 0xdd, 0xcd, 0xcc,
  0xcc, 0xce, 0xdc, 0xcc, 0xcc, 0xde, 0xed, 0xcc, 0xcc, 0xcc, 0xcc, 0xcc, 0xcc, 0xcc, 0xcc, 0xcc,
  0xcc, 0xcc, 0xcc, 0xcc, 0xcc, 0xcc, 0xcc, 0xbb, 0xbb, 0xbb, 0xbb, 0xbb, 0xbb, 0xbb, 0xbb, 0xbb,
  0xbb, 0xaa, 0xaa, 0xaa, 0xaa, 0xaa, 0xaa, 0xaa, 0x99, 0x99, 0x99, 0x99, 0x99, 0x99, 0x99, 0x99,
  0x88, 0x88, 0x88, 0x88, 0x88, 0x88, 0x88, 0x88, 0xff, 0xff, 0xff, 0xff, 0xff, 0xff, 0xff, 0xff,
  0xff, 0xff, 0xff, 0xff, 0xff, 0xff, 0xff, 0xff, 0xff, 0xff, 0xff, 0xff, 0xff, 0xff, 0xff, 0xff,
  0xff, 0xff, 0xff, 0xff, 0xff, 0xff, 0xff, 0xff, 0xff, 0xff, 0xff, 0xff, 0xff, 0xff, 0xff, 0xff,
  0xff, 0xff, 0xff, 0xff, 0xff, 0xff, 0xff, 0xff, 0xff, 0xff, 0xff, 0xff, 0xff, 0xff, 0xff, 0xff,
  0xff, 0xff, 0xff, 0xff, 0xff, 0xff, 0xff, 0xff, 0xff, 0xff, 0xff, 0xff, 0xff, 0xff, 0xff, 0xff,
  0xfe, 0xee, 0xee, 0xee, 0xee, 0xee, 0xee, 0xee, 0xee, 0xee, 0xee, 0xee, 0xee, 0xee, 0xee, 0xee,
  0xee, 0xee, 0xee, 0xee, 0xdd, 0xcd, 0xdd, 0xcc, 0xdd, 0xcc, 0xdd, 0xcc, 0xcc, 0xcc, 0xcc, 0xcc,
  0xcc, 0xcc, 0xcc, 0xcc, 0xcc, 0xcc, 0xcc, 0xcc, 0xcc, 0xcc, 0xcc, 0xcc, 0xcc, 0xcc, 0xcc, 0xcc,
  0xcc, 0xcc, 0xcc, 0xcc, 0xcc, 0xcc, 0xcc, 0xcc, 0xcc, 0xcc, 0xcc, 0xcc, 0xcc, 0xcc, 0xcc, 0xcc,
  0xcc, 0xcc, 0xcc, 0xcc, 0xcc, 0xcc, 0xcc, 0xcc, 0xcc, 0xcc, 0xcc, 0xcc, 0xcc, 0xcb, 0xbb, 0xbb,
  0xbb, 0xbb, 0xbb, 0xbb, 0xbb, 0xbb, 0xba, 0xaa, 0xaa, 0xaa, 0xaa, 0xaa, 0xaa, 0xaa, 0xaa, 0xaa,
  0x99, 0x99, 0x99, 0x99, 0x99, 0x88, 0x88, 0x88, 0x88, 0x88, 0x88, 0x88, 0xff, 0xff, 0xff, 0xff,
  0xff, 0xff, 0xff, 0xff, 0xff, 0xff, 0xff, 0xff, 0xff, 0xff, 0xff, 0xff, 0xff, 0xff, 0xff, 0xff,
  0xff, 0xff, 0xff, 0xff, 0xff, 0xff, 0xff, 0xff, 0xff, 0xff, 0xff, 0xff, 0xff, 0xff, 0xff, 0xff,
  0xff, 0xff, 0xff, 0xff, 0xff, 0xff, 0xff, 0xff, 0xff, 0xff, 0xff, 0xff, 0xff, 0xff, 0xff, 0xff,
  0xff, 0xff, 0xff, 0xff, 0xff, 0xff, 0xff, 0xff, 0xff, 0xff, 0xff, 0xff, 0xff, 0xff, 0xff, 0xff,
  0xff, 0xff, 0xff, 0xff, 0xee, 0xee, 0xee, 0xee, 0xee, 0xee, 0xee, 0xee, 0xee, 0xee, 0xee, 0xee,
  0xee, 0xee, 0xee, 0xee, 0xee, 0xee, 0xed, 0xdd, 0xcc, 0xcc, 0xcc, 0xcc, 0xcc, 0xcc, 0xcc, 0xcc,
  0xcc, 0xcc, 0xcc, 0xcc, 0xcc, 0xcc, 0xcc, 0xcc, 0xcc, 0xcc, 0xcc, 0xcc, 0xcc, 0xcc, 0xcc, 0xcc,
  0xcc, 0xcc, 0xcc, 0xcc, 0xcc, 0xcc, 0xcc, 0xcc, 0xcc, 0xcc, 0xcc, 0xcc, 0xcc, 0xcc, 0xcc, 0xcc,
  0xcc, 0xcc, 0xcc, 0xcc, 0xcc, 0xcc, 0xcc, 0xcc, 0xcc, 0xcc, 0xcc, 0xcc, 0xcc, 0xcc, 0xcc, 0xcc,
  0xcc, 0xcc, 0xcc, 0xcc, 0xcc, 0xcb, 0xbb, 0xbb, 0xbb, 0xbb, 0xbb, 0xbb, 0xbb, 0xbb, 0xaa, 0xaa,
  0xaa, 0xaa, 0xaa, 0xaa, 0xaa, 0xaa, 0x99, 0x99, 0x99, 0x99, 0x99, 0x99, 0x88, 0x88, 0x88, 0x88,
  0xff, 0xff, 0xff, 0xff, 0xff, 0xff, 0xff, 0xff, 0xff, 0xff, 0xff, 0xff, 0xff, 0xff, 0xff, 0xff,
  0xff, 0xff, 0xff, 0xff, 0xff, 0xff, 0xff, 0xff, 0xff, 0xff, 0xff, 0xff, 0xff, 0xff, 0xff, 0xff,
  0xff, 0xff, 0xff, 0xff, 0xff, 0xff, 0xff, 0xff, 0xff, 0xff, 0xff, 0xff, 0xff, 0xff, 0xff, 0xff,
  0xff, 0xff, 0xff, 0xff, 0xff, 0xff, 0xff, 0xff, 0xff, 0xff, 0xff, 0xff, 0xff, 0xff, 0xff, 0xff,
  0xff, 0xff, 0xff, 0xff, 0xff, 0xff, 0xff, 0xff, 0xee, 0xee, 0xee, 0xee, 0xee, 0xee, 0xee, 0xee,
  0xee, 0xee, 0xee, 0xee, 0xee, 0xee, 0xee, 0xee, 0xee, 0xee, 0xee, 0xdd, 0xcc, 0xcc, 0xcc, 0xcc,
  0xcc, 0xcc, 0xcc, 0xcc, 0xcc, 0xcc, 0xcc, 0xcc, 0xcc, 0xcc, 0xcc, 0xcc, 0xcc, 0xcc, 0xcc, 0xcc,
  0xcc, 0xcc, 0xcc, 0xcc, 0xcc, 0xcc, 0xcc, 0xcc, 0xcc, 0xcc, 0xcc, 0xcc, 0xcc, 0xcc, 0xcc, 0xcc,
  0xcc, 0xcc, 0xcc, 0xcc, 0xcc, 0xcc, 0xcc, 0xcc, 0xcc, 0xcc, 0xcc, 0xcc, 0xcc, 0xcc, 0xcc, 0xcc,
  0xcc, 0xcc, 0xcc, 0xcc, 0xcc, 0xcc, 0xcc, 0xcc, 0xcc, 0xcc, 0xcb, 0xbb, 0xbb, 0xbb, 0xbb, 0xbb,
  0xbb, 0xbb, 0xbb, 0xba, 0xaa, 0xaa, 0xaa, 0xaa, 0xaa, 0xaa, 0xaa, 0xaa, 0x99, 0x99, 0x99, 0x99,
  0x99, 0x99, 0x88, 0x88, 0xff, 0xff, 0xff, 0xff, 0xff, 0xff, 0xff, 0xff, 0xff, 0xff, 0xff, 0xff,
  0xff, 0xff, 0xff, 0xff, 0xff, 0xff, 0xff, 0xff, 0xff, 0xff, 0xff, 0xff, 0xff, 0xff, 0xff, 0xff,
  0xff, 0xff, 0xff, 0xff, 0xff, 0xff, 0xff, 0xff, 0xff, 0xff, 0xff, 0xff, 0xff, 0xff, 0xff, 0xff,
  0xff, 0xff, 0xff, 0xff, 0xff, 0xff, 0xff, 0xff, 0xff, 0xff, 0xff, 0xff, 0xff, 0xff, 0xff, 0xff,
  0xff, 0xff, 0xff, 0xff, 0xff, 0xff, 0xff, 0xff, 0xff, 0xff, 0xff, 0xfe, 0xee, 0xee, 0xee, 0xee,
  0xee, 0xee, 0xee, 0xee, 0xee, 0xee, 0xee, 0xee, 0xee, 0xee, 0xee, 0xee, 0xee, 0xee, 0xee, 0xee,
  0xdd, 0xdc, 0xcc, 0xcc, 0xcc, 0xcc, 0xcc, 0xcc, 0xcc, 0xcc, 0xcc, 0xcc, 0xcc, 0xcc, 0xcc, 0xcc,
  0xcc, 0xcc, 0xcc, 0xcc, 0xcc, 0xcc, 0xcc, 0xcc, 0xcc, 0xcc, 0xcc, 0xcc, 0xcc, 0xcc, 0xcc, 0xcc,
  0xcc, 0xcc, 0xcc, 0xcc, 0xcc, 0xcc, 0xcc, 0xcc, 0xcc, 0xcc, 0xcc, 0xcc, 0xcc, 0xcc, 0xcc, 0xcc,
  0xcc, 0xcc, 0xcc, 0xcc, 0xcc, 0xcc, 0xcc, 0xcc, 0xcc, 0xcc, 0xcc, 0xcc, 0xcc, 0xcc, 0xcc, 0xbb,
  0xbb, 0xbb, 0xbb, 0xbb, 0xbb, 0xbb, 0xbb, 0xbb, 0xbb, 0xbb, 0xaa, 0xaa, 0xaa, 0xaa, 0xaa, 0xaa,
  0xa9, 0xa9, 0x99, 0x99, 0x99, 0x99, 0x99, 0x99, 0xff, 0xff, 0xff, 0xff, 0xff, 0xff, 0xff, 0xff,
  0xff, 0xff, 0xff, 0xff, 0xff, 0xff, 0xff, 0xff, 0xff, 0xff, 0xff, 0xff, 0xff, 0xff, 0xff, 0xff,
  0xff, 0xff, 0xff, 0xff, 0xff, 0xff, 0xff, 0xff, 0xff, 0xff, 0xff, 0xff, 0xff, 0xff, 0xff, 0xff,
  0xff, 0xff, 0xff, 0xff, 0xff, 0xff, 0xff, 0xff, 0xff, 0xff, 0xff, 0xff, 0xff, 0xff, 0xff, 0xff,
  0xff, 0xff, 0xff, 0xff, 0xff, 0xff, 0xff, 0xff, 0xff, 0xff, 0xff, 0xff, 0xff, 0xff, 0xff, 0xee,
  0xee, 0xee, 0xee, 0xee, 0xee, 0xee, 0xee, 0xee, 0xee, 0xee, 0xee, 0xee, 0xee, 0xee, 0xee, 0xee,
  0xee, 0xee, 0xee, 0xee, 0xee, 0xee, 0xcc, 0xcc, 0xcc, 0xcc, 0xcc, 0xcc, 0xcc, 0xcc, 0xcc, 0xcc,
  0xcc, 0xcc, 0xcc, 0xcc, 0xcc, 0xcc, 0xcc, 0xcc, 0xcc, 0xcc, 0xcc, 0xcc, 0xcc, 0xcc, 0xcc, 0xcc,
  0xcc, 0xcc, 0xcc, 0xcc, 0xcc, 0xcc, 0xcc, 0xcc, 0xcc, 0xcc, 0xcc, 0xcc, 0xcc, 0xcc, 0xcc, 0xcc,
  0xcc, 0xcc, 0xcc, 0xcc, 0xcc, 0xcc, 0xcc, 0xcc, 0xcc, 0xcc, 0xcc, 0xcc, 0xcc, 0xcc, 0xcc, 0xcc,
  0xcc, 0xcc, 0xcc, 0xcc, 0xcb, 0xbb, 0xbb, 0xbb, 0xbb, 0xbb, 0xbb, 0xbb, 0xbb, 0xbb, 0xba, 0xaa,
  0xaa, 0xaa, 0xaa, 0xaa, 0xaa, 0xaa, 0xaa, 0x99, 0x99, 0x99, 0x99, 0x99, 0xff, 0xff, 0xff, 0xff,
  0xff, 0xff, 0xff, 0xff, 0xff, 0xff, 0xff, 0xff, 0xff, 0xff, 0xff, 0xff, 0xff, 0xff, 0xff, 0xff,
  0xff, 0xff, 0xff, 0xff, 0xff, 0xff, 0xff, 0xff, 0xff, 0xff, 0xff, 0xff, 0xff, 0xff, 0xff, 0xff,
  0xff, 0xff, 0xff, 0xff, 0xff, 0xff, 0xff, 0xff, 0xff, 0xff, 0xff, 0xff, 0xff, 0xff, 0xff, 0xff,
  0xff, 0xff, 0xff, 0xff, 0xff, 0xff, 0xff, 0xff, 0xff, 0xff, 0xff, 0xff, 0xff, 0xff, 0xff, 0xff,
  0xff, 0xff, 0xff, 0xee, 0xee, 0xee, 0xee, 0xee, 0xee, 0xee, 0xee, 0xee, 0xee, 0xee, 0xee, 0xee,
  0xee, 0xee, 0xee, 0xee, 0xee, 0xee, 0xee, 0xee, 0xee, 0xee, 0xec, 0xcc, 0xcc, 0xcc, 0xcc, 0xcc,
  0xcc, 0xcc, 0xcc, 0xcc, 0xcc, 0xcc, 0xcc, 0xcc, 0xcc, 0xcc, 0xcc, 0xcc, 0xcc, 0xcb, 0xbb, 0xcc,
  0xcc, 0xcc, 0xcc, 0xbb, 0xbb, 0xbc, 0xbb, 0xbb, 0xbb, 0xcc, 0xbb, 0xbb, 0xcc, 0xcb, 0xbb, 0xcc,
  0xcb, 0xbb, 0xcc, 0xcc, 0xcc, 0xcc, 0xcc, 0xcc, 0xcc, 0xcc, 0xcc, 0xcc, 0xcc, 0xcc, 0xcc, 0xcc,
  0xcc, 0xcc, 0xcc, 0xcc, 0xcc, 0xcc, 0xcc, 0xcc, 0xcc, 0xbb, 0xbb, 0xbb, 0xbb, 0xbb, 0xbb, 0xbb,
  0xbb, 0xbb, 0xbb, 0xbb, 0xba, 0xaa, 0xaa, 0xaa, 0xaa, 0xaa, 0xaa, 0xaa, 0xaa, 0x99, 0x99, 0x99,
  0xff, 0xff, 0xff, 0xff, 0xff, 0xff, 0xff, 0xff, 0xff, 0xff, 0xff, 0xff, 0xff, 0xff, 0xff, 0xff,
  0xff, 0xff, 0xff, 0xff, 0xff, 0xff, 0xff, 0xff, 0xff, 0xff, 0xff, 0xff, 0xff, 0xff, 0xff, 0xff,
  0xff, 0xff, 0xff, 0xff, 0xff, 0xff, 0xff, 0xff, 0xff, 0xff, 0xff, 0xff, 0xff, 0xff, 0xff, 0xff,
  0xff, 0xff, 0xff, 0xff, 0xff, 0xff, 0xff, 0xff, 0xff, 0xff, 0xff, 0xff, 0xff, 0xff, 0xff, 0xff,
  0xff, 0xff, 0xff, 0xff, 0xff, 0xff, 0xff, 0xee, 0xee, 0xee, 0xee, 0xee, 0xee, 0xee, 0xee, 0xee,
  0xee, 0xee, 0xee, 0xee, 0xee, 0xee, 0xee, 0xee, 0xee, 0xee, 0xee, 0xee, 0xee, 0xee, 0xec, 0xcc,
  0xcc, 0xcc, 0xcc, 0xcc, 0xcc, 0xcc, 0xcc, 0xcc, 0xcc, 0xcc, 0xcc, 0xcc, 0xcc, 0xcc, 0xcc, 0xcc,
  0xcb, 0xcb, 0xbb, 0xbb, 0xbb, 0xbb, 0xbb, 0xbb, 0xbb, 0xbb, 0xbb, 0xbb, 0xbb, 0xbb, 0xbb, 0xbb,
  0xbb, 0xbb, 0xbb, 0xbb, 0xbb, 0xbb, 0xbb, 0xbb, 0xbb, 0xbb, 0xbb, 0xbb, 0xbb, 0xbb, 0xbb, 0xbb,
  0xbb, 0xbb, 0xbb, 0xbb, 0xbb, 0xbb, 0xbc, 0xcc, 0xcc, 0xcc, 0xbb, 0xbb, 0xbb, 0xbb, 0xbb, 0xbb,
  0xbb, 0xbb, 0xbb, 0xbb, 0xbb, 0xbb, 0xbb, 0xbb, 0xbb, 0xbb, 0xbb, 0xbb, 0xaa, 0xaa, 0xaa, 0xaa,
  0xaa, 0xaa, 0xaa, 0x99, 0xff, 0xff, 0xff, 0xff, 0xff, 0xff, 0xff, 0xff, 0xff, 0xff, 0xff, 0xff,
  0xff, 0xff, 0xff, 0xff, 0xff, 0xff, 0xff, 0xff, 0xff, 0xff, 0xff, 0xff, 0xff, 0xff, 0xff, 0xff,
  0xff, 0xff, 0xff, 0xff, 0xff, 0xff, 0xff, 0xff, 0xff, 0xff, 0xff, 0xff, 0xff, 0xff, 0xff, 0xff,
  0xff, 0xff, 0xff, 0xff, 0xff, 0xff, 0xff, 0xff, 0xff, 0xff, 0xff, 0xff, 0xff, 0xff, 0xff, 0xff,
  0xff, 0xff, 0xff, 0xff, 0xff, 0xff, 0xff, 0xff, 0xff, 0xff, 0xfe, 0xee, 0xee, 0xee, 0xee, 0xee,
  0xee, 0xee, 0xee, 0xee, 0xee, 0xee, 0xee, 0xee, 0xee, 0xee, 0xee, 0xee, 0xee, 0xee, 0xee, 0xee,
  0xee, 0xee, 0xee, 0xee, 0xee, 0xdc, 0xcc, 0xcc, 0xcc, 0xcc, 0xcc, 0xcc, 0xcc, 0xcc, 0xcc, 0xcc,
  0xcc, 0xcc, 0xcc, 0xcc, 0xcc, 0xcb, 0xbb, 0xbb, 0xbb, 0xbb, 0xbb, 0xbb, 0xbb, 0xbb, 0xbb, 0xbb,
  0xbb, 0xbb, 0xbb, 0xbb, 0xbb, 0xbb, 0xbb, 0xbb, 0xbb, 0xbb, 0xbb, 0xbb, 0xbb, 0xbb, 0xbb, 0xbb,
  0xbb, 0xbb, 0xbb, 0xbb, 0xbb, 0xbb, 0xbb, 0xbb, 0xbb, 0xbb, 0xbb, 0xbb, 0xbb, 0xbb, 0xbb, 0xbb,
  0xbb, 0xbb, 0xbb, 0xbb, 0xbb, 0xbb, 0xbb, 0xbb, 0xbb, 0xbb, 0xbb, 0xbb, 0xbb, 0xbb, 0xbb, 0xbb,
  0xbb, 0xbb, 0xbb, 0xaa, 0xaa, 0xaa, 0xaa, 0xaa, 0xff, 0xff, 0xff, 0xff, 0xff, 0xff, 0xff, 0xff,
  0xff, 0xff, 0xff, 0xff, 0xff, 0xff, 0xff, 0xff, 0xff, 0xff, 0xff, 0xff, 0xff, 0xff, 0xff, 0xff,
  0xff, 0xff, 0xff, 0xff, 0xff, 0xff, 0xff, 0xff, 0xff, 0xff, 0xff, 0xff, 0xff, 0xff, 0xff, 0xff,
  0xff, 0xff, 0xff, 0xff, 0xff, 0xff, 0xff, 0xff, 0xff, 0xff, 0xff, 0xff, 0xff, 0xff, 0xff, 0xff,
  0xff, 0xff, 0xff, 0xff, 0xff, 0xff, 0xff, 0xff, 0xff, 0xff, 0xff, 0xff, 0xff, 0xff, 0xfe, 0xee,
  0xee, 0xee, 0xee, 0xee, 0xee, 0xee, 0xee, 0xee, 0xee, 0xee, 0xee, 0xee, 0xee, 0xee, 0xee, 0xee,
  0xee, 0xee, 0xee, 0xee, 0xee, 0xee, 0xee, 0xee, 0xed, 0xec, 0xcc, 0xcc, 0xcc, 0xcc, 0xcc, 0xcc,
  0xcc, 0xcc, 0xcc, 0xcc, 0xcc, 0xcc, 0xcc, 0xcc, 0xcb, 0xbb, 0xbb, 0xbb, 0xbb, 0xbb, 0xbb, 0xbb,
  0xbb, 0xbb, 0xbb, 0xbb, 0xbb, 0xbb, 0xbb, 0xbb, 0xbb, 0xbb, 0xbb, 0xbb, 0xbb, 0xbb, 0xbb, 0xbb,
  0xbb, 0xbb, 0xbb, 0xbb, 0xbb, 0xbb, 0xbb, 0xbb, 0xbb, 0xbb, 0xbb, 0xbb, 0xbb, 0xbb, 0xbb, 0xbb,
  0xbb, 0xbb, 0xbb, 0xbb, 0xbb, 0xbb, 0xbb, 0xbb, 0xbb, 0xbb, 0xbb, 0xbb, 0xbb, 0xbb, 0xbb, 0xbb,
  0xbb, 0xbb, 0xbb, 0xbb, 0xbb, 0xbb, 0xbb, 0xbb, 0xba, 0xaa, 0xaa, 0xaa, 0xff, 0xff, 0xff, 0xff,
  0xff, 0xff, 0xff, 0xff, 0xff, 0xff, 0xff, 0xff, 0xff, 0xff, 0xff, 0xff, 0xff, 0xff, 0xff, 0xff,
  0xff, 0xff, 0xff, 0xff, 0xff, 0xff, 0xff, 0xff, 0xff, 0xff, 0xff, 0xff, 0xff, 0xff, 0xff, 0xff,
  0xff, 0xff, 0xff, 0xff, 0xff, 0xff, 0xff, 0xff, 0xff, 0xff, 0xff, 0xff, 0xff, 0xff, 0xff, 0xff,
  0xff, 0xff, 0xff, 0xff, 0xff, 0xff, 0xff, 0xff, 0xff, 0xff, 0xff, 0xff, 0xff, 0xff, 0xff, 0xff,
  0xff, 0xee, 0xee, 0xee, 0xee, 0xee, 0xee, 0xee, 0xee, 0xee, 0xee, 0xee, 0xee, 0xee, 0xee, 0xee,
  0xee, 0xee, 0xee, 0xee, 0xee, 0xee, 0xee, 0xee, 0xee, 0xee, 0xee, 0xee, 0xed, 0xed, 0xcc, 0xcc,
  0xcc, 0xcc, 0xcc, 0xcc, 0xcc, 0xcc, 0xcc, 0xcc, 0xcc, 0xcc, 0xcc, 0xcc, 0xbb, 0xbb, 0xbb, 0xbb,
  0xbb, 0xbb, 0xbb, 0xbb, 0xbb, 0xbb, 0xbb, 0xbb, 0xbb, 0xbb, 0xbb, 0xbb, 0xbb, 0xbb, 0xbb, 0xbb,
  0xbb, 0xaa, 0xaa, 0xaa, 0xbb, 0xba, 0xaa, 0xab, 0xaa, 0xaa, 0xbb, 0xbb, 0xbb, 0xbb, 0xbb, 0xbb,
  0xbb, 0xbb, 0xbb, 0xbb, 0xbb, 0xbb, 0xbb, 0xbb, 0xbb, 0xbb, 0xbb, 0xbb, 0xbb, 0xbb, 0xbb, 0xbb,
  0xbb, 0xbb, 0xbb, 0xbb, 0xbb, 0xbb, 0xbb, 0xbb, 0xbb, 0xbb, 0xbb, 0xbb, 0xbb, 0xba, 0xaa, 0xaa,
  0xff, 0xff, 0xff, 0xff, 0xff, 0xff, 0xff, 0xff, 0xff, 0xff, 0xff, 0xff, 0xff, 0xff, 0xff, 0xff,
  0xff, 0xff, 0xff, 0xff, 0xff, 0xff, 0xff, 0xff, 0xff, 0xff, 0xff, 0xff, 0xff, 0xff, 0xff, 0xff,
  0xff, 0xff, 0xff, 0xff, 0xff, 0xff, 0xff, 0xff, 0xff, 0xff, 0xff, 0xff, 0xff, 0xff, 0xff, 0xff,
  0xff, 0xff, 0xff, 0xff, 0xff, 0xff, 0xff, 0xff, 0xff, 0xff, 0xff, 0xff, 0xff, 0xff, 0xff, 0xff,
  0xff, 0xff, 0xff, 0xff, 0xfe, 0xee, 0xee, 0xee, 0xee, 0xee, 0xee, 0xee, 0xee, 0xee, 0xee, 0xee,
  0xee, 0xee, 0xee, 0xee, 0xee, 0xee, 0xee, 0xee, 0xee, 0xee, 0xee, 0xee, 0xee, 0xee, 0xee, 0xee,
  0xee, 0xee, 0xdd, 0xdd, 0xdc, 0xcc, 0xcc, 0xcc, 0xcc, 0xcc, 0xcc, 0xcc, 0xcc, 0xcc, 0xcc, 0xcc,
  0xcb, 0xbb, 0xbb, 0xbb, 0xbb, 0xbb, 0xbb, 0xbb, 0xbb, 0xbb, 0xbb, 0xbb, 0xbb, 0xbb, 0xbb, 0xba,
  0xaa, 0xbb, 0xaa, 0xaa, 0xaa, 0xaa, 0xaa, 0xaa, 0xaa, 0xaa, 0xaa, 0xaa, 0xaa, 0xaa, 0xaa, 0xaa,
  0xaa, 0xaa, 0xaa, 0xaa, 0xaa, 0xaa, 0xbb, 0xaa, 0xab, 0xbb, 0xbb, 0xbb, 0xbb, 0xbb, 0xbb, 0xbb,
  0xbb, 0xbb, 0xbb, 0xbb, 0xbb, 0xbb, 0xbb, 0xbb, 0xbb, 0xbb, 0xbb, 0xbb, 0xbb, 0xbb, 0xbb, 0xbb,
  0xbb, 0xbb, 0xaa, 0xaa, 0xff, 0xff, 0xff, 0xff, 0xff, 0xff, 0xff, 0xff, 0xff, 0xff, 0xff, 0xff,
  0xff, 0xff, 0xff, 0xff, 0xff, 0xff, 0xff, 0xff, 0xff, 0xff, 0xff, 0xff, 0xff, 0xff, 0xff, 0xff,
  0xff, 0xff, 0xff, 0xff, 0xff, 0xff, 0xff, 0xff, 0xff, 0xff, 0xff, 0xff, 0xff, 0xff, 0xff, 0xff,
  0xff, 0xff, 0xff, 0xff, 0xff, 0xff, 0xff, 0xff, 0xff, 0xff, 0xff, 0xff, 0xff, 0xff, 0xff, 0xff,
  0xff, 0xff, 0xff, 0xff, 0xff, 0xff, 0xff, 0xff, 0xff, 0xee, 0xee, 0xee, 0xee, 0xee, 0xee, 0xee,
  0xee, 0xee, 0xee, 0xee, 0xee, 0xee, 0xee, 0xee, 0xee, 0xee, 0xee, 0xee, 0xee, 0xee, 0xee, 0xee,
  0xee, 0xee, 0xee, 0xee, 0xee, 0xee, 0xee, 0xee, 0xec, 0xcc, 0xcc, 0xcc, 0xcc, 0xcc, 0xcc, 0xcc,
  0xcc, 0xcc, 0xcc, 0xcc, 0xcc, 0xcb, 0xbb, 0xbb, 0xbb, 0xbb, 0xbb, 0xbb, 0xbb, 0xbb, 0xbb, 0xbb,
  0xbb, 0xbb, 0xbb, 0xaa, 0xaa, 0xaa, 0xaa, 0xaa, 0xaa, 0xaa, 0xaa, 0xaa, 0xaa, 0xaa, 0xaa, 0xaa,
  0xaa, 0xaa, 0xaa, 0xaa, 0xaa, 0xaa, 0xaa, 0xaa, 0xaa, 0xaa, 0xaa, 0xaa, 0xaa, 0xaa, 0xaa, 0xaa,
  0xaa, 0xaa, 0xaa, 0xaa, 0xaa, 0xbb, 0xbb, 0xbb, 0xbb, 0xbb, 0xbb, 0xbb, 0xbb, 0xbb, 0xbb, 0xbb,
  0xbb, 0xbb, 0xbb, 0xbb, 0xbb, 0xbb, 0xbb, 0xbb, 0xff, 0xff, 0xff, 0xff, 0xff, 0xff, 0xff, 0xff,
  0xff, 0xff, 0xff, 0xff, 0xff, 0xff, 0xff, 0xff, 0xff, 0xff, 0xff, 0xff, 0xff, 0xff, 0xff, 0xff,
  0xff, 0xff, 0xff, 0xff, 0xff, 0xff, 0xff, 0xff, 0xff, 0xff, 0xff, 0xff, 0xff, 0xff, 0xff, 0xff,
  0xff, 0xff, 0xff, 0xff, 0xff, 0xff, 0xff, 0xff, 0xff, 0xff, 0xff, 0xff, 0xff, 0xff, 0xff, 0xff,
  0xff, 0xff, 0xff, 0xff, 0xff, 0xff, 0xff, 0xff, 0xff, 0xff, 0xff, 0xff, 0xff, 0xee, 0xee, 0xee,
  0xee, 0xee, 0xee, 0xee, 0xee, 0xee, 0xee, 0xee, 0xee, 0xee, 0xee, 0xee, 0xee, 0xee, 0xee, 0xee,
  0xee, 0xee, 0xee, 0xee, 0xee, 0xee, 0xee, 0xee, 0xee, 0xee, 0xee, 0xee, 0xee, 0xee, 0xee, 0xdc,
  0xcc, 0xcc, 0xcc, 0xcc, 0xcc, 0xcc, 0xcc, 0xcc, 0xcc, 0xcc, 0xcc, 0xbb, 0xbb, 0xbb, 0xbb, 0xbb,
  0xbb, 0xbb, 0xbb, 0xbb, 0xbb, 0xbb, 0xbb, 0xbb, 0xba, 0xaa, 0xaa, 0xaa, 0xaa, 0xaa, 0xaa, 0xaa,
  0xaa, 0xaa, 0xaa, 0xaa, 0xaa, 0xaa, 0xaa, 0xaa, 0xaa, 0xaa, 0xaa, 0xaa, 0xaa, 0xaa, 0xaa, 0xaa,
  0xaa, 0xaa, 0xaa, 0xaa, 0xaa, 0xaa, 0xaa, 0xaa, 0xaa, 0xaa, 0xaa, 0xaa, 0xaa, 0xaa, 0xaa, 0xba,
  0xaa, 0xbb, 0xbb, 0xbb, 0xbb, 0xbb, 0xbb, 0xbb, 0xbb, 0xbb, 0xbb, 0xbb, 0xff, 0xff, 0xff, 0xff,
  0xff, 0xff, 0xff, 0xff, 0xff, 0xff, 0xff, 0xff, 0xff, 0xff, 0xff, 0xff, 0xff, 0xff, 0xff, 0xff,
  0xff, 0xff, 0xff, 0xff, 0xff, 0xff, 0xff, 0xff, 0xff, 0xff, 0xff, 0xff, 0xff, 0xff, 0xff, 0xff,
  0xff, 0xff, 0xff, 0xff, 0xff, 0xff, 0xff, 0xff, 0xff, 0xff, 0xff, 0xff, 0xff, 0xff, 0xff, 0xff,
  0xff, 0xff, 0xff, 0xff, 0xff, 0xff, 0xff, 0xff, 0xff, 0xff, 0xff, 0xff, 0xff, 0xff, 0xff, 0xfe,
  0xfe, 0xee, 0xee, 0xee, 0xee, 0xee, 0xee, 0xee, 0xee, 0xee, 0xee, 0xee, 0xee, 0xee, 0xee, 0xee,
  0xee, 0xee, 0xee, 0xee, 0xee, 0xee, 0xee, 0xee, 0xee, 0xee, 0xee, 0xee, 0xee, 0xee, 0xee, 0xee,
  0xee, 0xee, 0xee, 0xed, 0xcc, 0xcc, 0xcc, 0xcc, 0xcc, 0xcc, 0xcc, 0xcc, 0xcc, 0xcc, 0xcc, 0xcc,
  0xcc, 0xcb, 0xbb, 0xbb, 0xbb, 0xbb, 0xbb, 0xbb, 0xbb, 0xbb, 0xbb, 0xbb, 0xba, 0xbb, 0xaa, 0xaa,
  0xaa, 0xaa, 0xaa, 0xaa, 0xaa, 0xaa, 0xaa, 0xaa, 0xaa, 0xaa, 0xaa, 0xaa, 0xaa, 0xaa, 0xaa, 0xaa,
  0xaa, 0xaa, 0x9a, 0xaa, 0xaa, 0xaa, 0xaa, 0xaa, 0xaa, 0xaa, 0xaa, 0xaa, 0xaa, 0xaa, 0xaa, 0xaa,
  0xaa, 0xaa, 0xaa, 0xaa, 0xaa, 0xaa, 0xaa, 0xaa, 0xaa, 0xaa, 0xaa, 0xab, 0xaa, 0xab, 0xba, 0xaa,
  0xff, 0xff, 0xff, 0xff, 0xff, 0xff, 0xff, 0xff, 0xff, 0xff, 0xff, 0xff, 0xff, 0xff, 0xff, 0xff,
  0xff, 0xff, 0xff, 0xff, 0xff, 0xff, 0xff, 0xff, 0xff, 0xff, 0xff, 0xff, 0xff, 0xff, 0xff, 0xff,
  0xff, 0xff, 0xff, 0xff, 0xff, 0xff, 0xff, 0xff, 0xff, 0xff, 0xff, 0xff, 0xff, 0xff, 0xff, 0xff,
  0xff, 0xff, 0xff, 0xff, 0xff, 0xff, 0xff, 0xff, 0xff, 0xff, 0xff, 0xff, 0xff, 0xff, 0xff, 0xff,
  0xff, 0xff, 0xff, 0xfe, 0xee, 0xee, 0xee, 0xee, 0xee, 0xee, 0xee, 0xee, 0xee, 0xee, 0xee, 0xee,
  0xee, 0xee, 0xee, 0xee, 0xee, 0xee, 0xee, 0xee, 0xee, 0xee, 0xee, 0xee, 0xee, 0xee, 0xee, 0xee,
  0xee, 0xee, 0xee, 0xee, 0xee, 0xee, 0xee, 0xee, 0xed, 0xcc, 0xcc, 0xcc, 0xcc, 0xcc, 0xcc, 0xcc,
  0xcc, 0xcc, 0xcc, 0xcc, 0xcc, 0xcb, 0xbb, 0xbb, 0xbb, 0xbb, 0xbb, 0xbb, 0xbb, 0xbb, 0xbb, 0xbb,
  0xbb, 0xaa, 0xaa, 0xaa, 0xaa, 0xaa, 0xaa, 0xaa, 0xaa, 0xaa, 0xaa, 0xaa, 0xaa, 0xa9, 0x99, 0xaa,
  0xaa, 0xa9, 0x99, 0x99, 0x99, 0x99, 0x99, 0x99, 0x99, 0x99, 0x99, 0x99, 0x99, 0x99, 0x99, 0x99,
  0xaa, 0xaa, 0xaa, 0xaa, 0xaa, 0xaa, 0xaa, 0xaa, 0xaa, 0xaa, 0xaa, 0xaa, 0xaa, 0xaa, 0xaa, 0xaa,
  0xaa, 0xaa, 0xaa, 0xaa, 0xff, 0xff, 0xff, 0xff, 0xff, 0xff, 0xff, 0xff, 0xff, 0xff, 0xff, 0xff,
  0xff, 0xff, 0xff, 0xff, 0xff, 0xff, 0xff, 0xff, 0xff, 0xff, 0xff, 0xff, 0xff, 0xff, 0xff, 0xff,
  0xff, 0xff, 0xff, 0xff, 0xff, 0xff, 0xff, 0xff, 0xff, 0xff, 0xff, 0xff, 0xff, 0xff, 0xff, 0xff,
  0xff, 0xff, 0xff, 0xff, 0xff, 0xff, 0xff, 0xff, 0xff, 0xff, 0xff, 0xff, 0xff, 0xff, 0xff, 0xfe,
  0xef, 0xff, 0xff, 0xff, 0xff, 0xff, 0xff, 0xee, 0xee, 0xee, 0xee, 0xee, 0xee, 0xee, 0xee, 0xee,
  0xee, 0xee, 0xee, 0xee, 0xee, 0xee, 0xee, 0xee, 0xee, 0xee, 0xee, 0xee, 0xee, 0xee, 0xee, 0xee,
  0xee, 0xee, 0xee, 0xee, 0xee, 0xee, 0xee, 0xee, 0xee, 0xee, 0xee, 0xee, 0xee, 0xee, 0xed, 0xdd,
  0xcc, 0xcc, 0xcc, 0xcc, 0xcc, 0xcc, 0xcc, 0xcc, 0xcc, 0xcc, 0xcc, 0xcc, 0xcb, 0xbb, 0xbb, 0xbb,
  0xbb, 0xbb, 0xbb, 0xbb, 0xbb, 0xbb, 0xba, 0xaa, 0xaa, 0xaa, 0xaa, 0xaa, 0xaa, 0xaa, 0xaa, 0xaa,
  0xa9, 0x99, 0x99, 0x99, 0x99, 0x99, 0x99, 0x99, 0x99, 0x99, 0x99, 0x99, 0x99, 0x99, 0x99, 0x99,
  0x99, 0x99, 0x99, 0x99, 0x99, 0x99, 0x99, 0x99, 0x99, 0x99, 0x99, 0x99, 0x9a, 0xaa, 0xaa, 0xaa,
  0xaa, 0xaa, 0xaa, 0xaa, 0xaa, 0xaa, 0xaa, 0xaa, 0xff, 0xff, 0xff, 0xff, 0xff, 0xff, 0xff, 0xff,
  0xff, 0xff, 0xff, 0xff, 0xff, 0xff, 0xff, 0xff, 0xff, 0xff, 0xff, 0xff, 0xff, 0xff, 0xff, 0xff,
  0xff, 0xff, 0xff, 0xff, 0xff, 0xff, 0xff, 0xff, 0xff, 0xff, 0xff, 0xff, 0xff, 0xff, 0xff, 0xff,
  0xff, 0xff, 0xff, 0xff, 0xff, 0xff, 0xff, 0xff, 0xff, 0xff, 0xff, 0xff, 0xff, 0xff, 0xff, 0xff,
  0xff, 0xff, 0xff, 0xfe, 0xee, 0xff, 0xff, 0xff, 0xff, 0xff, 0xff, 0xee, 0xee, 0xee, 0xee, 0xee,
  0xee, 0xee, 0xee, 0xee, 0xee, 0xee, 0xee, 0xee, 0xee, 0xee, 0xee, 0xee, 0xee, 0xee, 0xee, 0xee,
  0xee, 0xee, 0xee, 0xee, 0xee, 0xee, 0xee, 0xee, 0xee, 0xee, 0xee, 0xee, 0xee, 0xee, 0xee, 0xee,
  0xee, 0xee, 0xee, 0xee, 0xdc, 0xcc, 0xcc, 0xcc, 0xcc, 0xcc, 0xcc, 0xcc, 0xcc, 0xcc, 0xcc, 0xcc,
  0xcc, 0xbb, 0xbb, 0xbb, 0xbb, 0xbb, 0xbb, 0xbb, 0xbb, 0xbb, 0xbb, 0xaa, 0xaa, 0xaa, 0xaa, 0xaa,
  0xaa, 0xaa, 0xaa, 0xaa, 0xaa, 0xaa, 0xaa, 0xa9, 0x99, 0x99, 0x99, 0x99, 0x99, 0x99, 0x99, 0x99,
  0x99, 0x99, 0x99, 0x99, 0x99, 0x99, 0x99, 0x99, 0x99, 0x99, 0x99, 0x99, 0x99, 0x99, 0x99, 0x99,
  0x99, 0x99, 0x99, 0x99, 0x99, 0x99, 0x99, 0x99, 0x9a, 0xaa, 0xaa, 0xaa, 0xff, 0xff, 0xff, 0xff,
  0xff, 0xff, 0xff, 0xff, 0xff, 0xff, 0xff, 0xff, 0xff, 0xff, 0xff, 0xff, 0xff, 0xff, 0xff, 0xff,
  0xff, 0xff, 0xff, 0xff, 0xff, 0xff, 0xff, 0xff, 0xff, 0xff, 0xff, 0xff, 0xff, 0xff, 0xff, 0xff,
  0xff, 0xff, 0xff, 0xff, 0xff, 0xff, 0xff, 0xff, 0xff, 0xff, 0xff, 0xff, 0xff, 0xff, 0xff, 0xff,
  0xff, 0xff, 0xff, 0xff, 0xff, 0xff, 0xfe, 0xef, 0xef, 0xff, 0xff, 0xff, 0xff, 0xff, 0xfe, 0xee,
  0xee, 0xee, 0xee, 0xee, 0xee, 0xee, 0xee, 0xee, 0xee, 0xee, 0xee, 0xee, 0xee, 0xee, 0xee, 0xee,
  0xee, 0xee, 0xee, 0xee, 0xee, 0xee, 0xee, 0xee, 0xee, 0xee, 0xee, 0xee, 0xee, 0xee, 0xee, 0xee,
  0xee, 0xee, 0xee, 0xee, 0xee, 0xee, 0xee, 0xee, 0xed, 0xdd, 0xdd, 0xcc, 0xcc, 0xcc, 0xcc, 0xcc,
  0xcc, 0xcc, 0xcc, 0xcc, 0xcc, 0xcc, 0xcc, 0xcb, 0xbb, 0xbb, 0xbb, 0xbb, 0xbb, 0xbb, 0xbb, 0xba,
  0xaa, 0xaa, 0xaa, 0xaa, 0xaa, 0xaa, 0xaa, 0xaa, 0xaa, 0xaa, 0xaa, 0xa9, 0x99, 0x99, 0x99, 0x99,
  0x99, 0x99, 0x99, 0x99, 0x99, 0x99, 0x99, 0x99, 0x99, 0x99, 0x99, 0x88, 0x99, 0x88, 0x99, 0x99,
  0x99, 0x99, 0x99, 0x99, 0x99, 0x99, 0x99, 0x99, 0x99, 0x99, 0x99, 0x99, 0x99, 0x99, 0x99, 0x99,
  0xff, 0xff, 0xff, 0xff, 0xff, 0xff, 0xff, 0xff, 0xff, 0xff, 0xff, 0xff, 0xff, 0xff, 0xff, 0xff,
  0xff, 0xff, 0xff, 0xff, 0xff, 0xff, 0xff, 0xff, 0xff, 0xff, 0xff, 0xff, 0xff, 0xff, 0xff, 0xff,
  0xff, 0xff, 0xff, 0xff, 0xff, 0xff, 0xff, 0xff, 0xff, 0xff, 0xff, 0xff, 0xff, 0xff, 0xff, 0xff,
  0xff, 0xff, 0xff, 0xff, 0xff, 0xff, 0xff, 0xff, 0xff, 0xff, 0xfe, 0xee, 0xef, 0xff, 0xff, 0xff,
  0xff, 0xff, 0xfe, 0xee, 0xee, 0xee, 0xee, 0xee, 0xee, 0xee, 0xee, 0xee, 0xee, 0xee, 0xee, 0xee,
  0xee, 0xee, 0xee, 0xee, 0xee, 0xee, 0xee, 0xee, 0xee, 0xee, 0xee, 0xee, 0xee, 0xee, 0xee, 0xee,
  0xee, 0xee, 0xee, 0xee, 0xee, 0xee, 0xee, 0xee, 0xee, 0xee, 0xee, 0xee, 0xee, 0xee, 0xed, 0xcc,
  0xcc, 0xcc, 0xcc, 0xcc, 0xcc, 0xcc, 0xcc, 0xcc, 0xcc, 0xcc, 0xcc, 0xcc, 0xcc, 0xbb, 0xbb, 0xbb,
  0xbb, 0xbb, 0xbb, 0xbb, 0xbb, 0xbb, 0xaa, 0xaa, 0xaa, 0xaa, 0xaa, 0xaa, 0xaa, 0xaa, 0xaa, 0xaa,
  0x99, 0x99, 0x99, 0x99, 0x99, 0x99, 0x99, 0x99, 0x99, 0x99, 0x99, 0x98, 0x88, 0x88, 0x88, 0x88,
  0x88, 0x88, 0x88, 0x88, 0x88, 0x88, 0x88, 0x88, 0x88, 0x88, 0x88, 0x88, 0x99, 0x88, 0x99, 0x99,
  0x99, 0x99, 0x99, 0x99, 0xff, 0xff, 0xff, 0xff, 0xff, 0xff, 0xff, 0xff, 0xff, 0xff, 0xff, 0xff,
  0xff, 0xff, 0xff, 0xff, 0xff, 0xff, 0xff, 0xff, 0xff, 0xff, 0xff, 0xff, 0xff, 0xff, 0xff, 0xff,
  0xff, 0xff, 0xff, 0xff, 0xff, 0xff, 0xff, 0xff, 0xff, 0xff, 0xff, 0xff, 0xff, 0xff, 0xff, 0xff,
  0xff, 0xff, 0xff, 0xff, 0xff, 0xff, 0xff, 0xff, 0xff, 0xff, 0xff, 0xff, 0xff, 0xff, 0xfe, 0xee,
  0xff, 0xff, 0xff, 0xff, 0xff, 0xff, 0xee, 0xee, 0xee, 0xee, 0xee, 0xee, 0xee, 0xee, 0xee, 0xee,
  0xee, 0xee, 0xee, 0xee, 0xee, 0xee, 0xee, 0xee, 0xee, 0xee, 0xee, 0xee, 0xee, 0xee, 0xee, 0xee,
  0xee, 0xee, 0xee, 0xee, 0xee, 0xee, 0xee, 0xee, 0xee, 0xee, 0xee, 0xee, 0xee, 0xee, 0xee, 0xee,
  0xee, 0xed, 0xdc, 0xcc, 0xcc, 0xcc, 0xcc, 0xcc, 0xcc, 0xcc, 0xcc, 0xcc, 0xcc, 0xcc, 0xcc, 0xcc,
  0xcc, 0xcb, 0xbb, 0xbb, 0xbb, 0xbb, 0xbb, 0xbb, 0xbb, 0xbb, 0xbb, 0xaa, 0xaa, 0xaa, 0xaa, 0xaa,
  0xaa, 0xaa, 0xaa, 0xaa, 0xaa, 0xaa, 0x99, 0x99, 0x99, 0x99, 0x99, 0x99, 0x99, 0x98, 0x88, 0x88,
  0x88, 0x88, 0x88, 0x88, 0x88, 0x88, 0x88, 0x88, 0x88, 0x88, 0x88, 0x88, 0x88, 0x88, 0x88, 0x88,
  0x88, 0x88, 0x88, 0x88, 0x88, 0x88, 0x88, 0x88, 0xff, 0xff, 0xff, 0xff, 0xff, 0xff, 0xff, 0xff,
  0xff, 0xff, 0xff, 0xff, 0xff, 0xff, 0xff, 0xff, 0xff, 0xff, 0xff, 0xff, 0xff, 0xff, 0xff, 0xff,
  0xff, 0xff, 0xff, 0xff, 0xff, 0xff, 0xff, 0xff, 0xff, 0xff, 0xff, 0xff, 0xff, 0xff, 0xff, 0xff,
  0xff, 0xff, 0xff, 0xff, 0xff, 0xff, 0xff, 0xff, 0xff, 0xff, 0xff, 0xff, 0xff, 0xff, 0xff, 0xff,
  0xfe, 0xee, 0xee, 0xef, 0xff, 0xff, 0xff, 0xff, 0xff, 0xff, 0xee, 0xee, 0xee, 0xee, 0xee, 0xee,
  0xee, 0xee, 0xee, 0xee, 0xee, 0xee, 0xee, 0xee, 0xee, 0xee, 0xee, 0xee, 0xee, 0xee, 0xee, 0xee,
  0xee, 0xee, 0xdd, 0xee, 0xee, 0xee, 0xdd, 0xee, 0xee, 0xee, 0xee, 0xee, 0xee, 0xee, 0xee, 0xee,
  0xee, 0xdd, 0xee, 0xee, 0xed, 0xdc, 0xcc, 0xcc, 0xcc, 0xcc, 0xcc, 0xcc, 0xcc, 0xcc, 0xcc, 0xcc,
  0xcc, 0xcc, 0xcc, 0xcc, 0xcc, 0xcc, 0xcc, 0xcc, 0xcc, 0xcc, 0xbb, 0xbb, 0xbb, 0xbb, 0xbb, 0xbb,
  0xbb, 0xbb, 0xba, 0xaa, 0xaa, 0xaa, 0xaa, 0xaa, 0xaa, 0xaa, 0xa9, 0x99, 0x99, 0x99, 0x99, 0x99,
  0x99, 0x99, 0x98, 0x88, 0x88, 0x88, 0x88, 0x88, 0x88, 0x88, 0x88, 0x88, 0x88, 0x88, 0x88, 0x88,
  0x87, 0x77, 0x77, 0x77, 0x77, 0x77, 0x77, 0x77, 0x78, 0x87, 0x77, 0x88, 0xff, 0xff, 0xff, 0xff,
  0xff, 0xff, 0xff, 0xff, 0xff, 0xff, 0xff, 0xff, 0xff, 0xff, 0xff, 0xff, 0xff, 0xff, 0xff, 0xff,
  0xff, 0xff, 0xff, 0xff, 0xff, 0xff, 0xff, 0xff, 0xff, 0xff, 0xff, 0xff, 0xff, 0xff, 0xff, 0xff,
  0xff, 0xff, 0xff, 0xff, 0xff, 0xff, 0xff, 0xff, 0xff, 0xff, 0xff, 0xff, 0xff, 0xff, 0xff, 0xff,
  0xff, 0xff, 0xff, 0xff, 0xfe, 0xfe, 0xee, 0xef, 0xff, 0xff, 0xff, 0xff, 0xff, 0xff, 0xee, 0xee,
  0xee, 0xee, 0xee, 0xee, 0xee, 0xee, 0xee, 0xee, 0xee, 0xee, 0xee, 0xee, 0xee, 0xee, 0xee, 0xee,
  0xee, 0xee, 0xdd, 0xdd, 0xee, 0xdd, 0xcc, 0xdd, 0xdd, 0xdd, 0xcc, 0xdd, 0xdd, 0xdd, 0xde, 0xdd,
  0xdd, 0xdd, 0xdd, 0xdd, 0xdd, 0xcc, 0xdd, 0xdd, 0xdc, 0xdc, 0xcc, 0xcc, 0xcc, 0xcc, 0xcc, 0xcc,
  0xcc, 0xcc, 0xcc, 0xcc, 0xcc, 0xcc, 0xcc, 0xcc, 0xcc, 0xcc, 0xcc, 0xcc, 0xcc, 0xcc, 0xbb, 0xbb,
  0xbb, 0xbb, 0xbb, 0xbb, 0xbb, 0xbb, 0xbb, 0xbb, 0xba, 0xaa, 0xaa, 0xaa, 0xaa, 0xaa, 0xaa, 0xaa,
  0x99, 0x99, 0x99, 0x99, 0x99, 0x99, 0x99, 0x99, 0x89, 0x88, 0x88, 0x88, 0x88, 0x88, 0x88, 0x88,
  0x88, 0x88, 0x87, 0x77, 0x77, 0x77, 0x77, 0x77, 0x77, 0x77, 0x77, 0x77, 0x77, 0x77, 0x77, 0x77,
  0xff, 0xff, 0xff, 0xff, 0xff, 0xff, 0xff, 0xff, 0xff, 0xff, 0xff, 0xff, 0xff, 0xff, 0xff, 0xff,
  0xff, 0xff, 0xff, 0xff, 0xff, 0xff, 0xff, 0xff, 0xff, 0xff, 0xff, 0xff, 0xff, 0xff, 0xff, 0xff,
  0xff, 0xff, 0xff, 0xff, 0xff, 0xff, 0xff, 0xff, 0xff, 0xff, 0xff, 0xff, 0xff, 0xff, 0xff, 0xff,
  0xff, 0xff, 0xff, 0xff, 0xff, 0xff, 0xff, 0xff, 0xee, 0xfe, 0xee, 0xff, 0xff, 0xff, 0xff, 0xff,
  0xff, 0xfe, 0xee, 0xee, 0xee, 0xee, 0xee, 0xee, 0xee, 0xee, 0xee, 0xee, 0xee, 0xee, 0xee, 0xee,
  0xee, 0xee, 0xee, 0xee, 0xee, 0xed, 0xcc, 0xcc, 0xdd, 0xcc, 0xcc, 0xcc, 0xcc, 0xcc, 0xcc, 0xcc,
  0xcc, 0xcc, 0xcc, 0xcc, 0xcc, 0xcc, 0xcc, 0xcc, 0xcc, 0xcc, 0xcc, 0xcc, 0xcc, 0xcc, 0xcc, 0xcc,
  0xcc, 0xcc, 0xcc, 0xcc, 0xcc, 0xcc, 0xcc, 0xcc, 0xcc, 0xcc, 0xcc, 0xcc, 0xcc, 0xcc, 0xcc, 0xcc,
  0xcc, 0xcc, 0xcb, 0xbb, 0xbb, 0xbb, 0xbb, 0xbb, 0xbb, 0xbb, 0xbb, 0xbb, 0xbb, 0xaa, 0xaa, 0xaa,
  0xaa, 0xaa, 0xaa, 0xaa, 0xaa, 0xa9, 0x99, 0x99, 0x99, 0x99, 0x99, 0x99, 0x99, 0x88, 0x88, 0x88,
  0x88, 0x88, 0x88, 0x88, 0x88, 0x88, 0x77, 0x77, 0x77, 0x77, 0x77, 0x77, 0x77, 0x77, 0x77, 0x77,
  0x77, 0x77, 0x77, 0x77, 0xff, 0xff, 0xff, 0xff, 0xff, 0xff, 0xff, 0xff, 0xff, 0xff, 0xff, 0xff,
  0xff, 0xff, 0xff, 0xff, 0xff, 0xff, 0xff, 0xff, 0xff, 0xff, 0xff, 0xff, 0xff, 0xff, 0xff, 0xff,
  0xff, 0xff, 0xff, 0xff, 0xff, 0xff, 0xff, 0xff, 0xff, 0xff, 0xff, 0xff, 0xff, 0xff, 0xff, 0xff,
  0xff, 0xff, 0xff, 0xff, 0xff, 0xff, 0xff, 0xff, 0xff, 0xff, 0xff, 0xff, 0xfe, 0xfe, 0xee, 0xff,
  0xff, 0xff, 0xff, 0xff, 0xff, 0xee, 0xee, 0xee, 0xee, 0xee, 0xee, 0xee, 0xee, 0xee, 0xee, 0xee,
  0xee, 0xee, 0xee, 0xee, 0xee, 0xee, 0xee, 0xee, 0xee, 0xdc, 0xcc, 0xcc, 0xcc, 0xcc, 0xcc, 0xcc,
  0xcc, 0xcc, 0xcc, 0xcc, 0xcc, 0xcc, 0xcc, 0xcc, 0xcc, 0xcc, 0xcc, 0xcc, 0xcc, 0xcc, 0xcc, 0xcc,
  0xcc, 0xcc, 0xcc, 0xcc, 0xcc, 0xcc, 0xcc, 0xcc, 0xcc, 0xcc, 0xcc, 0xcc, 0xcc, 0xcc, 0xcc, 0xcc,
  0xcc, 0xcc, 0xcc, 0xcc, 0xcc, 0xcc, 0xcc, 0xcc, 0xcc, 0xcb, 0xbb, 0xbb, 0xbb, 0xbb, 0xbb, 0xbb,
  0xbb, 0xbb, 0xbb, 0xaa, 0xaa, 0xaa, 0xaa, 0xaa, 0xaa, 0xaa, 0xaa, 0x99, 0x99, 0x99, 0x99, 0x99,
  0x99, 0x88, 0x88, 0x88, 0x88, 0x88, 0x88, 0x88, 0x88, 0x88, 0x77, 0x77, 0x77, 0x77, 0x77, 0x77,
  0x77, 0x77, 0x77, 0x77, 0x77, 0x77, 0x77, 0x77, 0xff, 0xff, 0xff, 0xff, 0xff, 0xff, 0xff, 0xff,
  0xff, 0xff, 0xff, 0xff, 0xff, 0xff, 0xff, 0xff, 0xff, 0xff, 0xff, 0xff, 0xff, 0xff, 0xff, 0xff,
  0xff, 0xff, 0xff, 0xff, 0xff, 0xff, 0xff, 0xff, 0xff, 0xff, 0xff, 0xff, 0xff, 0xff, 0xff, 0xff,
  0xff, 0xff, 0xff, 0xff, 0xff, 0xff, 0xff, 0xff, 0xff, 0xff, 0xff, 0xff, 0xff, 0xff, 0xff, 0xfe,
  0xee, 0xee, 0xef, 0xff, 0xff, 0xff, 0xff, 0xff, 0xfe, 0xee, 0xee, 0xee, 0xee, 0xee, 0xee, 0xee,
  0xee, 0xee, 0xee, 0xee, 0xee, 0xee, 0xee, 0xee, 0xee, 0xee, 0xee, 0xdd, 0xdc, 0xcc, 0xcc, 0xcc,
  0xcc, 0xcc, 0xcc, 0xcc, 0xcc, 0xcc, 0xcc, 0xcc, 0xcc, 0xcc, 0xcc, 0xcc, 0xcc, 0xcc, 0xcc, 0xcc,
  0xcc, 0xcc, 0xcc, 0xcc, 0xcc, 0xcc, 0xcc, 0xcc, 0xcc, 0xcc, 0xcc, 0xcc, 0xcc, 0xcc, 0xcc, 0xcc,
  0xcc, 0xcc, 0xcc, 0xcc, 0xcc, 0xcc, 0xcc, 0xcc, 0xcc, 0xcc, 0xcc, 0xcc, 0xcc, 0xcc, 0xcb, 0xbc,
  0xbb, 0xbb, 0xbb, 0xbb, 0xbb, 0xbb, 0xbb, 0xbb, 0xbb, 0xbb, 0xba, 0xaa, 0xaa, 0xaa, 0xaa, 0xaa,
  0xaa, 0xa9, 0x99, 0x99, 0x99, 0x99, 0x99, 0x99, 0x98, 0x88, 0x88, 0x88, 0x88, 0x88, 0x77, 0x77,
  0x77, 0x77, 0x77, 0x77, 0x77, 0x77, 0x77, 0x77, 0x67, 0x77, 0x77, 0x76, 0xff, 0xff, 0xff, 0xff,
  0xff, 0xff, 0xff, 0xff, 0xff, 0xff, 0xff, 0xff, 0xff, 0xff, 0xff, 0xff, 0xff, 0xff, 0xff, 0xff,
  0xff, 0xff, 0xff, 0xff, 0xff, 0xff, 0xff, 0xff, 0xff, 0xff, 0xff, 0xff, 0xff, 0xff, 0xff, 0xff,
  0xff, 0xff, 0xff, 0xff, 0xff, 0xff, 0xff, 0xff, 0xff, 0xff, 0xff, 0xff, 0xff, 0xff, 0xff, 0xff,
  0xff, 0xff, 0xef, 0xfe, 0xee, 0xee, 0xef, 0xff, 0xff, 0xff, 0xff, 0xff, 0xfe, 0xee, 0xee, 0xee,
  0xee, 0xee, 0xee, 0xee, 0xee, 0xee, 0xee, 0xee, 0xee, 0xee, 0xee, 0xee, 0xee, 0xee, 0xec, 0xdd,
  0xcc, 0xcc, 0xcc, 0xcc, 0xcc, 0xcc, 0xcc, 0xcc, 0xcc, 0xcc, 0xcc, 0xcc, 0xcc, 0xcc, 0xcc, 0xcc,
  0xcc, 0xcc, 0xcc, 0xcc, 0xcc, 0xcc, 0xcc, 0xcc, 0xcc, 0xcc, 0xcc, 0xcc, 0xcc, 0xcc, 0xcc, 0xcc,
  0xcc, 0xcc, 0xcc, 0xcc, 0xcc, 0xcc, 0xcc, 0xcc, 0xcc, 0xcc, 0xcc, 0xcc, 0xcc, 0xcc, 0xcc, 0xcc,
  0xcc, 0xcc, 0xcc, 0xcc, 0xcc, 0xbb, 0xbb, 0xbb, 0xbb, 0xbb, 0xbb, 0xbb, 0xbb, 0xbb, 0xbb, 0xab,
  0xaa, 0xaa, 0xaa, 0xaa, 0xaa, 0xaa, 0xaa, 0xa9, 0x99, 0x99, 0x99, 0x99, 0x99, 0x88, 0x88, 0x88,
  0x88, 0x88, 0x88, 0x88, 0x87, 0x77, 0x77, 0x77, 0x77, 0x77, 0x76, 0x66, 0x66, 0x66, 0x66, 0x66,
  0xff, 0xff, 0xff, 0xff, 0xff, 0xff, 0xff, 0xff, 0xff, 0xff, 0xff, 0xff, 0xff, 0xff, 0xff, 0xff,
  0xff, 0xff, 0xff, 0xff, 0xff, 0xff, 0xff, 0xff, 0xff, 0xff, 0xff, 0xff, 0xff, 0xff, 0xff, 0xff,
  0xff, 0xff, 0xff, 0xff, 0xff, 0xff, 0xff, 0xff, 0xff, 0xff, 0xff, 0xff, 0xff, 0xff, 0xff, 0xff,
  0xff, 0xff, 0xff, 0xff, 0xff, 0xfe, 0xff, 0xee, 0xee, 0xee, 0xff, 0xff, 0xff, 0xff, 0xff, 0xff,
  0xee, 0xee, 0xee, 0xee, 0xee, 0xee, 0xee, 0xee, 0xee, 0xee, 0xee, 0xee, 0xee, 0xee, 0xee, 0xee,
  0xee, 0xee, 0xec, 0xcc, 0xcc, 0xcc, 0xcc, 0xcc, 0xcc, 0xcc, 0xcc, 0xcc, 0xcc, 0xcc, 0xcc, 0xcc,
  0xcc, 0xcc, 0xcc, 0xcc, 0xcc, 0xcc, 0xcc, 0xcc, 0xcc, 0xcc, 0xcc, 0xcc, 0xcc, 0xcc, 0xcc, 0xcc,
  0xcc, 0xcc, 0xcc, 0xcc, 0xcc, 0xcc, 0xcc, 0xcc, 0xcc, 0xcc, 0xcc, 0xcc, 0xcc, 0xcc, 0xcc, 0xcc,
  0xcc, 0xcc, 0xcc, 0xcc, 0xcc, 0xcc, 0xcc, 0xcc, 0xcc, 0xcc, 0xbb, 0xbb, 0xbb, 0xbb, 0xbb, 0xbb,
  0xbb, 0xbb, 0xbb, 0xbb, 0xbb, 0xbb, 0xaa, 0xaa, 0xaa, 0xaa, 0xaa, 0xaa, 0xaa, 0xaa, 0x99, 0x99,
  0x99, 0x99, 0x99, 0x98, 0x88, 0x88, 0x88, 0x88, 0x88, 0x87, 0x77, 0x77, 0x77, 0x77, 0x77, 0x77,
  0x77, 0x66, 0x66, 0x66, 0xff, 0xff, 0xff, 0xff, 0xff, 0xff, 0xff, 0xff, 0xff, 0xff, 0xff, 0xff,
  0xff, 0xff, 0xff, 0xff, 0xff, 0xff, 0xff, 0xff, 0xff, 0xff, 0xff, 0xff, 0xff, 0xff, 0xff, 0xff,
  0xff, 0xff, 0xff, 0xff, 0xff, 0xff, 0xff, 0xff, 0xff, 0xff, 0xff, 0xff, 0xff, 0xff, 0xff, 0xff,
  0xff, 0xff, 0xff, 0xff, 0xff, 0xff, 0xff, 0xff, 0xfe, 0xee, 0xee, 0xee, 0xee, 0xee, 0xff, 0xff,
  0xff, 0xff, 0xff, 0xff, 0xee, 0xee, 0xee, 0xee, 0xee, 0xee, 0xee, 0xee, 0xee, 0xee, 0xee, 0xee,
  0xee, 0xee, 0xee, 0xee, 0xee, 0xee, 0xdc, 0xcc, 0xcc, 0xcc, 0xcc, 0xcc, 0xcc, 0xcc, 0xcc, 0xcc,
  0xcc, 0xcc, 0xcc, 0xcc, 0xcc, 0xcc, 0xcc, 0xcc, 0xcc, 0xcc, 0xcb, 0xcc, 0xcc, 0xcc, 0xcb, 0xbb,
  0xbb, 0xbb, 0xbb, 0xbb, 0xcc, 0xbb, 0xbb, 0xcc, 0xcb, 0xcc, 0xcc, 0xcc, 0xcc, 0xcc, 0xcc, 0xcc,
  0xcc, 0xcc, 0xcc, 0xcc, 0xcc, 0xcc, 0xcc, 0xcc, 0xcc, 0xcc, 0xcc, 0xcc, 0xcc, 0xcb, 0xbb, 0xbb,
  0xbb, 0xbb, 0xbb, 0xbb, 0xbb, 0xbb, 0xbb, 0xbb, 0xbb, 0xbb, 0xbb, 0xba, 0xaa, 0xaa, 0xaa, 0xaa,
  0xaa, 0xaa, 0xaa, 0xaa, 0x99, 0x99, 0x99, 0x99, 0x98, 0x88, 0x88, 0x88, 0x88, 0x88, 0x88, 0x77,
  0x77, 0x77, 0x77, 0x77, 0x77, 0x66, 0x66, 0x66, 0xff, 0xff, 0xff, 0xff, 0xff, 0xff, 0xff, 0xff,
  0xff, 0xff, 0xff, 0xff, 0xff, 0xff, 0xff, 0xff, 0xff, 0xff, 0xff, 0xff, 0xff, 0xff, 0xff, 0xff,
  0xff, 0xff, 0xff, 0xff, 0xff, 0xff, 0xff, 0xff, 0xff, 0xff, 0xff, 0xff, 0xff, 0xff, 0xff, 0xff,
  0xff, 0xff, 0xff, 0xff, 0xff, 0xff, 0xff, 0xff, 0xff, 0xff, 0xff, 0xff, 0xee, 0xee, 0xfe, 0xee,
  0xee, 0xef, 0xef, 0xff, 0xff, 0xff, 0xff, 0xfe, 0xee, 0xee, 0xee, 0xee, 0xee, 0xee, 0xee, 0xee,
  0xee, 0xee, 0xee, 0xee, 0xee, 0xee, 0xee, 0xee, 0xee, 0xed, 0xcc, 0xcc, 0xcc, 0xcc, 0xcc, 0xcc,
  0xcc, 0xcc, 0xcc, 0xcc, 0xcc, 0xcc, 0xcc, 0xcc, 0xbc, 0xbb, 0xbc, 0xcc, 0xcc, 0xbb, 0xbb, 0xbb,
  0xbb, 0xbb, 0xbb, 0xbb, 0xbb, 0xbb, 0xbb, 0xbb, 0xbb, 0xbb, 0xbb, 0xbb, 0xbb, 0xbb, 0xbb, 0xbb,
  0xbb, 0xbb, 0xbb, 0xbb, 0xbb, 0xbb, 0xbb, 0xbb, 0xbb, 0xbb, 0xbb, 0xbb, 0xcc, 0xcc, 0xbb, 0xbb,
  0xcc, 0xbb, 0xbb, 0xbb, 0xbb, 0xbb, 0xbb, 0xbb, 0xbb, 0xbb, 0xbb, 0xbb, 0xbb, 0xbb, 0xbb, 0xbb,
  0xbb, 0xaa, 0xaa, 0xaa, 0xaa, 0xaa, 0xaa, 0xaa, 0xaa, 0x99, 0x99, 0x99, 0x99, 0x99, 0x99, 0x88,
  0x88, 0x88, 0x88, 0x88, 0x88, 0x77, 0x77, 0x77, 0x77, 0x77, 0x77, 0x77, 0xff, 0xff, 0xff, 0xff,
  0xff, 0xff, 0xff, 0xff, 0xff, 0xff, 0xff, 0xff, 0xff, 0xff, 0xff, 0xff, 0xff, 0xff, 0xff, 0xff,
  0xff, 0xff, 0xff, 0xff, 0xff, 0xff, 0xff, 0xff, 0xff, 0xff, 0xff, 0xff, 0xff, 0xff, 0xff, 0xff,
  0xff, 0xff, 0xff, 0xff, 0xff, 0xff, 0xff, 0xff, 0xff, 0xff, 0xff, 0xff, 0xff, 0xff, 0xff, 0xff,
  0xfe, 0xee, 0xee, 0xee, 0xee, 0xef, 0xef, 0xff, 0xff, 0xff, 0xff, 0xee, 0xee, 0xee, 0xee, 0xee,
  0xee, 0xee, 0xee, 0xee, 0xee, 0xee, 0xee, 0xee, 0xee, 0xee, 0xee, 0xee, 0xee, 0xdc, 0xcc, 0xcc,
  0xcc, 0xcc, 0xcc, 0xcc, 0xcc, 0xcc, 0xcc, 0xcc, 0xcc, 0xcc, 0xcc, 0xcc, 0xbb, 0xbb, 0xbb, 0xbb,
  0xbb, 0xbb, 0xbb, 0xbb, 0xbb, 0xbb, 0xbb, 0xbb, 0xbb, 0xbb, 0xbb, 0xbb, 0xbb, 0xbb, 0xbb, 0xbb,
  0xbb, 0xbb, 0xbb, 0xbb, 0xbb, 0xbb, 0xbb, 0xbb, 0xbb, 0xbb, 0xbb, 0xbb, 0xbb, 0xbb, 0xbb, 0xbb,
  0xbb, 0xbb, 0xbb, 0xbb, 0xbb, 0xbb, 0xbb, 0xbb, 0xbb, 0xbb, 0xbb, 0xbb, 0xbb, 0xbb, 0xbb, 0xbb,
  0xbb, 0xbb, 0xbb, 0xbb, 0xbb, 0xbb, 0xbb, 0xba, 0xaa, 0xaa, 0xaa, 0xaa, 0xaa, 0xaa, 0xaa, 0xaa,
  0xa9, 0x99, 0x99, 0x99, 0x99, 0x98, 0x88, 0x88, 0x88, 0x88, 0x87, 0x77, 0x77, 0x77, 0x77, 0x77,
  0xff, 0xff, 0xff, 0xff, 0xff, 0xff, 0xff, 0xff, 0xff, 0xff, 0xff, 0xff, 0xff, 0xff, 0xff, 0xff,
  0xff, 0xff, 0xff, 0xff, 0xff, 0xff, 0xff, 0xff, 0xff, 0xff, 0xff, 0xff, 0xff, 0xff, 0xff, 0xff,
  0xff, 0xff, 0xff, 0xff, 0xff, 0xff, 0xff, 0xff, 0xff, 0xff, 0xff, 0xff, 0xff, 0xff, 0xff, 0xff,
  0xff, 0xff, 0xff, 0xff, 0xfe, 0xee, 0xee, 0xee, 0xee, 0xef, 0xef, 0xff, 0xff, 0xff, 0xff, 0xee,
  0xee, 0xee, 0xee, 0xee, 0xee, 0xee, 0xee, 0xee, 0xee, 0xee, 0xee, 0xee, 0xee, 0xee, 0xee, 0xee,
  0xee, 0xcc, 0xcc, 0xcc, 0xcc, 0xcc, 0xcc, 0xcc, 0xcc, 0xcc, 0xcc, 0xcc, 0xcc, 0xcc, 0xcc, 0xbb,
  0xcb, 0xbb, 0xbb, 0xbb, 0xbb, 0xbb, 0xbb, 0xbb, 0xbb, 0xbb, 0xbb, 0xbb, 0xbb, 0xbb, 0xbb, 0xbb,
  0xbb, 0xbb, 0xbb, 0xbb, 0xbb, 0xbb, 0xbb, 0xbb, 0xbb, 0xbb, 0xbb, 0xbb, 0xbb, 0xbb, 0xbb, 0xbb,
  0xbb, 0xbb, 0xbb, 0xbb, 0xbb, 0xbb, 0xbb, 0xbb, 0xbb, 0xbb, 0xbb, 0xbb, 0xbb, 0xbb, 0xbb, 0xbb,
  0xbb, 0xbb, 0xbb, 0xbb, 0xbb, 0xbb, 0xbb, 0xbb, 0xbb, 0xbb, 0xbb, 0xbb, 0xbb, 0xba, 0xaa, 0xaa,
  0xaa, 0xaa, 0xaa, 0xaa, 0xaa, 0x99, 0x99, 0x99, 0x99, 0x99, 0x99, 0x88, 0x88, 0x88, 0x88, 0x88,
  0x77, 0x77, 0x77, 0x77, 0xff, 0xff, 0xff, 0xff, 0xff, 0xff, 0xff, 0xff, 0xff, 0xff, 0xff, 0xff,
  0xff, 0xff, 0xff, 0xff, 0xff, 0xff, 0xff, 0xff, 0xff, 0xff, 0xff, 0xff, 0xff, 0xff, 0xff, 0xff,
  0xff, 0xff, 0xff, 0xff, 0xff, 0xff, 0xff, 0xff, 0xff, 0xff, 0xff, 0xff, 0xff, 0xff, 0xff, 0xff,
  0xff, 0xff, 0xff, 0xff, 0xff, 0xff, 0xff, 0xef, 0xee, 0xee, 0xee, 0xee, 0xee, 0xee, 0xef, 0xff,
  0xff, 0xfe, 0xef, 0xfe, 0xee, 0xee, 0xee, 0xee, 0xee, 0xee, 0xee, 0xee, 0xee, 0xee, 0xee, 0xee,
  0xee, 0xee, 0xee, 0xee, 0xed, 0xcc, 0xcc, 0xcc, 0xcc, 0xcc, 0xcc, 0xcc, 0xcc, 0xcc, 0xcc, 0xcc,
  0xcc, 0xcc, 0xcc, 0xcc, 0xcc, 0xbb, 0xbb, 0xbb, 0xbb, 0xbb, 0xbb, 0xbb, 0xbb, 0xbb, 0xbb, 0xbb,
  0xbb, 0xbb, 0xbb, 0xbb, 0xbb, 0xbb, 0xbb, 0xbb, 0xbb, 0xbb, 0xbb, 0xbb, 0xbb, 0xbb, 0xbb, 0xbb,
  0xbb, 0xbb, 0xbb, 0xbb, 0xbb, 0xbb, 0xbb, 0xbb, 0xbb, 0xbb, 0xbb, 0xbb, 0xbb, 0xbb, 0xbb, 0xbb,
  0xbb, 0xbb, 0xbb, 0xbb, 0xbb, 0xbb, 0xbb, 0xbb, 0xbb, 0xbb, 0xbb, 0xbb, 0xbb, 0xbb, 0xbb, 0xbb,
  0xbb, 0xbb, 0xaa, 0xaa, 0xaa, 0xaa, 0xaa, 0xaa, 0xaa, 0xaa, 0xa9, 0x99, 0x99, 0x99, 0x99, 0x99,
  0x98, 0x88, 0x88, 0x88, 0x88, 0x88, 0x87, 0x77, 0xff, 0xff, 0xff, 0xff, 0xff, 0xff, 0xff, 0xff,
  0xff, 0xff, 0xff, 0xff, 0xff, 0xff, 0xff, 0xff, 0xff, 0xff, 0xff, 0xff, 0xff, 0xff, 0xff, 0xff,
  0xff, 0xff, 0xff, 0xff, 0xff, 0xff, 0xff, 0xff, 0xff, 0xff, 0xff, 0xff, 0xff, 0xff, 0xff, 0xff,
  0xff, 0xff, 0xff, 0xff, 0xff, 0xff, 0xff, 0xff, 0xff, 0xff, 0xff, 0xee, 0xee, 0xee, 0xee, 0xee,
  0xee, 0xee, 0xff, 0xff, 0xff, 0xff, 0xfe, 0xee, 0xee, 0xee, 0xee, 0xee, 0xee, 0xee, 0xee, 0xee,
  0xee, 0xee, 0xee, 0xee, 0xee, 0xee, 0xee, 0xee, 0xdc, 0xcc, 0xcc, 0xcc, 0xcc, 0xcc, 0xcc, 0xcc,
  0xcc, 0xcc, 0xcc, 0xcc, 0xcc, 0xcc, 0xcc, 0xcc, 0xcc, 0xcc, 0xcb, 0xbb, 0xbb, 0xbb, 0xbb, 0xbb,
  0xbb, 0xbb, 0xbb, 0xbb, 0xbb, 0xbb, 0xbb, 0xbb, 0xbb, 0xbb, 0xaa, 0xab, 0xbb, 0xba, 0xaa, 0xaa,
  0xba, 0xaa, 0xaa, 0xaa, 0xaa, 0xaa, 0xaa, 0xaa, 0xaa, 0xab, 0xba, 0xab, 0xbb, 0xbb, 0xbb, 0xbb,
  0xbb, 0xbb, 0xbb, 0xbb, 0xbb, 0xbb, 0xbb, 0xbb, 0xbb, 0xbb, 0xbb, 0xbb, 0xbb, 0xbb, 0xbb, 0xbb,
  0xbb, 0xbb, 0xbb, 0xbb, 0xbb, 0xbb, 0xbb, 0xbb, 0xbb, 0xaa, 0xaa, 0xaa, 0xaa, 0xaa, 0xaa, 0xaa,
  0xa9, 0x99, 0x99, 0x99, 0x99, 0x99, 0x99, 0x88, 0x88, 0x88, 0x88, 0x88, 0xff, 0xff, 0xff, 0xff,
  0xff, 0xff, 0xff, 0xff, 0xff, 0xff, 0xff, 0xff, 0xff, 0xff, 0xff, 0xff, 0xff, 0xff, 0xff, 0xff,
  0xff, 0xff, 0xff, 0xff, 0xff, 0xff, 0xff, 0xff, 0xff, 0xff, 0xff, 0xff, 0xff, 0xff, 0xff, 0xff,
  0xff, 0xff, 0xff, 0xff, 0xff, 0xff, 0xff, 0xff, 0xff, 0xff, 0xff, 0xff, 0xff, 0xff, 0xef, 0xee,
  0xee, 0xee, 0xee, 0xee, 0xee, 0xee, 0xff, 0xff, 0xff, 0xee, 0xee, 0xee, 0xee, 0xee, 0xee, 0xee,
  0xee, 0xee, 0xee, 0xee, 0xee, 0xee, 0xee, 0xee, 0xee, 0xee, 0xee, 0xed, 0xcc, 0xcc, 0xcc, 0xcc,
  0xcc, 0xcc, 0xcc, 0xcc, 0xcc, 0xcc, 0xcc, 0xcc, 0xcc, 0xcc, 0xcc, 0xcc, 0xcc, 0xcc, 0xbb, 0xbb,
  0xbb, 0xbb, 0xbb, 0xbb, 0xbb, 0xbb, 0xbb, 0xbb, 0xbb, 0xbb, 0xbb, 0xbb, 0xbb, 0xbb, 0xaa, 0xaa,
  0xaa, 0xaa, 0xaa, 0xaa, 0xaa, 0xaa, 0xaa, 0xaa, 0xaa, 0xaa, 0xaa, 0xaa, 0xaa, 0xaa, 0xaa, 0xaa,
  0xaa, 0xaa, 0xaa, 0xaa, 0xaa, 0xaa, 0xaa, 0xaa, 0xaa, 0xaa, 0xaa, 0xaa, 0xaa, 0xaa, 0xaa, 0xaa,
  0xab, 0xba, 0xab, 0xbb, 0xbb, 0xbb, 0xbb, 0xbb, 0xbb, 0xbb, 0xbb, 0xbb, 0xbb, 0xaa, 0xaa, 0xaa,
  0xaa, 0xaa, 0xaa, 0xaa, 0xaa, 0xaa, 0xaa, 0xaa, 0xa9, 0x99, 0x99, 0x99, 0x99, 0x99, 0x99, 0x98,
  0xff, 0xff, 0xff, 0xff, 0xff, 0xff, 0xff, 0xff, 0xff, 0xff, 0xff, 0xff, 0xff, 0xff, 0xff, 0xff,
  0xff, 0xff, 0xff, 0xff, 0xff, 0xff, 0xff, 0xff, 0xff, 0xff, 0xff, 0xff, 0xff, 0xff, 0xff, 0xff,
  0xff, 0xff, 0xff, 0xff, 0xff, 0xff, 0xff, 0xff, 0xff, 0xff, 0xff, 0xff, 0xff, 0xff, 0xff, 0xff,
  0xff, 0xfe, 0xee, 0xee, 0xee, 0xee, 0xee, 0xee, 0xee, 0xee, 0xff, 0xff, 0xff, 0xee, 0xee, 0xee,
  0xee, 0xee, 0xee, 0xee, 0xee, 0xee, 0xee, 0xee, 0xee, 0xee, 0xee, 0xee, 0xee, 0xee, 0xee, 0xec,
  0xcc, 0xcc, 0xcc, 0xcc, 0xcc, 0xcc, 0xcc, 0xcc, 0xcc, 0xcc, 0xcc, 0xcc, 0xcc, 0xcc, 0xcc, 0xcc,
  0xcc, 0xcc, 0xcb, 0xbb, 0xbb, 0xbb, 0xbb, 0xbb, 0xbb, 0xbb, 0xbb, 0xbb, 0xbb, 0xbb, 0xbb, 0xbb,
  0xbb, 0xbb, 0xaa, 0xaa, 0xaa, 0xaa, 0xaa, 0xaa, 0xaa, 0xaa, 0xaa, 0xaa, 0xaa, 0xaa, 0xaa, 0xaa,
  0xaa, 0xaa, 0xaa, 0xaa, 0xaa, 0xaa, 0xaa, 0xaa, 0xaa, 0xaa, 0xaa, 0xaa, 0xaa, 0xaa, 0xaa, 0xaa,
  0xaa, 0xaa, 0xaa, 0xaa, 0xaa, 0xaa, 0xab, 0xbb, 0xbb, 0xbb, 0xbb, 0xbb, 0xbb, 0xbb, 0xbb, 0xbb,
  0xba, 0xaa, 0xaa, 0xaa, 0xaa, 0xaa, 0xaa, 0xaa, 0xaa, 0xaa, 0xaa, 0xaa, 0xaa, 0xaa, 0xaa, 0xaa,
  0x99, 0x99, 0x99, 0x99, 0xff, 0xff, 0xff, 0xff, 0xff, 0xff, 0xff, 0xff, 0xff, 0xff, 0xff, 0xff,
  0xff, 0xff, 0xff, 0xff, 0xff, 0xff, 0xff, 0xff, 0xff, 0xff, 0xff, 0xff, 0xff, 0xff, 0xff, 0xff,
  0xff, 0xff, 0xff, 0xff, 0xff, 0xff, 0xff, 0xff, 0xff, 0xff, 0xff, 0xff, 0xff, 0xff, 0xff, 0xff,
  0xff, 0xff, 0xff, 0xff, 0xfe, 0xef, 0xee, 0xee, 0xee, 0xee, 0xee, 0xee, 0xee, 0xef, 0xff, 0xff,
  0xff, 0xee, 0xee, 0xee, 0xee, 0xee, 0xee, 0xee, 0xee, 0xee, 0xee, 0xee, 0xee, 0xee, 0xee, 0xee,
  0xee, 0xee, 0xee, 0xdc, 0xcc, 0xcc, 0xcc, 0xcc, 0xcc, 0xcc, 0xcc, 0xcc, 0xcc, 0xcc, 0xcc, 0xcc,
  0xcc, 0xcc, 0xcc, 0xcc, 0xcc, 0xcc, 0xcc, 0xcc, 0xcc, 0xbb, 0xbb, 0xbb, 0xbb, 0xbb, 0xbb, 0xbb,
  0xbb, 0xbb, 0xbb, 0xbb, 0xbb, 0xba, 0xaa, 0xaa, 0xaa, 0xaa, 0xaa, 0xaa, 0xaa, 0xaa, 0xaa, 0xaa,
  0xaa, 0xaa, 0xaa, 0xaa, 0xaa, 0xaa, 0xaa, 0xaa, 0xaa, 0xaa, 0xaa, 0xaa, 0xaa, 0xaa, 0xaa, 0xaa,
  0xaa, 0xaa, 0xaa, 0xaa, 0xaa, 0xaa, 0xaa, 0xaa, 0xaa, 0xaa, 0xaa, 0xaa, 0xaa, 0xaa, 0xaa, 0xaa,
  0xaa, 0xaa, 0xaa, 0xaa, 0xba, 0xaa, 0xaa, 0xaa, 0xaa, 0xaa, 0xaa, 0xaa, 0xaa, 0xaa, 0xaa, 0xaa,
  0xaa, 0xaa, 0xaa, 0xaa, 0xaa, 0x99, 0x99, 0x99, 0xff, 0xff, 0xff, 0xff, 0xff, 0xff, 0xff, 0xff,
  0xff, 0xff, 0xff, 0xff, 0xff, 0xff, 0xff, 0xff, 0xff, 0xff, 0xff, 0xff, 0xff, 0xff, 0xff, 0xff,
  0xff, 0xff, 0xff, 0xff, 0xff, 0xff, 0xff, 0xff, 0xff, 0xff, 0xff, 0xff, 0xff, 0xff, 0xff, 0xff,
  0xff, 0xff, 0xff, 0xff, 0xff, 0xff, 0xff, 0xff, 0xff, 0xfe, 0xee, 0xee, 0xee, 0xee, 0xee, 0xee,
  0xee, 0xef, 0xff, 0xff, 0xfe, 0xee, 0xee, 0xee, 0xee, 0xee, 0xee, 0xee, 0xee, 0xee, 0xee, 0xee,
  0xee, 0xee, 0xee, 0xee, 0xee, 0xee, 0xee, 0xdc, 0xcc, 0xcc, 0xcc, 0xcc, 0xcc, 0xcc, 0xcc, 0xcc,
  0xcc, 0xcc, 0xcc, 0xcc, 0xcc, 0xcc, 0xcc, 0xcc, 0xcc, 0xcc, 0xcc, 0xcc, 0xcb, 0xbb, 0xbb, 0xbb,
  0xbb, 0xbb, 0xbb, 0xbb, 0xbb, 0xbb, 0xbb, 0xbb, 0xba, 0xaa, 0xaa, 0xaa, 0xaa, 0xaa, 0xaa, 0xaa,
  0xaa, 0xaa, 0xaa, 0xaa, 0xaa, 0xaa, 0xaa, 0xaa, 0xa9, 0x9a, 0xaa, 0xaa, 0x9a, 0xa9, 0x9a, 0x9a,
  0xaa, 0x99, 0x99, 0xaa, 0xaa, 0xaa, 0xaa, 0xaa, 0xaa, 0xaa, 0xaa, 0xaa, 0xaa, 0xaa, 0xaa, 0xaa,
  0xaa, 0xaa, 0xaa, 0xaa, 0xaa, 0xaa, 0xaa, 0xaa, 0xaa, 0xaa, 0xaa, 0xaa, 0xaa, 0xaa, 0xaa, 0xaa,
  0xaa, 0xaa, 0xaa, 0xaa, 0xaa, 0xaa, 0xaa, 0xaa, 0xaa, 0xa9, 0x99, 0x99, 0xff, 0xff, 0xff, 0xff,
  0xff, 0xff, 0xff, 0xff, 0xff, 0xff, 0xff, 0xff, 0xff, 0xff, 0xff, 0xff, 0xff, 0xff, 0xff, 0xff,
  0xff, 0xff, 0xff, 0xff, 0xff, 0xff, 0xff, 0xff, 0xff, 0xff, 0xff, 0xff, 0xff, 0xff, 0xff, 0xff,
  0xff, 0xff, 0xff, 0xff, 0xff, 0xff, 0xff, 0xff, 0xff, 0xff, 0xff, 0xff, 0xfe, 0xee, 0xee, 0xee,
  0xee, 0xee, 0xee, 0xee, 0xee, 0xff, 0xff, 0xff, 0xee, 0xee, 0xee, 0xee, 0xee, 0xee, 0xee, 0xee,
  0xee, 0xee, 0xee, 0xee, 0xee, 0xee, 0xee, 0xee, 0xee, 0xee, 0xee, 0xcc, 0xcc, 0xcc, 0xcc, 0xcc,
  0xcc, 0xcc, 0xcc, 0xcc, 0xcc, 0xcc, 0xcc, 0xcc, 0xcc, 0xcc, 0xcc, 0xcc, 0xcc, 0xcc, 0xcc, 0xcc,
  0xcc, 0xcc, 0xcc, 0xbb, 0xbb, 0xbb, 0xbb, 0xbb, 0xbb, 0xbb, 0xbb, 0xbb, 0xbb, 0xba, 0xaa, 0xaa,
  0xaa, 0xaa, 0xaa, 0xaa, 0xaa, 0xaa, 0xaa, 0xaa, 0xaa, 0xaa, 0xaa, 0xaa, 0x99, 0x99, 0x99, 0x99,
  0x99, 0x99, 0x99, 0x99, 0x99, 0x99, 0x99, 0x99, 0x99, 0x99, 0x99, 0x99, 0x99, 0x99, 0x99, 0xaa,
  0x9a, 0xaa, 0xaa, 0xaa, 0xaa, 0xaa, 0xaa, 0xaa, 0xaa, 0xaa, 0xaa, 0xaa, 0xaa, 0xaa, 0xaa, 0xaa,
  0xaa, 0xaa, 0xaa, 0xaa, 0xaa, 0xaa, 0xaa, 0xaa, 0xaa, 0xaa, 0xaa, 0xaa, 0xaa, 0xaa, 0xa9, 0x99,
  0xff, 0xff, 0xff, 0xff, 0xff, 0xff, 0xff, 0xff, 0xff, 0xff, 0xff, 0xff, 0xff, 0xff, 0xff, 0xff,
  0xff, 0xff, 0xff, 0xff, 0xff, 0xff, 0xff, 0xff, 0xff, 0xff, 0xff, 0xff, 0xff, 0xff, 0xff, 0xff,
  0xff, 0xff, 0xff, 0xff, 0xff, 0xff, 0xff, 0xff, 0xff, 0xff, 0xff, 0xff, 0xff, 0xff, 0xff, 0xff,
  0xfe, 0xee, 0xee, 0xee, 0xee, 0xee, 0xee, 0xee, 0xee, 0xff, 0xff, 0xff, 0xee, 0xee, 0xee, 0xee,
  0xee, 0xee, 0xee, 0xee, 0xee, 0xee, 0xee, 0xee, 0xee, 0xee, 0xee, 0xee, 0xee, 0xee, 0xed, 0xcc,
  0xcc, 0xcc, 0xcc, 0xcc, 0xcc, 0xcc, 0xcc, 0xcc, 0xde, 0xdd, 0xee, 0xdc, 0xcc, 0xcc, 0xcc, 0xcc,
  0xcc, 0xcc, 0xcc, 0xcc, 0xcc, 0xcc, 0xcc, 0xcc, 0xcc, 0xcb, 0xbb, 0xbb, 0xbb, 0xbb, 0xbb, 0xbb,
  0xbb, 0xbb, 0xbb, 0xba, 0xaa, 0xaa, 0xaa, 0xaa, 0xaa, 0xaa, 0xaa, 0xaa, 0xaa, 0xaa, 0xaa, 0x99,
  0x99, 0x99, 0x99, 0x99, 0x99, 0x99, 0x99, 0x99, 0x99, 0x99, 0x99, 0x99, 0x99, 0x99, 0x99, 0x99,
  0x99, 0x99, 0x99, 0x99, 0x99, 0x99, 0x99, 0x99, 0x99, 0x99, 0x99, 0x99, 0x99, 0x99, 0x9a, 0xaa,
  0xaa, 0xaa, 0xaa, 0xaa, 0xaa, 0xaa, 0xaa, 0xaa, 0xaa, 0xaa, 0xaa, 0xaa, 0xaa, 0xaa, 0xaa, 0xaa,
  0xaa, 0xaa, 0xaa, 0xaa, 0xff, 0xff, 0xff, 0xff, 0xff, 0xff, 0xff, 0xff, 0xff, 0xff, 0xff, 0xff,
  0xff, 0xff, 0xff, 0xff, 0xff, 0xff, 0xff, 0xff, 0xff, 0xff, 0xff, 0xff, 0xff, 0xff, 0xff, 0xff,
  0xff, 0xff, 0xff, 0xff, 0xff, 0xff, 0xff, 0xff, 0xff, 0xff, 0xff, 0xff, 0xff, 0xff, 0xff, 0xff,
  0xff, 0xff, 0xff, 0xff, 0xee, 0xee, 0xee, 0xee, 0xee, 0xee, 0xee, 0xee, 0xef, 0xef, 0xff, 0xfe,
  0xee, 0xee, 0xee, 0xee, 0xee, 0xee, 0xee, 0xee, 0xee, 0xee, 0xee, 0xee, 0xee, 0xee, 0xee, 0xee,
  0xee, 0xee, 0xed, 0xcc, 0xcc, 0xcc, 0xcc, 0xcc, 0xcc, 0xcc, 0xcd, 0xdd, 0xee, 0xee, 0xee, 0xed,
  0xdd, 0xdd, 0xcc, 0xcc, 0xcc, 0xcc, 0xcc, 0xcc, 0xcc, 0xcc, 0xcc, 0xcc, 0xcc, 0xcc, 0xbb, 0xbb,
  0xbb, 0xbb, 0xbb, 0xbb, 0xbb, 0xbb, 0xbb, 0xbb, 0xaa, 0xaa, 0xaa, 0xaa, 0xaa, 0xaa, 0xaa, 0xaa,
  0xaa, 0xaa, 0xa9, 0xaa, 0x99, 0x99, 0x99, 0x99, 0x99, 0x99, 0x99, 0x99, 0x99, 0x99, 0x99, 0x99,
  0x99, 0x99, 0x99, 0x89, 0x99, 0x99, 0x98, 0x88, 0x99, 0x99, 0x99, 0x99, 0x99, 0x99, 0x99, 0x99,
  0x99, 0x99, 0x99, 0x99, 0x99, 0x99, 0x99, 0x99, 0x99, 0xa9, 0xaa, 0xaa, 0xaa, 0xaa, 0xaa, 0xaa,
  0xaa, 0xaa, 0xaa, 0xaa, 0xaa, 0xaa, 0xa9, 0x9a, 0xff, 0xff, 0xff, 0xff, 0xff, 0xff, 0xff, 0xff,
  0xff, 0xff, 0xff, 0xff, 0xff, 0xff, 0xff, 0xff, 0xff, 0xff, 0xff, 0xff, 0xff, 0xff, 0xff, 0xff,
  0xff, 0xff, 0xff, 0xff, 0xff, 0xff, 0xff, 0xff, 0xff, 0xff, 0xff, 0xff, 0xff, 0xff, 0xff, 0xff,
  0xff, 0xff, 0xff, 0xff, 0xff, 0xff, 0xff, 0xff, 0xee, 0xee, 0xee, 0xee, 0xee, 0xee, 0xee, 0xee,
  0xef, 0xef, 0xff, 0xfe, 0xee, 0xee, 0xee, 0xee, 0xee, 0xee, 0xee, 0xee, 0xee, 0xee, 0xee, 0xee,
  0xee, 0xee, 0xee, 0xee, 0xee, 0xee, 0xdc, 0xcc, 0xcc, 0xcc, 0xcc, 0xcc, 0xcc, 0xcc, 0xce, 0xee,
  0xee, 0xee, 0xee, 0xee, 0xee, 0xee, 0xdc, 0xcc, 0xcc, 0xcc, 0xcc, 0xcc, 0xcc, 0xcc, 0xcc, 0xcc,
  0xcc, 0xcc, 0xcc, 0xcc, 0xcc, 0xbb, 0xbb, 0xbb, 0xbb, 0xbb, 0xbb, 0xbb, 0xbb, 0xbb, 0xaa, 0xaa,
  0xaa, 0xaa, 0xaa, 0xaa, 0xaa, 0xaa, 0xa9, 0x9a, 0x99, 0x99, 0x99, 0x99, 0x99, 0x99, 0x99, 0x99,
  0x99, 0x99, 0x99, 0x98, 0x88, 0x99, 0x88, 0x88, 0x88, 0x88, 0x88, 0x88, 0x88, 0x88, 0x88, 0x88,
  0x88, 0x88, 0x88, 0x88, 0x88, 0x88, 0x88, 0x88, 0x99, 0x99, 0x99, 0x98, 0x99, 0x99, 0x99, 0x99,
  0x99, 0xa9, 0x99, 0x9a, 0xaa, 0xaa, 0xaa, 0x99, 0x9a, 0xaa, 0x99, 0x9a, 0xff, 0xff, 0xff, 0xff,
  0xff, 0xff, 0xff, 0xff, 0xff, 0xff, 0xff, 0xff, 0xff, 0xff, 0xff, 0xff, 0xff, 0xff, 0xff, 0xff,
  0xff, 0xff, 0xff, 0xff, 0xff, 0xff, 0xff, 0xff, 0xff, 0xff, 0xff, 0xff, 0xff, 0xff, 0xff, 0xff,
  0xff, 0xff, 0xff, 0xff, 0xff, 0xff, 0xff, 0xff, 0xff, 0xff, 0xff, 0xff, 0xee, 0xee, 0xee, 0xee,
  0xee, 0xee, 0xee, 0xee, 0xee, 0xef, 0xff, 0xee, 0xee, 0xee, 0xee, 0xee, 0xee, 0xee, 0xee, 0xee,
  0xee, 0xee, 0xee, 0xee, 0xee, 0xee, 0xee, 0xee, 0xee, 0xee, 0xcc, 0xcc, 0xcc, 0xcc, 0xcc, 0xcc,
  0xcc, 0xcc, 0xde, 0xee, 0xee, 0xee, 0xee, 0xee, 0xee, 0xed, 0xdc, 0xcc, 0xcc, 0xcc, 0xcc, 0xcc,
  0xcc, 0xcc, 0xcc, 0xcc, 0xcc, 0xcc, 0xcc, 0xcc, 0xcc, 0xbb, 0xbb, 0xbb, 0xbb, 0xbb, 0xbb, 0xbb,
  0xbb, 0xbb, 0xba, 0xaa, 0xaa, 0xaa, 0xaa, 0xaa, 0xaa, 0xaa, 0xaa, 0xaa, 0xaa, 0x99, 0x99, 0x99,
  0x99, 0x99, 0x99, 0x99, 0x99, 0x99, 0x99, 0x88, 0x88, 0x88, 0x88, 0x88, 0x88, 0x88, 0x88, 0x88,
  0x88, 0x88, 0x88, 0x88, 0x88, 0x88, 0x88, 0x88, 0x88, 0x88, 0x88, 0x88, 0x98, 0x89, 0x99, 0x88,
  0x89, 0x99, 0x99, 0x99, 0x99, 0x99, 0x99, 0x99, 0x99, 0x99, 0x99, 0x99, 0x99, 0x99, 0x99, 0x99,
  0xff, 0xff, 0xff, 0xff, 0xff, 0xff, 0xff, 0xff, 0xff, 0xff, 0xff, 0xff, 0xff, 0xff, 0xff, 0xff,
  0xff, 0xff, 0xff, 0xff, 0xff, 0xff, 0xff, 0xff, 0xff, 0xff, 0xff, 0xff, 0xff, 0xff, 0xff, 0xff,
  0xff, 0xff, 0xff, 0xff, 0xff, 0xff, 0xff, 0xff, 0xff, 0xff, 0xff, 0xff, 0xff, 0xff, 0xff, 0xee,
  0xee, 0xee, 0xee, 0xee, 0xee, 0xee, 0xee, 0xef, 0xfe, 0xef, 0xfe, 0xee, 0xee, 0xee, 0xee, 0xee,
  0xee, 0xee, 0xee, 0xee, 0xee, 0xee, 0xee, 0xee, 0xee, 0xee, 0xee, 0xee, 0xee, 0xed, 0xcc, 0xcc,
  0xcc, 0xcc, 0xcc, 0xcc, 0xcc, 0xcc, 0xee, 0xee, 0xee, 0xee, 0xee, 0xee, 0xee, 0xec, 0xcc, 0xcc,
  0xcc, 0xcc, 0xcc, 0xcc, 0xcc, 0xcc, 0xcc, 0xcc, 0xcc, 0xcc, 0xcc, 0xcc, 0xcc, 0xcc, 0xcc, 0xcc,
  0xcb, 0xbb, 0xbb, 0xbb, 0xbb, 0xbb, 0xbb, 0xbb, 0xbb, 0xbb, 0xaa, 0xaa, 0xaa, 0xaa, 0xaa, 0xaa,
  0xaa, 0xa9, 0x99, 0x99, 0x99, 0x99, 0x99, 0x99, 0x99, 0x99, 0x88, 0x88, 0x88, 0x88, 0x88, 0x88,
  0x88, 0x88, 0x88, 0x88, 0x88, 0x88, 0x88, 0x88, 0x88, 0x88, 0x88, 0x88, 0x88, 0x88, 0x88, 0x88,
  0x88, 0x88, 0x88, 0x88, 0x88, 0x88, 0x88, 0x88, 0x88, 0x88, 0x88, 0x88, 0x88, 0x88, 0x89, 0x99,
  0x99, 0x99, 0x99, 0x99, 0xff, 0xff, 0xff, 0xff, 0xff, 0xff, 0xff, 0xff, 0xff, 0xff, 0xff, 0xff,
  0xff, 0xff, 0xff, 0xff, 0xff, 0xff, 0xff, 0xff, 0xff, 0xff, 0xff, 0xff, 0xff, 0xff, 0xff, 0xff,
  0xff, 0xff, 0xff, 0xff, 0xff, 0xff, 0xff, 0xff, 0xff, 0xff, 0xff, 0xff, 0xff, 0xff, 0xff, 0xff,
  0xff, 0xff, 0xff, 0xee, 0xee, 0xee, 0xee, 0xee, 0xee, 0xee, 0xee, 0xef, 0xff, 0xff, 0xfe, 0xee,
  0xee, 0xee, 0xee, 0xee, 0xee, 0xee, 0xee, 0xee, 0xee, 0xee, 0xee, 0xee, 0xee, 0xee, 0xee, 0xee,
  0xee, 0xdc, 0xcc, 0xcc, 0xcc, 0xcc, 0xcc, 0xcc, 0xcc, 0xce, 0xee, 0xee, 0xee, 0xee, 0xee, 0xee,
  0xed, 0xcc, 0xcc, 0xcc, 0xcc, 0xcc, 0xcc, 0xcc, 0xcc, 0xcc, 0xcc, 0xcc, 0xcc, 0xcc, 0xcc, 0xcc,
  0xcc, 0xcc, 0xcc, 0xcc, 0xcb, 0xbb, 0xbb, 0xbb, 0xbb, 0xbb, 0xbb, 0xbb, 0xbb, 0xbb, 0xba, 0xaa,
  0xaa, 0xaa, 0xaa, 0xaa, 0xaa, 0xaa, 0xaa, 0x99, 0x99, 0x99, 0x99, 0x99, 0x99, 0x99, 0x99, 0x99,
  0x98, 0x88, 0x88, 0x88, 0x88, 0x88, 0x88, 0x88, 0x88, 0x88, 0x87, 0x77, 0x77, 0x77, 0x77, 0x77,
  0x77, 0x77, 0x77, 0x77, 0x77, 0x77, 0x77, 0x78, 0x88, 0x88, 0x78, 0x77, 0x88, 0x88, 0x88, 0x88,
  0x88, 0x88, 0x88, 0x88, 0x88, 0x88, 0x88, 0x88, 0xff, 0xff, 0xff, 0xff, 0xff, 0xff, 0xff, 0xff,
  0xff, 0xff, 0xff, 0xff, 0xff, 0xff, 0xff, 0xff, 0xff, 0xff, 0xff, 0xff, 0xff, 0xff, 0xff, 0xff,
  0xff, 0xff, 0xff, 0xff, 0xff, 0xff, 0xff, 0xff, 0xff, 0xff, 0xff, 0xff, 0xff, 0xff, 0xff, 0xff,
  0xff, 0xff, 0xff, 0xff, 0xff, 0xff, 0xee, 0xee, 0xee, 0xee, 0xee, 0xee, 0xee, 0xee, 0xee, 0xff,
  0xee, 0xff, 0xee, 0xee, 0xee, 0xee, 0xee, 0xee, 0xee, 0xee, 0xee, 0xee, 0xee, 0xee, 0xee, 0xee,
  0xee, 0xee, 0xee, 0xee, 0xee, 0xdc, 0xcc, 0xcc, 0xcc, 0xcc, 0xcc, 0xcc, 0xcc, 0xce, 0xee, 0xee,
  0xee, 0xee, 0xee, 0xed, 0xcc, 0xcc, 0xcc, 0xcc, 0xcc, 0xcc, 0xcc, 0xcc, 0xcc, 0xcc, 0xcc, 0xcc,
  0xcc, 0xcc, 0xcc, 0xcc, 0xcc, 0xcc, 0xcc, 0xcc, 0xcc, 0xcb, 0xbb, 0xbb, 0xbb, 0xbb, 0xbb, 0xbb,
  0xbb, 0xbb, 0xbb, 0xba, 0xaa, 0xaa, 0xaa, 0xaa, 0xaa, 0xaa, 0xaa, 0xaa, 0x99, 0x99, 0x99, 0x99,
  0x99, 0x99, 0x99, 0x99, 0x88, 0x88, 0x88, 0x88, 0x88, 0x88, 0x88, 0x88, 0x88, 0x77, 0x77, 0x77,
  0x77, 0x77, 0x77, 0x77, 0x77, 0x77, 0x77, 0x77, 0x77, 0x77, 0x77, 0x77, 0x77, 0x77, 0x77, 0x77,
  0x77, 0x77, 0x77, 0x77, 0x77, 0x77, 0x78, 0x88, 0x88, 0x88, 0x88, 0x88, 0xff, 0xff, 0xff, 0xff,
  0xff, 0xff, 0xff, 0xff, 0xff, 0xff, 0xff, 0xff, 0xff, 0xff, 0xff, 0xff, 0xff, 0xff, 0xff, 0xff,
  0xff, 0xff, 0xff, 0xff, 0xff, 0xff, 0xff, 0xff, 0xff, 0xff, 0xff, 0xff, 0xff, 0xff, 0xff, 0xff,
  0xff, 0xff, 0xff, 0xff, 0xff, 0xff, 0xff, 0xff, 0xff, 0xff, 0xee, 0xee, 0xee, 0xee, 0xee, 0xee,
  0xee, 0xee, 0xee, 0xff, 0xef, 0xff, 0xee, 0xee, 0xee, 0xee, 0xee, 0xee, 0xee, 0xed, 0xde, 0xee,
  0xee, 0xee, 0xee, 0xee, 0xee, 0xee, 0xee, 0xee, 0xdd, 0xcc, 0xcc, 0xcc, 0xcc, 0xcc, 0xcc, 0xcc,
  0xcc, 0xce, 0xee, 0xee, 0xee, 0xee, 0xee, 0xdc, 0xcc, 0xcc, 0xcc, 0xcc, 0xcc, 0xcc, 0xcc, 0xcc,
  0xcc, 0xcc, 0xcc, 0xcc, 0xcc, 0xcc, 0xcc, 0xcc, 0xcc, 0xcc, 0xcc, 0xcc, 0xcc, 0xcc, 0xcc, 0xcc,
  0xcb, 0xbb, 0xbb, 0xbb, 0xbb, 0xbb, 0xbb, 0xbb, 0xbb, 0xbb, 0xba, 0xaa, 0xaa, 0xaa, 0xaa, 0xaa,
  0xa9, 0x99, 0x99, 0x99, 0x99, 0x99, 0x99, 0x99, 0x99, 0x99, 0x88, 0x88, 0x88, 0x88, 0x88, 0x88,
  0x88, 0x77, 0x77, 0x77, 0x77, 0x77, 0x77, 0x77, 0x77, 0x77, 0x77, 0x77, 0x77, 0x77, 0x77, 0x77,
  0x77, 0x77, 0x77, 0x77, 0x77, 0x77, 0x77, 0x77, 0x77, 0x77, 0x77, 0x77, 0x77, 0x77, 0x77, 0x77,
  0xff, 0xff, 0xff, 0xff, 0xff, 0xff, 0xff, 0xff, 0xff, 0xff, 0xff, 0xff, 0xff, 0xff, 0xff, 0xff,
  0xff, 0xff, 0xff, 0xff, 0xff, 0xff, 0xff, 0xff, 0xff, 0xff, 0xff, 0xff, 0xff, 0xff, 0xff, 0xff,
  0xff, 0xff, 0xff, 0xff, 0xff, 0xff, 0xff, 0xff, 0xff, 0xff, 0xff, 0xff, 0xff, 0xff, 0xee, 0xee,
  0xee, 0xee, 0xee, 0xee, 0xee, 0xee, 0xee, 0xee, 0xef, 0xfe, 0xee, 0xee, 0xee, 0xee, 0xee, 0xee,
  0xee, 0xee, 0xee, 0xee, 0xee, 0xee, 0xee, 0xee, 0xee, 0xee, 0xee, 0xee, 0xdc, 0xcc, 0xcc, 0xcc,
  0xcc, 0xcc, 0xcc, 0xcc, 0xcc, 0xde, 0xee, 0xee, 0xee, 0xee, 0xed, 0xcc, 0xcc, 0xcc, 0xcc, 0xcc,
  0xcc, 0xcc, 0xcc, 0xcc, 0xcc, 0xcc, 0xcc, 0xcc, 0xcc, 0xcc, 0xcc, 0xcc, 0xcc, 0xcc, 0xcc, 0xcc,
  0xcc, 0xcc, 0xcc, 0xcc, 0xbb, 0xbb, 0xbb, 0xbb, 0xbb, 0xbb, 0xbb, 0xbb, 0xbb, 0xbb, 0xbb, 0xaa,
  0xaa, 0xaa, 0xaa, 0xaa, 0xaa, 0xaa, 0xaa, 0x9a, 0x99, 0x99, 0x99, 0x99, 0x99, 0x99, 0x88, 0x88,
  0x88, 0x88, 0x88, 0x88, 0x88, 0x88, 0x87, 0x77, 0x77, 0x77, 0x77, 0x77, 0x77, 0x77, 0x77, 0x77,
  0x77, 0x77, 0x77, 0x77, 0x77, 0x77, 0x77, 0x77, 0x77, 0x77, 0x77, 0x77, 0x77, 0x77, 0x77, 0x77,
  0x77, 0x77, 0x77, 0x77, 0xff, 0xff, 0xff, 0xff, 0xff, 0xff, 0xff, 0xff, 0xff, 0xff, 0xff, 0xff,
  0xff, 0xff, 0xff, 0xff, 0xff, 0xff, 0xff, 0xff, 0xff, 0xff, 0xff, 0xff, 0xff, 0xff, 0xff, 0xff,
  0xff, 0xff, 0xff, 0xff, 0xff, 0xff, 0xff, 0xff, 0xff, 0xff, 0xff, 0xff, 0xff, 0xff, 0xff, 0xff,
  0xff, 0xfe, 0xee, 0xee, 0xee, 0xee, 0xee, 0xee, 0xee, 0xee, 0xee, 0xee, 0xff, 0xfe, 0xee, 0xee,
  0xee, 0xee, 0xee, 0xee, 0xee, 0xee, 0xee, 0xee, 0xee, 0xee, 0xee, 0xee, 0xee, 0xee, 0xee, 0xed,
  0xcc, 0xcc, 0xcc, 0xcc, 0xcc, 0xcc, 0xcc, 0xcc, 0xcc, 0xee, 0xee, 0xee, 0xee, 0xed, 0xcc, 0xcc,
  0xcc, 0xcc, 0xcc, 0xcc, 0xcc, 0xcc, 0xcc, 0xcc, 0xcc, 0xcc, 0xcc, 0xcc, 0xcc, 0xcc, 0xcc, 0xcc,
  0xcc, 0xcc, 0xcc, 0xcc, 0xcc, 0xcc, 0xcc, 0xcc, 0xcc, 0xcc, 0xbb, 0xbb, 0xbb, 0xbb, 0xbb, 0xbb,
  0xbb, 0xbb, 0xbb, 0xbb, 0xbb, 0xbb, 0xaa, 0xaa, 0xaa, 0xaa, 0xaa, 0xaa, 0xaa, 0xaa, 0xa9, 0x99,
  0x99, 0x99, 0x99, 0x99, 0x98, 0x88, 0x88, 0x88, 0x88, 0x88, 0x88, 0x88, 0x87, 0x77, 0x77, 0x77,
  0x77, 0x77, 0x77, 0x77, 0x77, 0x66, 0x66, 0x66, 0x66, 0x66, 0x66, 0x66, 0x66, 0x66, 0x66, 0x66,
  0x66, 0x66, 0x66, 0x66, 0x66, 0x66, 0x66, 0x67, 0xff, 0xff, 0xff, 0xff, 0xff, 0xff, 0xff, 0xff,
  0xff, 0xff, 0xff, 0xff, 0xff, 0xff, 0xff, 0xff, 0xff, 0xff, 0xff, 0xff, 0xff, 0xff, 0xff, 0xff,
  0xff, 0xff, 0xff, 0xff, 0xff, 0xff, 0xff, 0xff, 0xff, 0xff, 0xff, 0xff, 0xff, 0xff, 0xff, 0xff,
  0xff, 0xff, 0xff, 0xff, 0xff, 0xfe, 0xee, 0xee, 0xee, 0xee, 0xee, 0xee, 0xee, 0xee, 0xee, 0xee,
  0xff, 0xee, 0xee, 0xee, 0xee, 0xee, 0xee, 0xee, 0xee, 0xdd, 0xee, 0xee, 0xee, 0xee, 0xee, 0xee,
  0xee, 0xee, 0xee, 0xdc, 0xcc, 0xcc, 0xcc, 0xcc, 0xcc, 0xcc, 0xcc, 0xcc, 0xcd, 0xee, 0xee, 0xee,
  0xee, 0xdc, 0xcc, 0xcc, 0xcc, 0xcc, 0xcc, 0xcc, 0xcc, 0xcc, 0xcc, 0xcc, 0xcc, 0xcc, 0xcc, 0xcc,
  0xcc, 0xcc, 0xcc, 0xcc, 0xcc, 0xcc, 0xcc, 0xcc, 0xcc, 0xcc, 0xcc, 0xcc, 0xcc, 0xcc, 0xcb, 0xbb,
  0xbb, 0xbb, 0xbb, 0xbb, 0xbb, 0xbb, 0xbb, 0xbb, 0xbb, 0xbb, 0xbb, 0xaa, 0xaa, 0xaa, 0xaa, 0xaa,
  0xaa, 0xaa, 0xaa, 0x99, 0x99, 0x99, 0x99, 0x99, 0x99, 0x99, 0x88, 0x88, 0x88, 0x88, 0x88, 0x88,
  0x88, 0x87, 0x77, 0x77, 0x77, 0x77, 0x77, 0x77, 0x77, 0x66, 0x66, 0x66, 0x66, 0x66, 0x66, 0x66,
  0x66, 0x66, 0x66, 0x66, 0x66, 0x66, 0x66, 0x66, 0x66, 0x66, 0x66, 0x66, 0xff, 0xff, 0xff, 0xff,
  0xff, 0xff, 0xff, 0xff, 0xff, 0xff, 0xff, 0xff, 0xff, 0xff, 0xff, 0xff, 0xff, 0xff, 0xff, 0xff,
  0xff, 0xff, 0xff, 0xff, 0xff, 0xff, 0xff, 0xff, 0xff, 0xff, 0xff, 0xff, 0xff, 0xff, 0xff, 0xff,
  0xff, 0xff, 0xff, 0xff, 0xff, 0xff, 0xff, 0xff, 0xff, 0xee, 0xee, 0xee, 0xee, 0xee, 0xee, 0xee,
  0xee, 0xee, 0xee, 0xee, 0xfe, 0xee, 0xee, 0xee, 0xee, 0xee, 0xee, 0xed, 0xdd, 0xcd, 0xee, 0xee,
  0xee, 0xee, 0xee, 0xee, 0xee, 0xee, 0xee, 0xdc, 0xcc, 0xcc, 0xcc, 0xcc, 0xcc, 0xcc, 0xcc, 0xcc,
  0xde, 0xce, 0xee, 0xee, 0xdc, 0xcc, 0xcc, 0xcc, 0xcc, 0xcc, 0xcc, 0xcc, 0xcc, 0xcc, 0xcc, 0xcc,
  0xcc, 0xcc, 0xcc, 0xcc, 0xcc, 0xcc, 0xcc, 0xcc, 0xcc, 0xcc, 0xcc, 0xcc, 0xcc, 0xcb, 0xcc, 0xcc,
  0xcc, 0xcc, 0xcb, 0xbb, 0xbb, 0xbb, 0xbb, 0xbb, 0xbb, 0xbb, 0xbb, 0xbb, 0xbb, 0xbb, 0xbb, 0xbb,
  0xbb, 0xaa, 0xaa, 0xaa, 0xaa, 0xaa, 0xaa, 0xaa, 0xaa, 0x99, 0x99, 0x99, 0x99, 0x99, 0x99, 0x88,
  0x88, 0x88, 0x88, 0x88, 0x88, 0x77, 0x77, 0x77, 0x77, 0x77, 0x77, 0x77, 0x77, 0x77, 0x77, 0x66,
  0x66, 0x66, 0x66, 0x66, 0x66, 0x66, 0x66, 0x66, 0x66, 0x66, 0x66, 0x66, 0x66, 0x66, 0x66, 0x66,
  0xff, 0xff, 0xff, 0xff, 0xff, 0xff, 0xff, 0xff, 0xff, 0xff, 0xff, 0xff, 0xff, 0xff, 0xff, 0xff,
  0xff, 0xff, 0xff, 0xff, 0xff, 0xff, 0xff, 0xff, 0xff, 0xff, 0xff, 0xff, 0xff, 0xff, 0xff, 0xff,
  0xff, 0xff, 0xff, 0xff, 0xff, 0xff, 0xff, 0xff, 0xff, 0xff, 0xff, 0xff, 0xff, 0xee, 0xee, 0xee,
  0xee, 0xee, 0xee, 0xee, 0xee, 0xee, 0xee, 0xef, 0xfe, 0xee, 0xee, 0xee, 0xee, 0xee, 0xee, 0xed,
  0xdd, 0xee, 0xee, 0xee, 0xee, 0xee, 0xee, 0xee, 0xee, 0xee, 0xed, 0xcc, 0xcc, 0xcc, 0xcc, 0xcc,
  0xcc, 0xcc, 0xcc, 0xcc, 0xcd, 0xee, 0xee, 0xee, 0xdc, 0xcc, 0xcc, 0xcc, 0xcc, 0xbb, 0xbb, 0xbb,
  0xbb, 0xbb, 0xbb, 0xbb, 0xcb, 0xbb, 0xbb, 0xbb, 0xbb, 0xbb, 0xbb, 0xcc, 0xcb, 0xbb, 0xbb, 0xbb,
  0xcc, 0xbb, 0xbb, 0xbb, 0xbb, 0xbb, 0xbb, 0xbb, 0xbb, 0xbb, 0xbb, 0xbb, 0xbb, 0xbb, 0xbb, 0xbb,
  0xbb, 0xbb, 0xbb, 0xbb, 0xbb, 0xba, 0xaa, 0xaa, 0xaa, 0xaa, 0xaa, 0xaa, 0xaa, 0xaa, 0xaa, 0xaa,
  0xaa, 0xa9, 0x99, 0x99, 0x99, 0x98, 0x88, 0x88, 0x88, 0x88, 0x88, 0x77, 0x77, 0x77, 0x77, 0x77,
  0x77, 0x77, 0x77, 0x76, 0x66, 0x66, 0x66, 0x66, 0x66, 0x66, 0x66, 0x66, 0x66, 0x66, 0x66, 0x66,
  0x66, 0x66, 0x66, 0x66, 0xff, 0xff, 0xff, 0xff, 0xff, 0xff, 0xff, 0xff, 0xff, 0xff, 0xff, 0xff,
  0xff, 0xff, 0xff, 0xff, 0xff, 0xff, 0xff, 0xff, 0xff, 0xff, 0xff, 0xff, 0xff, 0xff, 0xff, 0xff,
  0xff, 0xff, 0xff, 0xff, 0xff, 0xff, 0xff, 0xff, 0xff, 0xff, 0xff, 0xff, 0xff, 0xff, 0xff, 0xff,
  0xfe, 0xee, 0xee, 0xee, 0xee, 0xee, 0xee, 0xee, 0xee, 0xee, 0xee, 0xee, 0xee, 0xee, 0xee, 0xee,
  0xee, 0xee, 0xee, 0xdd, 0xcc, 0xee, 0xee, 0xee, 0xee, 0xee, 0xee, 0xee, 0xee, 0xee, 0xed, 0xcc,
  0xcc, 0xcc, 0xcc, 0xcc, 0xcc, 0xcc, 0xcc, 0xcc, 0xcd, 0xee, 0xed, 0xcd, 0xcc, 0xcc, 0xcc, 0xbc,
  0xbb, 0xbb, 0xbb, 0xbb, 0xbb, 0xbb, 0xbb, 0xbb, 0xbb, 0xbb, 0xbb, 0xbb, 0xbb, 0xbb, 0xbb, 0xbb,
  0xbb, 0xbb, 0xbb, 0xbb, 0xbb, 0xbb, 0xbb, 0xbb, 0xbb, 0xbb, 0xbb, 0xbb, 0xbb, 0xbb, 0xbb, 0xbb,
  0xbb, 0xbb, 0xbb, 0xbb, 0xbb, 0xbb, 0xbb, 0xbb, 0xbb, 0xbb, 0xbb, 0xbb, 0xaa, 0xaa, 0xaa, 0xaa,
  0xaa, 0xaa, 0xaa, 0xaa, 0xaa, 0xaa, 0x99, 0x99, 0x99, 0x99, 0x99, 0x88, 0x88, 0x88, 0x88, 0x88,
  0x88, 0x87, 0x77, 0x77, 0x77, 0x77, 0x77, 0x77, 0x76, 0x66, 0x66, 0x66, 0x66, 0x66, 0x66, 0x66,
  0x66, 0x66, 0x66, 0x66, 0x66, 0x66, 0x66, 0x66, 0xff, 0xff, 0xff, 0xff, 0xff, 0xff, 0xff, 0xff,
  0xff, 0xff, 0xff, 0xff, 0xff, 0xff, 0xff, 0xff, 0xff, 0xff, 0xff, 0xff, 0xff, 0xff, 0xff, 0xff,
  0xff, 0xff, 0xff, 0xff, 0xff, 0xff, 0xff, 0xff, 0xff, 0xff, 0xff, 0xff, 0xff, 0xff, 0xff, 0xff,
  0xff, 0xff, 0xff, 0xff, 0xee, 0xee, 0xee, 0xee, 0xee, 0xee, 0xee, 0xee, 0xee, 0xee, 0xee, 0xee,
  0xee, 0xee, 0xee, 0xee, 0xee, 0xed, 0xdd, 0xcc, 0xcd, 0xee, 0xee, 0xee, 0xee, 0xee, 0xee, 0xee,
  0xee, 0xee, 0xdc, 0xcc, 0xcc, 0xcc, 0xcc, 0xcc, 0xcc, 0xcc, 0xcc, 0xcc, 0xcd, 0xee, 0xdc, 0xcc,
  0xcc, 0xcc, 0xcc, 0xbb, 0xbb, 0xbb, 0xbb, 0xbb, 0xbb, 0xbb, 0xbb, 0xbb, 0xbb, 0xbb, 0xbb, 0xbb,
  0xbb, 0xbb, 0xbb, 0xbb, 0xbb, 0xbb, 0xbb, 0xbb, 0xbb, 0xbb, 0xbb, 0xbb, 0xbb, 0xbb, 0xbb, 0xbb,
  0xbb, 0xbb, 0xbb, 0xbb, 0xbb, 0xbb, 0xbb, 0xbb, 0xbb, 0xbb, 0xbb, 0xbb, 0xbb, 0xbb, 0xbb, 0xbb,
  0xbb, 0xbb, 0xba, 0xaa, 0xaa, 0xaa, 0xaa, 0xaa, 0xaa, 0xaa, 0xaa, 0xa9, 0x99, 0x99, 0x99, 0x99,
  0x99, 0x88, 0x88, 0x88, 0x88, 0x88, 0x88, 0x77, 0x77, 0x77, 0x77, 0x77, 0x77, 0x77, 0x66, 0x66,
  0x66, 0x66, 0x66, 0x66, 0x66, 0x66, 0x66, 0x66, 0x66, 0x66, 0x66, 0x66, 0xff, 0xff, 0xff, 0xff,
  0xff, 0xff, 0xff, 0xff, 0xff, 0xff, 0xff, 0xff, 0xff, 0xff, 0xff, 0xff, 0xff, 0xff, 0xff, 0xff,
  0xff, 0xff, 0xff, 0xff, 0xff, 0xff, 0xff, 0xff, 0xff, 0xff, 0xff, 0xff, 0xff, 0xff, 0xff, 0xff,
  0xff, 0xff, 0xff, 0xff, 0xff, 0xff, 0xff, 0xfe, 0xee, 0xee, 0xee, 0xee, 0xee, 0xee, 0xee, 0xee,
  0xee, 0xee, 0xee, 0xee, 0xee, 0xee, 0xee, 0xee, 0xee, 0xed, 0xdd, 0xcc, 0xde, 0xee, 0xee, 0xee,
  0xee, 0xee, 0xee, 0xee, 0xee, 0xed, 0xdc, 0xcc, 0xcc, 0xcc, 0xcc, 0xcc, 0xcc, 0xcc, 0xcc, 0xcc,
  0xde, 0xee, 0xed, 0xcc, 0xcc, 0xcc, 0xcc, 0xbb, 0xbb, 0xbb, 0xbb, 0xbb, 0xbb, 0xbb, 0xbb, 0xbb,
  0xbb, 0xbb, 0xbb, 0xbb, 0xbb, 0xbb, 0xbb, 0xbb, 0xbb, 0xbb, 0xbb, 0xbb, 0xbb, 0xbb, 0xbb, 0xbb,
  0xbb, 0xbb, 0xbb, 0xbb, 0xbb, 0xbb, 0xbb, 0xbb, 0xbb, 0xbb, 0xbb, 0xbb, 0xbb, 0xbb, 0xbb, 0xbb,
  0xbb, 0xbb, 0xbb, 0xbb, 0xbb, 0xbb, 0xba, 0xaa, 0xaa, 0xaa, 0xaa, 0xaa, 0xaa, 0xaa, 0xaa, 0xaa,
  0xaa, 0xaa, 0x99, 0x99, 0x99, 0x99, 0x99, 0x88, 0x88, 0x88, 0x88, 0x88, 0x77, 0x77, 0x77, 0x77,
  0x77, 0x77, 0x76, 0x66, 0x66, 0x66, 0x66, 0x66, 0x66, 0x66, 0x66, 0x66, 0x66, 0x66, 0x66, 0x66,
  0xff, 0xff, 0xff, 0xff, 0xff, 0xff, 0xff, 0xff, 0xff, 0xff, 0xff, 0xff, 0xff, 0xff, 0xff, 0xff,
  0xff, 0xff, 0xff, 0xff, 0xff, 0xff, 0xff, 0xff, 0xff, 0xff, 0xff, 0xff, 0xff, 0xff, 0xff, 0xff,
  0xff, 0xff, 0xff, 0xff, 0xff, 0xff, 0xff, 0xff, 0xff, 0xff, 0xff, 0xfe, 0xee, 0xee, 0xee, 0xee,
  0xee, 0xee, 0xee, 0xee, 0xee, 0xee, 0xee, 0xee, 0xee, 0xee, 0xee, 0xee, 0xee, 0xed, 0xcc, 0xcc,
  0xde, 0xee, 0xee, 0xee, 0xee, 0xee, 0xee, 0xee, 0xee, 0xed, 0xcc, 0xcc, 0xcc, 0xcc, 0xcc, 0xcc,
  0xcc, 0xcc, 0xcc, 0xcc, 0xde, 0xee, 0xdc, 0xcc, 0xcc, 0xcc, 0xbb, 0xbb, 0xbb, 0xbb, 0xbb, 0xbb,
  0xbb, 0xbb, 0xbb, 0xbb, 0xbb, 0xbb, 0xbb, 0xbb, 0xbb, 0xbb, 0xbb, 0xab, 0xbb, 0xbb, 0xbb, 0xbb,
  0xbb, 0xbb, 0xbb, 0xbb, 0xbb, 0xbb, 0xbb, 0xbb, 0xbb, 0xbb, 0xbb, 0xbb, 0xbb, 0xbb, 0xbb, 0xbb,
  0xbb, 0xbb, 0xbb, 0xbb, 0xbb, 0xbb, 0xbb, 0xbb, 0xbb, 0xbb, 0xbb, 0xbb, 0xbb, 0xaa, 0xaa, 0xaa,
  0xaa, 0xaa, 0xaa, 0xaa, 0xaa, 0xaa, 0x99, 0x99, 0x99, 0x99, 0x99, 0x99, 0x98, 0x88, 0x88, 0x88,
  0x88, 0x87, 0x78, 0x77, 0x77, 0x77, 0x77, 0x66, 0x66, 0x66, 0x66, 0x66, 0x66, 0x66, 0x66, 0x66,
  0x66, 0x66, 0x66, 0x66, 0xff, 0xff, 0xff, 0xff, 0xff, 0xff, 0xff, 0xff, 0xff, 0xff, 0xff, 0xff,
  0xff, 0xff, 0xff, 0xff, 0xff, 0xff, 0xff, 0xff, 0xff, 0xff, 0xff, 0xff, 0xff, 0xff, 0xff, 0xff,
  0xff, 0xff, 0xff, 0xff, 0xff, 0xff, 0xff, 0xff, 0xff, 0xff, 0xff, 0xff, 0xff, 0xff, 0xff, 0xfe,
  0xee, 0xee, 0xee, 0xee, 0xee, 0xee, 0xee, 0xee, 0xee, 0xee, 0xef, 0xee, 0xee, 0xee, 0xee, 0xee,
  0xee, 0xdc, 0xcc, 0xcc, 0xde, 0xee, 0xee, 0xee, 0xee, 0xee, 0xee, 0xee, 0xee, 0xed, 0xcc, 0xcc,
  0xcc, 0xcc, 0xcc, 0xcc, 0xcc, 0xcc, 0xcc, 0xcc, 0xde, 0xed, 0xcc, 0xcc, 0xcc, 0xcc, 0xbb, 0xbb,
  0xbb, 0xbb, 0xbb, 0xbb, 0xbb, 0xbb, 0xbb, 0xbb, 0xbb, 0xba, 0xaa, 0xaa, 0xab, 0xbb, 0xaa, 0xaa,
  0xaa, 0xaa, 0xaa, 0xaa, 0xaa, 0xaa, 0xaa, 0xaa, 0xaa, 0xaa, 0xaa, 0xab, 0xbb, 0xba, 0xbb, 0xbb,
  0xbb, 0xbb, 0xbb, 0xbb, 0xbb, 0xbb, 0xbb, 0xbb, 0xbb, 0xbb, 0xbb, 0xbb, 0xbb, 0xbb, 0xbb, 0xbb,
  0xba, 0xaa, 0xaa, 0xaa, 0xaa, 0xaa, 0xaa, 0xaa, 0xaa, 0xaa, 0xaa, 0xaa, 0xaa, 0xa9, 0x99, 0x99,
  0x99, 0x99, 0x99, 0x88, 0x88, 0x88, 0x88, 0x88, 0x88, 0x77, 0x77, 0x77, 0x77, 0x77, 0x76, 0x66,
  0x66, 0x66, 0x66, 0x66, 0x66, 0x66, 0x66, 0x66, 0xff, 0xff, 0xff, 0xff, 0xff, 0xff, 0xff, 0xff,
  0xff, 0xff, 0xff, 0xff, 0xff, 0xff, 0xff, 0xff, 0xff, 0xff, 0xff, 0xff, 0xff, 0xff, 0xff, 0xff,
  0xff, 0xff, 0xff, 0xff, 0xff, 0xff, 0xff, 0xff, 0xff, 0xff, 0xff, 0xff, 0xff, 0xff, 0xff, 0xff,
  0xff, 0xff, 0xff, 0xee, 0xee, 0xee, 0xee, 0xee, 0xee, 0xee, 0xee, 0xee, 0xee, 0xee, 0xee, 0xee,
  0xee, 0xee, 0xee, 0xee, 0xed, 0xdc, 0xcc, 0xcd, 0xee, 0xee, 0xee, 0xee, 0xee, 0xee, 0xee, 0xee,
  0xee, 0xdc, 0xcc, 0xcc, 0xcc, 0xcc, 0xcc, 0xcc, 0xcc, 0xcc, 0xcc, 0xcd, 0xdc, 0xec, 0xcc, 0xcc,
  0xcc, 0xbb, 0xbb, 0xbb, 0xbb, 0xbb, 0xbb, 0xbb, 0xab, 0xaa, 0xaa, 0xaa, 0xaa, 0xaa, 0xaa, 0xaa,
  0xaa, 0xaa, 0xaa, 0xaa, 0xaa, 0xaa, 0xaa, 0xaa, 0xaa, 0xaa, 0xaa, 0xaa, 0xaa, 0xaa, 0xaa, 0xaa,
  0xaa, 0xaa, 0xaa, 0xaa, 0xaa, 0xaa, 0xaa, 0xaa, 0xaa, 0xaa, 0xaa, 0xaa, 0xaa, 0xaa, 0xaa, 0xaa,
  0xaa, 0xaa, 0xaa, 0xaa, 0xaa, 0xaa, 0xaa, 0xaa, 0xaa, 0xaa, 0xaa, 0xaa, 0xaa, 0xaa, 0xaa, 0xaa,
  0xaa, 0xaa, 0xaa, 0xa9, 0x99, 0x99, 0x99, 0x99, 0x99, 0x99, 0x99, 0x88, 0x88, 0x88, 0x88, 0x87,
  0x77, 0x77, 0x77, 0x77, 0x77, 0x66, 0x66, 0x66, 0x66, 0x66, 0x66, 0x66, 0xff, 0xff, 0xff, 0xff,
  0xff, 0xff, 0xff, 0xff, 0xff, 0xff, 0xff, 0xff, 0xff, 0xff, 0xff, 0xff, 0xff, 0xff, 0xff, 0xff,
  0xff, 0xff, 0xff, 0xff, 0xff, 0xff, 0xff, 0xff, 0xff, 0xff, 0xff, 0xff, 0xff, 0xff, 0xff, 0xff,
  0xff, 0xff, 0xff, 0xff, 0xff, 0xff, 0xee, 0xee, 0xee, 0xee, 0xee, 0xee, 0xee, 0xee, 0xee, 0xee,
  0xee, 0xee, 0xee, 0xee, 0xee, 0xee, 0xee, 0xee, 0xec, 0xdc, 0xcc, 0xcd, 0xde, 0xee, 0xee, 0xee,
  0xee, 0xee, 0xee, 0xee, 0xee, 0xdc, 0xcc, 0xcc, 0xcc, 0xcc, 0xcc, 0xcc, 0xcc, 0xcc, 0xcc, 0xcd,
  0xed, 0xdc, 0xcc, 0xcc, 0xcc, 0xbb, 0xbb, 0xbb, 0xbb, 0xbb, 0xbb, 0xbb, 0xbb, 0xaa, 0xaa, 0xaa,
  0xaa, 0xaa, 0xaa, 0xaa, 0xaa, 0xaa, 0xaa, 0xaa, 0xaa, 0xaa, 0xaa, 0xaa, 0xaa, 0xaa, 0xaa, 0xaa,
  0xaa, 0xaa, 0xaa, 0xaa, 0xaa, 0xaa, 0xaa, 0xaa, 0xaa, 0xaa, 0xaa, 0xaa, 0xaa, 0xaa, 0xaa, 0xaa,
  0xaa, 0xaa, 0xaa, 0xaa, 0xaa, 0xaa, 0xaa, 0xaa, 0xaa, 0xaa, 0xaa, 0xaa, 0xaa, 0xaa, 0xaa, 0xaa,
  0xaa, 0xaa, 0xaa, 0xaa, 0xaa, 0xaa, 0xaa, 0xaa, 0xaa, 0xaa, 0xa9, 0x99, 0x99, 0x99, 0x99, 0x99,
  0x88, 0x88, 0x88, 0x88, 0x88, 0x88, 0x77, 0x77, 0x77, 0x77, 0x77, 0x66, 0x66, 0x66, 0x66, 0x66,
  0xff, 0xff, 0xff, 0xff, 0xff, 0xff, 0xff, 0xff, 0xff, 0xff, 0xff, 0xff, 0xff, 0xff, 0xff, 0xff,
  0xff, 0xff, 0xff, 0xff, 0xff, 0xff, 0xff, 0xff, 0xff, 0xff, 0xff, 0xff, 0xff, 0xff, 0xff, 0xff,
  0xff, 0xff, 0xff, 0xff, 0xff, 0xff, 0xff, 0xff, 0xff, 0xfe, 0xee, 0xee, 0xee, 0xee, 0xee, 0xee,
  0xee, 0xee, 0xee, 0xee, 0xee, 0xee, 0xee, 0xee, 0xee, 0xee, 0xee, 0xee, 0xdc, 0xcc, 0xcc, 0xcd,
  0xdd, 0xee, 0xee, 0xee, 0xee, 0xee, 0xee, 0xee, 0xee, 0xcc, 0xcc, 0xcc, 0xcc, 0xcc, 0xcc, 0xcc,
  0xcc, 0xcc, 0xcc, 0xcc, 0xed, 0xcc, 0xcc, 0xcc, 0xcb, 0xbb, 0xbb, 0xbb, 0xbb, 0xbb, 0xba, 0xbb,
  0xaa, 0xaa, 0xaa, 0xaa, 0xaa, 0xaa, 0xaa, 0xaa, 0xaa, 0xaa, 0xaa, 0xaa, 0xaa, 0xaa, 0xaa, 0xaa,
  0xaa, 0xaa, 0xaa, 0xaa, 0xaa, 0xaa, 0xaa, 0xaa, 0xaa, 0xaa, 0xaa, 0xaa, 0xaa, 0xaa, 0xaa, 0xaa,
  0xaa, 0xaa, 0xaa, 0xaa, 0xaa, 0xaa, 0xaa, 0xaa, 0xaa, 0xaa, 0xaa, 0xaa, 0xaa, 0xaa, 0xaa, 0xaa,
  0xaa, 0xaa, 0xaa, 0xaa, 0xaa, 0xaa, 0xaa, 0xaa, 0xaa, 0xaa, 0xaa, 0xaa, 0xaa, 0xaa, 0xaa, 0xaa,
  0x99, 0x99, 0x99, 0x99, 0x99, 0x99, 0x88, 0x88, 0x88, 0x88, 0x88, 0x88, 0x87, 0x77, 0x77, 0x77,
  0x77, 0x76, 0x66, 0x66, 0xff, 0xff, 0xff, 0xff, 0xff, 0xff, 0xff, 0xff, 0xff, 0xff, 0xff, 0xff,
  0xff, 0xff, 0xff, 0xff, 0xff, 0xff, 0xff, 0xff, 0xff, 0xff, 0xff, 0xff, 0xff, 0xff, 0xff, 0xff,
  0xff, 0xff, 0xff, 0xff, 0xff, 0xff, 0xff, 0xff, 0xff, 0xff, 0xff, 0xff, 0xff, 0xee, 0xee, 0xee,
  0xee, 0xee, 0xee, 0xee, 0xee, 0xee, 0xee, 0xee, 0xee, 0xee, 0xee, 0xee, 0xee, 0xee, 0xee, 0xed,
  0xcc, 0xcc, 0xcc, 0xde, 0xde, 0xee, 0xee, 0xee, 0xee, 0xee, 0xee, 0xee, 0xdd, 0xcc, 0xcc, 0xcc,
  0xcc, 0xcc, 0xcc, 0xcc, 0xcc, 0xcc, 0xcc, 0xcd, 0xdc, 0xcc, 0xcc, 0xcc, 0xcb, 0xbb, 0xbb, 0xbb,
  0xbb, 0xbb, 0xba, 0xaa, 0xaa, 0xaa, 0xaa, 0xaa, 0xaa, 0xaa, 0xaa, 0xaa, 0xaa, 0xaa, 0xaa, 0xaa,
  0xaa, 0xaa, 0xaa, 0xaa, 0xa9, 0x99, 0x9a, 0xa9, 0xa9, 0x99, 0x99, 0x99, 0x99, 0x99, 0xa9, 0xa9,
  0x99, 0xa9, 0x99, 0xaa, 0x99, 0x9a, 0xaa, 0x99, 0xaa, 0xaa, 0xaa, 0xaa, 0xaa, 0xaa, 0xaa, 0xaa,
  0xaa, 0xaa, 0xaa, 0xaa, 0xaa, 0xaa, 0xaa, 0xaa, 0xaa, 0xaa, 0xaa, 0xaa, 0xaa, 0xaa, 0xaa, 0xaa,
  0xaa, 0xaa, 0xaa, 0xaa, 0xaa, 0xa9, 0x99, 0x99, 0x99, 0x99, 0x98, 0x88, 0x88, 0x88, 0x88, 0x88,
  0x88, 0x77, 0x77, 0x77, 0x77, 0x77, 0x77, 0x66, 0xff, 0xff, 0xff, 0xff, 0xff, 0xff, 0xff, 0xff,
  0xff, 0xff, 0xff, 0xff, 0xff, 0xff, 0xff, 0xff, 0xff, 0xff, 0xff, 0xff, 0xff, 0xff, 0xff, 0xff,
  0xff, 0xff, 0xff, 0xff, 0xff, 0xff, 0xff, 0xff, 0xff, 0xff, 0xff, 0xff, 0xff, 0xff, 0xff, 0xff,
  0xff, 0xfe, 0xee, 0xee, 0xee, 0xee, 0xee, 0xee, 0xee, 0xee, 0xee, 0xee, 0xee, 0xee, 0xee, 0xee,
  0xee, 0xee, 0xee, 0xed, 0xcc, 0xcc, 0xcc, 0xdd, 0xee, 0xee, 0xee, 0xee, 0xee, 0xee, 0xee, 0xee,
  0xdc, 0xcc, 0xcc, 0xcc, 0xcc, 0xcc, 0xcc, 0xcc, 0xcc, 0xcc, 0xcc, 0xcc, 0xcc, 0xcc, 0xcc, 0xcc,
  0xbb, 0xbb, 0xbb, 0xbb, 0xbb, 0xaa, 0xbb, 0xaa, 0xaa, 0xab, 0xba, 0xaa, 0xaa, 0xaa, 0xaa, 0xaa,
  0xaa, 0xaa, 0xaa, 0xaa, 0xaa, 0xaa, 0xaa, 0xaa, 0xa9, 0x99, 0x99, 0x99, 0x99, 0x99, 0x99, 0x99,
  0x99, 0x99, 0x99, 0x99, 0x99, 0x99, 0x99, 0x99, 0x99, 0x99, 0x99, 0x99, 0x99, 0x99, 0x99, 0x99,
  0x99, 0x99, 0x99, 0x99, 0x99, 0x99, 0x99, 0x99, 0x99, 0x99, 0x99, 0x9a, 0xaa, 0xaa, 0xaa, 0xaa,
  0xaa, 0xaa, 0xaa, 0xaa, 0xaa, 0xaa, 0xaa, 0xaa, 0xaa, 0xaa, 0xa9, 0x99, 0x99, 0x99, 0x99, 0x99,
  0x99, 0x98, 0x88, 0x88, 0x88, 0x88, 0x88, 0x77, 0x77, 0x77, 0x77, 0x77, 0xff, 0xff, 0xff, 0xff,
  0xff, 0xff, 0xff, 0xff, 0xff, 0xff, 0xff, 0xff, 0xff, 0xff, 0xff, 0xff, 0xff, 0xff, 0xff, 0xff,
  0xff, 0xff, 0xff, 0xff, 0xff, 0xff, 0xff, 0xff, 0xff, 0xff, 0xff, 0xff, 0xff, 0xfe, 0xff, 0xff,
  0xff, 0xff, 0xff, 0xff, 0xff, 0xfe, 0xee, 0xee, 0xee, 0xee, 0xee, 0xee, 0xee, 0xee, 0xee, 0xee,
  0xee, 0xee, 0xee, 0xee, 0xee, 0xee, 0xee, 0xdc, 0xcc, 0xcc, 0xcd, 0xdd, 0xee, 0xee, 0xee, 0xee,
  0xee, 0xee, 0xee, 0xed, 0xcc, 0xcc, 0xcc, 0xcc, 0xcc, 0xbc, 0xcc, 0xcc, 0xcc, 0xcc, 0xcc, 0xcc,
  0xcc, 0xcc, 0xcc, 0xcc, 0xbb, 0xbb, 0x80, 0x0b, 0xbb, 0xaa, 0xbb, 0xbb, 0xbb, 0xba, 0xaa, 0xaa,
  0xaa, 0xaa, 0xaa, 0xaa, 0xaa, 0xaa, 0xaa, 0xaa, 0xaa, 0xaa, 0xaa, 0xa9, 0x99, 0x99, 0x99, 0x99,
  0x99, 0x99, 0x99, 0x99, 0x99, 0x99, 0x99, 0x99, 0x99, 0x99, 0x99, 0x99, 0x99, 0x99, 0x99, 0x99,
  0x99, 0x99, 0x99, 0x99, 0x99, 0x99, 0x99, 0x99, 0x99, 0x99, 0x99, 0x99, 0x99, 0x99, 0x99, 0x99,
  0x99, 0x9a, 0xaa, 0xaa, 0xaa, 0xaa, 0xaa, 0xaa, 0xaa, 0xaa, 0xaa, 0xaa, 0xaa, 0xaa, 0x99, 0x99,
  0x99, 0x99, 0x99, 0x99, 0x99, 0x99, 0x99, 0x99, 0x88, 0x88, 0x88, 0x88, 0x88, 0x88, 0x77, 0x77,
  0xff, 0xff, 0xff, 0xff, 0xff, 0xff, 0xff, 0xff, 0xff, 0xff, 0xff, 0xff, 0xff, 0xff, 0xff, 0xff,
  0xff, 0xff, 0xff, 0xff, 0xff, 0xff, 0xff, 0xff, 0xff, 0xff, 0xff, 0xff, 0xff, 0xff, 0xff, 0xff,
  0xff, 0xff, 0xff, 0xff, 0xff, 0xff, 0xff, 0xff, 0xff, 0xee, 0xee, 0xee, 0xee, 0xee, 0xee, 0xee,
  0xee, 0xee, 0xee, 0xee, 0xee, 0xee, 0xee, 0xee, 0xee, 0xee, 0xee, 0xcc, 0xcc, 0xcc, 0xcc, 0xcd,
  0xee, 0xee, 0xee, 0xee, 0xee, 0xee, 0xee, 0xdc, 0xcc, 0xcc, 0xcc, 0xcc, 0xcb, 0xcc, 0xcc, 0xcc,
  0xcc, 0xcc, 0xcc, 0xcc, 0xcc, 0xcc, 0xcc, 0xcb, 0xbb, 0xbb, 0x70, 0x0b, 0xba, 0xbb, 0xbb, 0xbb,
  0xbb, 0xbb, 0xbb, 0xbb, 0xbb, 0xaa, 0xaa, 0xaa, 0xaa, 0xaa, 0xaa, 0xaa, 0xaa, 0xaa, 0xa9, 0x99,
  0x99, 0x99, 0x99, 0x99, 0x99, 0x99, 0x99, 0x99, 0x99, 0x99, 0x99, 0x99, 0x99, 0x99, 0x98, 0x99,
  0x99, 0x89, 0x98, 0x88, 0x88, 0x88, 0x88, 0x88, 0x88, 0x88, 0x99, 0x88, 0x88, 0x99, 0x99, 0x99,
  0x99, 0x99, 0x99, 0x99, 0x99, 0x99, 0x99, 0x99, 0x99, 0x99, 0x99, 0x99, 0x99, 0x99, 0x99, 0x99,
  0x99, 0x99, 0x99, 0x99, 0x99, 0x99, 0x99, 0x99, 0x99, 0x99, 0x99, 0x99, 0x99, 0x99, 0x99, 0x88,
  0x88, 0x88, 0x88, 0x88, 0xff, 0xff, 0xff, 0xff, 0xff, 0xff, 0xff, 0xff, 0xff, 0xff, 0xff, 0xff,
  0xff, 0xff, 0xff, 0xff, 0xff, 0xff, 0xff, 0xff, 0xff, 0xff, 0xff, 0xff, 0xff, 0xff, 0xff, 0xff,
  0xff, 0xff, 0xff, 0xff, 0xff, 0xff, 0xff, 0xff, 0xff, 0xff, 0xff, 0xff, 0xfe, 0xee, 0xee, 0xee,
  0xee, 0xee, 0xee, 0xee, 0xee, 0xee, 0xee, 0xee, 0xee, 0xee, 0xee, 0xee, 0xee, 0xee, 0xed, 0xcc,
  0xcc, 0xcc, 0xcc, 0xde, 0xee, 0xee, 0xee, 0xee, 0xee, 0xee, 0xee, 0xcc, 0xcc, 0xcc, 0xcc, 0xcc,
  0xbb, 0xcc, 0xcc, 0xcc, 0xcc, 0xcc, 0xcc, 0xcc, 0xcc, 0xcc, 0xcc, 0xcb, 0xbb, 0xbb, 0x70, 0x0b,
  0xba, 0xbb, 0xbb, 0xbb, 0xbb, 0xbb, 0xbb, 0xbb, 0xbb, 0xbb, 0xba, 0xaa, 0xaa, 0xaa, 0xaa, 0xaa,
  0xaa, 0xaa, 0xaa, 0x99, 0x99, 0x99, 0x99, 0x99, 0x99, 0x99, 0x99, 0x99, 0x99, 0x99, 0x98, 0x88,
  0x88, 0x88, 0x88, 0x88, 0x88, 0x88, 0x88, 0x88, 0x88, 0x88, 0x88, 0x88, 0x88, 0x88, 0x88, 0x88,
  0x88, 0x88, 0x88, 0x88, 0x88, 0x88, 0x88, 0x98, 0x89, 0x99, 0x99, 0x99, 0x99, 0x99, 0x99, 0x99,
  0x99, 0x99, 0x99, 0x99, 0x99, 0x99, 0x99, 0x99, 0x99, 0x99, 0x99, 0x99, 0x99, 0x99, 0x99, 0x99,
  0x99, 0x99, 0x99, 0x98, 0x88, 0x88, 0x88, 0x88, 0xff, 0xff, 0xff, 0xff, 0xff, 0xff, 0xff, 0xff,
  0xff, 0xff, 0xff, 0xff, 0xff, 0xff, 0xff, 0xff, 0xff, 0xff, 0xff, 0xff, 0xff, 0xff, 0xff, 0xff,
  0xff, 0xff, 0xff, 0xff, 0xff, 0xff, 0xff, 0xff, 0xee, 0xef, 0xff, 0xff, 0xff, 0xff, 0xff, 0xff,
  0xee, 0xee, 0xee, 0xee, 0xee, 0xee, 0xee, 0xee, 0xee, 0xee, 0xee, 0xee, 0xee, 0xee, 0xee, 0xee,
  0xee, 0xee, 0xec, 0xcc, 0xcc, 0xcc, 0xcc, 0xde, 0xee, 0xee, 0xee, 0xee, 0xee, 0xee, 0xed, 0xcc,
  0xcc, 0xcc, 0xcc, 0xbb, 0xbc, 0xcc, 0xcc, 0xcc, 0xcc, 0xcc, 0xcc, 0xcc, 0xcc, 0xcc, 0xcc, 0xbb,
  0xbb, 0xbb, 0x70, 0x0a, 0xab, 0xbb, 0xbb, 0xbb, 0xbb, 0xbb, 0xbb, 0xbb, 0xbb, 0xbb, 0xbb, 0xaa,
  0xaa, 0xaa, 0xaa, 0xaa, 0xaa, 0xaa, 0xaa, 0xaa, 0x99, 0x99, 0x99, 0x99, 0x99, 0x99, 0x99, 0x99,
  0x99, 0x99, 0x88, 0x88, 0x88, 0x88, 0x88, 0x88, 0x88, 0x88, 0x88, 0x88, 0x88, 0x88, 0x88, 0x88,
  0x88, 0x88, 0x88, 0x88, 0x88, 0x88, 0x88, 0x88, 0x88, 0x88, 0x88, 0x88, 0x88, 0x88, 0x88, 0x88,
  0x88, 0x88, 0x88, 0x88, 0x88, 0x89, 0x99, 0x99, 0x99, 0x99, 0x99, 0x99, 0x99, 0x99, 0x99, 0x99,
  0x99, 0x99, 0x99, 0x99, 0x99, 0x99, 0x99, 0x99, 0x99, 0x99, 0x98, 0x88, 0xff, 0xff, 0xff, 0xff,
  0xff, 0xff, 0xff, 0xff, 0xff, 0xff, 0xff, 0xff, 0xff, 0xff, 0xff, 0xff, 0xff, 0xff, 0xff, 0xff,
  0xff, 0xff, 0xff, 0xff, 0xff, 0xff, 0xff, 0xff, 0xff, 0xff, 0xff, 0xff, 0xfe, 0xef, 0xff, 0xff,
  0xff, 0xff, 0xff, 0xfe, 0xee, 0xee, 0xee, 0xee, 0xee, 0xee, 0xee, 0xee, 0xee, 0xee, 0xee, 0xee,
  0xee, 0xee, 0xee, 0xee, 0xee, 0xee, 0xdc, 0xcc, 0xcc, 0xcc, 0xcd, 0xee, 0xee, 0xee, 0xee, 0xee,
  0xee, 0xee, 0xdc, 0xcc, 0xcc, 0xcc, 0xcc, 0xcc, 0xbc, 0xcc, 0xcc, 0xcc, 0xcc, 0xcc, 0xcc, 0xcc,
  0xcc, 0xcc, 0xcb, 0xbb, 0xbb, 0xbb, 0x70, 0x0a, 0xab, 0xbb, 0xbb, 0xbb, 0xbb, 0xbb, 0xbb, 0xbb,
  0xbb, 0xbb, 0xbb, 0xbb, 0xaa, 0xaa, 0xaa, 0xaa, 0xaa, 0xaa, 0xaa, 0xaa, 0xaa, 0xaa, 0xa9, 0x99,
  0x99, 0x99, 0x99, 0x99, 0x99, 0x99, 0x88, 0x88, 0x88, 0x88, 0x88, 0x88, 0x88, 0x88, 0x88, 0x88,
  0x88, 0x88, 0x88, 0x88, 0x88, 0x88, 0x77, 0x88, 0x88, 0x88, 0x88, 0x77, 0x78, 0x78, 0x88, 0x88,
  0x88, 0x88, 0x88, 0x88, 0x88, 0x88, 0x88, 0x88, 0x88, 0x88, 0x88, 0x88, 0x88, 0x88, 0x88, 0x88,
  0x89, 0x99, 0x99, 0x99, 0x99, 0x99, 0x99, 0x99, 0x99, 0x99, 0x99, 0x99, 0x99, 0x99, 0x98, 0x88,
  0xff, 0xff, 0xff, 0xff, 0xff, 0xff, 0xff, 0xff, 0xff, 0xff, 0xff, 0xff, 0xff, 0xff, 0xff, 0xff,
  0xff, 0xff, 0xff, 0xff, 0xff, 0xff, 0xff, 0xff, 0xff, 0xff, 0xff, 0xff, 0xff, 0xff, 0xff, 0xfe,
  0xfe, 0xff, 0xff, 0xff, 0xff, 0xff, 0xff, 0xfe, 0xee, 0xee, 0xee, 0xee, 0xee, 0xee, 0xee, 0xee,
  0xee, 0xee, 0xee, 0xee, 0xee, 0xee, 0xee, 0xee, 0xee, 0xee, 0xcc, 0xcc, 0xcc, 0xcc, 0xcd, 0xee,
  0xee, 0xee, 0xee, 0xee, 0xee, 0xee, 0xcc, 0xcc, 0xcc, 0xcc, 0xcc, 0xcc, 0xbc, 0xcc, 0xcc, 0xcc,
  0xcc, 0xcc, 0xcc, 0xcc, 0xcc, 0xcc, 0xbb, 0xbb, 0xbb, 0xbb, 0x70, 0x0b, 0xbb, 0xbb, 0xbb, 0xbb,
  0xbb, 0xbb, 0xbb, 0xbb, 0xbb, 0xbb, 0xbb, 0xbb, 0xbb, 0xbb, 0xaa, 0xaa, 0xaa, 0xaa, 0xaa, 0xaa,
  0xaa, 0xaa, 0xaa, 0x99, 0x99, 0x99, 0x99, 0x99, 0x99, 0x99, 0x99, 0x88, 0x98, 0x88, 0x88, 0x88,
  0x88, 0x88, 0x88, 0x88, 0x88, 0x87, 0x77, 0x77, 0x87, 0x88, 0x77, 0x77, 0x77, 0x77, 0x77, 0x77,
  0x77, 0x77, 0x77, 0x77, 0x77, 0x77, 0x77, 0x88, 0x77, 0x78, 0x88, 0x88, 0x88, 0x88, 0x88, 0x88,
  0x88, 0x88, 0x88, 0x88, 0x88, 0x88, 0x88, 0x88, 0x88, 0x88, 0x88, 0x88, 0x88, 0x88, 0x88, 0x99,
  0x99, 0x99, 0x88, 0x88, 0xff, 0xff, 0xff, 0xff, 0xff, 0xff, 0xff, 0xff, 0xff, 0xff, 0xff, 0xff,
  0xff, 0xff, 0xff, 0xff, 0xff, 0xff, 0xff, 0xff, 0xff, 0xff, 0xff, 0xff, 0xff, 0xff, 0xff, 0xff,
  0xff, 0xff, 0xfe, 0xfe, 0xee, 0xff, 0xff, 0xff, 0xff, 0xff, 0xff, 0xee, 0xee, 0xee, 0xee, 0xee,
  0xee, 0xee, 0xee, 0xee, 0xee, 0xee, 0xee, 0xee, 0xee, 0xee, 0xee, 0xee, 0xee, 0xee, 0xcc, 0xcc,
  0xcc, 0xcc, 0xcd, 0xee, 0xee, 0xee, 0xee, 0xee, 0xee, 0xee, 0xcc, 0xcc, 0xcc, 0xcc, 0xbb, 0xcb,
  0xbc, 0xcc, 0xcc, 0xcc, 0xcc, 0xcc, 0xcc, 0xcc, 0xcc, 0xcc, 0xbb, 0xbb, 0xbb, 0xba, 0x60, 0x0b,
  0xbb, 0xbb, 0xbb, 0xbb, 0xbb, 0xbb, 0xbb, 0xbb, 0xbb, 0xbb, 0xbb, 0xbb, 0xbb, 0xbb, 0xbb, 0xab,
  0xaa, 0xaa, 0xaa, 0xaa, 0xaa, 0xaa, 0xaa, 0xaa, 0xa9, 0x99, 0x99, 0x99, 0x99, 0x99, 0x99, 0x99,
  0x98, 0x88, 0x88, 0x88, 0x88, 0x88, 0x88, 0x88, 0x88, 0x77, 0x77, 0x77, 0x77, 0x77, 0x77, 0x77,
  0x77, 0x77, 0x77, 0x77, 0x77, 0x77, 0x77, 0x77, 0x77, 0x77, 0x77, 0x77, 0x77, 0x77, 0x77, 0x77,
  0x77, 0x77, 0x77, 0x77, 0x77, 0x78, 0x77, 0x88, 0x88, 0x88, 0x88, 0x88, 0x88, 0x88, 0x88, 0x88,
  0x88, 0x88, 0x88, 0x88, 0x88, 0x88, 0x88, 0x88, 0xff, 0xff, 0xff, 0xff, 0xff, 0xff, 0xff, 0xff,
  0xff, 0xff, 0xff, 0xff, 0xff, 0xff, 0xff, 0xff, 0xff, 0xff, 0xff, 0xff, 0xff, 0xff, 0xff, 0xff,
  0xff, 0xff, 0xff, 0xff, 0xff, 0xfe, 0xee, 0xee, 0xef, 0xff, 0xff, 0xff, 0xff, 0xff, 0xff, 0xee,
  0xee, 0xee, 0xee, 0xee, 0xee, 0xee, 0xee, 0xee, 0xee, 0xee, 0xee, 0xee, 0xee, 0xee, 0xee, 0xee,
  0xee, 0xec, 0xcc, 0xcc, 0xcc, 0xcc, 0xdd, 0xde, 0xee, 0xee, 0xee, 0xee, 0xee, 0xec, 0xcc, 0xcc,
  0xcc, 0xcb, 0xbb, 0xbb, 0xcc, 0xcc, 0xcc, 0xcc, 0xcc, 0xcc, 0xcc, 0xcc, 0xcc, 0xcb, 0xbb, 0xbb,
  0xbb, 0xba, 0x60, 0x0b, 0xbb, 0xbb, 0xbb, 0xbb, 0xbc, 0xbb, 0xcc, 0xbb, 0xbb, 0xbb, 0xbb, 0xbb,
  0xbb, 0xbb, 0xbb, 0xbb, 0xbb, 0xba, 0xaa, 0xaa, 0xaa, 0xaa, 0xaa, 0xaa, 0xaa, 0xaa, 0xa9, 0x99,
  0x99, 0x99, 0x99, 0x99, 0x99, 0x98, 0x98, 0x88, 0x88, 0x88, 0x88, 0x88, 0x88, 0x77, 0x77, 0x77,
  0x77, 0x77, 0x77, 0x77, 0x77, 0x77, 0x77, 0x77, 0x77, 0x77, 0x77, 0x77, 0x77, 0x77, 0x67, 0x77,
  0x77, 0x77, 0x77, 0x77, 0x77, 0x77, 0x77, 0x77, 0x77, 0x77, 0x77, 0x77, 0x77, 0x77, 0x77, 0x77,
  0x77, 0x78, 0x87, 0x78, 0x88, 0x88, 0x88, 0x88, 0x88, 0x88, 0x88, 0x88, 0xff, 0xff, 0xff, 0xff,
  0xff, 0xff, 0xff, 0xff, 0xff, 0xff, 0xff, 0xff, 0xff, 0xff, 0xff, 0xff, 0xff, 0xff, 0xff, 0xff,
  0xff, 0xff, 0xff, 0xff, 0xff, 0xff, 0xff, 0xff, 0xff, 0xff, 0xfe, 0xee, 0xef, 0xff, 0xff, 0xff,
  0xff, 0xff, 0xfe, 0xee, 0xee, 0xee, 0xee, 0xee, 0xee, 0xee, 0xee, 0xee, 0xee, 0xee, 0xee, 0xee,
  0xee, 0xee, 0xee, 0xee, 0xee, 0xec, 0xcc, 0xcc, 0xcc, 0xcc, 0xcd, 0xee, 0xee, 0xee, 0xee, 0xee,
  0xee, 0xec, 0xcc, 0xcc, 0xcc, 0xbb, 0xbb, 0xbb, 0xcc, 0xcc, 0xcc, 0xcc, 0xcc, 0xcc, 0xcc, 0xcc,
  0xcc, 0xbb, 0xbb, 0xbb, 0xbb, 0xba, 0x60, 0x0b, 0xbb, 0xbb, 0xbb, 0xbc, 0xcc, 0xcc, 0xcc, 0xcc,
  0xcb, 0xbb, 0xbb, 0xbb, 0xbb, 0xbb, 0xbb, 0xbb, 0xbb, 0xbb, 0xbb, 0xaa, 0xaa, 0xaa, 0xaa, 0xaa,
  0xaa, 0xaa, 0xaa, 0xaa, 0x99, 0x99, 0x99, 0x99, 0x99, 0x99, 0x98, 0x88, 0x88, 0x88, 0x88, 0x88,
  0x88, 0x88, 0x87, 0x77, 0x77, 0x77, 0x77, 0x77, 0x77, 0x77, 0x77, 0x77, 0x66, 0x66, 0x77, 0x67,
  0x66, 0x67, 0x66, 0x66, 0x66, 0x66, 0x66, 0x66, 0x67, 0x76, 0x66, 0x66, 0x66, 0x77, 0x67, 0x77,
  0x77, 0x77, 0x77, 0x77, 0x77, 0x77, 0x77, 0x77, 0x77, 0x77, 0x77, 0x77, 0x77, 0x77, 0x77, 0x77,
  0xff, 0xff, 0xff, 0xff, 0xff, 0xff, 0xff, 0xff, 0xff, 0xff, 0xff, 0xff, 0xff, 0xff, 0xff, 0xff,
  0xff, 0xff, 0xff, 0xff, 0xff, 0xff, 0xff, 0xff, 0xff, 0xff, 0xff, 0xff, 0xfe, 0xee, 0xee, 0xee,
  0xff, 0xff, 0xff, 0xff, 0xff, 0xff, 0xfe, 0xee, 0xee, 0xee, 0xee, 0xee, 0xee, 0xee, 0xee, 0xee,
  0xee, 0xee, 0xee, 0xee, 0xee, 0xee, 0xee, 0xee, 0xed, 0xcc, 0xcc, 0xcc, 0xcc, 0xcd, 0xee, 0xee,
  0xee, 0xee, 0xee, 0xee, 0xee, 0xdc, 0xcc, 0xcc, 0xbb, 0xbb, 0xbb, 0xbb, 0xcc, 0xcc, 0xcc, 0xcc,
  0xcc, 0xcc, 0xcc, 0xcc, 0xcc, 0xbb, 0xbb, 0xbb, 0xbb, 0xbb, 0x70, 0x0b, 0xbb, 0xbb, 0xbc, 0xcc,
  0xcc, 0xcc, 0xcc, 0xcc, 0xcc, 0xbb, 0xbb, 0xbb, 0xbb, 0xbb, 0xbb, 0xbb, 0xbb, 0xbb, 0xbb, 0xbb,
  0xbb, 0xbb, 0xba, 0xaa, 0xaa, 0xaa, 0xaa, 0xaa, 0xaa, 0xaa, 0x99, 0x99, 0x99, 0x99, 0x99, 0x99,
  0x99, 0x88, 0x88, 0x88, 0x88, 0x88, 0x88, 0x88, 0x87, 0x77, 0x77, 0x77, 0x77, 0x77, 0x77, 0x76,
  0x66, 0x66, 0x66, 0x66, 0x66, 0x66, 0x66, 0x66, 0x66, 0x66, 0x66, 0x66, 0x66, 0x66, 0x66, 0x66,
  0x66, 0x66, 0x66, 0x66, 0x66, 0x66, 0x66, 0x66, 0x66, 0x76, 0x77, 0x77, 0x77, 0x77, 0x77, 0x77,
  0x77, 0x77, 0x77, 0x77, 0xff, 0xff, 0xff, 0xff, 0xff, 0xff, 0xff, 0xff, 0xff, 0xff, 0xff, 0xff,
  0xff, 0xff, 0xff, 0xff, 0xff, 0xff, 0xff, 0xff, 0xff, 0xff, 0xff, 0xff, 0xff, 0xff, 0xff, 0xff,
  0xee, 0xee, 0xee, 0xef, 0xff, 0xff, 0xff, 0xff, 0xff, 0xff, 0xfe, 0xee, 0xee, 0xee, 0xee, 0xee,
  0xee, 0xee, 0xee, 0xee, 0xee, 0xee, 0xee, 0xee, 0xee, 0xee, 0xee, 0xee, 0xec, 0xcc, 0xcc, 0xcc,
  0xcc, 0xcd, 0xee, 0xee, 0xee, 0xee, 0xee, 0xee, 0xed, 0xcc, 0xcc, 0xcc, 0xbb, 0xbb, 0xbb, 0xbb,
  0xcc, 0xcc, 0xcc, 0xcc, 0xcc, 0xcc, 0xcc, 0xcc, 0xcb, 0xbb, 0xbb, 0xbb, 0xbb, 0xab, 0x70, 0x0b,
  0xbb, 0xbb, 0xbc, 0xcc, 0xcc, 0xcc, 0xcc, 0xcc, 0xcc, 0xbb, 0xbb, 0xbb, 0xbb, 0xbb, 0xbb, 0xbb,
  0xbb, 0xbb, 0xbb, 0xbb, 0xbb, 0xbb, 0xbb, 0xaa, 0xaa, 0xaa, 0xaa, 0xaa, 0xaa, 0xaa, 0xaa, 0xaa,
  0x99, 0x99, 0x99, 0x99, 0x99, 0x98, 0x88, 0x88, 0x88, 0x88, 0x88, 0x88, 0x88, 0x77, 0x77, 0x77,
  0x77, 0x77, 0x77, 0x77, 0x77, 0x66, 0x66, 0x66, 0x66, 0x66, 0x66, 0x66, 0x66, 0x66, 0x66, 0x66,
  0x66, 0x66, 0x66, 0x66, 0x66, 0x66, 0x66, 0x66, 0x66, 0x66, 0x66, 0x66, 0x66, 0x66, 0x66, 0x66,
  0x66, 0x66, 0x66, 0x66, 0x66, 0x67, 0x77, 0x77, 0xff, 0xff, 0xff, 0xff, 0xff, 0xff, 0xff, 0xff,
  0xff, 0xff, 0xff, 0xff, 0xff, 0xff, 0xff, 0xff, 0xff, 0xff, 0xff, 0xff, 0xff, 0xff, 0xff, 0xff,
  0xff, 0xff, 0xff, 0xff, 0xee, 0xee, 0xee, 0xef, 0xfe, 0xff, 0xff, 0xff, 0xff, 0xff, 0xfe, 0xee,
  0xee, 0xee, 0xee, 0xee, 0xee, 0xee, 0xee, 0xee, 0xee, 0xee, 0xee, 0xee, 0xee, 0xee, 0xee, 0xee,
  0xdc, 0xcc, 0xcc, 0xcc, 0xcc, 0xcc, 0xde, 0xee, 0xee, 0xee, 0xee, 0xee, 0xec, 0xcc, 0xcc, 0xcb,
  0xbb, 0xbb, 0xbb, 0xbc, 0xbc, 0xcc, 0xcc, 0xcc, 0xcc, 0xcc, 0xcc, 0xcc, 0xcb, 0xbb, 0xbb, 0xbb,
  0xaa, 0xab, 0x70, 0x0b, 0xbb, 0xbb, 0xcc, 0xcc, 0xcc, 0xcc, 0xcc, 0xcc, 0xcc, 0xbb, 0xbb, 0xbb,
  0xbb, 0xbb, 0xbb, 0xbb, 0xbb, 0xbb, 0xbb, 0xbb, 0xbb, 0xbb, 0xbb, 0xbb, 0xba, 0xaa, 0xaa, 0xaa,
  0xaa, 0xaa, 0xaa, 0xaa, 0xaa, 0xaa, 0x99, 0x99, 0x99, 0x99, 0x99, 0x88, 0x88, 0x88, 0x88, 0x88,
  0x88, 0x88, 0x77, 0x77, 0x77, 0x77, 0x77, 0x77, 0x77, 0x77, 0x66, 0x66, 0x66, 0x66, 0x66, 0x66,
  0x66, 0x66, 0x66, 0x66, 0x66, 0x66, 0x66, 0x66, 0x66, 0x66, 0x66, 0x66, 0x66, 0x66, 0x66, 0x66,
  0x66, 0x66, 0x66, 0x66, 0x66, 0x66, 0x66, 0x66, 0x66, 0x66, 0x66, 0x66, 0xff, 0xff, 0xff, 0xff,
  0xff, 0xff, 0xff, 0xff, 0xff, 0xff, 0xff, 0xff, 0xff, 0xff, 0xff, 0xff, 0xff, 0xff, 0xff, 0xff,
  0xff, 0xff, 0xff, 0xff, 0xff, 0xff, 0xff, 0xef, 0xee, 0xee, 0xee, 0xef, 0xff, 0xff, 0xff, 0xff,
  0xff, 0xff, 0xee, 0xee, 0xee, 0xee, 0xee, 0xee, 0xee, 0xee, 0xee, 0xee, 0xee, 0xee, 0xee, 0xee,
  0xee, 0xee, 0xee, 0xcd, 0xdc, 0xcc, 0xcc, 0xcc, 0xcc, 0xcd, 0xee, 0xee, 0xee, 0xee, 0xee, 0xee,
  0xdc, 0xcc, 0xcc, 0xbb, 0xbb, 0xbb, 0xbb, 0xbb, 0xcc, 0xcc, 0xcc, 0xcc, 0xcc, 0xcc, 0xcc, 0xcc,
  0xcb, 0xbb, 0xbb, 0xbb, 0xaa, 0xbb, 0x70, 0x0b, 0xbb, 0xbb, 0xbc, 0xcc, 0xcc, 0xcc, 0xcc, 0xcb,
  0xcc, 0xbb, 0xbb, 0xbb, 0xbb, 0xbb, 0xbb, 0xbb, 0xbb, 0xbb, 0xbb, 0xbb, 0xbb, 0xbb, 0xbb, 0xbb,
  0xbb, 0xba, 0xaa, 0xaa, 0xaa, 0xaa, 0xaa, 0xaa, 0xaa, 0xaa, 0xaa, 0xaa, 0x99, 0x99, 0x99, 0x99,
  0x99, 0x88, 0x88, 0x88, 0x88, 0x88, 0x87, 0x77, 0x77, 0x77, 0x77, 0x77, 0x77, 0x77, 0x77, 0x76,
  0x66, 0x66, 0x66, 0x66, 0x66, 0x66, 0x66, 0x66, 0x66, 0x66, 0x66, 0x66, 0x66, 0x66, 0x66, 0x66,
  0x66, 0x66, 0x66, 0x66, 0x66, 0x66, 0x66, 0x66, 0x66, 0x66, 0x66, 0x66, 0x66, 0x66, 0x66, 0x66,
  0xff, 0xff, 0xff, 0xff, 0xff, 0xff, 0xff, 0xff, 0xff, 0xff, 0xff, 0xff, 0xff, 0xff, 0xff, 0xff,
  0xff, 0xff, 0xff, 0xff, 0xff, 0xff, 0xff, 0xff, 0xff, 0xff, 0xee, 0xee, 0xee, 0xee, 0xee, 0xff,
  0xef, 0xff, 0xff, 0xff, 0xff, 0xee, 0xee, 0xee, 0xee, 0xee, 0xee, 0xee, 0xee, 0xee, 0xee, 0xee,
  0xee, 0xee, 0xee, 0xee, 0xee, 0xee, 0xee, 0xcc, 0xcc, 0xcc, 0xcc, 0xcc, 0xcc, 0xcd, 0xee, 0xee,
  0xee, 0xee, 0xee, 0xee, 0xdc, 0xcc, 0xcc, 0xbb, 0xbb, 0xbb, 0xbb, 0xbb, 0xcc, 0xcc, 0xcc, 0xcc,
  0xcc, 0xcc, 0xcc, 0xcc, 0xbb, 0xbb, 0xbb, 0xba, 0xaa, 0xbb, 0x70, 0x0b, 0xbb, 0xbb, 0xcc, 0xcc,
  0xcc, 0xcc, 0xcc, 0xbb, 0xbb, 0xbb, 0xbb, 0xbb, 0xbb, 0xbb, 0xbb, 0xbb, 0xbb, 0xbb, 0xbb, 0xbb,
  0xbb, 0xbb, 0xbb, 0xbb, 0xbb, 0xbb, 0xbb, 0xba, 0xaa, 0xaa, 0xaa, 0xaa, 0xaa, 0xaa, 0xaa, 0xaa,
  0xaa, 0xaa, 0x99, 0x99, 0x99, 0x99, 0x99, 0x99, 0x88, 0x88, 0x88, 0x88, 0x88, 0x88, 0x87, 0x77,
  0x77, 0x77, 0x77, 0x77, 0x76, 0x66, 0x66, 0x66, 0x66, 0x66, 0x66, 0x66, 0x66, 0x66, 0x66, 0x66,
  0x66, 0x66, 0x66, 0x66, 0x55, 0x56, 0x66, 0x55, 0x55, 0x55, 0x55, 0x55, 0x55, 0x55, 0x55, 0x55,
  0x55, 0x55, 0x56, 0x66, 0xff, 0xff, 0xff, 0xff, 0xff, 0xff, 0xff, 0xff, 0xff, 0xff, 0xff, 0xff,
  0xff, 0xff, 0xff, 0xff, 0xff, 0xff, 0xff, 0xff, 0xff, 0xff, 0xff, 0xff, 0xff, 0xff, 0xee, 0xee,
  0xee, 0xee, 0xee, 0xfe, 0xff, 0xff, 0xff, 0xff, 0xff, 0xee, 0xee, 0xee, 0xee, 0xee, 0xee, 0xee,
  0xee, 0xee, 0xee, 0xee, 0xee, 0xee, 0xee, 0xee, 0xee, 0xee, 0xed, 0xcc, 0xcc, 0xcc, 0xcc, 0xcc,
  0xcc, 0xcd, 0xee, 0xee, 0xee, 0xee, 0xee, 0xed, 0xcc, 0xcc, 0xcc, 0xbb, 0xbb, 0xbb, 0xbb, 0xcc,
  0xcc, 0xcc, 0xcc, 0xcc, 0xcc, 0xcc, 0xcc, 0xcc, 0xbb, 0xbb, 0xbb, 0xaa, 0xaa, 0xbb, 0x70, 0x0b,
  0xbb, 0xbc, 0xcc, 0xcc, 0xcc, 0xcc, 0xbb, 0xbb, 0xbb, 0xbb, 0xbb, 0xbb, 0xbb, 0xbb, 0xbb, 0xbb,
  0xbb, 0xbb, 0xbb, 0xbb, 0xbb, 0xbb, 0xbb, 0xbb, 0xbb, 0xbb, 0xbb, 0xbb, 0xbb, 0xaa, 0xaa, 0xaa,
  0xaa, 0xaa, 0xaa, 0xaa, 0xaa, 0xaa, 0xaa, 0xa9, 0x99, 0x99, 0x99, 0x99, 0x99, 0x99, 0x88, 0x88,
  0x88, 0x88, 0x88, 0x88, 0x77, 0x77, 0x77, 0x77, 0x77, 0x77, 0x66, 0x66, 0x66, 0x66, 0x66, 0x66,
  0x66, 0x66, 0x66, 0x66, 0x66, 0x66, 0x66, 0x55, 0x55, 0x55, 0x55, 0x55, 0x55, 0x55, 0x55, 0x55,
  0x55, 0x55, 0x55, 0x55, 0x55, 0x55, 0x55, 0x55, 0xff, 0xff, 0xff, 0xff, 0xff, 0xff, 0xff, 0xff,
  0xff, 0xff, 0xff, 0xff, 0xff, 0xff, 0xff, 0xff, 0xff, 0xff, 0xff, 0xff, 0xff, 0xff, 0xff, 0xff,
  0xff, 0xfe, 0xee, 0xee, 0xee, 0xee, 0xee, 0xfe, 0xff, 0xff, 0xff, 0xff, 0xfe, 0xee, 0xee, 0xee,
  0xee, 0xee, 0xee, 0xee, 0xee, 0xee, 0xee, 0xee, 0xee, 0xee, 0xee, 0xee, 0xee, 0xee, 0xdc, 0xcc,
  0xcc, 0xcc, 0xcc, 0xcc, 0xcc, 0xde, 0xee, 0xee, 0xee, 0xee, 0xee, 0xed, 0xcc, 0xcc, 0xcc, 0xbb,
  0xbb, 0xbb, 0xbb, 0xcc, 0xcc, 0xcc, 0xcc, 0xcc, 0xcc, 0xcc, 0xcc, 0xcb, 0xbb, 0xbb, 0xba, 0xaa,
  0xaa, 0xbb, 0x70, 0x0b, 0xbb, 0xbc, 0xcc, 0xcc, 0xcc, 0xcb, 0xbb, 0xbb, 0xbb, 0xbb, 0xbb, 0xbb,
  0xbb, 0xbb, 0xbb, 0xbb, 0xbb, 0xbb, 0xbb, 0xbb, 0xbb, 0xbb, 0xbb, 0xbb, 0xbb, 0xbb, 0xbb, 0xbb,
  0xbb, 0xaa, 0xaa, 0xaa, 0xaa, 0xaa, 0xaa, 0xaa, 0xaa, 0xaa, 0xaa, 0xaa, 0xa9, 0x99, 0x99, 0x99,
  0x99, 0x99, 0x99, 0x98, 0x88, 0x88, 0x88, 0x88, 0x88, 0x77, 0x77, 0x77, 0x77, 0x77, 0x77, 0x77,
  0x66, 0x66, 0x66, 0x66, 0x66, 0x66, 0x66, 0x66, 0x66, 0x66, 0x66, 0x66, 0x65, 0x55, 0x55, 0x55,
  0x55, 0x55, 0x55, 0x55, 0x55, 0x55, 0x55, 0x55, 0x55, 0x55, 0x55, 0x55, 0xff, 0xff, 0xff, 0xff,
  0xff, 0xff, 0xff, 0xff, 0xff, 0xff, 0xff, 0xff, 0xff, 0xff, 0xff, 0xff, 0xff, 0xff, 0xff, 0xff,
  0xff, 0xff, 0xff, 0xff, 0xff, 0xee, 0xee, 0xee, 0xee, 0xee, 0xee, 0xff, 0xff, 0xff, 0xff, 0xff,
  0xee, 0xee, 0xee, 0xee, 0xee, 0xee, 0xee, 0xee, 0xee, 0xee, 0xee, 0xee, 0xee, 0xee, 0xee, 0xee,
  0xee, 0xee, 0xdc, 0xcc, 0xcc, 0xcc, 0xcc, 0xcc, 0xcc, 0xee, 0xee, 0xee, 0xee, 0xee, 0xee, 0xdc,
  0xcc, 0xcc, 0xcb, 0xbb, 0xbb, 0xbb, 0xbb, 0xcc, 0xcc, 0xcc, 0xcc, 0xcc, 0xcc, 0xcc, 0xcc, 0xcb,
  0xbb, 0xbb, 0xaa, 0xaa, 0xaa, 0xab, 0x70, 0x0b, 0xbb, 0xbb, 0xcc, 0xcc, 0xcc, 0xbb, 0xbb, 0xbb,
  0xbb, 0xbb, 0xbb, 0xbb, 0xbb, 0xbb, 0xbb, 0xbb, 0xbb, 0xbb, 0xbb, 0xbb, 0xbb, 0xbb, 0xbb, 0xbb,
  0xbb, 0xbb, 0xbb, 0xbb, 0xbb, 0xaa, 0xaa, 0xaa, 0xaa, 0xaa, 0xaa, 0xaa, 0xaa, 0xaa, 0xaa, 0xaa,
  0xaa, 0xaa, 0x99, 0x99, 0x99, 0x99, 0x99, 0x99, 0x88, 0x88, 0x88, 0x88, 0x88, 0x87, 0x77, 0x77,
  0x77, 0x77, 0x77, 0x77, 0x77, 0x77, 0x66, 0x66, 0x66, 0x66, 0x66, 0x66, 0x66, 0x66, 0x66, 0x66,
  0x66, 0x55, 0x55, 0x55, 0x55, 0x55, 0x55, 0x55, 0x55, 0x55, 0x55, 0x55, 0x55, 0x55, 0x55, 0x55,
  0xff, 0xff, 0xff, 0xff, 0xff, 0xff, 0xff, 0xff, 0xff, 0xff, 0xff, 0xff, 0xff, 0xff, 0xff, 0xff,
  0xff, 0xff, 0xff, 0xff, 0xff, 0xff, 0xff, 0xff, 0xfe, 0xee, 0xee, 0xee, 0xee, 0xee, 0xee, 0xff,
  0xff, 0xff, 0xff, 0xfe, 0xee, 0xee, 0xee, 0xee, 0xee, 0xee, 0xee, 0xee, 0xee, 0xee, 0xee, 0xee,
  0xee, 0xee, 0xee, 0xee, 0xee, 0xed, 0xcc, 0xcc, 0xcc, 0xcc, 0xcc, 0xcc, 0xcc, 0xee, 0xee, 0xee,
  0xee, 0xee, 0xed, 0xcc, 0xcc, 0xcc, 0xbb, 0xbb, 0xbb, 0xbb, 0xbb, 0xcc, 0xcc, 0xcc, 0xcc, 0xcc,
  0xcc, 0xcc, 0xcb, 0xbb, 0xbb, 0xbb, 0xaa, 0xaa, 0xaa, 0xab, 0x70, 0x0b, 0xbb, 0xbb, 0xcc, 0xcc,
  0xbb, 0xbb, 0xbb, 0xbb, 0xba, 0xaa, 0xaa, 0xaa, 0xaa, 0xaa, 0xaa, 0xaa, 0xaa, 0xaa, 0xaa, 0xbb,
  0xaa, 0xaa, 0xba, 0xab, 0xbb, 0xaa, 0xaa, 0xaa, 0xaa, 0xaa, 0xaa, 0xaa, 0xaa, 0xaa, 0xaa, 0xaa,
  0xaa, 0xaa, 0xaa, 0xaa, 0xaa, 0xaa, 0xaa, 0x99, 0x99, 0x99, 0x99, 0x99, 0x99, 0x99, 0x99, 0x98,
  0x88, 0x88, 0x88, 0x88, 0x77, 0x77, 0x77, 0x77, 0x77, 0x77, 0x77, 0x66, 0x66, 0x66, 0x66, 0x66,
  0x66, 0x66, 0x66, 0x66, 0x66, 0x66, 0x65, 0x55, 0x55, 0x55, 0x55, 0x55, 0x55, 0x55, 0x55, 0x55,
  0x55, 0x55, 0x55, 0x55, 0xff, 0xff, 0xff, 0xff, 0xff, 0xff, 0xff, 0xff, 0xff, 0xff, 0xff, 0xff,
  0xff, 0xff, 0xff, 0xff, 0xff, 0xff, 0xff, 0xff, 0xff, 0xff, 0xff, 0xff, 0xee, 0xee, 0xee, 0xee,
  0xee, 0xee, 0xee, 0xff, 0xff, 0xff, 0xff, 0xee, 0xee, 0xee, 0xee, 0xee, 0xee, 0xee, 0xee, 0xee,
  0xee, 0xee, 0xee, 0xee, 0xee, 0xee, 0xee, 0xee, 0xee, 0xec, 0xcc, 0xcc, 0xcc, 0xcc, 0xcc, 0xcc,
  0xcd, 0xde, 0xee, 0xee, 0xee, 0xee, 0xdc, 0xcc, 0xcc, 0xcc, 0xbb, 0xbb, 0xbb, 0xbb, 0xbc, 0xbc,
  0xcc, 0xcc, 0xcc, 0xcc, 0xcc, 0xcc, 0xcb, 0xbb, 0xbb, 0xba, 0xaa, 0xaa, 0xaa, 0xbb, 0x70, 0x0b,
  0xbb, 0xbb, 0xcc, 0xcb, 0xbb, 0xbb, 0xbb, 0xaa, 0xaa, 0xaa, 0xaa, 0xaa, 0xaa, 0xaa, 0xaa, 0xaa,
  0xaa, 0xaa, 0xaa, 0xaa, 0xaa, 0xaa, 0xaa, 0xaa, 0xaa, 0xaa, 0xaa, 0xaa, 0xaa, 0xaa, 0xaa, 0xaa,
  0xaa, 0xaa, 0xaa, 0xaa, 0xaa, 0xaa, 0xaa, 0xaa, 0xaa, 0xaa, 0xaa, 0xaa, 0xaa, 0xa9, 0x99, 0x99,
  0x99, 0x99, 0x99, 0x99, 0x99, 0x88, 0x88, 0x88, 0x88, 0x88, 0x88, 0x77, 0x77, 0x77, 0x77, 0x77,
  0x76, 0x66, 0x66, 0x66, 0x66, 0x66, 0x66, 0x66, 0x66, 0x66, 0x65, 0x66, 0x55, 0x55, 0x55, 0x55,
  0x55, 0x55, 0x55, 0x55, 0x55, 0x55, 0x55, 0x55, 0xff, 0xff, 0xff, 0xff, 0xff, 0xff, 0xff, 0xff,
  0xff, 0xff, 0xff, 0xff, 0xff, 0xff, 0xff, 0xff, 0xff, 0xff, 0xff, 0xff, 0xff, 0xff, 0xff, 0xfe,
  0xee, 0xee, 0xee, 0xee, 0xee, 0xef, 0xee, 0xff, 0xff, 0xff, 0xff, 0xee, 0xee, 0xee, 0xee, 0xee,
  0xee, 0xee, 0xee, 0xee, 0xee, 0xee, 0xee, 0xee, 0xee, 0xee, 0xee, 0xee, 0xee, 0xdc, 0xcc, 0xcc,
  0xcc, 0xcc, 0xcc, 0xcc, 0xce, 0xee, 0xee, 0xee, 0xee, 0xee, 0xcc, 0xcc, 0xcc, 0xcb, 0xbb, 0xbb,
  0xbb, 0xbb, 0xcc, 0xcc, 0xcc, 0xcc, 0xcc, 0xcc, 0xcc, 0xcc, 0xbb, 0xbb, 0xbb, 0xba, 0xaa, 0xaa,
  0xaa, 0xbb, 0x70, 0x0b, 0xbb, 0xbc, 0xcc, 0xbb, 0xbb, 0xbb, 0xba, 0xaa, 0xaa, 0xaa, 0xaa, 0xaa,
  0xaa, 0xaa, 0xaa, 0xaa, 0xaa, 0xaa, 0xaa, 0xaa, 0xaa, 0xaa, 0xaa, 0xaa, 0xaa, 0xaa, 0xaa, 0xaa,
  0xaa, 0xaa, 0xaa, 0xaa, 0xaa, 0xaa, 0xaa, 0xaa, 0xaa, 0xaa, 0xaa, 0xaa, 0xaa, 0xaa, 0xaa, 0xaa,
  0xaa, 0xa9, 0x99, 0x99, 0x99, 0x99, 0x99, 0x99, 0x99, 0x99, 0x99, 0x98, 0x88, 0x88, 0x88, 0x88,
  0x88, 0x87, 0x77, 0x77, 0x77, 0x77, 0x76, 0x66, 0x66, 0x66, 0x66, 0x66, 0x66, 0x66, 0x66, 0x66,
  0x66, 0x55, 0x55, 0x55, 0x55, 0x55, 0x55, 0x55, 0x55, 0x55, 0x55, 0x55, 0xff, 0xff, 0xff, 0xff,
  0xff, 0xff, 0xff, 0xff, 0xff, 0xff, 0xff, 0xff, 0xff, 0xff, 0xff, 0xff, 0xff, 0xff, 0xff, 0xff,
  0xff, 0xff, 0xff, 0xfe, 0xee, 0xee, 0xee, 0xee, 0xee, 0xee, 0xee, 0xff, 0xff, 0xff, 0xfe, 0xee,
  0xee, 0xee, 0xee, 0xee, 0xee, 0xee, 0xee, 0xee, 0xee, 0xee, 0xee, 0xee, 0xee, 0xee, 0xee, 0xee,
  0xee, 0xdc, 0xcc, 0xcc, 0xcc, 0xcc, 0xcc, 0xcc, 0xcd, 0xee, 0xee, 0xee, 0xee, 0xed, 0xcc, 0xcc,
  0xcc, 0xcb, 0xbb, 0xbb, 0xbb, 0xbb, 0xcc, 0xcc, 0xcc, 0xcc, 0xcc, 0xcc, 0xcc, 0xcc, 0xbb, 0xbb,
  0xbb, 0xaa, 0xaa, 0xaa, 0xaa, 0xbb, 0x70, 0x0b, 0xbb, 0xcc, 0xcb, 0xbb, 0xbb, 0xbb, 0xaa, 0xaa,
  0xaa, 0xaa, 0xaa, 0x99, 0x99, 0x99, 0x9a, 0x99, 0x99, 0x99, 0x99, 0x99, 0x99, 0x99, 0x9a, 0xa9,
  0x99, 0x99, 0xaa, 0xaa, 0xaa, 0xaa, 0xaa, 0xaa, 0xaa, 0xaa, 0xaa, 0xaa, 0xaa, 0xaa, 0xaa, 0xaa,
  0xaa, 0xaa, 0xaa, 0xaa, 0xaa, 0xaa, 0x99, 0xa9, 0x99, 0x99, 0x99, 0x99, 0x99, 0x99, 0x99, 0x99,
  0x99, 0x88, 0x88, 0x88, 0x88, 0x88, 0x88, 0x77, 0x77, 0x77, 0x77, 0x77, 0x76, 0x66, 0x66, 0x66,
  0x66, 0x66, 0x66, 0x66, 0x66, 0x66, 0x65, 0x55, 0x55, 0x55, 0x55, 0x55, 0x55, 0x55, 0x55, 0x55,
  0xff, 0xff, 0xff, 0xff, 0xff, 0xff, 0xff, 0xff, 0xff, 0xff, 0xff, 0xff, 0xff, 0xff, 0xff, 0xff,
  0xff, 0xff, 0xff, 0xff, 0xff, 0xff, 0xff, 0xfe, 0xee, 0xee, 0xee, 0xee, 0xee, 0xee, 0xee, 0xff,
  0xff, 0xff, 0xfe, 0xee, 0xee, 0xee, 0xee, 0xee, 0xee, 0xee, 0xee, 0xee, 0xee, 0xee, 0xee, 0xee,
  0xee, 0xee, 0xee, 0xee, 0xed, 0xcc, 0xcc, 0xcc, 0xcc, 0xcc, 0xcc, 0xcc, 0xcd, 0xee, 0xee, 0xee,
  0xee, 0xdc, 0xcc, 0xcc, 0xcc, 0xbb, 0xbb, 0xbb, 0xbb, 0xbb, 0xcc, 0xcc, 0xcc, 0xcc, 0xcc, 0xcc,
  0xcc, 0xcb, 0xbb, 0xbb, 0xbb, 0xaa, 0xaa, 0xaa, 0xab, 0xbb, 0x70, 0x0b, 0xbb, 0xcc, 0xbb, 0xbb,
  0xbb, 0xba, 0xaa, 0xaa, 0xaa, 0xa9, 0x99, 0x99, 0x99, 0x99, 0x99, 0x99, 0x99, 0x99, 0x99, 0x99,
  0x99, 0x99, 0x99, 0x99, 0x99, 0x99, 0x99, 0x9a, 0xaa, 0xaa, 0xaa, 0xaa, 0xaa, 0xaa, 0xaa, 0xaa,
  0xaa, 0xaa, 0xaa, 0xaa, 0xaa, 0xaa, 0xaa, 0xaa, 0xaa, 0xaa, 0x99, 0xa9, 0x99, 0x99, 0x99, 0x99,
  0x99, 0x99, 0x99, 0x99, 0x99, 0x99, 0x99, 0x88, 0x88, 0x88, 0x88, 0x88, 0x88, 0x77, 0x77, 0x77,
  0x77, 0x77, 0x77, 0x66, 0x66, 0x66, 0x66, 0x66, 0x66, 0x66, 0x66, 0x66, 0x55, 0x55, 0x55, 0x55,
  0x55, 0x55, 0x55, 0x55, 0xff, 0xff, 0xff, 0xff, 0xff, 0xff, 0xff, 0xff, 0xff, 0xff, 0xff, 0xff,
  0xff, 0xff, 0xff, 0xff, 0xff, 0xff, 0xff, 0xff, 0xff, 0xff, 0xee, 0xee, 0xee, 0xee, 0xee, 0xee,
  0xee, 0xee, 0xef, 0xff, 0xff, 0xff, 0xee, 0xee, 0xee, 0xee, 0xee, 0xee, 0xee, 0xee, 0xee, 0xee,
  0xee, 0xee, 0xee, 0xee, 0xee, 0xee, 0xee, 0xee, 0xdd, 0xcc, 0xcc, 0xcc, 0xcc, 0xcc, 0xcc, 0xcc,
  0xde, 0xee, 0xee, 0xee, 0xed, 0xcc, 0xcc, 0xcc, 0xcc, 0xbb, 0xbb, 0xbb, 0xbb, 0xbb, 0xcc, 0xcc,
  0xcc, 0xcc, 0xcc, 0xcc, 0xcc, 0xbb, 0xbb, 0xbb, 0xba, 0xaa, 0xaa, 0xaa, 0xab, 0xbb, 0x70, 0x0b,
  0xbc, 0xcb, 0xbb, 0xbb, 0xbb, 0xaa, 0xaa, 0xa9, 0x99, 0x99, 0x99, 0x99, 0x99, 0x99, 0x99, 0x99,
  0x99, 0x99, 0x99, 0x99, 0x99, 0x99, 0x99, 0x99, 0x99, 0x99, 0x99, 0x99, 0x99, 0x99, 0x99, 0x99,
  0x99, 0x99, 0x99, 0x99, 0x99, 0x99, 0x99, 0x99, 0x99, 0x99, 0x99, 0x99, 0x99, 0x99, 0x99, 0x99,
  0x99, 0x99, 0x99, 0x99, 0x99, 0x99, 0x99, 0x99, 0x99, 0x99, 0x99, 0x99, 0x98, 0x88, 0x88, 0x88,
  0x88, 0x88, 0x88, 0x88, 0x77, 0x77, 0x77, 0x77, 0x77, 0x77, 0x77, 0x66, 0x66, 0x66, 0x66, 0x66,
  0x66, 0x66, 0x55, 0x55, 0x55, 0x55, 0x55, 0x55, 0xff, 0xff, 0xff, 0xff, 0xff, 0xff, 0xff, 0xff,
  0xff, 0xff, 0xff, 0xff, 0xff, 0xff, 0xff, 0xff, 0xff, 0xff, 0xff, 0xff, 0xff, 0xfe, 0xee, 0xee,
  0xee, 0xee, 0xee, 0xee, 0xee, 0xee, 0xff, 0xff, 0xff, 0xfe, 0xee, 0xee, 0xee, 0xee, 0xee, 0xee,
  0xee, 0xee, 0xee, 0xee, 0xee, 0xee, 0xee, 0xee, 0xee, 0xee, 0xee, 0xee, 0xdc, 0xcc, 0xcc, 0xcc,
  0xcc, 0xcc, 0xcc, 0xcd, 0xee, 0xee, 0xee, 0xee, 0xee, 0xdc, 0xcc, 0xcc, 0xcb, 0xbb, 0xbb, 0xbb,
  0xbb, 0xbb, 0xcc, 0xcc, 0xcc, 0xcc, 0xcc, 0xcc, 0xcc, 0xbb, 0xbb, 0xbb, 0xaa, 0xaa, 0xaa, 0xaa,
  0xab, 0xbb, 0x70, 0x0b, 0xbc, 0xcb, 0xbb, 0xbb, 0xba, 0xaa, 0xaa, 0x99, 0x99, 0x99, 0x99, 0x99,
  0x99, 0x99, 0x99, 0x99, 0x99, 0x98, 0x88, 0x99, 0x99, 0x99, 0x99, 0x99, 0x98, 0x99, 0x99, 0x99,
  0x99, 0x99, 0x99, 0x99, 0x99, 0x99, 0x99, 0x99, 0x99, 0x99, 0x99, 0x99, 0x99, 0x99, 0x99, 0x99,
  0x99, 0x99, 0x99, 0x99, 0x99, 0x99, 0x99, 0x99, 0x99, 0x99, 0x99, 0x99, 0x99, 0x99, 0x99, 0x99,
  0x99, 0x99, 0x88, 0x88, 0x88, 0x88, 0x88, 0x88, 0x88, 0x88, 0x77, 0x77, 0x77, 0x77, 0x77, 0x77,
  0x76, 0x66, 0x66, 0x66, 0x66, 0x66, 0x66, 0x65, 0x55, 0x55, 0x55, 0x55, 0xff, 0xff, 0xff, 0xff,
  0xff, 0xff, 0xff, 0xff, 0xff, 0xff, 0xff, 0xff, 0xff, 0xff, 0xff, 0xff, 0xff, 0xff, 0xff, 0xff,
  0xff, 0xee, 0xee, 0xee, 0xee, 0xee, 0xee, 0xee, 0xee, 0xee, 0xff, 0xff, 0xff, 0xfe, 0xee, 0xee,
  0xee, 0xee, 0xee, 0xee, 0xee, 0xee, 0xee, 0xee, 0xee, 0xee, 0xee, 0xee, 0xee, 0xee, 0xee, 0xee,
  0xcc, 0xcc, 0xcc, 0xcc, 0xcc, 0xcc, 0xcc, 0xcd, 0xee, 0xee, 0xee, 0xee, 0xdc, 0xcc, 0xcc, 0xcc,
  0xcb, 0xbb, 0xbb, 0xbb, 0xbb, 0xcb, 0xcc, 0xcc, 0xcc, 0xcc, 0xcc, 0xcc, 0xcb, 0xbb, 0xbb, 0xba,
  0xaa, 0xaa, 0xaa, 0xaa, 0xab, 0xbb, 0x70, 0x0b, 0xbb, 0xbb, 0xbb, 0xbb, 0xaa, 0xaa, 0xa9, 0x99,
  0x99, 0x99, 0x99, 0x99, 0x99, 0x99, 0x99, 0x99, 0x99, 0x99, 0x88, 0x88, 0x88, 0x88, 0x88, 0x88,
  0x88, 0x88, 0x88, 0x88, 0x88, 0x88, 0x88, 0x88, 0x88, 0x89, 0x88, 0x88, 0x89, 0x89, 0x99, 0x89,
  0x99, 0x99, 0x99, 0x99, 0x99, 0x99, 0x99, 0x99, 0x99, 0x99, 0x99, 0x99, 0x99, 0x99, 0x99, 0x99,
  0x99, 0x99, 0x99, 0x99, 0x99, 0x99, 0x98, 0x88, 0x88, 0x88, 0x88, 0x88, 0x88, 0x88, 0x88, 0x87,
  0x77, 0x77, 0x77, 0x77, 0x77, 0x76, 0x66, 0x66, 0x66, 0x66, 0x66, 0x66, 0x66, 0x66, 0x55, 0x55,
  0xff, 0xff, 0xff, 0xff, 0xff, 0xff, 0xff, 0xff, 0xff, 0xff, 0xff, 0xff, 0xff, 0xff, 0xff, 0xff,
  0xff, 0xff, 0xff, 0xff, 0xff, 0xee, 0xee, 0xee, 0xee, 0xee, 0xee, 0xee, 0xee, 0xef, 0xff, 0xff,
  0xff, 0xfe, 0xee, 0xee, 0xee, 0xee, 0xee, 0xee, 0xee, 0xee, 0xee, 0xee, 0xee, 0xee, 0xee, 0xee,
  0xee, 0xee, 0xee, 0xed, 0xcc, 0xcc, 0xcc, 0xcc, 0xcc, 0xcc, 0xcc, 0xde, 0xee, 0xee, 0xee, 0xee,
  0xcc, 0xcc, 0xcc, 0xbb, 0xbb, 0xbb, 0xbb, 0xbb, 0xbb, 0xbc, 0xcc, 0xcc, 0xcc, 0xcc, 0xcc, 0xcc,
  0xbb, 0xbb, 0xbb, 0xaa, 0xaa, 0xaa, 0xaa, 0xaa, 0xab, 0xbb, 0x70, 0x0b, 0xbb, 0xbb, 0xbb, 0xbb,
  0xaa, 0xaa, 0xa9, 0x99, 0x99, 0x99, 0x99, 0x99, 0x99, 0x99, 0x99, 0x98, 0x88, 0x88, 0x88, 0x88,
  0x88, 0x88, 0x88, 0x88, 0x88, 0x88, 0x88, 0x88, 0x88, 0x88, 0x88, 0x88, 0x88, 0x88, 0x88, 0x88,
  0x88, 0x88, 0x88, 0x88, 0x88, 0x88, 0x88, 0x88, 0x99, 0x88, 0x88, 0x99, 0x98, 0x99, 0x99, 0x99,
  0x99, 0x99, 0x99, 0x99, 0x99, 0x99, 0x99, 0x99, 0x99, 0x99, 0x98, 0x89, 0x99, 0x98, 0x88, 0x88,
  0x88, 0x88, 0x88, 0x88, 0x88, 0x87, 0x77, 0x77, 0x77, 0x77, 0x77, 0x76, 0x66, 0x66, 0x66, 0x66,
  0x66, 0x66, 0x66, 0x55, 0xff, 0xff, 0xff, 0xff, 0xff, 0xff, 0xff, 0xff, 0xff, 0xff, 0xff, 0xff,
  0xff, 0xff, 0xff, 0xff, 0xff, 0xff, 0xff, 0xff, 0xfe, 0xee, 0xee, 0xee, 0xee, 0xee, 0xee, 0xee,
  0xee, 0xef, 0xff, 0xff, 0xff, 0xee, 0xee, 0xee, 0xee, 0xee, 0xee, 0xee, 0xee, 0xee, 0xee, 0xee,
  0xee, 0xee, 0xee, 0xee, 0xee, 0xee, 0xee, 0xec, 0xcc, 0xcc, 0xcc, 0xcc, 0xcc, 0xcc, 0xcc, 0xde,
  0xee, 0xee, 0xee, 0xed, 0xcc, 0xcc, 0xcc, 0xbb, 0xbb, 0xbb, 0xbb, 0xbb, 0xbb, 0xcc, 0xcc, 0xcc,
  0xcc, 0xcc, 0xcc, 0xcc, 0xbb, 0xbb, 0xbb, 0xaa, 0xaa, 0xaa, 0xaa, 0xaa, 0xbb, 0xbb, 0x70, 0x0b,
  0xbb, 0xbb, 0xbb, 0xba, 0xaa, 0xaa, 0x99, 0x99, 0x99, 0x99, 0x99, 0x99, 0x99, 0x99, 0x88, 0x88,
  0x88, 0x88, 0x88, 0x88, 0x88, 0x88, 0x88, 0x88, 0x88, 0x88, 0x88, 0x88, 0x88, 0x88, 0x88, 0x88,
  0x88, 0x88, 0x88, 0x88, 0x88, 0x88, 0x88, 0x88, 0x88, 0x88, 0x88, 0x88, 0x88, 0x88, 0x88, 0x88,
  0x88, 0x88, 0x88, 0x88, 0x88, 0x88, 0x88, 0x88, 0x88, 0x99, 0x88, 0x88, 0x89, 0x99, 0x88, 0x88,
  0x98, 0x88, 0x88, 0x88, 0x88, 0x88, 0x88, 0x88, 0x88, 0x88, 0x88, 0x87, 0x77, 0x77, 0x77, 0x77,
  0x77, 0x76, 0x66, 0x66, 0x66, 0x66, 0x66, 0x66, 0xff, 0xff, 0xff, 0xff, 0xff, 0xff, 0xff, 0xff,
  0xff, 0xff, 0xff, 0xff, 0xff, 0xff, 0xff, 0xff, 0xff, 0xff, 0xff, 0xff, 0xfe, 0xee, 0xee, 0xee,
  0xee, 0xee, 0xee, 0xee, 0xee, 0xff, 0xff, 0xff, 0xfe, 0xee, 0xee, 0xee, 0xee, 0xee, 0xee, 0xee,
  0xee, 0xee, 0xee, 0xee, 0xee, 0xee, 0xee, 0xee, 0xee, 0xee, 0xed, 0xdc, 0xcc, 0xcc, 0xcc, 0xcc,
  0xcc, 0xcc, 0xcc, 0xee, 0xee, 0xee, 0xee, 0xed, 0xcc, 0xcc, 0xcc, 0xbb, 0xbb, 0xbb, 0xbb, 0xbb,
  0xbb, 0xcc, 0xcc, 0xcc, 0xcc, 0xcc, 0xcc, 0xcb, 0xbb, 0xbb, 0xaa, 0xaa, 0xaa, 0xaa, 0xaa, 0xab,
  0xbb, 0xbb, 0x70, 0x0b, 0xbb, 0xbb, 0xbb, 0xba, 0xaa, 0xaa, 0x99, 0x99, 0x99, 0x99, 0x99, 0x99,
  0x99, 0x99, 0x88, 0x98, 0x88, 0x88, 0x88, 0x88, 0x88, 0x88, 0x88, 0x88, 0x88, 0x88, 0x88, 0x88,
  0x88, 0x87, 0x77, 0x77, 0x77, 0x77, 0x77, 0x77, 0x77, 0x77, 0x77, 0x77, 0x77, 0x77, 0x77, 0x77,
  0x77, 0x77, 0x77, 0x77, 0x77, 0x77, 0x77, 0x88, 0x88, 0x88, 0x88, 0x88, 0x88, 0x88, 0x88, 0x88,
  0x88, 0x88, 0x88, 0x88, 0x88, 0x88, 0x88, 0x88, 0x88, 0x88, 0x88, 0x88, 0x88, 0x88, 0x88, 0x88,
  0x88, 0x88, 0x87, 0x77, 0x77, 0x77, 0x77, 0x77, 0x77, 0x76, 0x66, 0x66, 0xff, 0xff, 0xff, 0xff,
  0xff, 0xff, 0xff, 0xff, 0xff, 0xff, 0xff, 0xff, 0xff, 0xff, 0xff, 0xff, 0xff, 0xff, 0xff, 0xff,
  0xfe, 0xee, 0xee, 0xee, 0xee, 0xee, 0xee, 0xee, 0xee, 0xff, 0xff, 0xff, 0xfe, 0xee, 0xee, 0xee,
  0xee, 0xee, 0xee, 0xee, 0xee, 0xee, 0xee, 0xee, 0xee, 0xee, 0xee, 0xee, 0xee, 0xee, 0xdd, 0xcc,
  0xcc, 0xcc, 0xcc, 0xcc, 0xcc, 0xcc, 0xcd, 0xee, 0xee, 0xee, 0xee, 0xdc, 0xcc, 0xcc, 0xcb, 0xbb,
  0xbb, 0xbb, 0xbb, 0xbb, 0xbc, 0xcc, 0xcc, 0xcc, 0xcc, 0xcc, 0xcc, 0xcb, 0xbb, 0xbb, 0xaa, 0xaa,
  0xaa, 0xaa, 0xaa, 0xab, 0xbb, 0xbb, 0x70, 0x0b, 0xbb, 0xbb, 0xbb, 0xaa, 0xaa, 0xa9, 0x99, 0x99,
  0x99, 0x99, 0x99, 0x99, 0x99, 0x99, 0x98, 0x98, 0x88, 0x88, 0x88, 0x88, 0x88, 0x88, 0x88, 0x88,
  0x88, 0x88, 0x88, 0x88, 0x87, 0x77, 0x77, 0x77, 0x77, 0x77, 0x77, 0x77, 0x77, 0x77, 0x77, 0x77,
  0x77, 0x77, 0x77, 0x77, 0x77, 0x77, 0x77, 0x77, 0x77, 0x77, 0x77, 0x78, 0x87, 0x78, 0x88, 0x88,
  0x88, 0x88, 0x88, 0x88, 0x88, 0x88, 0x88, 0x88, 0x88, 0x88, 0x88, 0x88, 0x88, 0x88, 0x88, 0x88,
  0x88, 0x88, 0x88, 0x88, 0x88, 0x88, 0x88, 0x77, 0x77, 0x77, 0x77, 0x77, 0x77, 0x77, 0x76, 0x66,
  0xff, 0xff, 0xff, 0xff, 0xff, 0xff, 0xff, 0xff, 0xff, 0xff, 0xff, 0xff, 0xff, 0xff, 0xff, 0xff,
  0xff, 0xff, 0xff, 0xff, 0xee, 0xee, 0xee, 0xee, 0xee, 0xee, 0xee, 0xee, 0xee, 0xee, 0xff, 0xff,
  0xfe, 0xee, 0xee, 0xee, 0xee, 0xee, 0xee, 0xee, 0xee, 0xee, 0xee, 0xee, 0xee, 0xee, 0xee, 0xee,
  0xee, 0xed, 0xcc, 0xcc, 0xcc, 0xcc, 0xcc, 0xcc, 0xcc, 0xcc, 0xcd, 0xee, 0xee, 0xee, 0xee, 0xdc,
  0xcc, 0xcc, 0xbb, 0xbb, 0xbb, 0xbb, 0xbb, 0xbb, 0xbc, 0xcc, 0xcc, 0xcc, 0xcc, 0xcc, 0xcc, 0xbb,
  0xbb, 0xba, 0xba, 0xaa, 0xaa, 0xaa, 0xaa, 0xab, 0xbb, 0xbb, 0x70, 0x0b, 0xbb, 0xbb, 0xba, 0xaa,
  0xaa, 0x99, 0x99, 0x99, 0x99, 0x99, 0x99, 0x99, 0x99, 0x99, 0x99, 0x88, 0x88, 0x88, 0x88, 0x88,
  0x88, 0x88, 0x88, 0x88, 0x88, 0x88, 0x88, 0x87, 0x77, 0x77, 0x77, 0x77, 0x77, 0x77, 0x77, 0x77,
  0x77, 0x77, 0x77, 0x77, 0x77, 0x77, 0x77, 0x77, 0x77, 0x77, 0x77, 0x77, 0x77, 0x77, 0x77, 0x77,
  0x77, 0x77, 0x77, 0x77, 0x77, 0x77, 0x77, 0x77, 0x77, 0x88, 0x88, 0x88, 0x88, 0x88, 0x88, 0x88,
  0x88, 0x88, 0x88, 0x88, 0x88, 0x88, 0x88, 0x88, 0x88, 0x88, 0x88, 0x88, 0x77, 0x77, 0x77, 0x77,
  0x77, 0x77, 0x77, 0x77, 0xff, 0xff, 0xff, 0xff, 0xff, 0xff, 0xff, 0xff, 0xff, 0xff, 0xff, 0xff,
  0xff, 0xff, 0xff, 0xff, 0xff, 0xff, 0xff, 0xff, 0xee, 0xee, 0xee, 0xee, 0xee, 0xee, 0xee, 0xee,
  0xee, 0xef, 0xff, 0xff, 0xee, 0xee, 0xee, 0xee, 0xee, 0xee, 0xee, 0xee, 0xee, 0xee, 0xee, 0xee,
  0xee, 0xee, 0xee, 0xee, 0xee, 0xed, 0xcc, 0xcc, 0xcc, 0xcc, 0xcc, 0xcc, 0xcc, 0xcc, 0xcd, 0xee,
  0xee, 0xee, 0xed, 0xcc, 0xcc, 0xcc, 0xbb, 0xbb, 0xbb, 0xbb, 0xbb, 0xbb, 0xbc, 0xcc, 0xcc, 0xcc,
  0xcc, 0xcc, 0xcc, 0xbb, 0xbb, 0xba, 0xaa, 0xaa, 0xaa, 0xaa, 0xaa, 0xab, 0xbb, 0xbb, 0x70, 0x0b,
  0xbb, 0xbb, 0xba, 0xaa, 0xaa, 0x99, 0x99, 0x99, 0x99, 0x99, 0x99, 0x99, 0x99, 0x99, 0x99, 0x99,
  0x99, 0x98, 0x88, 0x88, 0x88, 0x88, 0x88, 0x88, 0x88, 0x88, 0x88, 0x87, 0x77, 0x77, 0x77, 0x77,
  0x77, 0x77, 0x77, 0x77, 0x77, 0x77, 0x77, 0x77, 0x77, 0x77, 0x77, 0x77, 0x77, 0x77, 0x66, 0x77,
  0x77, 0x77, 0x77, 0x77, 0x77, 0x77, 0x77, 0x77, 0x77, 0x77, 0x77, 0x77, 0x77, 0x77, 0x77, 0x77,
  0x77, 0x78, 0x77, 0x78, 0x88, 0x88, 0x88, 0x88, 0x88, 0x88, 0x88, 0x88, 0x88, 0x88, 0x88, 0x87,
  0x77, 0x77, 0x77, 0x77, 0x77, 0x77, 0x77, 0x77, 0xff, 0xff, 0xff, 0xff, 0xff, 0xff, 0xff, 0xff,
  0xff, 0xff, 0xff, 0xff, 0xff, 0xff, 0xff, 0xff, 0xff, 0xff, 0xff, 0xfe, 0xee, 0xee, 0xee, 0xee,
  0xee, 0xee, 0xee, 0xee, 0xee, 0xef, 0xff, 0xff, 0xee, 0xee, 0xee, 0xee, 0xee, 0xee, 0xee, 0xee,
  0xee, 0xee, 0xee, 0xee, 0xee, 0xee, 0xee, 0xee, 0xee, 0xed, 0xcc, 0xcc, 0xcc, 0xcc, 0xcc, 0xcc,
  0xcc, 0xcc, 0xcd, 0xee, 0xee, 0xee, 0xdc, 0xcc, 0xcc, 0xcc, 0xbb, 0xbb, 0xbb, 0xbb, 0xbb, 0xbb,
  0xbc, 0xcc, 0xcc, 0xcc, 0xcc, 0xcc, 0xcb, 0xbb, 0xbb, 0xaa, 0xaa, 0xaa, 0xaa, 0xaa, 0xaa, 0xab,
  0xbb, 0xbb, 0x70, 0x0b, 0xbb, 0xbb, 0xaa, 0xaa, 0x99, 0x99, 0x99, 0x99, 0x99, 0x99, 0x99, 0x99,
  0x99, 0x99, 0x99, 0x99, 0x99, 0x99, 0x99, 0x88, 0x88, 0x88, 0x88, 0x88, 0x88, 0x88, 0x88, 0x77,
  0x77, 0x77, 0x77, 0x77, 0x77, 0x77, 0x77, 0x77, 0x77, 0x77, 0x77, 0x76, 0x66, 0x66, 0x66, 0x66,
  0x66, 0x66, 0x66, 0x66, 0x66, 0x66, 0x66, 0x66, 0x66, 0x66, 0x66, 0x66, 0x66, 0x66, 0x67, 0x67,
  0x77, 0x77, 0x77, 0x77, 0x77, 0x77, 0x77, 0x77, 0x77, 0x77, 0x77, 0x77, 0x77, 0x77, 0x77, 0x77,
  0x77, 0x77, 0x77, 0x77, 0x77, 0x77, 0x77, 0x77, 0x77, 0x77, 0x77, 0x77, 0xff, 0xff, 0xff, 0xff,
  0xff, 0xff, 0xff, 0xff, 0xff, 0xff, 0xff, 0xff, 0xff, 0xff, 0xff, 0xff, 0xff, 0xff, 0xff, 0xee,
  0xee, 0xee, 0xee, 0xee, 0xee, 0xee, 0xee, 0xee, 0xee, 0xff, 0xff, 0xfe, 0xee, 0xee, 0xee, 0xee,
  0xee, 0xee, 0xee, 0xee, 0xee, 0xee, 0xee, 0xee, 0xee, 0xee, 0xee, 0xee, 0xee, 0xdc, 0xcc, 0xcc,
  0xcc, 0xcc, 0xcc, 0xcc, 0xcc, 0xcc, 0xcd, 0xee, 0xee, 0xed, 0xcc, 0xcc, 0xcc, 0xcb, 0xbb, 0xbb,
  0xbb, 0xbb, 0xbb, 0xbb, 0xcc, 0xcc, 0xcc, 0xcc, 0xcc, 0xcc, 0xcb, 0xbb, 0xbb, 0xaa, 0xaa, 0xaa,
  0xaa, 0xaa, 0xaa, 0xbb, 0xbb, 0xbb, 0x70, 0x0b, 0xbb, 0xbb, 0xaa, 0xaa, 0x99, 0x99, 0x99, 0x99,
  0x99, 0x99, 0x99, 0x99, 0x99, 0x99, 0x99, 0x99, 0x99, 0x99, 0x99, 0x99, 0x99, 0x88, 0x88, 0x88,
  0x88, 0x88, 0x88, 0x88, 0x88, 0x77, 0x77, 0x77, 0x77, 0x77, 0x77, 0x77, 0x77, 0x77, 0x76, 0x66,
  0x66, 0x66, 0x66, 0x66, 0x66, 0x66, 0x66, 0x66, 0x66, 0x66, 0x66, 0x66, 0x66, 0x66, 0x66, 0x66,
  0x66, 0x66, 0x66, 0x66, 0x66, 0x66, 0x66, 0x66, 0x66, 0x66, 0x66, 0x66, 0x66, 0x66, 0x66, 0x66,
  0x66, 0x77, 0x77, 0x77, 0x77, 0x77, 0x77, 0x77, 0x77, 0x77, 0x77, 0x77, 0x77, 0x77, 0x77, 0x77,
  0xff, 0xff, 0xff, 0xff, 0xff, 0xff, 0xff, 0xff, 0xff, 0xff, 0xff, 0xff, 0xff, 0xff, 0xff, 0xff,
  0xff, 0xff, 0xff, 0xee, 0xee, 0xee, 0xee, 0xee, 0xee, 0xee, 0xee, 0xee, 0xee, 0xff, 0xff, 0xee,
  0xee, 0xee, 0xee, 0xee, 0xee, 0xee, 0xed, 0xee, 0xee, 0xee, 0xee, 0xee, 0xee, 0xee, 0xee, 0xee,
  0xed, 0xcc, 0xcc, 0xcc, 0xcc, 0xcc, 0xcc, 0xcc, 0xcc, 0xcc, 0xcd, 0xee, 0xee, 0xed, 0xcc, 0xcc,
  0xcc, 0xbb, 0xbb, 0xbb, 0xbb, 0xbb, 0xbb, 0xbb, 0xcc, 0xcc, 0xcc, 0xcc, 0xcc, 0xcc, 0xcb, 0xbb,
  0xba, 0xaa, 0xaa, 0xaa, 0xaa, 0xaa, 0xab, 0xbb, 0xbb, 0xbb, 0x70, 0x0b, 0xbb, 0xba, 0xaa, 0xaa,
  0x99, 0x99, 0x99, 0x99, 0x99, 0x99, 0x99, 0x99, 0x99, 0x9a, 0xaa, 0x9a, 0x99, 0x99, 0x99, 0x99,
  0x99, 0x99, 0x88, 0x88, 0x88, 0x88, 0x88, 0x88, 0x88, 0x87, 0x77, 0x77, 0x77, 0x77, 0x77, 0x77,
  0x77, 0x67, 0x66, 0x66, 0x66, 0x66, 0x66, 0x66, 0x66, 0x66, 0x66, 0x66, 0x66, 0x66, 0x66, 0x66,
  0x66, 0x66, 0x66, 0x66, 0x66, 0x66, 0x66, 0x66, 0x66, 0x66, 0x66, 0x66, 0x66, 0x66, 0x66, 0x66,
  0x66, 0x66, 0x66, 0x66, 0x66, 0x67, 0x76, 0x67, 0x77, 0x77, 0x77, 0x77, 0x77, 0x77, 0x77, 0x77,
  0x77, 0x77, 0x77, 0x77, 0xff, 0xff, 0xff, 0xff, 0xff, 0xff, 0xff, 0xff, 0xff, 0xff, 0xff, 0xff,
  0xff, 0xff, 0xff, 0xff, 0xff, 0xff, 0xfe, 0xee, 0xee, 0xee, 0xee, 0xee, 0xee, 0xee, 0xee, 0xee,
  0xef, 0xff, 0xff, 0xee, 0xee, 0xee, 0xee, 0xee, 0xee, 0xee, 0xde, 0xee, 0xee, 0xee, 0xee, 0xee,
  0xee, 0xee, 0xee, 0xee, 0xec, 0xcc, 0xcc, 0xcc, 0xcc, 0xcc, 0xcc, 0xcc, 0xcc, 0xcc, 0xde, 0xee,
  0xee, 0xdc, 0xcc, 0xcc, 0xcc, 0xbb, 0xbb, 0xbb, 0xbb, 0xbb, 0xbb, 0xbb, 0xcc, 0xcc, 0xcc, 0xcc,
  0xcc, 0xcc, 0xbb, 0xbb, 0xba, 0xaa, 0xaa, 0xaa, 0xaa, 0xaa, 0xab, 0xbb, 0xbb, 0xbb, 0x70, 0x0b,
  0xbb, 0xba, 0xaa, 0xa9, 0x99, 0x99, 0x99, 0x99, 0x99, 0x99, 0x99, 0x9a, 0xaa, 0xaa, 0xaa, 0xaa,
  0xa9, 0x99, 0x99, 0x99, 0x99, 0x99, 0x99, 0x99, 0x98, 0x88, 0x88, 0x88, 0x88, 0x88, 0x88, 0x87,
  0x77, 0x77, 0x77, 0x77, 0x77, 0x76, 0x66, 0x66, 0x66, 0x66, 0x66, 0x66, 0x66, 0x66, 0x66, 0x66,
  0x66, 0x66, 0x66, 0x66, 0x66, 0x66, 0x66, 0x66, 0x66, 0x66, 0x66, 0x66, 0x66, 0x66, 0x66, 0x66,
  0x66, 0x66, 0x66, 0x66, 0x66, 0x66, 0x66, 0x66, 0x66, 0x66, 0x66, 0x66, 0x66, 0x66, 0x66, 0x67,
  0x67, 0x77, 0x77, 0x77, 0x77, 0x77, 0x77, 0x77, 0xff, 0xff, 0xff, 0xff, 0xff, 0xff, 0xff, 0xff,
  0xff, 0xff, 0xff, 0xff, 0xff, 0xff, 0xff, 0xff, 0xff, 0xff, 0xfe, 0xee, 0xee, 0xee, 0xee, 0xee,
  0xee, 0xee, 0xee, 0xee, 0xff, 0xff, 0xee, 0xee, 0xee, 0xee, 0xee, 0xee, 0xee, 0xed, 0xee, 0xee,
  0xee, 0xee, 0xee, 0xee, 0xee, 0xee, 0xee, 0xee, 0xdc, 0xcc, 0xcc, 0xcc, 0xcc, 0xcc, 0xcc, 0xcc,
  0xcc, 0xcd, 0xee, 0xee, 0xee, 0xdc, 0xcc, 0xcc, 0xcb, 0xbb, 0xbb, 0xbb, 0xbb, 0xbb, 0xbb, 0xbc,
  0xcc, 0xcc, 0xcc, 0xcc, 0xcc, 0xcb, 0xbb, 0xbb, 0xaa, 0xaa, 0xaa, 0xaa, 0xaa, 0xaa, 0xab, 0xbb,
  0xbb, 0xbb, 0x70, 0x0b, 0xbb, 0xaa, 0xaa, 0x99, 0x99, 0x99, 0x99, 0x99, 0x99, 0x99, 0x99, 0xaa,
  0xaa, 0xaa, 0xaa, 0xaa, 0xaa, 0xaa, 0x99, 0x99, 0x99, 0x99, 0x99, 0x99, 0x99, 0x88, 0x88, 0x88,
  0x88, 0x88, 0x88, 0x88, 0x77, 0x77, 0x77, 0x77, 0x77, 0x77, 0x76, 0x66, 0x66, 0x66, 0x66, 0x66,
  0x66, 0x66, 0x66, 0x66, 0x66, 0x66, 0x66, 0x66, 0x66, 0x66, 0x66, 0x66, 0x66, 0x66, 0x66, 0x66,
  0x66, 0x66, 0x66, 0x66, 0x66, 0x66, 0x66, 0x66, 0x66, 0x66, 0x66, 0x66, 0x66, 0x66, 0x66, 0x66,
  0x66, 0x66, 0x66, 0x66, 0x66, 0x66, 0x66, 0x66, 0x66, 0x66, 0x66, 0x66, 0xff, 0xff, 0xff, 0xff,
  0xff, 0xff, 0xff, 0xff, 0xff, 0xff, 0xff, 0xff, 0xff, 0xff, 0xff, 0xff, 0xff, 0xff, 0xee, 0xee,
  0xee, 0xee, 0xee, 0xee, 0xee, 0xee, 0xee, 0xee, 0xff, 0xff, 0xfe, 0xee, 0xee, 0xee, 0xee, 0xee,
  0xdd, 0xdd, 0xee, 0xee, 0xee, 0xee, 0xee, 0xee, 0xee, 0xee, 0xee, 0xee, 0xcc, 0xcc, 0xcc, 0xcc,
  0xcc, 0xcc, 0xcc, 0xcc, 0xcc, 0xcd, 0xee, 0xee, 0xee, 0xcc, 0xcc, 0xcc, 0xcb, 0xbb, 0xbb, 0xbb,
  0xbb, 0xbb, 0xbb, 0xbc, 0xcc, 0xcc, 0xcc, 0xcc, 0xcc, 0xbb, 0xbb, 0xba, 0xaa, 0xaa, 0xaa, 0xaa,
  0xaa, 0xaa, 0xbb, 0xbb, 0xbb, 0xbb, 0x70, 0x0b, 0xba, 0xaa, 0xaa, 0x99, 0x99, 0x99, 0x99, 0x99,
  0x99, 0x99, 0xaa, 0xaa, 0xaa, 0xaa, 0xaa, 0xaa, 0xaa, 0xaa, 0xaa, 0xaa, 0xaa, 0x99, 0x99, 0x99,
  0x99, 0x99, 0x98, 0x88, 0x88, 0x88, 0x88, 0x88, 0x88, 0x87, 0x77, 0x77, 0x77, 0x77, 0x77, 0x77,
  0x77, 0x76, 0x66, 0x66, 0x66, 0x66, 0x66, 0x66, 0x66, 0x66, 0x66, 0x66, 0x66, 0x66, 0x66, 0x66,
  0x55, 0x55, 0x55, 0x55, 0x55, 0x55, 0x55, 0x55, 0x55, 0x55, 0x55, 0x55, 0x55, 0x55, 0x55, 0x55,
  0x55, 0x55, 0x55, 0x66, 0x66, 0x66, 0x66, 0x66, 0x66, 0x66, 0x66, 0x66, 0x66, 0x66, 0x66, 0x66,
  0xff, 0xff, 0xff, 0xff, 0xff, 0xff, 0xff, 0xff, 0xff, 0xff, 0xff, 0xff, 0xff, 0xff, 0xff, 0xff,
  0xff, 0xff, 0xee, 0xee, 0xee, 0xee, 0xee, 0xee, 0xee, 0xee, 0xee, 0xef, 0xee, 0xef, 0xee, 0xee,
  0xee, 0xee, 0xee, 0xee, 0xdc, 0xcc, 0xde, 0xee, 0xee, 0xee, 0xee, 0xee, 0xee, 0xee, 0xee, 0xee,
  0xcc, 0xcc, 0xcc, 0xcc, 0xcc, 0xcc, 0xcc, 0xcc, 0xcc, 0xce, 0xee, 0xee, 0xec, 0xcc, 0xcc, 0xcc,
  0xbb, 0xbb, 0xbb, 0xbb, 0xbb, 0xbb, 0xbb, 0xcc, 0xcc, 0xcc, 0xcc, 0xcc, 0xcc, 0xbb, 0xbb, 0xba,
  0xaa, 0xaa, 0xaa, 0xaa, 0xaa, 0xaa, 0xbb, 0xbb, 0xbb, 0xbb, 0x70, 0x0b, 0xba, 0xaa, 0xa9, 0x99,
  0x99, 0x99, 0x99, 0x99, 0x99, 0xaa, 0xaa, 0xaa, 0xaa, 0xaa, 0xaa, 0xaa, 0xaa, 0xaa, 0xaa, 0xaa,
  0xaa, 0xaa, 0xa9, 0x99, 0x99, 0x99, 0x99, 0x99, 0x99, 0x99, 0x88, 0x88, 0x88, 0x88, 0x88, 0x77,
  0x77, 0x77, 0x77, 0x77, 0x77, 0x76, 0x66, 0x66, 0x66, 0x66, 0x66, 0x66, 0x66, 0x66, 0x66, 0x66,
  0x66, 0x66, 0x66, 0x56, 0x55, 0x55, 0x55, 0x55, 0x55, 0x55, 0x55, 0x55, 0x55, 0x55, 0x55, 0x55,
  0x55, 0x55, 0x55, 0x55, 0x55, 0x55, 0x55, 0x55, 0x55, 0x55, 0x55, 0x55, 0x55, 0x55, 0x55, 0x66,
  0x66, 0x66, 0x66, 0x66, 0xff, 0xff, 0xff, 0xff, 0xff, 0xff, 0xff, 0xff, 0xff, 0xff, 0xff, 0xff,
  0xff, 0xff, 0xff, 0xff, 0xff, 0xee, 0xee, 0xee, 0xee, 0xee, 0xee, 0xee, 0xee, 0xee, 0xee, 0xef,
  0xfe, 0xee, 0xee, 0xee, 0xee, 0xee, 0xee, 0xee, 0xdc, 0xcd, 0xee, 0xee, 0xee, 0xee, 0xee, 0xee,
  0xee, 0xee, 0xee, 0xdc, 0xcc, 0xcc, 0xcc, 0xcc, 0xcc, 0xcc, 0xcc, 0xcc, 0xcc, 0xce, 0xee, 0xee,
  0xec, 0xcc, 0xcc, 0xcb, 0xbb, 0xbb, 0xbb, 0xbb, 0xbb, 0xbb, 0xbb, 0xcc, 0xcc, 0xcc, 0xcc, 0xcc,
  0xcb, 0xbb, 0xbb, 0xaa, 0xaa, 0xaa, 0xaa, 0xaa, 0xaa, 0xab, 0xbb, 0xbb, 0xbb, 0xbb, 0x70, 0x0b,
  0xaa, 0xaa, 0x99, 0x99, 0x99, 0x99, 0x99, 0x99, 0x99, 0xaa, 0xaa, 0xaa, 0xaa, 0xaa, 0xaa, 0xaa,
  0xaa, 0xaa, 0xaa, 0xaa, 0xaa, 0xaa, 0xaa, 0xaa, 0x99, 0x99, 0x99, 0x99, 0x99, 0x99, 0x99, 0x88,
  0x88, 0x88, 0x88, 0x88, 0x88, 0x77, 0x77, 0x77, 0x77, 0x77, 0x77, 0x66, 0x66, 0x66, 0x66, 0x66,
  0x66, 0x66, 0x66, 0x66, 0x66, 0x66, 0x65, 0x55, 0x55, 0x55, 0x55, 0x55, 0x55, 0x55, 0x55, 0x55,
  0x55, 0x55, 0x55, 0x55, 0x55, 0x55, 0x55, 0x55, 0x55, 0x55, 0x55, 0x55, 0x55, 0x55, 0x55, 0x55,
  0x55, 0x55, 0x55, 0x55, 0x55, 0x55, 0x55, 0x55, 0xff, 0xff, 0xff, 0xff, 0xff, 0xff, 0xff, 0xff,
  0xff, 0xff, 0xff, 0xff, 0xff, 0xff, 0xff, 0xff, 0xfe, 0xee, 0xee, 0xee, 0xee, 0xee, 0xee, 0xee,
  0xee, 0xee, 0xee, 0xff, 0xfe, 0xee, 0xee, 0xee, 0xee, 0xee, 0xee, 0xee, 0xcc, 0xcd, 0xee, 0xee,
  0xee, 0xee, 0xee, 0xee, 0xee, 0xee, 0xee, 0xdc, 0xcc, 0xcc, 0xcc, 0xcc, 0xcc, 0xcc, 0xcc, 0xcc,
  0xcc, 0xde, 0xee, 0xee, 0xdc, 0xcc, 0xcc, 0xcb, 0xbb, 0xbb, 0xbb, 0xbb, 0xbb, 0xbb, 0xbc, 0xcc,
  0xcc, 0xcc, 0xcc, 0xcc, 0xbb, 0xbb, 0xbb, 0xaa, 0xaa, 0xaa, 0xaa, 0xaa, 0xaa, 0xab, 0xbb, 0xbb,
  0xbb, 0xbb, 0x70, 0x0a, 0xaa, 0xa9, 0x99, 0x99, 0x99, 0x99, 0x99, 0x99, 0x99, 0xaa, 0xaa, 0xaa,
  0xaa, 0xaa, 0xaa, 0xaa, 0xaa, 0xaa, 0xaa, 0xaa, 0xaa, 0xaa, 0xaa, 0xaa, 0xaa, 0xaa, 0x99, 0x99,
  0x99, 0x99, 0x99, 0x99, 0x99, 0x98, 0x88, 0x88, 0x88, 0x88, 0x88, 0x88, 0x77, 0x77, 0x77, 0x77,
  0x77, 0x76, 0x66, 0x66, 0x66, 0x66, 0x66, 0x66, 0x66, 0x66, 0x66, 0x66, 0x66, 0x55, 0x55, 0x55,
  0x55, 0x55, 0x55, 0x55, 0x55, 0x55, 0x55, 0x55, 0x55, 0x55, 0x55, 0x55, 0x55, 0x55, 0x55, 0x55,
  0x55, 0x55, 0x55, 0x55, 0x55, 0x55, 0x55, 0x55, 0x55, 0x55, 0x55, 0x55, 0xff, 0xff, 0xff, 0xff,
  0xff, 0xff, 0xff, 0xff, 0xff, 0xff, 0xff, 0xff, 0xff, 0xff, 0xff, 0xff, 0xfe, 0xee, 0xee, 0xee,
  0xee, 0xee, 0xee, 0xee, 0xee, 0xee, 0xee, 0xee, 0xee, 0xee, 0xee, 0xee, 0xee, 0xee, 0xee, 0xdd,
  0xcc, 0xcd, 0xee, 0xee, 0xee, 0xee, 0xee, 0xee, 0xee, 0xee, 0xed, 0xdc, 0xcc, 0xcc, 0xcc, 0xcc,
  0xcc, 0xcc, 0xcc, 0xcc, 0xcc, 0xee, 0xee, 0xed, 0xcc, 0xcc, 0xcc, 0xbb, 0xbb, 0xbb, 0xbb, 0xbb,
  0xbb, 0xbb, 0xbc, 0xcc, 0xcc, 0xcc, 0xcc, 0xcc, 0xbb, 0xbb, 0xba, 0xaa, 0xaa, 0xaa, 0xaa, 0xaa,
  0xaa, 0xab, 0xbb, 0xbb, 0xbb, 0xbb, 0x70, 0x0a, 0xaa, 0xa9, 0x99, 0x99, 0x99, 0x99, 0x99, 0x99,
  0x99, 0xaa, 0xaa, 0xaa, 0xaa, 0xaa, 0xaa, 0xaa, 0xaa, 0xaa, 0xaa, 0xaa, 0xaa, 0xaa, 0xaa, 0xaa,
  0xaa, 0xa9, 0x99, 0x99, 0x99, 0x99, 0x99, 0x99, 0x99, 0x99, 0x99, 0x88, 0x88, 0x88, 0x88, 0x88,
  0x87, 0x77, 0x77, 0x77, 0x77, 0x77, 0x77, 0x66, 0x66, 0x66, 0x66, 0x66, 0x66, 0x66, 0x66, 0x66,
  0x66, 0x66, 0x55, 0x55, 0x55, 0x55, 0x55, 0x55, 0x55, 0x55, 0x55, 0x55, 0x55, 0x55, 0x55, 0x55,
  0x55, 0x55, 0x55, 0x55, 0x55, 0x55, 0x55, 0x55, 0x55, 0x55, 0x55, 0x55, 0x55, 0x55, 0x55, 0x55,
  0xff, 0xff, 0xff, 0xff, 0xff, 0xff, 0xff, 0xff, 0xff, 0xff, 0xff, 0xff, 0xff, 0xff, 0xff, 0xff,
  0xff, 0xee, 0xee, 0xee, 0xee, 0xee, 0xee, 0xee, 0xee, 0xee, 0xee, 0xee, 0xee, 0xee, 0xee, 0xee,
  0xee, 0xee, 0xdc, 0xcc, 0xcc, 0xde, 0xee, 0xee, 0xee, 0xee, 0xee, 0xee, 0xee, 0xee, 0xed, 0xcc,
  0xcc, 0xcc, 0xcc, 0xcc, 0xcc, 0xcc, 0xcc, 0xcc, 0xcc, 0xde, 0xee, 0xdd, 0xcc, 0xcc, 0xcc, 0xbb,
  0xbb, 0xbb, 0xbb, 0xbb, 0xbb, 0xbb, 0xcc, 0xcc, 0xcc, 0xcc, 0xcc, 0xcc, 0xbb, 0xbb, 0xaa, 0xaa,
  0xaa, 0xaa, 0xaa, 0xaa, 0xaa, 0xab, 0xbb, 0xbb, 0xbb, 0xbb, 0x70, 0x0a, 0xaa, 0xa9, 0x99, 0x99,
  0x99, 0x99, 0x99, 0x99, 0x9a, 0xaa, 0xaa, 0xaa, 0xaa, 0xaa, 0xaa, 0xaa, 0xaa, 0xaa, 0xaa, 0xaa,
  0xaa, 0xaa, 0xaa, 0xaa, 0xaa, 0xaa, 0xaa, 0x99, 0x99, 0x99, 0x99, 0x99, 0x99, 0x99, 0x99, 0x99,
  0x88, 0x88, 0x88, 0x88, 0x88, 0x88, 0x87, 0x77, 0x77, 0x77, 0x77, 0x77, 0x77, 0x66, 0x66, 0x66,
  0x66, 0x66, 0x66, 0x66, 0x66, 0x66, 0x66, 0x66, 0x55, 0x55, 0x55, 0x55, 0x55, 0x55, 0x55, 0x55,
  0x55, 0x55, 0x55, 0x55, 0x55, 0x54, 0x44, 0x44, 0x44, 0x44, 0x44, 0x44, 0x44, 0x44, 0x44, 0x44,
  0x54, 0x44, 0x44, 0x44, 0xff, 0xff, 0xff, 0xff, 0xff, 0xff, 0xff, 0xff, 0xff, 0xff, 0xff, 0xff,
  0xff, 0xff, 0xff, 0xff, 0xfe, 0xee, 0xee, 0xee, 0xee, 0xee, 0xee, 0xee, 0xee, 0xee, 0xee, 0xee,
  0xee, 0xee, 0xee, 0xee, 0xee, 0xee, 0xcc, 0xcc, 0xcc, 0xde, 0xee, 0xee, 0xee, 0xee, 0xee, 0xee,
  0xee, 0xee, 0xed, 0xcc, 0xcc, 0xcc, 0xcc, 0xcc, 0xcc, 0xcc, 0xcc, 0xcc, 0xce, 0xce, 0xed, 0xcc,
  0xcc, 0xcc, 0xcc, 0xbb, 0xbb, 0xbb, 0xbb, 0xbb, 0xbb, 0xbb, 0xbc, 0xcc, 0xcc, 0xcc, 0xcc, 0xcc,
  0xbb, 0xba, 0xaa, 0xaa, 0xaa, 0xaa, 0xaa, 0xaa, 0xaa, 0xbb, 0xbb, 0xbb, 0xbb, 0xbb, 0x70, 0x0a,
  0xaa, 0xa9, 0x99, 0x99, 0x99, 0x99, 0x99, 0x99, 0x9a, 0xaa, 0xaa, 0xaa, 0xaa, 0xaa, 0xaa, 0xaa,
  0xaa, 0xaa, 0xaa, 0xaa, 0xaa, 0xaa, 0xaa, 0xaa, 0xaa, 0xaa, 0xaa, 0x99, 0x99, 0x99, 0x99, 0x99,
  0x99, 0x99, 0x99, 0x99, 0x99, 0x98, 0x88, 0x88, 0x88, 0x88, 0x88, 0x88, 0x88, 0x87, 0x77, 0x77,
  0x77, 0x77, 0x76, 0x66, 0x66, 0x66, 0x66, 0x66, 0x66, 0x66, 0x66, 0x66, 0x66, 0x66, 0x55, 0x55,
  0x55, 0x55, 0x55, 0x55, 0x55, 0x55, 0x55, 0x55, 0x54, 0x44, 0x44, 0x44, 0x44, 0x44, 0x44, 0x44,
  0x44, 0x44, 0x44, 0x44, 0x44, 0x44, 0x44, 0x44, 0xff, 0xff, 0xff, 0xff, 0xff, 0xff, 0xff, 0xff,
  0xff, 0xff, 0xff, 0xff, 0xff, 0xff, 0xff, 0xef, 0xfe, 0xee, 0xee, 0xee, 0xee, 0xee, 0xee, 0xee,
  0xee, 0xee, 0xee, 0xee, 0xee, 0xee, 0xee, 0xee, 0xee, 0xdc, 0xcc, 0xcc, 0xcd, 0xdc, 0xde, 0xee,
  0xee, 0xee, 0xee, 0xee, 0xee, 0xee, 0xdc, 0xcc, 0xcc, 0xcc, 0xcc, 0xcc, 0xcc, 0xcc, 0xcc, 0xcc,
  0xce, 0xce, 0xec, 0xcc, 0xcc, 0xcc, 0xcb, 0xbb, 0xbb, 0xbb, 0xbb, 0xbb, 0xbb, 0xbb, 0xcc, 0xcc,
  0xcc, 0xcc, 0xcc, 0xcb, 0xbb, 0xba, 0xaa, 0xaa, 0xaa, 0xaa, 0xaa, 0xaa, 0xaa, 0xbb, 0xbb, 0xbb,
  0xbb, 0xbb, 0x70, 0x0a, 0xaa, 0x99, 0x99, 0x99, 0x99, 0x99, 0x99, 0x99, 0xaa, 0xaa, 0xaa, 0xaa,
  0xaa, 0xaa, 0xaa, 0xaa, 0xaa, 0xaa, 0xaa, 0xaa, 0xaa, 0xaa, 0xaa, 0xaa, 0xa9, 0x99, 0x99, 0x99,
  0x99, 0x99, 0x99, 0x99, 0x99, 0x99, 0x99, 0x99, 0x99, 0x99, 0x99, 0x98, 0x88, 0x88, 0x88, 0x88,
  0x88, 0x88, 0x87, 0x77, 0x77, 0x77, 0x77, 0x77, 0x66, 0x66, 0x66, 0x66, 0x66, 0x66, 0x66, 0x66,
  0x66, 0x66, 0x55, 0x55, 0x55, 0x55, 0x55, 0x55, 0x55, 0x55, 0x55, 0x55, 0x55, 0x54, 0x44, 0x44,
  0x44, 0x44, 0x44, 0x44, 0x44, 0x44, 0x44, 0x44, 0x44, 0x44, 0x44, 0x44, 0xff, 0xff, 0xff, 0xff,
  0xff, 0xff, 0xff, 0xff, 0xff, 0xff, 0xff, 0xff, 0xff, 0xff, 0xff, 0xfe, 0xee, 0xee, 0xee, 0xee,
  0xee, 0xee, 0xee, 0xee, 0xee, 0xee, 0xee, 0xee, 0xee, 0xee, 0xee, 0xee, 0xee, 0xdc, 0xcc, 0xcc,
  0xcd, 0xcd, 0xee, 0xee, 0xee, 0xee, 0xee, 0xee, 0xee, 0xee, 0xcc, 0xcc, 0xcc, 0xcc, 0xcc, 0xcc,
  0xcc, 0xcc, 0xcc, 0xcc, 0xde, 0xed, 0xcc, 0xcc, 0xcc, 0xcb, 0xbb, 0xbb, 0xbb, 0xbb, 0xbb, 0xbb,
  0xbb, 0xbb, 0xcc, 0xcc, 0xcc, 0xcc, 0xcc, 0xcb, 0xbb, 0xaa, 0xaa, 0xaa, 0xaa, 0xaa, 0xaa, 0xaa,
  0xab, 0xbb, 0xbb, 0xbb, 0xbb, 0xbb, 0x70, 0x0a, 0xa9, 0x99, 0x99, 0x98, 0x88, 0x99, 0x99, 0x9a,
  0xaa, 0xaa, 0xaa, 0xaa, 0xaa, 0xaa, 0xaa, 0xaa, 0xa9, 0x99, 0x99, 0x99, 0x99, 0x99, 0x99, 0x99,
  0x99, 0x99, 0x99, 0x99, 0x99, 0x99, 0x99, 0x99, 0x99, 0x99, 0x99, 0x99, 0x99, 0x99, 0x99, 0x99,
  0x98, 0x88, 0x88, 0x88, 0x88, 0x88, 0x88, 0x88, 0x87, 0x77, 0x77, 0x77, 0x77, 0x77, 0x77, 0x77,
  0x66, 0x66, 0x66, 0x66, 0x66, 0x66, 0x66, 0x66, 0x66, 0x55, 0x55, 0x55, 0x55, 0x55, 0x55, 0x55,
  0x55, 0x55, 0x44, 0x44, 0x44, 0x44, 0x44, 0x44, 0x44, 0x44, 0x44, 0x44, 0x44, 0x44, 0x44, 0x44,
  0xff, 0xff, 0xff, 0xff, 0xff, 0xff, 0xff, 0xff, 0xff, 0xff, 0xff, 0xff, 0xff, 0xff, 0xfe, 0xee,
  0xee, 0xee, 0xee, 0xee, 0xee, 0xee, 0xee, 0xee, 0xee, 0xee, 0xee, 0xee, 0xee, 0xee, 0xee, 0xee,
  0xee, 0xdc, 0xcc, 0xcc, 0xcd, 0xde, 0xee, 0xee, 0xee, 0xee, 0xee, 0xee, 0xee, 0xed, 0xcc, 0xcc,
  0xcc, 0xcc, 0xcc, 0xcc, 0xcc, 0xcc, 0xcc, 0xcc, 0xde, 0xec, 0xcc, 0xcc, 0xcc, 0xbb, 0xbb, 0xbb,
  0xbb, 0xbb, 0xbb, 0xbb, 0xbb, 0xbc, 0xcc, 0xcc, 0xcc, 0xcc, 0xcc, 0xbb, 0xbb, 0xaa, 0xaa, 0xaa,
  0xaa, 0xaa, 0xaa, 0xaa, 0xab, 0xbb, 0xbb, 0xbb, 0xbb, 0xbb, 0x70, 0x0a, 0x99, 0x99, 0x98, 0x98,
  0x89, 0x99, 0x99, 0x9a, 0xaa, 0xaa, 0xaa, 0xaa, 0xaa, 0xaa, 0xaa, 0xa9, 0x99, 0x99, 0x99, 0x99,
  0x99, 0x99, 0x99, 0x99, 0x99, 0x99, 0x99, 0x99, 0x99, 0x99, 0x99, 0x99, 0x99, 0x99, 0x99, 0x99,
  0x99, 0x99, 0x99, 0x99, 0x99, 0x99, 0x88, 0x88, 0x88, 0x88, 0x88, 0x88, 0x88, 0x88, 0x88, 0x77,
  0x77, 0x77, 0x77, 0x77, 0x77, 0x77, 0x66, 0x66, 0x66, 0x66, 0x66, 0x66, 0x66, 0x66, 0x66, 0x65,
  0x55, 0x55, 0x55, 0x55, 0x55, 0x55, 0x55, 0x54, 0x44, 0x44, 0x44, 0x44, 0x44, 0x44, 0x44, 0x44,
  0x44, 0x44, 0x44, 0x44, 0xff, 0xff, 0xff, 0xff, 0xff, 0xff, 0xff, 0xff, 0xff, 0xff, 0xff, 0xff,
  0xff, 0xff, 0xfe, 0xee, 0xee, 0xee, 0xee, 0xee, 0xee, 0xee, 0xee, 0xee, 0xee, 0xee, 0xee, 0xee,
  0xee, 0xee, 0xee, 0xee, 0xed, 0xcc, 0xcc, 0xcc, 0xcc, 0xde, 0xee, 0xee, 0xee, 0xee, 0xee, 0xee,
  0xee, 0xdc, 0xcc, 0xcc, 0xcc, 0xcc, 0xcc, 0xcc, 0xcc, 0xcc, 0xcc, 0xcc, 0xde, 0xdc, 0xcc, 0xcc,
  0xcc, 0xbb, 0xbb, 0xbb, 0xbb, 0xbb, 0xbb, 0xbb, 0xbb, 0xcc, 0xcc, 0xcc, 0xcc, 0xcc, 0xcb, 0xbb,
  0xba, 0xaa, 0xaa, 0xaa, 0xaa, 0xaa, 0xaa, 0xaa, 0xbb, 0xbb, 0xbb, 0xbb, 0xbb, 0xba, 0x60, 0x0a,
  0x99, 0x99, 0x88, 0x88, 0x89, 0x99, 0x99, 0xaa, 0xaa, 0xaa, 0xaa, 0xaa, 0xaa, 0xaa, 0xa9, 0x99,
  0x99, 0x99, 0x99, 0x99, 0x99, 0x99, 0x99, 0x99, 0x99, 0x99, 0x99, 0x99, 0x99, 0x99, 0x99, 0x99,
  0x99, 0x99, 0x99, 0x99, 0x99, 0x99, 0x99, 0x99, 0x99, 0x99, 0x88, 0x88, 0x88, 0x88, 0x88, 0x88,
  0x88, 0x88, 0x88, 0x87, 0x77, 0x77, 0x77, 0x77, 0x77, 0x77, 0x77, 0x66, 0x66, 0x66, 0x66, 0x66,
  0x66, 0x66, 0x66, 0x65, 0x55, 0x55, 0x55, 0x55, 0x55, 0x55, 0x55, 0x55, 0x54, 0x44, 0x44, 0x44,
  0x44, 0x44, 0x44, 0x44, 0x44, 0x44, 0x44, 0x44, 0xff, 0xff, 0xff, 0xff, 0xff, 0xff, 0xfe, 0xff,
  0xff, 0xff, 0xff, 0xff, 0xff, 0xff, 0xee, 0xee, 0xee, 0xee, 0xee, 0xee, 0xee, 0xee, 0xee, 0xee,
  0xee, 0xee, 0xee, 0xee, 0xee, 0xee, 0xee, 0xee, 0xec, 0xcc, 0xcc, 0xcc, 0xcc, 0xde, 0xee, 0xee,
  0xee, 0xee, 0xee, 0xee, 0xee, 0xcc, 0xcc, 0xcc, 0xcc, 0xcc, 0xcb, 0xbc, 0xcc, 0xcc, 0xcc, 0xdc,
  0xce, 0xcc, 0xcc, 0xcc, 0xcc, 0xbb, 0xbb, 0xbb, 0xbb, 0xbb, 0xbb, 0xbb, 0xbb, 0xcc, 0xcc, 0xcc,
  0xcc, 0xcc, 0xbb, 0xbb, 0xaa, 0xaa, 0xaa, 0xaa, 0xaa, 0xaa, 0xaa, 0xaa, 0xbb, 0xbb, 0xbb, 0xbb,
  0xbb, 0xba, 0x60, 0x09, 0x99, 0x99, 0x88, 0x88, 0x89, 0x99, 0x99, 0xaa, 0xaa, 0xaa, 0xaa, 0xaa,
  0xaa, 0xaa, 0x99, 0x99, 0x99, 0x88, 0x88, 0x88, 0x88, 0x88, 0x88, 0x88, 0x88, 0x88, 0x89, 0x89,
  0x99, 0x99, 0x99, 0x98, 0x88, 0x98, 0x89, 0x99, 0x99, 0x99, 0x99, 0x89, 0x99, 0x98, 0x88, 0x88,
  0x88, 0x88, 0x88, 0x88, 0x88, 0x88, 0x88, 0x88, 0x88, 0x87, 0x77, 0x77, 0x77, 0x77, 0x77, 0x77,
  0x77, 0x76, 0x66, 0x66, 0x66, 0x66, 0x66, 0x66, 0x66, 0x65, 0x55, 0x55, 0x55, 0x55, 0x55, 0x55,
  0x55, 0x55, 0x54, 0x44, 0x44, 0x44, 0x44, 0x44, 0x44, 0x44, 0x44, 0x44, 0xff, 0xff, 0xff, 0xff,
  0xff, 0xff, 0xff, 0xef, 0xff, 0xff, 0xff, 0xff, 0xff, 0xff, 0xee, 0xee, 0xee, 0xee, 0xee, 0xee,
  0xee, 0xee, 0xee, 0xee, 0xee, 0xee, 0xee, 0xee, 0xee, 0xee, 0xee, 0xee, 0xdc, 0xcc, 0xcc, 0xcc,
  0xcd, 0xee, 0xee, 0xee, 0xee, 0xee, 0xee, 0xee, 0xed, 0xcc, 0xcc, 0xcc, 0xcc, 0xcc, 0xcc, 0xcc,
  0xcc, 0xcc, 0xcc, 0xdd, 0xdd, 0xcc, 0xcc, 0xcc, 0xcb, 0xbb, 0xbb, 0xbb, 0xbb, 0xbb, 0xbb, 0xbb,
  0xbb, 0xcc, 0xcc, 0xcc, 0xcc, 0xcb, 0xbb, 0xbb, 0xaa, 0xaa, 0xaa, 0xaa, 0xaa, 0xaa, 0xaa, 0xaa,
  0xbb, 0xbb, 0xbb, 0xbb, 0xbb, 0xaa, 0x60, 0x09, 0x99, 0x99, 0x88, 0x88, 0x88, 0x99, 0x99, 0xaa,
  0xaa, 0xaa, 0xaa, 0xaa, 0xaa, 0xa9, 0x99, 0x98, 0x88, 0x88, 0x88, 0x88, 0x88, 0x88, 0x88, 0x88,
  0x88, 0x88, 0x88, 0x88, 0x88, 0x88, 0x88, 0x88, 0x88, 0x88, 0x88, 0x88, 0x88, 0x88, 0x88, 0x88,
  0x88, 0x88, 0x88, 0x88, 0x88, 0x88, 0x88, 0x88, 0x88, 0x88, 0x88, 0x88, 0x88, 0x88, 0x88, 0x87,
  0x77, 0x77, 0x77, 0x77, 0x77, 0x77, 0x76, 0x66, 0x66, 0x66, 0x66, 0x66, 0x66, 0x66, 0x66, 0x65,
  0x55, 0x55, 0x55, 0x55, 0x55, 0x55, 0x55, 0x55, 0x54, 0x44, 0x44, 0x44, 0x44, 0x44, 0x44, 0x44,
  0xff, 0xff, 0xff, 0xff, 0xff, 0xff, 0xee, 0xff, 0xff, 0xff, 0xff, 0xff, 0xff, 0xfe, 0xee, 0xee,
  0xee, 0xee, 0xee, 0xee, 0xee, 0xee, 0xee, 0xee, 0xee, 0xee, 0xee, 0xee, 0xee, 0xee, 0xee, 0xed,
  0xcc, 0xcc, 0xcc, 0xcc, 0xcd, 0xee, 0xee, 0xee, 0xee, 0xee, 0xee, 0xee, 0xdc, 0xcc, 0xcc, 0xcc,
  0xcc, 0xcc, 0xcc, 0xcc, 0xcc, 0xcc, 0xcc, 0xcd, 0xdc, 0xcc, 0xcc, 0xcc, 0xcb, 0xbb, 0xbb, 0xbb,
  0xbb, 0xbb, 0xbb, 0xbb, 0xbb, 0xcc, 0xcc, 0xcc, 0xcc, 0xcb, 0xbb, 0xbb, 0xaa, 0xaa, 0xaa, 0xaa,
  0xaa, 0xaa, 0xaa, 0xab, 0xbb, 0xbb, 0xbb, 0xbb, 0xbb, 0xaa, 0x60, 0x09, 0x99, 0x99, 0x88, 0x88,
  0x89, 0x99, 0x99, 0xaa, 0xaa, 0xaa, 0xaa, 0xaa, 0xa9, 0x99, 0x98, 0x88, 0x88, 0x88, 0x88, 0x88,
  0x88, 0x88, 0x88, 0x88, 0x88, 0x88, 0x88, 0x88, 0x88, 0x88, 0x88, 0x88, 0x88, 0x88, 0x88, 0x88,
  0x88, 0x88, 0x88, 0x88, 0x88, 0x88, 0x88, 0x88, 0x88, 0x88, 0x88, 0x88, 0x88, 0x88, 0x88, 0x88,
  0x88, 0x88, 0x88, 0x88, 0x77, 0x77, 0x77, 0x77, 0x77, 0x77, 0x77, 0x77, 0x77, 0x76, 0x66, 0x66,
  0x66, 0x66, 0x66, 0x66, 0x66, 0x55, 0x55, 0x55, 0x55, 0x55, 0x55, 0x55, 0x55, 0x54, 0x44, 0x44,
  0x44, 0x44, 0x44, 0x44, 0xff, 0xff, 0xff, 0xff, 0xfe, 0xff, 0xef, 0xff, 0xff, 0xff, 0xff, 0xff,
  0xff, 0xfe, 0xee, 0xee, 0xee, 0xee, 0xee, 0xee, 0xee, 0xee, 0xee, 0xee, 0xee, 0xee, 0xee, 0xee,
  0xee, 0xee, 0xee, 0xed, 0xcc, 0xcc, 0xcc, 0xcc, 0xde, 0xee, 0xee, 0xee, 0xee, 0xee, 0xee, 0xed,
  0xcc, 0xcc, 0xcc, 0xcc, 0xcb, 0xcb, 0xbc, 0xcc, 0xcc, 0xcc, 0xcc, 0xcd, 0xdc, 0xcc, 0xcc, 0xcc,
  0xbb, 0xbb, 0xbb, 0xbb, 0xbb, 0xbb, 0xbb, 0xbb, 0xbb, 0xcc, 0xcc, 0xcc, 0xcc, 0xbb, 0xbb, 0xba,
  0xaa, 0xaa, 0xaa, 0xaa, 0xaa, 0xaa, 0xaa, 0xab, 0xbb, 0xbb, 0xbb, 0xbb, 0xba, 0xaa, 0x60, 0x09,
  0x99, 0x88, 0x88, 0x88, 0x89, 0x99, 0x99, 0xaa, 0xaa, 0xaa, 0xaa, 0xaa, 0x99, 0x99, 0x88, 0x88,
  0x77, 0x77, 0x77, 0x77, 0x77, 0x77, 0x77, 0x77, 0x77, 0x77, 0x77, 0x77, 0x77, 0x77, 0x77, 0x77,
  0x77, 0x77, 0x77, 0x77, 0x77, 0x77, 0x77, 0x77, 0x77, 0x88, 0x78, 0x88, 0x88, 0x88, 0x88, 0x88,
  0x88, 0x88, 0x88, 0x88, 0x88, 0x88, 0x88, 0x88, 0x88, 0x87, 0x77, 0x77, 0x77, 0x77, 0x77, 0x77,
  0x77, 0x77, 0x76, 0x66, 0x66, 0x66, 0x66, 0x66, 0x66, 0x66, 0x66, 0x66, 0x65, 0x55, 0x55, 0x55,
  0x55, 0x55, 0x55, 0x55, 0x55, 0x54, 0x44, 0x44, 0xff, 0xff, 0xff, 0xff, 0xff, 0xfe, 0xef, 0xff,
  0xff, 0xff, 0xff, 0xff, 0xff, 0xfe, 0xee, 0xee, 0xee, 0xee, 0xee, 0xee, 0xee, 0xee, 0xee, 0xee,
  0xee, 0xee, 0xee, 0xee, 0xee, 0xee, 0xee, 0xdc, 0xcc, 0xcc, 0xcc, 0xcc, 0xde, 0xee, 0xee, 0xee,
  0xee, 0xee, 0xee, 0xed, 0xcc, 0xcc, 0xcc, 0xcc, 0xcb, 0xbc, 0xcc, 0xcc, 0xcc, 0xcc, 0xcc, 0xde,
  0xcc, 0xcc, 0xcc, 0xcc, 0xbb, 0xbb, 0xbb, 0xbb, 0xbb, 0xbb, 0xbb, 0xbb, 0xbc, 0xcc, 0xcc, 0xcc,
  0xcc, 0xbb, 0xbb, 0xaa, 0xaa, 0xaa, 0xa9, 0xaa, 0xaa, 0xaa, 0xaa, 0xbb, 0xbb, 0xbb, 0xbb, 0xbb,
  0xba, 0xaa, 0x60, 0x09, 0x99, 0x88, 0x88, 0x88, 0x99, 0x99, 0x9a, 0xaa, 0xaa, 0xaa, 0xaa, 0xaa,
  0x99, 0x98, 0x88, 0x87, 0x77, 0x77, 0x77, 0x77, 0x77, 0x77, 0x77, 0x77, 0x77, 0x77, 0x77, 0x77,
  0x77, 0x77, 0x77, 0x77, 0x77, 0x77, 0x77, 0x77, 0x77, 0x77, 0x77, 0x77, 0x77, 0x77, 0x77, 0x77,
  0x77, 0x77, 0x77, 0x77, 0x77, 0x77, 0x88, 0x77, 0x77, 0x88, 0x77, 0x77, 0x78, 0x77, 0x77, 0x77,
  0x77, 0x77, 0x77, 0x77, 0x77, 0x77, 0x77, 0x77, 0x77, 0x66, 0x66, 0x66, 0x66, 0x66, 0x66, 0x66,
  0x66, 0x66, 0x65, 0x55, 0x55, 0x55, 0x55, 0x55, 0x55, 0x55, 0x55, 0x44, 0xff, 0xff, 0xff, 0xfe,
  0xff, 0xfe, 0xff, 0xff, 0xff, 0xff, 0xff, 0xff, 0xff, 0xee, 0xee, 0xee, 0xee, 0xee, 0xee, 0xee,
  0xee, 0xee, 0xee, 0xee, 0xee, 0xee, 0xee, 0xee, 0xee, 0xee, 0xee, 0xdc, 0xcc, 0xcc, 0xcc, 0xcd,
  0xee, 0xee, 0xee, 0xee, 0xee, 0xee, 0xee, 0xec, 0xcc, 0xcc, 0xcc, 0xcc, 0xbb, 0xbc, 0xcc, 0xcc,
  0xcc, 0xcc, 0xcc, 0xed, 0xcc, 0xcc, 0xcc, 0xcb, 0xbb, 0xbb, 0xbb, 0xbb, 0xbb, 0xbb, 0xbb, 0xbb,
  0xcc, 0xcc, 0xcc, 0xcc, 0xcb, 0xbb, 0xbb, 0xaa, 0xaa, 0xaa, 0xa9, 0xaa, 0xaa, 0xaa, 0xaa, 0xbb,
  0xbb, 0xbb, 0xbb, 0xbb, 0xba, 0xaa, 0x50, 0x09, 0x98, 0x88, 0x88, 0x88, 0x99, 0x99, 0xaa, 0xaa,
  0xaa, 0xaa, 0xaa, 0xa9, 0x99, 0x88, 0x88, 0x87, 0x77, 0x77, 0x77, 0x77, 0x77, 0x77, 0x77, 0x77,
  0x77, 0x77, 0x77, 0x77, 0x77, 0x77, 0x77, 0x77, 0x77, 0x77, 0x77, 0x77, 0x77, 0x77, 0x77, 0x77,
  0x77, 0x77, 0x77, 0x77, 0x77, 0x77, 0x77, 0x77, 0x77, 0x77, 0x77, 0x77, 0x77, 0x77, 0x77, 0x77,
  0x77, 0x77, 0x77, 0x77, 0x77, 0x77, 0x77, 0x77, 0x77, 0x77, 0x77, 0x77, 0x77, 0x77, 0x66, 0x66,
  0x66, 0x66, 0x66, 0x66, 0x66, 0x66, 0x66, 0x66, 0x65, 0x55, 0x55, 0x55, 0x55, 0x55, 0x55, 0x55,
  0xff, 0xff, 0xff, 0xfe, 0xef, 0xfe, 0xff, 0xff, 0xff, 0xff, 0xff, 0xff, 0xff, 0xee, 0xee, 0xee,
  0xee, 0xee, 0xee, 0xee, 0xee, 0xee, 0xee, 0xee, 0xee, 0xee, 0xee, 0xee, 0xee, 0xee, 0xee, 0xcc,
  0xcc, 0xcc, 0xcc, 0xcd, 0xee, 0xee, 0xee, 0xee, 0xee, 0xee, 0xee, 0xdc, 0xcc, 0xcc, 0xcc, 0xcb,
  0xbb, 0xbc, 0xcc, 0xcc, 0xcc, 0xcc, 0xcd, 0xdc, 0xcc, 0xcc, 0xcc, 0xcb, 0xbb, 0xbb, 0xbb, 0xbb,
  0xbb, 0xbb, 0xbb, 0xbb, 0xcc, 0xcc, 0xcc, 0xcc, 0xbb, 0xbb, 0xba, 0xaa, 0xaa, 0xaa, 0x9a, 0xaa,
  0xaa, 0xaa, 0xaa, 0xbb, 0xbb, 0xbb, 0xbb, 0xbb, 0xaa, 0xaa, 0x50, 0x09, 0x88, 0x88, 0x88, 0x89,
  0x99, 0x99, 0xaa, 0xaa, 0xaa, 0xaa, 0xaa, 0x99, 0x98, 0x88, 0x87, 0x87, 0x77, 0x77, 0x77, 0x77,
  0x77, 0x77, 0x77, 0x76, 0x67, 0x77, 0x77, 0x66, 0x66, 0x76, 0x76, 0x67, 0x77, 0x76, 0x66, 0x66,
  0x67, 0x77, 0x77, 0x77, 0x77, 0x77, 0x77, 0x77, 0x77, 0x77, 0x77, 0x77, 0x77, 0x77, 0x77, 0x77,
  0x77, 0x77, 0x77, 0x77, 0x77, 0x77, 0x77, 0x77, 0x77, 0x77, 0x77, 0x77, 0x77, 0x77, 0x77, 0x77,
  0x77, 0x77, 0x77, 0x77, 0x76, 0x66, 0x66, 0x66, 0x66, 0x66, 0x66, 0x66, 0x66, 0x55, 0x55, 0x55,
  0x55, 0x55, 0x55, 0x55, 0xff, 0xff, 0xff, 0xfe, 0xee, 0xef, 0xff, 0xff, 0xff, 0xff, 0xff, 0xff,
  0xee, 0xee, 0xee, 0xee, 0xee, 0xee, 0xee, 0xee, 0xee, 0xee, 0xee, 0xee, 0xee, 0xee, 0xee, 0xee,
  0xee, 0xee, 0xed, 0xcc, 0xcc, 0xcc, 0xcc, 0xcd, 0xde, 0xee, 0xee, 0xee, 0xee, 0xee, 0xee, 0xdc,
  0xcc, 0xcc, 0xcb, 0xcb, 0xbb, 0xcc, 0xcc, 0xcc, 0xcc, 0xcc, 0xce, 0xcc, 0xcc, 0xcc, 0xcc, 0xbb,
  0xbb, 0xbb, 0xbb, 0xba, 0xbb, 0xbb, 0xbb, 0xbb, 0xcc, 0xcc, 0xcc, 0xcc, 0xbb, 0xbb, 0xaa, 0xaa,
  0xaa, 0xa9, 0x9a, 0xaa, 0xaa, 0xaa, 0xab, 0xbb, 0xbb, 0xbb, 0xbb, 0xba, 0xaa, 0xa9, 0x50, 0x08,
  0x88, 0x88, 0x88, 0x99, 0x99, 0x99, 0xaa, 0xaa, 0xaa, 0xaa, 0xaa, 0x99, 0x98, 0x88, 0x87, 0x77,
  0x77, 0x77, 0x77, 0x77, 0x76, 0x66, 0x66, 0x66, 0x66, 0x66, 0x66, 0x66, 0x66, 0x66, 0x66, 0x66,
  0x66, 0x66, 0x66, 0x66, 0x66, 0x66, 0x66, 0x66, 0x66, 0x66, 0x66, 0x66, 0x66, 0x66, 0x66, 0x66,
  0x66, 0x66, 0x66, 0x66, 0x66, 0x66, 0x66, 0x66, 0x77, 0x77, 0x77, 0x77, 0x77, 0x77, 0x77, 0x77,
  0x77, 0x77, 0x77, 0x77, 0x77, 0x77, 0x77, 0x77, 0x76, 0x66, 0x66, 0x66, 0x66, 0x66, 0x66, 0x66,
  0x66, 0x66, 0x66, 0x66, 0x66, 0x65, 0x55, 0x55, 0xff, 0xff, 0xff, 0xee, 0xee, 0xef, 0xff, 0xff,
  0xff, 0xff, 0xff, 0xff, 0xee, 0xee, 0xee, 0xee, 0xee, 0xee, 0xee, 0xee, 0xee, 0xee, 0xee, 0xee,
  0xee, 0xee, 0xee, 0xee, 0xee, 0xee, 0xed, 0xcc, 0xcc, 0xcc, 0xcc, 0xce, 0xee, 0xee, 0xee, 0xee,
  0xee, 0xee, 0xec, 0xcc, 0xcc, 0xcc, 0xbb, 0xcb, 0xbb, 0xcc, 0xcc, 0xcc, 0xcc, 0xcc, 0xde, 0xcc,
  0xcc, 0xcc, 0xcb, 0xbb, 0xbb, 0xbb, 0xba, 0xaa, 0xbb, 0xbb, 0xbb, 0xbc, 0xcc, 0xcc, 0xcc, 0xcb,
  0xbb, 0xbb, 0xaa, 0xaa, 0xaa, 0x99, 0x9a, 0xaa, 0xaa, 0xaa, 0xab, 0xbb, 0xbb, 0xbb, 0xbb, 0xba,
  0xaa, 0x99, 0x50, 0x08, 0x88, 0x88, 0x88, 0x89, 0x99, 0x99, 0xaa, 0xaa, 0xaa, 0xaa, 0xa9, 0x99,
  0x88, 0x88, 0x77, 0x77, 0x77, 0x76, 0x77, 0x76, 0x66, 0x66, 0x66, 0x66, 0x66, 0x66, 0x66, 0x66,
  0x66, 0x66, 0x66, 0x66, 0x66, 0x66, 0x66, 0x66, 0x66, 0x66, 0x66, 0x66, 0x66, 0x66, 0x66, 0x66,
  0x66, 0x66, 0x66, 0x66, 0x66, 0x66, 0x66, 0x66, 0x66, 0x66, 0x66, 0x66, 0x66, 0x66, 0x66, 0x66,
  0x66, 0x66, 0x66, 0x66, 0x66, 0x67, 0x77, 0x77, 0x67, 0x77, 0x77, 0x66, 0x66, 0x66, 0x66, 0x66,
  0x66, 0x66, 0x66, 0x66, 0x66, 0x66, 0x66, 0x66, 0x66, 0x66, 0x65, 0x65, 0xff, 0xff, 0xfe, 0xfe,
  0xee, 0xff, 0xff, 0xff, 0xff, 0xff, 0xff, 0xfe, 0xee, 0xee, 0xee, 0xee, 0xee, 0xee, 0xee, 0xee,
  0xee, 0xee, 0xee, 0xee, 0xee, 0xee, 0xee, 0xee, 0xee, 0xee, 0xdc, 0xcc, 0xcc, 0xcc, 0xcd, 0xee,
  0xee, 0xee, 0xee, 0xee, 0xee, 0xee, 0xec, 0xcc, 0xcc, 0xcc, 0xbb, 0xbb, 0xbb, 0xcc, 0xcc, 0xcc,
  0xcc, 0xcc, 0xcc, 0xcc, 0xcc, 0xcc, 0xbb, 0xbb, 0xbb, 0xab, 0xbb, 0xaa, 0xbb, 0xbb, 0xbb, 0xbc,
  0xcc, 0xcc, 0xcc, 0xbb, 0xbb, 0xba, 0xaa, 0xaa, 0xaa, 0x99, 0xa9, 0xaa, 0xaa, 0xaa, 0xbb, 0xbb,
  0xbb, 0xbb, 0xbb, 0xaa, 0xaa, 0x99, 0x50, 0x08, 0x88, 0x88, 0x89, 0x99, 0x99, 0x99, 0xaa, 0xaa,
  0xaa, 0xaa, 0x99, 0x98, 0x88, 0x88, 0x77, 0x77, 0x77, 0x76, 0x77, 0x77, 0x66, 0x66, 0x66, 0x66,
  0x66, 0x66, 0x66, 0x66, 0x66, 0x66, 0x66, 0x66, 0x66, 0x66, 0x66, 0x66, 0x66, 0x66, 0x66, 0x66,
  0x66, 0x66, 0x66, 0x66, 0x66, 0x66, 0x66, 0x66, 0x66, 0x66, 0x66, 0x66, 0x66, 0x66, 0x66, 0x66,
  0x66, 0x66, 0x66, 0x66, 0x66, 0x66, 0x66, 0x66, 0x66, 0x66, 0x66, 0x66, 0x66, 0x66, 0x66, 0x66,
  0x66, 0x66, 0x66, 0x66, 0x66, 0x66, 0x66, 0x66, 0x66, 0x66, 0x66, 0x66, 0x66, 0x66, 0x66, 0x66,
  0xff, 0xff, 0xfe, 0xee, 0xee, 0xff, 0xff, 0xff, 0xff, 0xff, 0xff, 0xfe, 0xee, 0xee, 0xee, 0xee,
  0xee, 0xee, 0xee, 0xee, 0xee, 0xee, 0xee, 0xee, 0xee, 0xee, 0xee, 0xee, 0xee, 0xee, 0xcc, 0xcc,
  0xcc, 0xcc, 0xcd, 0xee, 0xee, 0xee, 0xee, 0xee, 0xee, 0xee, 0xdc, 0xcc, 0xcc, 0xcb, 0xbb, 0xbb,
  0xbb, 0xcc, 0xcc, 0xcc, 0xcc, 0xcc, 0xcc, 0xcc, 0xcc, 0xcc, 0xbb, 0xbb, 0xbb, 0xaa, 0xaa, 0xab,
  0xbb, 0xbb, 0xbb, 0xcc, 0xcc, 0xcc, 0xcc, 0xbb, 0xbb, 0xba, 0xaa, 0xaa, 0xa9, 0x99, 0x99, 0xaa,
  0xaa, 0xaa, 0xbb, 0xbb, 0xbb, 0xbb, 0xaa, 0xaa, 0xa9, 0x99, 0x50, 0x08, 0x88, 0x88, 0x88, 0x99,
  0x99, 0x9a, 0xaa, 0xaa, 0xaa, 0xaa, 0x99, 0x98, 0x88, 0x87, 0x77, 0x77, 0x77, 0x77, 0x77, 0x76,
  0x66, 0x66, 0x66, 0x66, 0x66, 0x66, 0x66, 0x66, 0x66, 0x66, 0x66, 0x66, 0x66, 0x66, 0x66, 0x66,
  0x66, 0x66, 0x66, 0x66, 0x66, 0x66, 0x66, 0x66, 0x66, 0x66, 0x66, 0x66, 0x66, 0x66, 0x66, 0x66,
  0x66, 0x66, 0x66, 0x66, 0x66, 0x66, 0x66, 0x66, 0x66, 0x66, 0x66, 0x66, 0x66, 0x66, 0x66, 0x66,
  0x66, 0x66, 0x66, 0x66, 0x66, 0x66, 0x66, 0x66, 0x66, 0x66, 0x66, 0x66, 0x66, 0x66, 0x66, 0x66,
  0x66, 0x66, 0x66, 0x66, 0xff, 0xee, 0xee, 0xee, 0xef, 0xff, 0xff, 0xff, 0xff, 0xff, 0xff, 0xee,
  0xee, 0xee, 0xee, 0xee, 0xee, 0xee, 0xee, 0xee, 0xee, 0xee, 0xee, 0xee, 0xee, 0xee, 0xee, 0xee,
  0xee, 0xed, 0xcc, 0xcc, 0xcc, 0xcc, 0xcc, 0xde, 0xee, 0xee, 0xee, 0xee, 0xee, 0xed, 0xcc, 0xcc,
  0xcc, 0xcb, 0xbb, 0xbb, 0xbb, 0xcc, 0xcc, 0xcc, 0xcc, 0xcc, 0xcc, 0xcc, 0xcc, 0xcb, 0xbb, 0xbb,
  0xba, 0xaa, 0xaa, 0xab, 0xbb, 0xbb, 0xbb, 0xcc, 0xcc, 0xcc, 0xcc, 0xbb, 0xbb, 0xba, 0xaa, 0xaa,
  0xa9, 0x99, 0x99, 0xaa, 0xaa, 0xab, 0xbb, 0xbb, 0xbb, 0xbb, 0xaa, 0xaa, 0xa9, 0x99, 0x50, 0x08,
  0x88, 0x88, 0x89, 0x99, 0x99, 0x9a, 0xaa, 0xaa, 0xaa, 0xa9, 0x99, 0x88, 0x88, 0x77, 0x77, 0x77,
  0x77, 0x77, 0x77, 0x77, 0x67, 0x77, 0x77, 0x66, 0x66, 0x66, 0x66, 0x66, 0x66, 0x66, 0x66, 0x66,
  0x66, 0x66, 0x66, 0x66, 0x66, 0x66, 0x66, 0x66, 0x66, 0x66, 0x66, 0x66, 0x55, 0x56, 0x65, 0x55,
  0x66, 0x66, 0x55, 0x66, 0x55, 0x55, 0x55, 0x55, 0x56, 0x66, 0x66, 0x66, 0x66, 0x66, 0x66, 0x66,
  0x66, 0x66, 0x66, 0x66, 0x66, 0x66, 0x66, 0x66, 0x66, 0x66, 0x66, 0x66, 0x66, 0x66, 0x66, 0x66,
  0x66, 0x66, 0x66, 0x66, 0x66, 0x66, 0x66, 0x66, 0xff, 0xee, 0xee, 0xee, 0xef, 0xff, 0xff, 0xff,
  0xff, 0xff, 0xff, 0xee, 0xee, 0xee, 0xee, 0xee, 0xee, 0xee, 0xee, 0xee, 0xee, 0xee, 0xee, 0xee,
  0xee, 0xee, 0xee, 0xee, 0xed, 0xcc, 0xcc, 0xcc, 0xcc, 0xcc, 0xcd, 0xee, 0xee, 0xee, 0xee, 0xee,
  0xee, 0xed, 0xcc, 0xcc, 0xcb, 0xbb, 0xbb, 0xbb, 0xbc, 0xcc, 0xcc, 0xcc, 0xcc, 0xcc, 0xcc, 0xcc,
  0xcc, 0xcb, 0xbb, 0xbb, 0xba, 0xaa, 0xaa, 0xbb, 0xbb, 0xbb, 0xbb, 0xcc, 0xcc, 0xcc, 0xbb, 0xbb,
  0xbb, 0xaa, 0xaa, 0xaa, 0x99, 0x99, 0x9a, 0xaa, 0xaa, 0xab, 0xbb, 0xbb, 0xbb, 0xbb, 0xaa, 0xaa,
  0xa9, 0x99, 0x50, 0x08, 0x88, 0x88, 0x89, 0x99, 0x99, 0xaa, 0xaa, 0xaa, 0xaa, 0xa9, 0x99, 0x88,
  0x87, 0x77, 0x77, 0x77, 0x77, 0x77, 0x77, 0x77, 0x77, 0x77, 0x77, 0x77, 0x77, 0x77, 0x66, 0x66,
  0x66, 0x66, 0x66, 0x66, 0x66, 0x66, 0x66, 0x66, 0x66, 0x66, 0x66, 0x66, 0x66, 0x66, 0x65, 0x55,
  0x55, 0x55, 0x55, 0x55, 0x55, 0x55, 0x55, 0x55, 0x55, 0x55, 0x55, 0x55, 0x55, 0x55, 0x55, 0x55,
  0x55, 0x55, 0x55, 0x55, 0x66, 0x55, 0x66, 0x66, 0x66, 0x66, 0x66, 0x66, 0x66, 0x66, 0x66, 0x66,
  0x66, 0x66, 0x66, 0x66, 0x66, 0x66, 0x66, 0x66, 0x66, 0x66, 0x66, 0x66, 0xfe, 0xee, 0xee, 0xee,
  0xff, 0xff, 0xff, 0xff, 0xff, 0xff, 0xfe, 0xee, 0xee, 0xee, 0xee, 0xee, 0xee, 0xee, 0xee, 0xee,
  0xee, 0xee, 0xee, 0xee, 0xee, 0xee, 0xee, 0xee, 0xdc, 0xcc, 0xcc, 0xcc, 0xcc, 0xcc, 0xcd, 0xee,
  0xee, 0xee, 0xee, 0xee, 0xee, 0xec, 0xcc, 0xcc, 0xcb, 0xbb, 0xbb, 0xbb, 0xcc, 0xcc, 0xcc, 0xcc,
  0xcc, 0xcc, 0xcc, 0xcc, 0xcc, 0xbb, 0xbb, 0xbb, 0xaa, 0xaa, 0xaa, 0xba, 0xbb, 0xbb, 0xbc, 0xcc,
  0xcc, 0xcc, 0xbb, 0xbb, 0xbb, 0xaa, 0xaa, 0xa9, 0x99, 0xaa, 0x9a, 0xaa, 0xaa, 0xab, 0xbb, 0xbb,
  0xbb, 0xbb, 0xaa, 0xaa, 0x99, 0x88, 0x50, 0x08, 0x88, 0x88, 0x99, 0x99, 0x9a, 0xaa, 0xaa, 0xaa,
  0xaa, 0x99, 0x98, 0x88, 0x87, 0x77, 0x77, 0x77, 0x77, 0x77, 0x77, 0x77, 0x77, 0x77, 0x77, 0x77,
  0x77, 0x77, 0x76, 0x66, 0x66, 0x66, 0x66, 0x66, 0x66, 0x66, 0x66, 0x66, 0x66, 0x66, 0x66, 0x66,
  0x66, 0x66, 0x55, 0x55, 0x55, 0x55, 0x55, 0x55, 0x55, 0x55, 0x55, 0x55, 0x55, 0x55, 0x55, 0x55,
  0x55, 0x55, 0x55, 0x55, 0x55, 0x55, 0x55, 0x55, 0x55, 0x55, 0x55, 0x55, 0x55, 0x55, 0x55, 0x66,
  0x56, 0x65, 0x66, 0x66, 0x66, 0x66, 0x66, 0x66, 0x66, 0x66, 0x66, 0x66, 0x66, 0x66, 0x66, 0x66,
  0xee, 0xee, 0xee, 0xee, 0xff, 0xff, 0xff, 0xff, 0xff, 0xff, 0xfe, 0xee, 0xee, 0xee, 0xee, 0xee,
  0xee, 0xee, 0xee, 0xee, 0xee, 0xee, 0xee, 0xee, 0xee, 0xee, 0xee, 0xee, 0xdc, 0xcc, 0xcc, 0xcc,
  0xcc, 0xcc, 0xde, 0xee, 0xee, 0xee, 0xee, 0xee, 0xed, 0xcc, 0xcc, 0xcc, 0xbb, 0xbb, 0xbb, 0xbb,
  0xbc, 0xcc, 0xcc, 0xcc, 0xcc, 0xcc, 0xcc, 0xcc, 0xcc, 0xbb, 0xbb, 0xbb, 0xaa, 0xaa, 0xab, 0xbb,
  0xbb, 0xbb, 0xbc, 0xcc, 0xcc, 0xcb, 0xbb, 0xbb, 0xba, 0xaa, 0xaa, 0xa9, 0x99, 0x99, 0x9a, 0xaa,
  0xaa, 0xab, 0xbb, 0xbb, 0xbb, 0xba, 0xaa, 0xa9, 0x99, 0x88, 0x50, 0x08, 0x88, 0x88, 0x99, 0x99,
  0x9a, 0xaa, 0xaa, 0xaa, 0xaa, 0x99, 0x88, 0x88, 0x77, 0x77, 0x77, 0x77, 0x77, 0x77, 0x77, 0x77,
  0x77, 0x77, 0x77, 0x77, 0x77, 0x77, 0x77, 0x77, 0x77, 0x66, 0x66, 0x66, 0x66, 0x66, 0x66, 0x66,
  0x66, 0x66, 0x66, 0x66, 0x66, 0x55, 0x55, 0x55, 0x55, 0x55, 0x55, 0x55, 0x55, 0x55, 0x55, 0x55,
  0x55, 0x55, 0x55, 0x55, 0x55, 0x55, 0x55, 0x55, 0x55, 0x55, 0x55, 0x55, 0x55, 0x55, 0x55, 0x55,
  0x55, 0x55, 0x55, 0x55, 0x55, 0x55, 0x55, 0x55, 0x55, 0x55, 0x55, 0x56, 0x66, 0x56, 0x66, 0x66,
  0x66, 0x66, 0x66, 0x66, 0xee, 0xee, 0xee, 0xee, 0xee, 0xff, 0xff, 0xff, 0xff, 0xff, 0xfe, 0xee,
  0xee, 0xee, 0xee, 0xee, 0xee, 0xee, 0xee, 0xee, 0xee, 0xee, 0xee, 0xee, 0xee, 0xee, 0xee, 0xed,
  0xcc, 0xcc, 0xcc, 0xcc, 0xcc, 0xcc, 0xde, 0xee, 0xee, 0xee, 0xee, 0xee, 0xec, 0xcc, 0xcc, 0xcc,
  0xbb, 0xbb, 0xbb, 0xbb, 0xbc, 0xcc, 0xcc, 0xcc, 0xcc, 0xcc, 0xcc, 0xcc, 0xcb, 0xbb, 0xbb, 0xba,
  0xaa, 0xaa, 0xab, 0xab, 0xbb, 0xbb, 0xbc, 0xcc, 0xcc, 0xcb, 0xbb, 0xbb, 0xba, 0xaa, 0xaa, 0x99,
  0x99, 0x99, 0xaa, 0xaa, 0xaa, 0xbb, 0xbb, 0xbb, 0xbb, 0xba, 0xaa, 0xa9, 0x98, 0x88, 0x50, 0x08,
  0x88, 0x88, 0x99, 0x99, 0xaa, 0xaa, 0xaa, 0xaa, 0xa9, 0x98, 0x88, 0x88, 0x77, 0x77, 0x77, 0x77,
  0x77, 0x77, 0x77, 0x77, 0x77, 0x77, 0x77, 0x77, 0x77, 0x77, 0x77, 0x77, 0x77, 0x77, 0x77, 0x66,
  0x66, 0x66, 0x66, 0x66, 0x66, 0x66, 0x66, 0x66, 0x65, 0x66, 0x55, 0x55, 0x55, 0x55, 0x55, 0x55,
  0x55, 0x55, 0x55, 0x55, 0x55, 0x55, 0x55, 0x55, 0x55, 0x55, 0x55, 0x55, 0x55, 0x55, 0x55, 0x55,
  0x55, 0x55, 0x55, 0x55, 0x55, 0x55, 0x55, 0x55, 0x55, 0x55, 0x55, 0x55, 0x55, 0x55, 0x55, 0x55,
  0x55, 0x55, 0x55, 0x55, 0x55, 0x55, 0x55, 0x55, 0xee, 0xee, 0xee, 0xef, 0xff, 0xff, 0xff, 0xff,
  0xff, 0xfe, 0xee, 0xee, 0xee, 0xee, 0xee, 0xee, 0xee, 0xee, 0xee, 0xee, 0xee, 0xee, 0xee, 0xee,
  0xee, 0xee, 0xee, 0xdc, 0xcc, 0xcc, 0xcc, 0xcc, 0xcc, 0xcc, 0xee, 0xee, 0xee, 0xee, 0xee, 0xee,
  0xdc, 0xcc, 0xcc, 0xcb, 0xbb, 0xbb, 0xbb, 0xbb, 0xcc, 0xcc, 0xcc, 0xcc, 0xcc, 0xcc, 0xcc, 0xcc,
  0xcb, 0xbb, 0xbb, 0xba, 0xaa, 0xaa, 0xab, 0xbb, 0xbb, 0xbb, 0xbc, 0xcc, 0xcc, 0xbb, 0xbb, 0xba,
  0xaa, 0xaa, 0xaa, 0x99, 0x99, 0x9a, 0xaa, 0xaa, 0xab, 0xbb, 0xbb, 0xbb, 0xba, 0xaa, 0xaa, 0x99,
  0x98, 0x88, 0x50, 0x08, 0x88, 0x88, 0x99, 0x99, 0xaa, 0xaa, 0xaa, 0xaa, 0x99, 0x98, 0x88, 0x87,
  0x77, 0x77, 0x77, 0x77, 0x77, 0x77, 0x77, 0x78, 0x88, 0x88, 0x88, 0x88, 0x88, 0x87, 0x77, 0x77,
  0x77, 0x77, 0x77, 0x77, 0x77, 0x66, 0x66, 0x66, 0x66, 0x66, 0x66, 0x66, 0x66, 0x66, 0x66, 0x55,
  0x55, 0x55, 0x55, 0x55, 0x55, 0x55, 0x55, 0x55, 0x55, 0x55, 0x55, 0x55, 0x55, 0x55, 0x55, 0x55,
  0x44, 0x44, 0x44, 0x44, 0x44, 0x44, 0x44, 0x44, 0x44, 0x44, 0x44, 0x44, 0x44, 0x44, 0x44, 0x44,
  0x45, 0x54, 0x55, 0x55, 0x55, 0x55, 0x55, 0x55, 0x55, 0x55, 0x55, 0x55, 0xee, 0xee, 0xee, 0xee,
  0xff, 0xff, 0xff, 0xff, 0xff, 0xfe, 0xee, 0xee, 0xee, 0xee, 0xee, 0xee, 0xee, 0xee, 0xee, 0xee,
  0xee, 0xee, 0xee, 0xee, 0xee, 0xee, 0xee, 0xcc, 0xcc, 0xcc, 0xcc, 0xcc, 0xcc, 0xcc, 0xee, 0xee,
  0xee, 0xee, 0xee, 0xed, 0xdc, 0xcc, 0xcc, 0xcb, 0xbb, 0xbb, 0xbb, 0xbb, 0xcc, 0xcc, 0xcc, 0xcc,
  0xcc, 0xcc, 0xcc, 0xcc, 0xbb, 0xbb, 0xbb, 0xaa, 0xaa, 0xaa, 0xab, 0xbb, 0xbb, 0xbb, 0xcc, 0xcc,
  0xcc, 0xbb, 0xbb, 0xaa, 0xaa, 0xaa, 0xa9, 0x99, 0x99, 0x99, 0xaa, 0xaa, 0xab, 0xbb, 0xbb, 0xbb,
  0xba, 0xaa, 0xaa, 0x99, 0x98, 0x88, 0x50, 0x08, 0x88, 0x88, 0x99, 0x9a, 0xaa, 0xaa, 0xaa, 0xaa,
  0x99, 0x88, 0x88, 0x87, 0x77, 0x77, 0x77, 0x77, 0x77, 0x77, 0x88, 0x88, 0x88, 0x88, 0x88, 0x88,
  0x88, 0x88, 0x88, 0x77, 0x77, 0x77, 0x77, 0x77, 0x77, 0x77, 0x66, 0x66, 0x66, 0x66, 0x66, 0x66,
  0x66, 0x66, 0x66, 0x66, 0x66, 0x55, 0x55, 0x55, 0x55, 0x55, 0x55, 0x55, 0x55, 0x55, 0x55, 0x55,
  0x55, 0x55, 0x55, 0x54, 0x44, 0x44, 0x44, 0x44, 0x44, 0x44, 0x44, 0x44, 0x44, 0x44, 0x44, 0x44,
  0x44, 0x44, 0x44, 0x44, 0x44, 0x44, 0x44, 0x44, 0x44, 0x44, 0x44, 0x44, 0x44, 0x45, 0x55, 0x55,
  0xee, 0xee, 0xee, 0xee, 0xff, 0xff, 0xff, 0xff, 0xfe, 0xee, 0xee, 0xee, 0xee, 0xee, 0xee, 0xee,
  0xee, 0xee, 0xee, 0xee, 0xee, 0xee, 0xee, 0xee, 0xee, 0xee, 0xed, 0xcc, 0xcc, 0xcc, 0xcc, 0xcc,
  0xcc, 0xcc, 0xee, 0xee, 0xee, 0xee, 0xee, 0xec, 0xcc, 0xcc, 0xcc, 0xbb, 0xbb, 0xbb, 0xbb, 0xbc,
  0xcc, 0xcc, 0xcc, 0xcc, 0xcc, 0xcc, 0xcc, 0xcc, 0xbb, 0xbb, 0xba, 0xaa, 0xaa, 0xaa, 0xab, 0xbb,
  0xbb, 0xbb, 0xcc, 0xcc, 0xcb, 0xbb, 0xbb, 0xaa, 0xaa, 0xa9, 0x99, 0x99, 0x99, 0xaa, 0xaa, 0xaa,
  0xab, 0xbb, 0xbb, 0xbb, 0xba, 0xaa, 0xa9, 0x99, 0x98, 0x88, 0x50, 0x08, 0x88, 0x89, 0x99, 0x9a,
  0xaa, 0xaa, 0xaa, 0xa9, 0x99, 0x88, 0x88, 0x77, 0x77, 0x77, 0x77, 0x77, 0x77, 0x77, 0x88, 0x88,
  0x88, 0x88, 0x88, 0x88, 0x88, 0x88, 0x88, 0x87, 0x77, 0x77, 0x77, 0x77, 0x77, 0x77, 0x77, 0x66,
  0x66, 0x66, 0x66, 0x66, 0x66, 0x66, 0x66, 0x66, 0x66, 0x65, 0x55, 0x55, 0x55, 0x55, 0x55, 0x55,
  0x55, 0x55, 0x55, 0x55, 0x55, 0x55, 0x55, 0x44, 0x44, 0x44, 0x44, 0x44, 0x44, 0x44, 0x44, 0x44,
  0x44, 0x44, 0x44, 0x44, 0x44, 0x44, 0x44, 0x44, 0x44, 0x44, 0x44, 0x44, 0x44, 0x44, 0x44, 0x44,
  0x44, 0x44, 0x45, 0x44, 0xee, 0xee, 0xee, 0xee, 0xff, 0xff, 0xff, 0xff, 0xfe, 0xee, 0xee, 0xee,
  0xee, 0xee, 0xee, 0xee, 0xee, 0xee, 0xee, 0xee, 0xee, 0xee, 0xee, 0xee, 0xee, 0xee, 0xed, 0xcc,
  0xcc, 0xcc, 0xcc, 0xcc, 0xcc, 0xcd, 0xee, 0xee, 0xee, 0xee, 0xee, 0xec, 0xcc, 0xcc, 0xcb, 0xbb,
  0xbb, 0xbb, 0xbb, 0xbc, 0xcc, 0xcc, 0xcc, 0xcc, 0xcc, 0xcc, 0xcc, 0xcb, 0xbb, 0xbb, 0xba, 0xaa,
  0xaa, 0xaa, 0xbb, 0xbb, 0xbb, 0xbb, 0xcc, 0xcc, 0xcb, 0xbb, 0xbb, 0xaa, 0xaa, 0xa9, 0x99, 0x99,
  0x99, 0xaa, 0xaa, 0xaa, 0xab, 0xbb, 0xbb, 0xbb, 0xaa, 0xaa, 0xa9, 0x99, 0x88, 0x88, 0x50, 0x08,
  0x88, 0x99, 0x99, 0x9a, 0xaa, 0xaa, 0xaa, 0x99, 0x99, 0x88, 0x87, 0x77, 0x77, 0x77, 0x77, 0x77,
  0x77, 0x78, 0x88, 0x88, 0x88, 0x98, 0x88, 0x88, 0x88, 0x88, 0x88, 0x88, 0x88, 0x87, 0x77, 0x77,
  0x77, 0x77, 0x77, 0x77, 0x76, 0x66, 0x66, 0x66, 0x66, 0x66, 0x66, 0x66, 0x66, 0x66, 0x66, 0x55,
  0x55, 0x55, 0x55, 0x55, 0x55, 0x55, 0x55, 0x55, 0x55, 0x55, 0x55, 0x44, 0x44, 0x44, 0x44, 0x44,
  0x44, 0x44, 0x44, 0x44, 0x44, 0x44, 0x44, 0x44, 0x44, 0x44, 0x44, 0x44, 0x44, 0x44, 0x44, 0x44,
  0x44, 0x44, 0x44, 0x44, 0x44, 0x44, 0x44, 0x44, 0xee, 0xee, 0xee, 0xee, 0xff, 0xff, 0xff, 0xff,
  0xee, 0xee, 0xee, 0xee, 0xee, 0xee, 0xee, 0xee, 0xee, 0xee, 0xee, 0xee, 0xee, 0xee, 0xee, 0xee,
  0xee, 0xee, 0xec, 0xcc, 0xcc, 0xcc, 0xcc, 0xcc, 0xcc, 0xde, 0xee, 0xee, 0xee, 0xee, 0xee, 0xdc,
  0xcc, 0xcc, 0xcb, 0xbb, 0xbb, 0xbb, 0xbb, 0xbc, 0xcc, 0xcc, 0xcc, 0xcc, 0xcc, 0xcc, 0xcc, 0xbb,
  0xbb, 0xbb, 0xaa, 0xaa, 0xaa, 0xab, 0xbb, 0xbb, 0xbb, 0xbc, 0xcc, 0xcc, 0xbb, 0xbb, 0xba, 0xaa,
  0xaa, 0xa9, 0x99, 0x99, 0x99, 0x9a, 0xaa, 0xaa, 0xbb, 0xbb, 0xbb, 0xba, 0xaa, 0xaa, 0x99, 0x98,
  0x88, 0x88, 0x50, 0x08, 0x88, 0x99, 0x99, 0x9a, 0xaa, 0xaa, 0xaa, 0x99, 0x98, 0x88, 0x77, 0x77,
  0x77, 0x77, 0x77, 0x77, 0x77, 0x78, 0x88, 0x89, 0x99, 0x99, 0x99, 0x99, 0x88, 0x88, 0x88, 0x88,
  0x88, 0x88, 0x87, 0x77, 0x77, 0x77, 0x77, 0x77, 0x77, 0x77, 0x66, 0x66, 0x66, 0x66, 0x66, 0x66,
  0x66, 0x66, 0x66, 0x66, 0x65, 0x55, 0x55, 0x55, 0x55, 0x55, 0x55, 0x55, 0x55, 0x55, 0x44, 0x44,
  0x44, 0x44, 0x44, 0x44, 0x44, 0x44, 0x44, 0x44, 0x44, 0x44, 0x44, 0x44, 0x44, 0x44, 0x44, 0x44,
  0x44, 0x44, 0x44, 0x44, 0x44, 0x44, 0x44, 0x44, 0x44, 0x44, 0x44, 0x44, 0xee, 0xee, 0xee, 0xff,
  0xff, 0xff, 0xff, 0xff, 0xee, 0xee, 0xee, 0xee, 0xee, 0xee, 0xee, 0xee, 0xee, 0xee, 0xee, 0xee,
  0xee, 0xee, 0xee, 0xee, 0xee, 0xee, 0xdc, 0xcc, 0xcc, 0xcc, 0xcc, 0xcc, 0xcc, 0xde, 0xee, 0xee,
  0xee, 0xee, 0xed, 0xcc, 0xcc, 0xcc, 0xbb, 0xbb, 0xbb, 0xbb, 0xbb, 0xcc, 0xcc, 0xcc, 0xcc, 0xcc,
  0xcc, 0xcc, 0xcb, 0xbb, 0xbb, 0xba, 0xaa, 0xaa, 0xaa, 0xab, 0xbb, 0xbb, 0xbb, 0xcc, 0xcc, 0xcb,
  0xbb, 0xbb, 0xaa, 0xaa, 0xaa, 0x99, 0x99, 0x99, 0x99, 0xaa, 0xaa, 0xaa, 0xbb, 0xbb, 0xbb, 0xba,
  0xaa, 0xa9, 0x99, 0x98, 0x88, 0x88, 0x50, 0x08, 0x89, 0x99, 0x99, 0xaa, 0xaa, 0xaa, 0xa9, 0x99,
  0x98, 0x87, 0x77, 0x77, 0x77, 0x67, 0x77, 0x77, 0x77, 0x88, 0x88, 0x99, 0x99, 0x99, 0x99, 0x99,
  0x88, 0x88, 0x88, 0x88, 0x88, 0x88, 0x88, 0x88, 0x88, 0x88, 0x77, 0x77, 0x77, 0x77, 0x77, 0x77,
  0x77, 0x66, 0x66, 0x66, 0x66, 0x66, 0x66, 0x66, 0x66, 0x66, 0x65, 0x55, 0x55, 0x55, 0x55, 0x55,
  0x55, 0x55, 0x55, 0x55, 0x55, 0x44, 0x44, 0x44, 0x44, 0x44, 0x44, 0x44, 0x44, 0x44, 0x44, 0x44,
  0x44, 0x44, 0x44, 0x44, 0x44, 0x44, 0x44, 0x44, 0x44, 0x44, 0x44, 0x44, 0x44, 0x44, 0x44, 0x44,
  0xee, 0xee, 0xee, 0xff, 0xff, 0xff, 0xff, 0xfe, 0xee, 0xee, 0xee, 0xee, 0xee, 0xee, 0xee, 0xee,
  0xee, 0xee, 0xee, 0xee, 0xee, 0xee, 0xee, 0xee, 0xee, 0xed, 0xcc, 0xcc, 0xcc, 0xcc, 0xcc, 0xcc,
  0xcc, 0xde, 0xee, 0xee, 0xee, 0xee, 0xed, 0xcc, 0xcc, 0xcb, 0xbb, 0xbb, 0xbb, 0xbb, 0xbb, 0xcc,
  0xcc, 0xcc, 0xcc, 0xcc, 0xcc, 0xcc, 0xcb, 0xbb, 0xbb, 0xaa, 0xaa, 0xaa, 0xaa, 0xab, 0xbb, 0xbb,
  0xbb, 0xcc, 0xcc, 0xbb, 0xbb, 0xbb, 0xaa, 0xaa, 0x99, 0x99, 0x99, 0x99, 0x99, 0xaa, 0xaa, 0xab,
  0xbb, 0xbb, 0xbb, 0xaa, 0xaa, 0xa9, 0x99, 0x88, 0x88, 0x88, 0x50, 0x08, 0x89, 0x99, 0x99, 0xaa,
  0xaa, 0xaa, 0xa9, 0x99, 0x88, 0x87, 0x77, 0x77, 0x66, 0x77, 0x77, 0x77, 0x78, 0x88, 0x89, 0x99,
  0x99, 0x99, 0x99, 0x99, 0x88, 0x88, 0x88, 0x88, 0x88, 0x88, 0x88, 0x88, 0x88, 0x88, 0x77, 0x77,
  0x77, 0x77, 0x77, 0x77, 0x77, 0x77, 0x76, 0x66, 0x66, 0x66, 0x66, 0x66, 0x66, 0x66, 0x66, 0x66,
  0x55, 0x55, 0x55, 0x55, 0x55, 0x55, 0x55, 0x55, 0x55, 0x55, 0x55, 0x44, 0x44, 0x44, 0x44, 0x44,
  0x44, 0x44, 0x44, 0x44, 0x44, 0x44, 0x44, 0x44, 0x44, 0x44, 0x44, 0x44, 0x44, 0x44, 0x33, 0x33,
  0x44, 0x33, 0x33, 0x33, 0xee, 0xee, 0xee, 0xff, 0xff, 0xff, 0xff, 0xfe, 0xee, 0xee, 0xee, 0xee,
  0xee, 0xee, 0xee, 0xee, 0xee, 0xee, 0xee, 0xee, 0xee, 0xee, 0xee, 0xee, 0xee, 0xed, 0xcc, 0xcc,
  0xcc, 0xcc, 0xcc, 0xcc, 0xcc, 0xee, 0xee, 0xee, 0xee, 0xee, 0xec, 0xcc, 0xcc, 0xbb, 0xbb, 0xbb,
  0xbb, 0xbb, 0xbc, 0xcc, 0xcc, 0xcc, 0xcc, 0xcc, 0xcc, 0xcc, 0xbb, 0xbb, 0xbb, 0xaa, 0xaa, 0xaa,
  0xaa, 0xab, 0xbb, 0xbb, 0xbb, 0xcc, 0xcc, 0xbb, 0xbb, 0xba, 0xaa, 0xaa, 0x99, 0x99, 0x99, 0x99,
  0x9a, 0xaa, 0xaa, 0xab, 0xbb, 0xbb, 0xba, 0xaa, 0xaa, 0x99, 0x98, 0x88, 0x88, 0x88, 0x50, 0x08,
  0x89, 0x99, 0x9a, 0xaa, 0xaa, 0xaa, 0x99, 0x99, 0x88, 0x77, 0x77, 0x76, 0x66, 0x77, 0x77, 0x77,
  0x78, 0x88, 0x98, 0x99, 0x99, 0x99, 0x99, 0x98, 0x88, 0x88, 0x88, 0x88, 0x88, 0x88, 0x88, 0x88,
  0x88, 0x88, 0x88, 0x88, 0x77, 0x77, 0x77, 0x77, 0x77, 0x77, 0x77, 0x77, 0x66, 0x66, 0x66, 0x66,
  0x66, 0x66, 0x66, 0x66, 0x66, 0x66, 0x55, 0x55, 0x55, 0x55, 0x55, 0x55, 0x55, 0x55, 0x55, 0x55,
  0x44, 0x44, 0x44, 0x44, 0x44, 0x44, 0x44, 0x44, 0x44, 0x44, 0x44, 0x44, 0x44, 0x44, 0x44, 0x43,
  0x33, 0x33, 0x33, 0x33, 0x33, 0x33, 0x33, 0x33, 0xee, 0xee, 0xef, 0xff, 0xff, 0xff, 0xff, 0xee,
  0xee, 0xee, 0xee, 0xee, 0xee, 0xee, 0xee, 0xee, 0xee, 0xee, 0xee, 0xee, 0xee, 0xee, 0xee, 0xee,
  0xee, 0xec, 0xcc, 0xcc, 0xcc, 0xcc, 0xcc, 0xcc, 0xcd, 0xee, 0xee, 0xee, 0xee, 0xee, 0xdc, 0xcc,
  0xcc, 0xbb, 0xbb, 0xbb, 0xbb, 0xbb, 0xbc, 0xcc, 0xcc, 0xcc, 0xcc, 0xcc, 0xcc, 0xcc, 0xbb, 0xbb,
  0xbb, 0xaa, 0xaa, 0xaa, 0xaa, 0xbb, 0xbb, 0xbb, 0xbc, 0xcc, 0xcc, 0xbb, 0xbb, 0xba, 0xaa, 0xa9,
  0x99, 0x99, 0x99, 0x99, 0x9a, 0xaa, 0xaa, 0xab, 0xbb, 0xbb, 0xba, 0xaa, 0xaa, 0x99, 0x98, 0x88,
  0x88, 0x88, 0x50, 0x08, 0x89, 0x99, 0x9a, 0xaa, 0xaa, 0xaa, 0x99, 0x98, 0x88, 0x77, 0x77, 0x66,
  0x66, 0x77, 0x77, 0x77, 0x78, 0x88, 0x99, 0x99, 0x99, 0x99, 0x99, 0x88, 0x88, 0x88, 0x88, 0x88,
  0x88, 0x88, 0x88, 0x88, 0x88, 0x88, 0x88, 0x88, 0x87, 0x77, 0x77, 0x77, 0x77, 0x77, 0x77, 0x77,
  0x77, 0x66, 0x66, 0x66, 0x66, 0x66, 0x66, 0x66, 0x66, 0x66, 0x65, 0x55, 0x55, 0x55, 0x55, 0x55,
  0x55, 0x55, 0x55, 0x55, 0x54, 0x44, 0x44, 0x44, 0x44, 0x44, 0x44, 0x44, 0x44, 0x44, 0x44, 0x44,
  0x44, 0x44, 0x44, 0x43, 0x33, 0x33, 0x33, 0x33, 0x33, 0x33, 0x33, 0x33, 0xee, 0xee, 0xef, 0xff,
  0xff, 0xff, 0xff, 0xee, 0xee, 0xee, 0xee, 0xee, 0xee, 0xee, 0xee, 0xee, 0xee, 0xee, 0xee, 0xee,
  0xee, 0xee, 0xee, 0xee, 0xee, 0xdc, 0xcc, 0xcc, 0xcc, 0xcc, 0xcc, 0xcc, 0xce, 0xee, 0xee, 0xee,
  0xee, 0xec, 0xcc, 0xcc, 0xcc, 0xbb, 0xbb, 0xbb, 0xbb, 0xbb, 0xbc, 0xcc, 0xcc, 0xcc, 0xcc, 0xcc,
  0xcc, 0xcc, 0xbb, 0xbb, 0xab, 0xaa, 0xaa, 0xaa, 0xaa, 0xbb, 0xbb, 0xbb, 0xbc, 0xbc, 0xbb, 0xbb,
  0xbb, 0xaa, 0xaa, 0xa9, 0x99, 0x99, 0x99, 0x99, 0xaa, 0xaa, 0xaa, 0xbb, 0xbb, 0xbb, 0xaa, 0xaa,
  0xa9, 0x99, 0x88, 0x88, 0x88, 0x88, 0x50, 0x08, 0x89, 0x99, 0xaa, 0xaa, 0xaa, 0xa9, 0x98, 0x88,
  0x87, 0x77, 0x77, 0x66, 0x66, 0x77, 0x77, 0x77, 0x88, 0x88, 0x99, 0x99, 0x99, 0x98, 0x88, 0x88,
  0x88, 0x88, 0x88, 0x88, 0x88, 0x88, 0x88, 0x87, 0x78, 0x88, 0x87, 0x77, 0x77, 0x77, 0x77, 0x77,
  0x77, 0x77, 0x77, 0x77, 0x77, 0x77, 0x77, 0x77, 0x66, 0x66, 0x66, 0x66, 0x66, 0x66, 0x66, 0x66,
  0x66, 0x55, 0x55, 0x55, 0x55, 0x55, 0x55, 0x55, 0x55, 0x54, 0x44, 0x44, 0x44, 0x44, 0x44, 0x44,
  0x44, 0x44, 0x44, 0x44, 0x44, 0x44, 0x44, 0x43, 0x33, 0x33, 0x33, 0x33, 0x33, 0x33, 0x33, 0x33,
  0xee, 0xee, 0xff, 0xff, 0xff, 0xff, 0xfe, 0xee, 0xee, 0xee, 0xee, 0xee, 0xee, 0xee, 0xee, 0xee,
  0xee, 0xee, 0xee, 0xee, 0xee, 0xee, 0xee, 0xee, 0xed, 0xcc, 0xcc, 0xcc, 0xcc, 0xcc, 0xcc, 0xcc,
  0xee, 0xee, 0xee, 0xee, 0xee, 0xdc, 0xcc, 0xcc, 0xcb, 0xbb, 0xbb, 0xbb, 0xbb, 0xbb, 0xbc, 0xcc,
  0xcc, 0xcc, 0xcc, 0xcc, 0xcc, 0xcb, 0xbb, 0xba, 0xba, 0xaa, 0xaa, 0xaa, 0xaa, 0xab, 0xbb, 0xbb,
  0xcc, 0xbb, 0xbb, 0xbb, 0xba, 0xaa, 0xaa, 0x99, 0x99, 0x99, 0x99, 0x99, 0x9a, 0xaa, 0xaa, 0xbb,
  0xbb, 0xbb, 0xaa, 0xaa, 0x99, 0x98, 0x88, 0x88, 0x88, 0x88, 0x50, 0x09, 0x99, 0x99, 0xaa, 0xaa,
  0xaa, 0x99, 0x98, 0x88, 0x87, 0x77, 0x76, 0x66, 0x66, 0x77, 0x77, 0x78, 0x88, 0x88, 0x89, 0x99,
  0x98, 0x98, 0x88, 0x88, 0x87, 0x77, 0x77, 0x77, 0x77, 0x77, 0x77, 0x77, 0x77, 0x77, 0x77, 0x77,
  0x77, 0x77, 0x77, 0x77, 0x77, 0x77, 0x77, 0x77, 0x77, 0x77, 0x77, 0x77, 0x66, 0x66, 0x66, 0x66,
  0x66, 0x66, 0x66, 0x66, 0x66, 0x66, 0x66, 0x66, 0x66, 0x55, 0x55, 0x55, 0x55, 0x55, 0x55, 0x55,
  0x54, 0x44, 0x44, 0x44, 0x44, 0x44, 0x44, 0x44, 0x44, 0x44, 0x44, 0x44, 0x44, 0x33, 0x33, 0x33,
  0x33, 0x33, 0x33, 0x33, 0xee, 0xee, 0xff, 0xff, 0xff, 0xff, 0xee, 0xee, 0xee, 0xee, 0xee, 0xee,
  0xee, 0xee, 0xee, 0xee, 0xee, 0xee, 0xee, 0xee, 0xee, 0xee, 0xee, 0xee, 0xed, 0xcc, 0xcc, 0xcc,
  0xcc, 0xcc, 0xcc, 0xcd, 0xee, 0xee, 0xee, 0xee, 0xed, 0xcc, 0xcc, 0xcc, 0xbb, 0xbb, 0xbb, 0xbb,
  0xbb, 0xbb, 0xcc, 0xcc, 0xcc, 0xcc, 0xcc, 0xcc, 0xcc, 0xcb, 0xbb, 0xbb, 0xba, 0xaa, 0xaa, 0xaa,
  0xaa, 0xab, 0xbb, 0xbb, 0xcc, 0xcc, 0xbb, 0xbb, 0xaa, 0xaa, 0xaa, 0x99, 0x99, 0x99, 0x99, 0x9a,
  0xaa, 0xaa, 0xaa, 0xbb, 0xbb, 0xba, 0xaa, 0xaa, 0x99, 0x98, 0x88, 0x88, 0x88, 0x88, 0x50, 0x09,
  0x99, 0x9a, 0xaa, 0xaa, 0xaa, 0x99, 0x98, 0x88, 0x77, 0x77, 0x76, 0x66, 0x67, 0x77, 0x77, 0x78,
  0x88, 0x89, 0x99, 0x89, 0x98, 0x88, 0x88, 0x88, 0x77, 0x77, 0x77, 0x77, 0x77, 0x77, 0x77, 0x77,
  0x77, 0x77, 0x77, 0x77, 0x77, 0x77, 0x77, 0x77, 0x77, 0x77, 0x77, 0x77, 0x77, 0x77, 0x77, 0x77,
  0x76, 0x66, 0x66, 0x66, 0x66, 0x66, 0x66, 0x66, 0x66, 0x66, 0x66, 0x66, 0x66, 0x66, 0x55, 0x55,
  0x55, 0x55, 0x55, 0x55, 0x55, 0x55, 0x44, 0x44, 0x44, 0x44, 0x44, 0x44, 0x44, 0x44, 0x44, 0x44,
  0x44, 0x44, 0x34, 0x33, 0x33, 0x33, 0x33, 0x33, 0xee, 0xee, 0xff, 0xff, 0xff, 0xff, 0xee, 0xee,
  0xee, 0xee, 0xee, 0xee, 0xee, 0xee, 0xee, 0xee, 0xee, 0xee, 0xee, 0xee, 0xee, 0xee, 0xee, 0xee,
  0xdc, 0xcc, 0xcc, 0xcc, 0xcc, 0xcc, 0xcc, 0xcd, 0xee, 0xee, 0xee, 0xee, 0xed, 0xcc, 0xcc, 0xcc,
  0xbb, 0xbb, 0xbb, 0xbb, 0xbb, 0xbb, 0xcc, 0xcc, 0xcc, 0xcc, 0xcc, 0xcc, 0xcc, 0xcb, 0xbb, 0xbb,
  0xaa, 0xaa, 0xaa, 0xaa, 0xaa, 0xbb, 0xbb, 0xbb, 0xbc, 0xcb, 0xbb, 0xbb, 0xba, 0xaa, 0xa9, 0x99,
  0x99, 0x99, 0x99, 0x99, 0xaa, 0xaa, 0xab, 0xbb, 0xbb, 0xba, 0xaa, 0xa9, 0x99, 0x88, 0x88, 0x88,
  0x88, 0x88, 0x50, 0x09, 0x99, 0x9a, 0xaa, 0xaa, 0xa9, 0x99, 0x88, 0x87, 0x77, 0x77, 0x66, 0x66,
  0x67, 0x77, 0x77, 0x88, 0x88, 0x88, 0x99, 0x88, 0x88, 0x88, 0x77, 0x77, 0x77, 0x77, 0x77, 0x76,
  0x66, 0x77, 0x66, 0x77, 0x77, 0x77, 0x77, 0x77, 0x77, 0x77, 0x77, 0x77, 0x77, 0x77, 0x77, 0x77,
  0x77, 0x77, 0x77, 0x66, 0x66, 0x66, 0x66, 0x66, 0x66, 0x66, 0x66, 0x66, 0x66, 0x66, 0x66, 0x66,
  0x66, 0x66, 0x66, 0x65, 0x55, 0x55, 0x55, 0x55, 0x55, 0x55, 0x55, 0x55, 0x44, 0x44, 0x44, 0x44,
  0x44, 0x44, 0x44, 0x44, 0x44, 0x44, 0x44, 0x33, 0x33, 0x33, 0x33, 0x33, 0xee, 0xef, 0xff, 0xff,
  0xff, 0xff, 0xee, 0xee, 0xee, 0xee, 0xee, 0xee, 0xee, 0xee, 0xee, 0xee, 0xee, 0xee, 0xee, 0xee,
  0xee, 0xee, 0xee, 0xed, 0xcc, 0xcc, 0xcc, 0xcc, 0xcc, 0xcc, 0xcc, 0xcd, 0xee, 0xee, 0xee, 0xee,
  0xdc, 0xcc, 0xcc, 0xbb, 0xbb, 0xbb, 0xbb, 0xbb, 0xbb, 0xbc, 0xcc, 0xcc, 0xcc, 0xcc, 0xcc, 0xcc,
  0xcc, 0xbb, 0xbb, 0xba, 0xaa, 0xaa, 0xaa, 0xaa, 0xab, 0xbb, 0xbb, 0xbb, 0xbb, 0xbb, 0xbb, 0xbb,
  0xaa, 0xaa, 0xa9, 0x99, 0x99, 0x99, 0x99, 0x99, 0xaa, 0xaa, 0xbb, 0xbb, 0xbb, 0xaa, 0xaa, 0x99,
  0x99, 0x88, 0x88, 0x88, 0x88, 0x88, 0x50, 0x09, 0x99, 0xaa, 0xaa, 0xaa, 0xa9, 0x99, 0x88, 0x77,
  0x77, 0x77, 0x66, 0x66, 0x67, 0x77, 0x77, 0x88, 0x88, 0x88, 0x99, 0x88, 0x88, 0x87, 0x77, 0x77,
  0x77, 0x77, 0x77, 0x66, 0x66, 0x67, 0x66, 0x77, 0x77, 0x77, 0x77, 0x77, 0x77, 0x77, 0x77, 0x77,
  0x77, 0x77, 0x77, 0x77, 0x77, 0x77, 0x76, 0x66, 0x66, 0x66, 0x66, 0x66, 0x66, 0x66, 0x66, 0x66,
  0x66, 0x66, 0x66, 0x66, 0x66, 0x66, 0x66, 0x66, 0x66, 0x55, 0x55, 0x55, 0x55, 0x55, 0x55, 0x55,
  0x55, 0x55, 0x44, 0x44, 0x44, 0x44, 0x44, 0x44, 0x44, 0x44, 0x44, 0x44, 0x44, 0x33, 0x33, 0x33,
  0xee, 0xef, 0xff, 0xff, 0xff, 0xfe, 0xee, 0xee, 0xee, 0xee, 0xee, 0xee, 0xee, 0xee, 0xee, 0xee,
  0xee, 0xee, 0xee, 0xee, 0xee, 0xee, 0xee, 0xdd, 0xcc, 0xcc, 0xcc, 0xcc, 0xcc, 0xcc, 0xcc, 0xcd,
  0xee, 0xee, 0xee, 0xee, 0xdc, 0xcc, 0xcc, 0xbb, 0xbb, 0xbb, 0xbb, 0xbb, 0xbb, 0xbb, 0xcc, 0xcc,
  0xcc, 0xcc, 0xcc, 0x20, 0x00, 0x00, 0x00, 0x00, 0x00, 0x00, 0x00, 0x00, 0x00, 0x00, 0x00, 0x00,
  0x00, 0x00, 0x00, 0x00, 0x00, 0x00, 0x00, 0x00, 0x00, 0x00, 0x00, 0x00, 0x00, 0x00, 0x00, 0x00,
  0x00, 0x00, 0x00, 0x00, 0x00, 0x00, 0x00, 0x00, 0x00, 0x00, 0x00, 0x00, 0x00, 0x00, 0x00, 0x00,
  0x00, 0x00, 0x00, 0x00, 0x00, 0x00, 0x00, 0x00, 0x00, 0x00, 0x00, 0x00, 0x00, 0x00, 0x00, 0x00,
  0x00, 0x00, 0x00, 0x00, 0x00, 0x00, 0x00, 0x00, 0x00, 0x00, 0x00, 0x00, 0x00, 0x00, 0x00, 0x00,
  0x00, 0x00, 0x56, 0x66, 0x66, 0x66, 0x66, 0x66, 0x66, 0x66, 0x66, 0x66, 0x66, 0x66, 0x66, 0x66,
  0x66, 0x66, 0x66, 0x66, 0x66, 0x66, 0x66, 0x66, 0x66, 0x66, 0x66, 0x66, 0x66, 0x66, 0x66, 0x55,
  0x55, 0x55, 0x55, 0x55, 0x55, 0x55, 0x55, 0x54, 0x44, 0x44, 0x44, 0x44, 0x44, 0x44, 0x44, 0x44,
  0x44, 0x44, 0x44, 0x43, 0xee, 0xee, 0xff, 0xff, 0xff, 0xee, 0xee, 0xee, 0xee, 0xee, 0xee, 0xee,
  0xee, 0xee, 0xee, 0xee, 0xee, 0xee, 0xee, 0xee, 0xee, 0xee, 0xed, 0xcc, 0xcc, 0xcc, 0xcc, 0xcc,
  0xcc, 0xcc, 0xcc, 0xce, 0xee, 0xee, 0xee, 0xed, 0xcc, 0xcc, 0xcc, 0xbb, 0xbb, 0xbb, 0xbb, 0xbb,
  0xbb, 0xbc, 0xcc, 0xcc, 0xcc, 0xcc, 0xcc, 0x00, 0x00, 0x00, 0x00, 0x00, 0x00, 0x00, 0x00, 0x00,
  0x00, 0x00, 0x00, 0x00, 0x00, 0x00, 0x00, 0x00, 0x00, 0x00, 0x00, 0x00, 0x00, 0x00, 0x00, 0x00,
  0x00, 0x00, 0x00, 0x00, 0x00, 0x00, 0x00, 0x00, 0x00, 0x00, 0x00, 0x00, 0x00, 0x00, 0x00, 0x00,
  0x00, 0x00, 0x00, 0x00, 0x00, 0x00, 0x00, 0x00, 0x00, 0x00, 0x00, 0x00, 0x00, 0x00, 0x00, 0x00,
  0x00, 0x00, 0x00, 0x00, 0x00, 0x00, 0x00, 0x00, 0x00, 0x00, 0x00, 0x00, 0x00, 0x00, 0x00, 0x00,
  0x00, 0x00, 0x00, 0x00, 0x00, 0x00, 0x46, 0x66, 0x66, 0x66, 0x66, 0x66, 0x66, 0x66, 0x66, 0x66,
  0x66, 0x66, 0x66, 0x66, 0x66, 0x66, 0x66, 0x66, 0x66, 0x66, 0x66, 0x66, 0x66, 0x66, 0x66, 0x66,
  0x66, 0x66, 0x66, 0x66, 0x55, 0x55, 0x55, 0x55, 0x55, 0x55, 0x55, 0x55, 0x55, 0x54, 0x44, 0x44,
  0x44, 0x44, 0x44, 0x44, 0x44, 0x44, 0x44, 0x44, 0xee, 0xef, 0xff, 0xff, 0xef, 0xee, 0xee, 0xee,
  0xee, 0xee, 0xee, 0xee, 0xee, 0xee, 0xee, 0xee, 0xee, 0xee, 0xee, 0xee, 0xee, 0xee, 0xdc, 0xcc,
  0xcc, 0xcc, 0xcc, 0xcc, 0xcc, 0xcc, 0xcc, 0xce, 0xee, 0xee, 0xee, 0xed, 0xcc, 0xcc, 0xcb, 0xbb,
  0xbb, 0xbb, 0xbb, 0xbb, 0xbb, 0xbc, 0xcc, 0xcc, 0xcc, 0xcc, 0xcc, 0xcc, 0xbb, 0xbb, 0xaa, 0xaa,
  0xaa, 0xaa, 0xaa, 0xaa, 0xbb, 0xbb, 0xbb, 0xbb, 0xbb, 0xbb, 0xbb, 0xaa, 0xaa, 0xa9, 0x99, 0x99,
  0x99, 0x99, 0x99, 0xaa, 0xaa, 0xab, 0xbb, 0xbb, 0xaa, 0xaa, 0x99, 0x98, 0x88, 0x88, 0x88, 0x88,
  0x88, 0x88, 0x50, 0x09, 0x99, 0xaa, 0x99, 0x99, 0x99, 0x88, 0x87, 0x77, 0x76, 0x66, 0x66, 0x66,
  0x67, 0x77, 0x78, 0x88, 0x88, 0x88, 0x88, 0x88, 0x87, 0x77, 0x66, 0x66, 0x66, 0x66, 0x66, 0x66,
  0x66, 0x66, 0x66, 0x66, 0x66, 0x66, 0x66, 0x66, 0x66, 0x66, 0x66, 0x66, 0x66, 0x66, 0x66, 0x66,
  0x66, 0x66, 0x66, 0x66, 0x66, 0x66, 0x66, 0x66, 0x66, 0x66, 0x66, 0x66, 0x66, 0x66, 0x66, 0x66,
  0x66, 0x66, 0x66, 0x66, 0x66, 0x66, 0x66, 0x66, 0x66, 0x66, 0x55, 0x55, 0x55, 0x55, 0x55, 0x55,
  0x55, 0x55, 0x55, 0x44, 0x44, 0x44, 0x44, 0x44, 0x44, 0x44, 0x44, 0x44, 0xee, 0xef, 0xff, 0xff,
  0xee, 0xee, 0xee, 0xee, 0xee, 0xee, 0xee, 0xed, 0xde, 0xee, 0xee, 0xee, 0xee, 0xee, 0xee, 0xee,
  0xee, 0xee, 0xdc, 0xcc, 0xcc, 0xcc, 0xcc, 0xcc, 0xcc, 0xcc, 0xcc, 0xce, 0xee, 0xee, 0xee, 0xec,
  0xcc, 0xcc, 0xcb, 0xbb, 0xbb, 0xbb, 0xbb, 0xbb, 0xbc, 0xcc, 0xcc, 0xcc, 0xcc, 0xcc, 0xcc, 0xcb,
  0xbb, 0xba, 0xaa, 0xaa, 0xaa, 0xaa, 0xaa, 0xaa, 0xbb, 0xbb, 0xbb, 0xbb, 0xbb, 0xbb, 0xba, 0xaa,
  0xaa, 0x99, 0x99, 0x99, 0x99, 0x99, 0x9a, 0xaa, 0xaa, 0xab, 0xbb, 0xbb, 0xaa, 0xaa, 0x99, 0x98,
  0x88, 0x88, 0x88, 0x88, 0x88, 0x88, 0x50, 0x09, 0x9a, 0xaa, 0x99, 0x99, 0x99, 0x88, 0x77, 0x77,
  0x76, 0x66, 0x66, 0x66, 0x77, 0x77, 0x78, 0x88, 0x88, 0x88, 0x88, 0x88, 0x77, 0x76, 0x66, 0x66,
  0x66, 0x66, 0x66, 0x66, 0x66, 0x66, 0x66, 0x66, 0x66, 0x66, 0x66, 0x66, 0x66, 0x66, 0x66, 0x66,
  0x66, 0x66, 0x66, 0x66, 0x66, 0x66, 0x66, 0x66, 0x66, 0x66, 0x66, 0x66, 0x66, 0x66, 0x66, 0x66,
  0x66, 0x66, 0x66, 0x66, 0x66, 0x66, 0x66, 0x66, 0x66, 0x66, 0x66, 0x66, 0x66, 0x66, 0x65, 0x55,
  0x55, 0x55, 0x55, 0x55, 0x55, 0x55, 0x55, 0x55, 0x45, 0x44, 0x44, 0x44, 0x44, 0x44, 0x44, 0x44,
  0xee, 0xef, 0xff, 0xff, 0xfe, 0xee, 0xee, 0xee, 0xee, 0xee, 0xed, 0xde, 0xee, 0xee, 0xee, 0xee,
  0xee, 0xee, 0xee, 0xee, 0xee, 0xed, 0xcc, 0xcc, 0xcc, 0xcc, 0xcc, 0xcc, 0xcc, 0xcc, 0xcc, 0xde,
  0xee, 0xee, 0xed, 0xdc, 0xcc, 0xcc, 0xbb, 0xbb, 0xbb, 0xbb, 0xbb, 0xbb, 0xbb, 0xcc, 0xcc, 0xcc,
  0xcc, 0xcc, 0xcc, 0xcb, 0xbb, 0xba, 0xaa, 0xaa, 0xaa, 0xaa, 0xaa, 0xab, 0xbb, 0xbb, 0xbb, 0xbb,
  0xbb, 0xbb, 0xba, 0xaa, 0xa9, 0x99, 0x99, 0x99, 0x99, 0x99, 0x9a, 0xaa, 0xaa, 0xab, 0xbb, 0xba,
  0xaa, 0xa9, 0x99, 0x88, 0x88, 0x88, 0x77, 0x78, 0x88, 0x88, 0x50, 0x09, 0x9a, 0xa9, 0x99, 0x99,
  0x98, 0x87, 0x77, 0x77, 0x66, 0x66, 0x66, 0x66, 0x77, 0x77, 0x88, 0x88, 0x88, 0x88, 0x88, 0x77,
  0x77, 0x66, 0x66, 0x66, 0x66, 0x55, 0x55, 0x55, 0x55, 0x55, 0x55, 0x55, 0x55, 0x55, 0x55, 0x55,
  0x55, 0x55, 0x55, 0x55, 0x55, 0x55, 0x55, 0x55, 0x55, 0x55, 0x55, 0x55, 0x55, 0x55, 0x55, 0x55,
  0x56, 0x55, 0x66, 0x65, 0x66, 0x66, 0x66, 0x66, 0x66, 0x66, 0x66, 0x66, 0x66, 0x66, 0x66, 0x66,
  0x66, 0x66, 0x66, 0x55, 0x55, 0x55, 0x55, 0x55, 0x55, 0x55, 0x55, 0x55, 0x55, 0x55, 0x55, 0x44,
  0x44, 0x44, 0x44, 0x44, 0xee, 0xef, 0xff, 0xff, 0xee, 0xee, 0xee, 0xee, 0xee, 0xee, 0xed, 0xde,
  0xee, 0xee, 0xee, 0xee, 0xee, 0xee, 0xee, 0xee, 0xee, 0xed, 0xcc, 0xcc, 0xcc, 0xcc, 0xcc, 0xcc,
  0xcc, 0xcc, 0xcd, 0xee, 0xee, 0xee, 0xed, 0xcc, 0xcc, 0xcc, 0xbb, 0xbb, 0xbb, 0xbb, 0xbb, 0xbb,
  0xcc, 0xcc, 0xcc, 0xcc, 0xcc, 0xcc, 0xcc, 0xbb, 0xbb, 0xba, 0xaa, 0xaa, 0xaa, 0xaa, 0xaa, 0xab,
  0xbb, 0xbb, 0xbb, 0xbb, 0xbb, 0xbb, 0xaa, 0xaa, 0xa9, 0x99, 0x99, 0x99, 0x99, 0x99, 0x9a, 0xaa,
  0xaa, 0xbb, 0xbb, 0xaa, 0xaa, 0xa9, 0x99, 0x88, 0x88, 0x88, 0x77, 0x78, 0x88, 0x88, 0x50, 0x09,
  0xaa, 0xa9, 0x99, 0x99, 0x98, 0x87, 0x77, 0x76, 0x66, 0x66, 0x66, 0x67, 0x77, 0x78, 0x88, 0x88,
  0x88, 0x88, 0x88, 0x77, 0x77, 0x66, 0x66, 0x66, 0x55, 0x55, 0x55, 0x55, 0x55, 0x55, 0x55, 0x55,
  0x55, 0x55, 0x55, 0x55, 0x55, 0x55, 0x55, 0x55, 0x55, 0x55, 0x55, 0x55, 0x55, 0x55, 0x55, 0x55,
  0x55, 0x55, 0x55, 0x55, 0x55, 0x55, 0x55, 0x55, 0x55, 0x55, 0x55, 0x55, 0x55, 0x55, 0x55, 0x55,
  0x55, 0x55, 0x55, 0x55, 0x66, 0x55, 0x55, 0x55, 0x55, 0x55, 0x55, 0x55, 0x55, 0x55, 0x55, 0x55,
  0x55, 0x55, 0x55, 0x55, 0x55, 0x55, 0x54, 0x44, 0xee, 0xff, 0xff, 0xff, 0xee, 0xee, 0xee, 0xee,
  0xee, 0xee, 0xed, 0xdd, 0xee, 0xee, 0xee, 0xee, 0xee, 0xee, 0xee, 0xee, 0xee, 0xdc, 0xcc, 0xcc,
  0xcc, 0xcc, 0xcc, 0xcc, 0xcc, 0xcc, 0xcd, 0xee, 0xee, 0xee, 0xed, 0xcc, 0xcc, 0xcb, 0xbb, 0xbb,
  0xbb, 0xbb, 0xbb, 0xbb, 0xcc, 0xcc, 0xcc, 0xcc, 0xcc, 0xcc, 0xcb, 0xbb, 0xbb, 0xaa, 0xaa, 0xaa,
  0xaa, 0xaa, 0xaa, 0xbb, 0xbb, 0xbb, 0xbb, 0xbb, 0xbb, 0xbb, 0xaa, 0xaa, 0x99, 0x99, 0x99, 0x99,
  0x99, 0x99, 0xaa, 0xaa, 0xaa, 0xbb, 0xbb, 0xaa, 0xaa, 0xa9, 0x99, 0x88, 0x88, 0x88, 0x77, 0x88,
  0x88, 0x89, 0x50, 0x0a, 0x99, 0xa9, 0x99, 0x99, 0x88, 0x77, 0x77, 0x76, 0x66, 0x66, 0x66, 0x67,
  0x77, 0x78, 0x88, 0x88, 0x88, 0x88, 0x88, 0x77, 0x76, 0x66, 0x66, 0x65, 0x55, 0x55, 0x55, 0x55,
  0x55, 0x55, 0x55, 0x55, 0x55, 0x55, 0x55, 0x55, 0x55, 0x55, 0x55, 0x55, 0x55, 0x55, 0x55, 0x55,
  0x55, 0x55, 0x55, 0x55, 0x55, 0x55, 0x55, 0x55, 0x55, 0x55, 0x55, 0x55, 0x55, 0x55, 0x55, 0x55,
  0x55, 0x55, 0x55, 0x55, 0x55, 0x55, 0x55, 0x55, 0x55, 0x55, 0x55, 0x55, 0x55, 0x55, 0x55, 0x55,
  0x55, 0x55, 0x55, 0x55, 0x55, 0x55, 0x55, 0x55, 0x55, 0x55, 0x55, 0x44, 0xee, 0xff, 0xff, 0xfe,
  0xee, 0xee, 0xee, 0xee, 0xee, 0xee, 0xee, 0xde, 0xee, 0xee, 0xee, 0xee, 0xee, 0xee, 0xee, 0xee,
  0xee, 0xdc, 0xcc, 0xcc, 0xcc, 0xcc, 0xcc, 0xcc, 0xcc, 0xcc, 0xcd, 0xee, 0xee, 0xed, 0xdc, 0xcc,
  0xcc, 0xbb, 0xbb, 0xbb, 0xbb, 0xbb, 0xbb, 0xbb, 0xcc, 0xcc, 0xcc, 0xcc, 0xcc, 0xcc, 0xcb, 0xbb,
  0xba, 0xaa, 0xaa, 0xaa, 0xaa, 0xaa, 0xaa, 0xbb, 0xbb, 0xbb, 0xbb, 0xbb, 0xbb, 0xbb, 0xaa, 0xaa,
  0x99, 0x99, 0x99, 0x99, 0x99, 0x99, 0xaa, 0xaa, 0xab, 0xbb, 0xba, 0xaa, 0xaa, 0x99, 0x99, 0x88,
  0x88, 0x88, 0x78, 0x88, 0x88, 0x89, 0x50, 0x0a, 0x99, 0x99, 0x99, 0x98, 0x88, 0x77, 0x77, 0x66,
  0x66, 0x66, 0x66, 0x67, 0x77, 0x88, 0x88, 0x88, 0x88, 0x88, 0x87, 0x77, 0x66, 0x66, 0x66, 0x65,
  0x55, 0x55, 0x55, 0x55, 0x55, 0x55, 0x55, 0x55, 0x55, 0x55, 0x55, 0x55, 0x55, 0x55, 0x55, 0x55,
  0x55, 0x55, 0x55, 0x55, 0x55, 0x55, 0x55, 0x55, 0x55, 0x55, 0x55, 0x55, 0x55, 0x55, 0x55, 0x55,
  0x55, 0x55, 0x55, 0x55, 0x55, 0x55, 0x55, 0x55, 0x55, 0x55, 0x55, 0x55, 0x55, 0x55, 0x55, 0x55,
  0x55, 0x55, 0x55, 0x55, 0x55, 0x55, 0x55, 0x55, 0x55, 0x55, 0x55, 0x55, 0x55, 0x55, 0x55, 0x55,
  0xef, 0xfe, 0xee, 0xee, 0xee, 0xee, 0xee, 0xee, 0xde, 0xdd, 0xdc, 0xde, 0xee, 0xee, 0xee, 0xee,
  0xee, 0xee, 0xee, 0xee, 0xed, 0xcc, 0xcc, 0xcc, 0xcc, 0xcc, 0xcc, 0xcc, 0xcc, 0xcc, 0xde, 0xee,
  0xee, 0xdc, 0xcc, 0xcc, 0xcc, 0xbb, 0xbb, 0xbb, 0xbb, 0xbb, 0xbb, 0xbc, 0xcc, 0xcc, 0xcc, 0xcc,
  0xcc, 0xcc, 0xcb, 0xbb, 0xba, 0xaa, 0xaa, 0xaa, 0xaa, 0xaa, 0xab, 0xbb, 0xbb, 0xbb, 0xbb, 0xbb,
  0xbb, 0xba, 0xaa, 0xa9, 0x99, 0x99, 0x99, 0x99, 0x99, 0x99, 0xaa, 0xaa, 0xab, 0xbb, 0xaa, 0xaa,
  0xaa, 0x99, 0x88, 0x88, 0x88, 0x77, 0x78, 0x88, 0x88, 0x99, 0x50, 0x09, 0x99, 0x99, 0x99, 0x98,
  0x88, 0x77, 0x77, 0x66, 0x66, 0x66, 0x66, 0x77, 0x77, 0x88, 0x88, 0x88, 0x88, 0x88, 0x77, 0x77,
  0x66, 0x66, 0x66, 0x65, 0x55, 0x55, 0x55, 0x55, 0x55, 0x55, 0x55, 0x55, 0x55, 0x55, 0x55, 0x55,
  0x55, 0x55, 0x55, 0x55, 0x55, 0x55, 0x55, 0x55, 0x55, 0x55, 0x55, 0x55, 0x55, 0x55, 0x55, 0x55,
  0x55, 0x55, 0x55, 0x55, 0x55, 0x55, 0x55, 0x55, 0x55, 0x55, 0x55, 0x55, 0x55, 0x55, 0x55, 0x55,
  0x55, 0x55, 0x55, 0x55, 0x55, 0x55, 0x55, 0x55, 0x55, 0x55, 0x55, 0x55, 0x55, 0x55, 0x55, 0x55,
  0x55, 0x55, 0x55, 0x55, 0xff, 0xee, 0xee, 0xee, 0xee, 0xee, 0xee, 0xee, 0xdd, 0xdc, 0xcc, 0xee,
  0xee, 0xee, 0xee, 0xee, 0xee, 0xee, 0xee, 0xee, 0xed, 0xcc, 0xcc, 0xcc, 0xcc, 0xcc, 0xcc, 0xcc,
  0xcc, 0xcc, 0xee, 0xee, 0xee, 0xdc, 0xcc, 0xcc, 0xcb, 0xbb, 0xbb, 0xbb, 0xbb, 0xbb, 0xbb, 0xbb,
  0xcc, 0xcc, 0xcc, 0xcc, 0xcc, 0xcb, 0xbb, 0xba, 0xaa, 0xaa, 0xaa, 0xaa, 0xaa, 0xaa, 0xab, 0xbb,
  0xbb, 0xbb, 0xbb, 0xbb, 0xbb, 0xaa, 0xaa, 0x99, 0x99, 0x99, 0x99, 0x99, 0x99, 0x99, 0xaa, 0xaa,
  0xab, 0xba, 0xaa, 0xaa, 0xa9, 0x99, 0x88, 0x88, 0x77, 0x77, 0x78, 0x88, 0x88, 0x99, 0x50, 0x09,
  0x99, 0x99, 0x99, 0x88, 0x88, 0x77, 0x76, 0x66, 0x66, 0x66, 0x66, 0x77, 0x77, 0x88, 0x88, 0x88,
  0x88, 0x87, 0x77, 0x76, 0x66, 0x66, 0x65, 0x55, 0x55, 0x55, 0x55, 0x55, 0x55, 0x55, 0x55, 0x55,
  0x55, 0x55, 0x55, 0x55, 0x55, 0x55, 0x55, 0x55, 0x55, 0x55, 0x55, 0x55, 0x44, 0x44, 0x44, 0x44,
  0x44, 0x44, 0x44, 0x44, 0x44, 0x44, 0x44, 0x44, 0x44, 0x44, 0x44, 0x44, 0x44, 0x44, 0x44, 0x44,
  0x44, 0x44, 0x44, 0x44, 0x45, 0x55, 0x45, 0x55, 0x55, 0x55, 0x55, 0x55, 0x55, 0x55, 0x55, 0x55,
  0x55, 0x55, 0x55, 0x55, 0x55, 0x55, 0x55, 0x55, 0xee, 0xef, 0xee, 0xee, 0xee, 0xee, 0xee, 0xee,
  0xed, 0xcc, 0xcd, 0xee, 0xee, 0xee, 0xee, 0xee, 0xee, 0xee, 0xee, 0xee, 0xec, 0xcc, 0xcc, 0xcc,
  0xcc, 0xcc, 0xcc, 0xcc, 0xcc, 0xcd, 0xee, 0xee, 0xee, 0xcc, 0xcc, 0xcc, 0xcb, 0xbb, 0xbb, 0xbb,
  0xbb, 0xbb, 0xbb, 0xcc, 0xcc, 0xcc, 0xcc, 0xcc, 0xcc, 0xcb, 0xbb, 0xba, 0xaa, 0xaa, 0xaa, 0xaa,
  0xaa, 0xaa, 0xab, 0xbb, 0xbb, 0xbb, 0xbb, 0xbb, 0xba, 0xaa, 0xaa, 0x99, 0x99, 0x99, 0x99, 0x99,
  0x99, 0x99, 0xaa, 0xaa, 0xbb, 0xba, 0xaa, 0xaa, 0x99, 0x98, 0x88, 0x88, 0x77, 0x77, 0x78, 0x88,
  0x88, 0x99, 0x50, 0x09, 0x99, 0x99, 0x98, 0x88, 0x87, 0x76, 0x66, 0x66, 0x66, 0x66, 0x67, 0x77,
  0x78, 0x88, 0x88, 0x88, 0x88, 0x87, 0x77, 0x76, 0x66, 0x66, 0x55, 0x55, 0x55, 0x55, 0x55, 0x55,
  0x55, 0x55, 0x55, 0x55, 0x55, 0x55, 0x55, 0x55, 0x55, 0x55, 0x55, 0x55, 0x55, 0x55, 0x55, 0x44,
  0x44, 0x44, 0x44, 0x44, 0x44, 0x44, 0x44, 0x44, 0x44, 0x44, 0x44, 0x44, 0x44, 0x44, 0x44, 0x44,
  0x44, 0x44, 0x44, 0x44, 0x44, 0x44, 0x44, 0x44, 0x44, 0x44, 0x44, 0x44, 0x44, 0x44, 0x44, 0x44,
  0x44, 0x44, 0x44, 0x55, 0x55, 0x55, 0x55, 0x55, 0x55, 0x55, 0x55, 0x55, 0xee, 0xee, 0xee, 0xee,
  0xee, 0xee, 0xee, 0xed, 0xdc, 0xcc, 0xcd, 0xde, 0xee, 0xee, 0xee, 0xee, 0xee, 0xee, 0xee, 0xee,
  0xdc, 0xcc, 0xcc, 0xcc, 0xcc, 0xcc, 0xcc, 0xcc, 0xcc, 0xce, 0xee, 0xee, 0xed, 0xcc, 0xcc, 0xcc,
  0xbb, 0xbb, 0xbb, 0xbb, 0xbb, 0xbb, 0xbb, 0xcc, 0xcc, 0xcc, 0xcc, 0xcc, 0xcc, 0xbb, 0xbb, 0xba,
  0xaa, 0xaa, 0xaa, 0xaa, 0xaa, 0xaa, 0xab, 0xbb, 0xbb, 0xbb, 0xbb, 0xbb, 0xba, 0xaa, 0xaa, 0x99,
  0x99, 0x99, 0x99, 0x99, 0x99, 0x9a, 0xaa, 0xaa, 0xaa, 0xaa, 0xaa, 0xa9, 0x99, 0x88, 0x88, 0x87,
  0x77, 0x77, 0x88, 0x88, 0x88, 0x99, 0x50, 0x09, 0x99, 0x99, 0x88, 0x88, 0x77, 0x76, 0x66, 0x66,
  0x66, 0x66, 0x67, 0x77, 0x78, 0x88, 0x88, 0x88, 0x88, 0x77, 0x77, 0x66, 0x66, 0x65, 0x55, 0x55,
  0x55, 0x55, 0x55, 0x55, 0x55, 0x55, 0x55, 0x55, 0x55, 0x55, 0x55, 0x55, 0x55, 0x55, 0x55, 0x55,
  0x55, 0x55, 0x54, 0x44, 0x44, 0x44, 0x44, 0x44, 0x44, 0x44, 0x44, 0x44, 0x44, 0x44, 0x44, 0x44,
  0x44, 0x44, 0x44, 0x44, 0x44, 0x44, 0x44, 0x44, 0x44, 0x44, 0x44, 0x44, 0x44, 0x44, 0x44, 0x44,
  0x44, 0x44, 0x44, 0x44, 0x44, 0x44, 0x44, 0x44, 0x44, 0x44, 0x44, 0x44, 0x44, 0x44, 0x44, 0x54,
  0xee, 0xee, 0xee, 0xee, 0xee, 0xee, 0xee, 0xed, 0xcc, 0xcc, 0xdd, 0xde, 0xee, 0xee, 0xee, 0xee,
  0xee, 0xee, 0xee, 0xee, 0xcc, 0xcc, 0xcc, 0xcc, 0xcc, 0xcc, 0xcc, 0xcc, 0xcc, 0xde, 0xee, 0xee,
  0xec, 0xcc, 0xcc, 0xcb, 0xbb, 0xbb, 0xbb, 0xbb, 0xbb, 0xbb, 0xbb, 0xcc, 0xcc, 0xcc, 0xcc, 0xcc,
  0xcc, 0xbb, 0xbb, 0xba, 0xaa, 0xaa, 0xaa, 0xaa, 0xaa, 0xaa, 0xab, 0xbb, 0xbb, 0xbb, 0xbb, 0xbb,
  0xba, 0xaa, 0xa9, 0x99, 0x99, 0x99, 0x99, 0x99, 0x99, 0xaa, 0xaa, 0xaa, 0xaa, 0xaa, 0xaa, 0xa9,
  0x99, 0x88, 0x88, 0x77, 0x77, 0x77, 0x88, 0x88, 0x88, 0x99, 0x50, 0x09, 0x99, 0x99, 0x88, 0x87,
  0x77, 0x76, 0x66, 0x66, 0x66, 0x66, 0x77, 0x77, 0x78, 0x88, 0x88, 0x88, 0x88, 0x77, 0x76, 0x66,
  0x66, 0x65, 0x55, 0x55, 0x55, 0x55, 0x55, 0x55, 0x55, 0x55, 0x55, 0x55, 0x55, 0x55, 0x55, 0x55,
  0x55, 0x55, 0x55, 0x55, 0x55, 0x55, 0x54, 0x44, 0x44, 0x44, 0x44, 0x44, 0x44, 0x44, 0x44, 0x44,
  0x44, 0x44, 0x44, 0x44, 0x44, 0x44, 0x44, 0x44, 0x44, 0x44, 0x44, 0x44, 0x44, 0x44, 0x44, 0x44,
  0x44, 0x44, 0x44, 0x44, 0x44, 0x44, 0x44, 0x44, 0x44, 0x44, 0x44, 0x44, 0x44, 0x44, 0x44, 0x44,
  0x44, 0x44, 0x44, 0x44, 0xee, 0xee, 0xee, 0xee, 0xee, 0xee, 0xee, 0xdd, 0xcc, 0xcc, 0xde, 0xee,
  0xee, 0xee, 0xee, 0xee, 0xee, 0xee, 0xee, 0xdd, 0xcc, 0xcc, 0xcc, 0xcc, 0xcc, 0xcc, 0xcc, 0xcc,
  0xcc, 0xee, 0xee, 0xee, 0xdc, 0xcc, 0xcc, 0xcb, 0xbb, 0xbb, 0xbb, 0xbb, 0xbb, 0xbb, 0xbb, 0xcc,
  0xcc, 0xcc, 0xcc, 0xcc, 0xcb, 0xbb, 0xbb, 0xaa, 0xaa, 0xaa, 0xaa, 0xaa, 0xaa, 0xaa, 0xbb, 0xbb,
  0xbb, 0xbb, 0xbb, 0xbb, 0xaa, 0xaa, 0x99, 0x99, 0x99, 0x99, 0x89, 0x99, 0x99, 0xaa, 0xaa, 0xaa,
  0xaa, 0xaa, 0xaa, 0xa9, 0x98, 0x88, 0x87, 0x77, 0x77, 0x77, 0x88, 0x88, 0x89, 0x99, 0x50, 0x09,
  0x99, 0x98, 0x88, 0x87, 0x77, 0x66, 0x66, 0x66, 0x66, 0x66, 0x77, 0x77, 0x78, 0x88, 0x88, 0x88,
  0x87, 0x77, 0x66, 0x66, 0x66, 0x65, 0x55, 0x55, 0x55, 0x55, 0x55, 0x56, 0x66, 0x66, 0x66, 0x66,
  0x65, 0x55, 0x55, 0x55, 0x55, 0x55, 0x55, 0x55, 0x55, 0x55, 0x54, 0x44, 0x44, 0x44, 0x44, 0x44,
  0x44, 0x44, 0x44, 0x44, 0x44, 0x44, 0x44, 0x44, 0x44, 0x44, 0x44, 0x44, 0x44, 0x44, 0x44, 0x44,
  0x44, 0x44, 0x44, 0x44, 0x44, 0x44, 0x44, 0x44, 0x44, 0x44, 0x44, 0x44, 0x44, 0x44, 0x44, 0x44,
  0x44, 0x44, 0x44, 0x44, 0x44, 0x44, 0x44, 0x44, 0xee, 0xee, 0xee, 0xee, 0xee, 0xee, 0xed, 0xcc,
  0xcc, 0xcc, 0xdd, 0xee, 0xee, 0xee, 0xee, 0xee, 0xee, 0xee, 0xee, 0xdc, 0xcc, 0xcc, 0xcc, 0xcc,
  0xcc, 0xcc, 0xcc, 0xcc, 0xcd, 0xde, 0xee, 0xed, 0xcc, 0xcc, 0xcc, 0xbb, 0xbb, 0xbb, 0xbb, 0xbb,
  0xbb, 0xbb, 0xcc, 0xcc, 0xcc, 0xcc, 0xcc, 0xcc, 0xcb, 0xbb, 0xba, 0xaa, 0xaa, 0xaa, 0xaa, 0xaa,
  0xaa, 0xab, 0xbb, 0xbb, 0xbb, 0xbb, 0xbb, 0xbb, 0xaa, 0xaa, 0x99, 0x99, 0x99, 0x88, 0x89, 0x99,
  0x99, 0xaa, 0xaa, 0xaa, 0xaa, 0xaa, 0xaa, 0x99, 0x98, 0x88, 0x87, 0x77, 0x77, 0x77, 0x88, 0x88,
  0x99, 0x99, 0x50, 0x09, 0x99, 0x98, 0x88, 0x77, 0x77, 0x66, 0x66, 0x66, 0x66, 0x66, 0x77, 0x77,
  0x88, 0x88, 0x88, 0x88, 0x87, 0x77, 0x66, 0x66, 0x66, 0x55, 0x55, 0x55, 0x55, 0x56, 0x66, 0x66,
  0x66, 0x66, 0x66, 0x66, 0x66, 0x65, 0x55, 0x55, 0x55, 0x55, 0x55, 0x55, 0x55, 0x55, 0x55, 0x55,
  0x44, 0x44, 0x44, 0x44, 0x44, 0x44, 0x44, 0x44, 0x44, 0x44, 0x44, 0x44, 0x44, 0x44, 0x44, 0x44,
  0x44, 0x44, 0x44, 0x44, 0x44, 0x44, 0x44, 0x44, 0x44, 0x44, 0x44, 0x44, 0x44, 0x44, 0x44, 0x44,
  0x44, 0x44, 0x44, 0x44, 0x44, 0x44, 0x44, 0x44, 0x44, 0x44, 0x44, 0x44, 0xee, 0xee, 0xee, 0xee,
  0xee, 0xee, 0xdc, 0xcc, 0xcc, 0xdd, 0xcd, 0xee, 0xee, 0xee, 0xee, 0xee, 0xee, 0xee, 0xed, 0xcc,
  0xcc, 0xcc, 0xcc, 0xcc, 0xcc, 0xcc, 0xcc, 0xcc, 0xcd, 0xee, 0xee, 0xec, 0xcc, 0xcc, 0xcc, 0xbb,
  0xbb, 0xbb, 0xbb, 0xbb, 0xbb, 0xbb, 0xbc, 0xcc, 0xcc, 0xcc, 0xcc, 0xcc, 0xbb, 0xbb, 0xba, 0xaa,
  0xaa, 0xaa, 0xaa, 0xaa, 0xaa, 0xab, 0xbb, 0xbb, 0xbb, 0xbb, 0xbb, 0xba, 0xaa, 0xaa, 0x99, 0x99,
  0x99, 0x89, 0x99, 0x99, 0x9a, 0xaa, 0xaa, 0xaa, 0xaa, 0xaa, 0xaa, 0x98, 0x88, 0x88, 0x77, 0x77,
  0x77, 0x77, 0x88, 0x88, 0x89, 0x99, 0x50, 0x09, 0x99, 0x88, 0x88, 0x77, 0x76, 0x66, 0x66, 0x66,
  0x66, 0x66, 0x77, 0x77, 0x88, 0x88, 0x88, 0x87, 0x77, 0x76, 0x66, 0x66, 0x65, 0x55, 0x55, 0x55,
  0x55, 0x66, 0x66, 0x66, 0x66, 0x66, 0x66, 0x66, 0x66, 0x66, 0x66, 0x55, 0x55, 0x55, 0x55, 0x55,
  0x55, 0x55, 0x55, 0x55, 0x55, 0x55, 0x44, 0x44, 0x44, 0x44, 0x44, 0x44, 0x44, 0x44, 0x44, 0x44,
  0x44, 0x44, 0x44, 0x44, 0x44, 0x44, 0x44, 0x44, 0x44, 0x43, 0x33, 0x33, 0x33, 0x33, 0x33, 0x33,
  0x33, 0x33, 0x33, 0x33, 0x33, 0x33, 0x33, 0x43, 0x33, 0x44, 0x34, 0x44, 0x44, 0x44, 0x44, 0x44,
  0xee, 0xee, 0xee, 0xee, 0xee, 0xee, 0xcc, 0xcc, 0xcc, 0xcc, 0xce, 0xee, 0xee, 0xee, 0xee, 0xee,
  0xee, 0xee, 0xec, 0xcc, 0xcc, 0xcc, 0xcc, 0xcb, 0xcc, 0xcc, 0xcc, 0xcc, 0xcd, 0xee, 0xee, 0xdc,
  0xcc, 0xcc, 0xcb, 0xbb, 0xbb, 0xbb, 0xbb, 0xbb, 0xbb, 0xbb, 0xcc, 0xcc, 0xcc, 0xcc, 0xcc, 0xcb,
  0xbb, 0xbb, 0xaa, 0xaa, 0xaa, 0xaa, 0xaa, 0xaa, 0xaa, 0xab, 0xbb, 0xbb, 0xbb, 0xbb, 0xbb, 0xba,
  0xaa, 0xa9, 0x99, 0x98, 0x98, 0x89, 0x89, 0x99, 0xaa, 0xaa, 0xaa, 0xaa, 0xaa, 0xaa, 0xa9, 0x98,
  0x88, 0x88, 0x77, 0x77, 0x77, 0x78, 0x88, 0x88, 0x99, 0x99, 0x50, 0x09, 0x99, 0x88, 0x87, 0x77,
  0x66, 0x66, 0x66, 0x66, 0x66, 0x67, 0x77, 0x77, 0x88, 0x88, 0x88, 0x87, 0x77, 0x76, 0x66, 0x66,
  0x55, 0x55, 0x55, 0x55, 0x56, 0x66, 0x66, 0x66, 0x66, 0x66, 0x66, 0x66, 0x66, 0x66, 0x66, 0x66,
  0x66, 0x55, 0x55, 0x55, 0x55, 0x55, 0x55, 0x55, 0x55, 0x55, 0x55, 0x44, 0x44, 0x44, 0x44, 0x44,
  0x44, 0x44, 0x44, 0x44, 0x44, 0x44, 0x44, 0x44, 0x44, 0x44, 0x44, 0x44, 0x44, 0x43, 0x33, 0x33,
  0x33, 0x33, 0x33, 0x33, 0x33, 0x33, 0x33, 0x33, 0x33, 0x33, 0x33, 0x33, 0x33, 0x33, 0x33, 0x33,
  0x33, 0x33, 0x33, 0x33, 0xee, 0xee, 0xee, 0xee, 0xee, 0xed, 0xcc, 0xcc, 0xcc, 0xcc, 0xde, 0xee,
  0xee, 0xee, 0xee, 0xee, 0xee, 0xee, 0xdc, 0xcc, 0xcc, 0xcc, 0xcc, 0xcb, 0xcc, 0xcc, 0xcc, 0xcc,
  0xdd, 0xee, 0xee, 0xcc, 0xcc, 0xcc, 0xcb, 0xbb, 0xbb, 0xbb, 0xbb, 0xbb, 0xbb, 0xbb, 0xcc, 0xcc,
  0xcc, 0xcc, 0xcc, 0xcb, 0xbb, 0xba, 0xaa, 0xaa, 0xaa, 0xaa, 0xaa, 0xaa, 0xaa, 0xbb, 0xbb, 0xbb,
  0xbb, 0xbb, 0xbb, 0xaa, 0xaa, 0x99, 0x99, 0x98, 0x88, 0x88, 0x99, 0x9a, 0xaa, 0xaa, 0xaa, 0xaa,
  0xaa, 0xaa, 0xa9, 0x88, 0x88, 0x87, 0x77, 0x77, 0x77, 0x78, 0x88, 0x88, 0x99, 0x99, 0x50, 0x09,
  0x99, 0x88, 0x77, 0x77, 0x66, 0x66, 0x66, 0x66, 0x66, 0x67, 0x77, 0x78, 0x88, 0x88, 0x88, 0x77,
  0x77, 0x66, 0x66, 0x66, 0x55, 0x55, 0x55, 0x55, 0x56, 0x66, 0x66, 0x66, 0x66, 0x66, 0x66, 0x66,
  0x66, 0x66, 0x66, 0x66, 0x66, 0x66, 0x65, 0x66, 0x55, 0x55, 0x55, 0x55, 0x55, 0x55, 0x55, 0x55,
  0x44, 0x44, 0x44, 0x44, 0x44, 0x44, 0x44, 0x44, 0x44, 0x44, 0x44, 0x44, 0x44, 0x44, 0x44, 0x44,
  0x33, 0x33, 0x33, 0x33, 0x33, 0x33, 0x33, 0x33, 0x33, 0x33, 0x33, 0x33, 0x33, 0x33, 0x33, 0x33,
  0x33, 0x33, 0x33, 0x33, 0x33, 0x33, 0x33, 0x33, 0xee, 0xee, 0xee, 0xee, 0xee, 0xec, 0xcc, 0xcc,
  0xcc, 0xcc, 0xee, 0xee, 0xee, 0xee, 0xee, 0xee, 0xee, 0xed, 0xcc, 0xcc, 0xcc, 0xcc, 0xcc, 0xcb,
  0xcc, 0xcc, 0xcc, 0xcc, 0xcd, 0xee, 0xed, 0xcc, 0xcc, 0xcc, 0xbb, 0xbb, 0xbb, 0xbb, 0xbb, 0xbb,
  0xbb, 0xbc, 0xcc, 0xcc, 0xcc, 0xcc, 0xcc, 0xcb, 0xbb, 0xaa, 0xaa, 0xaa, 0xa9, 0xaa, 0xaa, 0xaa,
  0xaa, 0xbb, 0xbb, 0xbb, 0xbb, 0xbb, 0xbb, 0xaa, 0xa9, 0x99, 0x99, 0x88, 0x88, 0x88, 0x99, 0x9a,
  0xaa, 0xaa, 0xaa, 0xaa, 0xaa, 0xaa, 0x99, 0x88, 0x88, 0x87, 0x77, 0x77, 0x77, 0x87, 0x88, 0x89,
  0x99, 0x99, 0x50, 0x09, 0x98, 0x88, 0x77, 0x76, 0x66, 0x66, 0x66, 0x66, 0x66, 0x77, 0x77, 0x78,
  0x88, 0x88, 0x88, 0x77, 0x76, 0x66, 0x66, 0x66, 0x55, 0x55, 0x55, 0x55, 0x56, 0x66, 0x66, 0x66,
  0x66, 0x67, 0x76, 0x66, 0x66, 0x66, 0x66, 0x66, 0x66, 0x66, 0x66, 0x66, 0x66, 0x55, 0x55, 0x55,
  0x55, 0x55, 0x55, 0x55, 0x55, 0x55, 0x54, 0x44, 0x44, 0x44, 0x44, 0x44, 0x44, 0x44, 0x44, 0x44,
  0x44, 0x44, 0x44, 0x44, 0x33, 0x33, 0x33, 0x33, 0x33, 0x33, 0x33, 0x33, 0x33, 0x33, 0x33, 0x33,
  0x33, 0x33, 0x33, 0x33, 0x33, 0x33, 0x33, 0x33, 0x33, 0x33, 0x33, 0x33, 0xee, 0xee, 0xee, 0xee,
  0xee, 0xdc, 0xcc, 0xcc, 0xcc, 0xcd, 0xee, 0xee, 0xee, 0xee, 0xee, 0xee, 0xee, 0xec, 0xcc, 0xcc,
  0xcc, 0xcc, 0xcc, 0xbb, 0xcc, 0xcc, 0xcc, 0xcc, 0xde, 0xee, 0xed, 0xcc, 0xcc, 0xcb, 0xbb, 0xbb,
  0xbb, 0xbb, 0xbb, 0xbb, 0xbb, 0xbc, 0xcc, 0xcc, 0xcc, 0xcc, 0xcc, 0xbb, 0xba, 0xaa, 0xaa, 0xaa,
  0x99, 0x9a, 0xaa, 0xaa, 0xaa, 0xbb, 0xbb, 0xbb, 0xbb, 0xbb, 0xba, 0xaa, 0x99, 0x99, 0x98, 0x88,
  0x88, 0x89, 0x99, 0x9a, 0xaa, 0xaa, 0xaa, 0xaa, 0xaa, 0xaa, 0x99, 0x88, 0x88, 0x77, 0x77, 0x77,
  0x77, 0x78, 0x88, 0x99, 0x99, 0x99, 0x50, 0x09, 0x88, 0x87, 0x77, 0x66, 0x66, 0x66, 0x66, 0x66,
  0x66, 0x77, 0x77, 0x78, 0x88, 0x88, 0x87, 0x77, 0x76, 0x66, 0x66, 0x65, 0x55, 0x55, 0x55, 0x55,
  0x66, 0x66, 0x66, 0x66, 0x67, 0x77, 0x77, 0x76, 0x66, 0x66, 0x66, 0x66, 0x66, 0x66, 0x66, 0x66,
  0x66, 0x66, 0x55, 0x55, 0x55, 0x55, 0x55, 0x55, 0x55, 0x55, 0x55, 0x54, 0x44, 0x44, 0x44, 0x44,
  0x44, 0x44, 0x44, 0x44, 0x44, 0x44, 0x44, 0x44, 0x43, 0x33, 0x33, 0x33, 0x33, 0x33, 0x33, 0x33,
  0x33, 0x33, 0x33, 0x33, 0x33, 0x33, 0x33, 0x33, 0x33, 0x33, 0x32, 0x22, 0x23, 0x33, 0x22, 0x33,
  0xee, 0xee, 0xee, 0xee, 0xee, 0xcc, 0xcc, 0xcc, 0xcc, 0xde, 0xee, 0xee, 0xee, 0xee, 0xee, 0xee,
  0xee, 0xec, 0xcc, 0xcc, 0xcc, 0xcc, 0xcb, 0xbb, 0xcc, 0xcc, 0xcc, 0xcc, 0xde, 0xee, 0xec, 0xcc,
  0xcc, 0xcb, 0xbb, 0xbb, 0xbb, 0xbb, 0xbb, 0xbb, 0xbb, 0xbc, 0xcc, 0xcc, 0xcc, 0xcc, 0xbb, 0xbb,
  0xba, 0xaa, 0xaa, 0xa9, 0x99, 0xaa, 0xaa, 0xaa, 0xab, 0xbb, 0xbb, 0xbb, 0xbb, 0xbb, 0xba, 0xaa,
  0x99, 0x99, 0x88, 0x88, 0x88, 0x89, 0x99, 0x9a, 0xaa, 0xaa, 0xaa, 0xaa, 0xaa, 0xa9, 0x98, 0x88,
  0x88, 0x77, 0x77, 0x77, 0x77, 0x88, 0x89, 0x99, 0x99, 0x99, 0x50, 0x09, 0x88, 0x87, 0x77, 0x66,
  0x66, 0x66, 0x66, 0x66, 0x67, 0x77, 0x77, 0x88, 0x88, 0x88, 0x87, 0x77, 0x76, 0x66, 0x66, 0x55,
  0x55, 0x55, 0x55, 0x56, 0x66, 0x66, 0x66, 0x66, 0x77, 0x77, 0x77, 0x76, 0x66, 0x66, 0x66, 0x66,
  0x66, 0x66, 0x66, 0x66, 0x66, 0x66, 0x66, 0x66, 0x65, 0x55, 0x55, 0x55, 0x55, 0x55, 0x55, 0x55,
  0x55, 0x44, 0x44, 0x44, 0x44, 0x44, 0x44, 0x44, 0x44, 0x44, 0x44, 0x44, 0x44, 0x44, 0x43, 0x33,
  0x33, 0x33, 0x33, 0x33, 0x33, 0x33, 0x33, 0x33, 0x33, 0x33, 0x33, 0x32, 0x22, 0x22, 0x22, 0x22,
  0x22, 0x22, 0x22, 0x22, 0xee, 0xee, 0xee, 0xee, 0xee, 0xcc, 0xcc, 0xcc, 0xcc, 0xde, 0xee, 0xee,
  0xee, 0xee, 0xee, 0xee, 0xee, 0xcc, 0xcc, 0xcc, 0xcc, 0xbb, 0xbb, 0xbc, 0xcc, 0xcc, 0xcc, 0xcd,
  0xee, 0xed, 0xcc, 0xcc, 0xcc, 0xcb, 0xbb, 0xbb, 0xbb, 0xbb, 0xbb, 0xbb, 0xbb, 0xbc, 0xcc, 0xcc,
  0xcc, 0xcc, 0xbb, 0xbb, 0xba, 0xaa, 0xaa, 0xa9, 0x99, 0xaa, 0xaa, 0xaa, 0xab, 0xbb, 0xbb, 0xbb,
  0xbb, 0xbb, 0xba, 0xaa, 0x99, 0x99, 0x88, 0x88, 0x88, 0x99, 0x99, 0x9a, 0xaa, 0xaa, 0xaa, 0xaa,
  0xaa, 0xa9, 0x98, 0x88, 0x87, 0x77, 0x77, 0x77, 0x77, 0x88, 0x89, 0x99, 0x99, 0x99, 0x50, 0x08,
  0x88, 0x77, 0x76, 0x66, 0x66, 0x66, 0x66, 0x66, 0x67, 0x77, 0x77, 0x88, 0x88, 0x88, 0x77, 0x76,
  0x66, 0x66, 0x66, 0x55, 0x55, 0x55, 0x55, 0x56, 0x66, 0x66, 0x66, 0x67, 0x77, 0x77, 0x77, 0x77,
  0x66, 0x66, 0x66, 0x66, 0x66, 0x66, 0x66, 0x66, 0x66, 0x66, 0x66, 0x66, 0x66, 0x65, 0x55, 0x55,
  0x55, 0x55, 0x55, 0x55, 0x55, 0x55, 0x54, 0x44, 0x44, 0x44, 0x44, 0x44, 0x44, 0x44, 0x44, 0x44,
  0x44, 0x44, 0x44, 0x44, 0x33, 0x33, 0x33, 0x33, 0x33, 0x33, 0x33, 0x33, 0x33, 0x33, 0x23, 0x22,
  0x22, 0x22, 0x22, 0x22, 0x22, 0x22, 0x22, 0x22, 0xee, 0xee, 0xee, 0xee, 0xdc, 0xcc, 0xcc, 0xcc,
  0xcc, 0xee, 0xee, 0xee, 0xee, 0xee, 0xee, 0xee, 0xed, 0xcc, 0xcc, 0xcc, 0xcc, 0xbb, 0xbb, 0xcc,
  0xcc, 0xcc, 0xcc, 0xcd, 0xee, 0xee, 0xcc, 0xcc, 0xcb, 0xbb, 0xbb, 0xbb, 0xba, 0xaa, 0xbb, 0xbb,
  0xbb, 0xcc, 0xcc, 0xcc, 0xcc, 0xcc, 0xbb, 0xbb, 0xaa, 0xaa, 0xaa, 0xa9, 0x9a, 0xaa, 0xaa, 0xaa,
  0xbb, 0xbb, 0xbb, 0xbb, 0xbb, 0xaa, 0xaa, 0xa9, 0x99, 0x98, 0x88, 0x88, 0x88, 0x99, 0x99, 0xaa,
  0xaa, 0xaa, 0xaa, 0xaa, 0xaa, 0x99, 0x88, 0x87, 0x77, 0x77, 0x77, 0x77, 0x77, 0x88, 0x89, 0x99,
  0x99, 0x99, 0x50, 0x08, 0x88, 0x77, 0x76, 0x66, 0x66, 0x66, 0x66, 0x66, 0x67, 0x77, 0x88, 0x88,
  0x88, 0x88, 0x77, 0x76, 0x66, 0x66, 0x65, 0x55, 0x55, 0x55, 0x55, 0x66, 0x66, 0x66, 0x66, 0x77,
  0x77, 0x77, 0x77, 0x76, 0x66, 0x66, 0x66, 0x66, 0x66, 0x66, 0x66, 0x66, 0x66, 0x66, 0x66, 0x66,
  0x66, 0x66, 0x65, 0x55, 0x55, 0x55, 0x55, 0x55, 0x55, 0x55, 0x55, 0x54, 0x55, 0x44, 0x44, 0x44,
  0x44, 0x44, 0x44, 0x44, 0x44, 0x44, 0x44, 0x44, 0x44, 0x43, 0x33, 0x33, 0x33, 0x33, 0x33, 0x33,
  0x33, 0x33, 0x32, 0x22, 0x22, 0x22, 0x22, 0x22, 0x22, 0x22, 0x22, 0x22, 0xee, 0xee, 0xee, 0xee,
  0xcc, 0xcc, 0xcc, 0xcc, 0xcc, 0xee, 0xee, 0xee, 0xee, 0xee, 0xee, 0xee, 0xec, 0xcc, 0xcc, 0xcc,
  0xcb, 0xbb, 0xbb, 0xcc, 0xcc, 0xcc, 0xcc, 0xdd, 0xee, 0xec, 0xcc, 0xcc, 0xcb, 0xbb, 0xbb, 0xbb,
  0xba, 0xbb, 0xbb, 0xbb, 0xbb, 0xcc, 0xcc, 0xcc, 0xcc, 0xcb, 0xbb, 0xbb, 0xaa, 0xaa, 0xaa, 0x99,
  0xaa, 0xaa, 0xaa, 0xaa, 0xbb, 0xbb, 0xbb, 0xbb, 0xbb, 0xaa, 0xaa, 0xa9, 0x99, 0x88, 0x88, 0x88,
  0x88, 0x99, 0x99, 0xaa, 0xaa, 0xaa, 0xaa, 0xaa, 0xa9, 0x98, 0x88, 0x87, 0x77, 0x77, 0x77, 0x77,
  0x78, 0x88, 0x89, 0x99, 0x99, 0x99, 0x50, 0x08, 0x87, 0x77, 0x66, 0x66, 0x66, 0x66, 0x66, 0x66,
  0x77, 0x77, 0x88, 0x88, 0x88, 0x88, 0x77, 0x66, 0x66, 0x66, 0x55, 0x55, 0x55, 0x55, 0x56, 0x66,
  0x66, 0x66, 0x67, 0x77, 0x77, 0x77, 0x76, 0x66, 0x66, 0x66, 0x66, 0x66, 0x66, 0x66, 0x66, 0x66,
  0x66, 0x66, 0x66, 0x66, 0x66, 0x66, 0x66, 0x65, 0x55, 0x55, 0x55, 0x55, 0x55, 0x55, 0x55, 0x55,
  0x55, 0x55, 0x55, 0x55, 0x44, 0x44, 0x44, 0x44, 0x44, 0x44, 0x44, 0x44, 0x44, 0x44, 0x44, 0x43,
  0x33, 0x33, 0x33, 0x33, 0x33, 0x33, 0x33, 0x33, 0x32, 0x22, 0x22, 0x22, 0x22, 0x22, 0x22, 0x22,
  0xee, 0xee, 0xee, 0xed, 0xcc, 0xcc, 0xcc, 0xcc, 0xcd, 0xee, 0xee, 0xee, 0xee, 0xee, 0xee, 0xee,
  0xdc, 0xcc, 0xcc, 0xcc, 0xcb, 0xbb, 0xbc, 0xcc, 0xcc, 0xcc, 0xcc, 0xed, 0xdd, 0xcc, 0xcc, 0xcc,
  0xbb, 0xbb, 0xbb, 0xbb, 0xbb, 0xbb, 0xbb, 0xbb, 0xbb, 0xcc, 0xcc, 0xcc, 0xcc, 0xcb, 0xbb, 0xba,
  0xaa, 0xaa, 0xa9, 0x99, 0xa9, 0xaa, 0xaa, 0xaa, 0xbb, 0xbb, 0xbb, 0xbb, 0xbb, 0xaa, 0xaa, 0x99,
  0x98, 0x88, 0x88, 0x88, 0x89, 0x99, 0x9a, 0xaa, 0xaa, 0xaa, 0xaa, 0xaa, 0xa9, 0x98, 0x88, 0x87,
  0x77, 0x77, 0x77, 0x77, 0x88, 0x88, 0x99, 0x99, 0x99, 0x99, 0x50, 0x08, 0x87, 0x77, 0x66, 0x66,
  0x66, 0x66, 0x66, 0x67, 0x77, 0x78, 0x88, 0x88, 0x88, 0x87, 0x77, 0x66, 0x66, 0x66, 0x55, 0x55,
  0x55, 0x55, 0x56, 0x66, 0x66, 0x66, 0x67, 0x77, 0x77, 0x76, 0x66, 0x66, 0x66, 0x66, 0x66, 0x66,
  0x66, 0x66, 0x66, 0x66, 0x66, 0x66, 0x66, 0x66, 0x66, 0x66, 0x66, 0x66, 0x55, 0x55, 0x55, 0x55,
  0x55, 0x55, 0x55, 0x55, 0x55, 0x55, 0x55, 0x55, 0x54, 0x44, 0x44, 0x44, 0x44, 0x44, 0x44, 0x44,
  0x44, 0x44, 0x44, 0x44, 0x33, 0x33, 0x33, 0x33, 0x33, 0x33, 0x33, 0x33, 0x33, 0x33, 0x22, 0x22,
  0x22, 0x22, 0x22, 0x22, 0xee, 0xee, 0xee, 0xec, 0xcc, 0xcc, 0xcc, 0xcc, 0xde, 0xee, 0xee, 0xee,
  0xee, 0xee, 0xee, 0xee, 0xcc, 0xcc, 0xcc, 0xbb, 0xcb, 0xbb, 0xbc, 0xcc, 0xcc, 0xcc, 0xcd, 0xdc,
  0xcc, 0xcc, 0xcc, 0xcc, 0xbb, 0xbb, 0xbb, 0xbb, 0xab, 0xbb, 0xbb, 0xbb, 0xbb, 0xcc, 0xcc, 0xcc,
  0xcc, 0xcb, 0xbb, 0xba, 0xaa, 0xaa, 0x99, 0x9a, 0xaa, 0xaa, 0xaa, 0xab, 0xbb, 0xbb, 0xbb, 0xbb,
  0xbb, 0xaa, 0xaa, 0x99, 0x98, 0x88, 0x88, 0x88, 0x99, 0x99, 0x9a, 0xaa, 0xaa, 0xaa, 0xaa, 0xaa,
  0x99, 0x88, 0x88, 0x77, 0x77, 0x77, 0x77, 0x77, 0x88, 0x88, 0x99, 0x99, 0x99, 0x99, 0x50, 0x08,
  0x77, 0x76, 0x66, 0x66, 0x66, 0x66, 0x66, 0x67, 0x77, 0x78, 0x88, 0x88, 0x88, 0x77, 0x77, 0x66,
  0x66, 0x66, 0x55, 0x55, 0x55, 0x55, 0x66, 0x66, 0x66, 0x66, 0x77, 0x77, 0x76, 0x66, 0x66, 0x66,
  0x66, 0x66, 0x66, 0x66, 0x66, 0x66, 0x66, 0x66, 0x66, 0x66, 0x66, 0x66, 0x66, 0x66, 0x66, 0x66,
  0x55, 0x55, 0x55, 0x55, 0x55, 0x55, 0x55, 0x55, 0x55, 0x55, 0x55, 0x55, 0x55, 0x54, 0x44, 0x44,
  0x44, 0x44, 0x44, 0x44, 0x44, 0x44, 0x44, 0x44, 0x44, 0x44, 0x43, 0x33, 0x33, 0x33, 0x33, 0x33,
  0x33, 0x33, 0x33, 0x33, 0x22, 0x22, 0x22, 0x22, 0xee, 0xee, 0xee, 0xdc, 0xcc, 0xcc, 0xcc, 0xcc,
  0xed, 0xee, 0xee, 0xee, 0xee, 0xee, 0xee, 0xed, 0xcc, 0xcc, 0xcc, 0xcb, 0xbb, 0xbb, 0xbc, 0xcc,
  0xcc, 0xcc, 0xcd, 0xcc, 0xcc, 0xcc, 0xcc, 0xcc, 0xbb, 0xbb, 0xbb, 0xaa, 0xab, 0xbb, 0xbb, 0xbb,
  0xbc, 0xcc, 0xcc, 0xcc, 0xcc, 0xbb, 0xbb, 0xba, 0xaa, 0xaa, 0x99, 0x9a, 0xaa, 0xaa, 0xaa, 0xbb,
  0xbb, 0xbb, 0xbb, 0xbb, 0xba, 0xaa, 0xa9, 0x98, 0x88, 0x88, 0x88, 0x88, 0x99, 0x99, 0x9a, 0xaa,
  0xaa, 0xaa, 0xaa, 0xa9, 0x99, 0x88, 0x87, 0x77, 0x77, 0x77, 0x77, 0x77, 0x88, 0x88, 0x99, 0x99,
  0x99, 0x99, 0x50, 0x08, 0x77, 0x76, 0x66, 0x66, 0x66, 0x66, 0x66, 0x67, 0x77, 0x78, 0x88, 0x88,
  0x87, 0x77, 0x76, 0x66, 0x66, 0x65, 0x55, 0x55, 0x55, 0x55, 0x66, 0x66, 0x66, 0x66, 0x77, 0x77,
  0x66, 0x66, 0x66, 0x66, 0x66, 0x66, 0x66, 0x66, 0x66, 0x66, 0x66, 0x66, 0x66, 0x66, 0x66, 0x66,
  0x66, 0x66, 0x55, 0x55, 0x55, 0x55, 0x55, 0x55, 0x55, 0x55, 0x55, 0x55, 0x55, 0x55, 0x55, 0x55,
  0x55, 0x55, 0x55, 0x55, 0x44, 0x44, 0x44, 0x44, 0x44, 0x44, 0x44, 0x44, 0x44, 0x44, 0x44, 0x44,
  0x43, 0x33, 0x33, 0x33, 0x33, 0x33, 0x33, 0x33, 0x32, 0x22, 0x22, 0x22, 0xee, 0xee, 0xdc, 0xcc,
  0xcc, 0xcc, 0xcc, 0xcc, 0xdd, 0xee, 0xee, 0xee, 0xee, 0xee, 0xee, 0xed, 0xcc, 0xcc, 0xbb, 0xbb,
  0xbb, 0xbb, 0xcc, 0xcc, 0xcc, 0xcc, 0xdd, 0xcc, 0xcc, 0xcc, 0xcc, 0xbb, 0xbb, 0xbb, 0xaa, 0xaa,
  0xab, 0xbb, 0xbb, 0xbb, 0xcc, 0xcc, 0xcc, 0xcc, 0xcb, 0xbb, 0xbb, 0xaa, 0xaa, 0xa9, 0x99, 0x9a,
  0xaa, 0xaa, 0xaa, 0xbb, 0xbb, 0xbb, 0xbb, 0xbb, 0xaa, 0xaa, 0xa9, 0x98, 0x88, 0x88, 0x88, 0x88,
  0x99, 0x99, 0xaa, 0xaa, 0xaa, 0xaa, 0xaa, 0xa9, 0x98, 0x88, 0x87, 0x77, 0x77, 0x77, 0x77, 0x78,
  0x88, 0x88, 0x99, 0x99, 0x99, 0x98, 0x50, 0x07, 0x77, 0x66, 0x66, 0x66, 0x66, 0x66, 0x66, 0x77,
  0x77, 0x78, 0x88, 0x88, 0x87, 0x77, 0x66, 0x66, 0x66, 0x55, 0x55, 0x55, 0x55, 0x55, 0x66, 0x66,
  0x66, 0x67, 0x77, 0x66, 0x66, 0x66, 0x66, 0x55, 0x55, 0x55, 0x55, 0x55, 0x55, 0x55, 0x55, 0x55,
  0x55, 0x55, 0x55, 0x55, 0x55, 0x55, 0x55, 0x55, 0x55, 0x55, 0x55, 0x55, 0x55, 0x55, 0x55, 0x55,
  0x55, 0x55, 0x55, 0x55, 0x55, 0x55, 0x55, 0x55, 0x55, 0x54, 0x54, 0x44, 0x44, 0x44, 0x44, 0x44,
  0x44, 0x44, 0x44, 0x44, 0x44, 0x44, 0x44, 0x43, 0x33, 0x33, 0x33, 0x33, 0x33, 0x33, 0x32, 0x22,
  0xee, 0xed, 0xcc, 0xcc, 0xcc, 0xcc, 0xcc, 0xcc, 0xde, 0xee, 0xee, 0xee, 0xee, 0xee, 0xee, 0xdc,
  0xcc, 0xcc, 0xbb, 0xbb, 0xbb, 0xbb, 0xcc, 0xcc, 0xcc, 0xcc, 0xcc, 0xcc, 0xcc, 0xcc, 0xcc, 0xbb,
  0xbb, 0xba, 0xaa, 0xaa, 0xaa, 0xbb, 0xbb, 0xbc, 0xcc, 0xcc, 0xcc, 0xcc, 0xbb, 0xbb, 0xba, 0xaa,
  0xaa, 0xa9, 0x99, 0x99, 0xaa, 0xaa, 0xab, 0xbb, 0xbb, 0xbb, 0xbb, 0xbb, 0xaa, 0xaa, 0x99, 0x88,
  0x88, 0x88, 0x88, 0x89, 0x99, 0x99, 0xaa, 0xaa, 0xaa, 0xaa, 0xaa, 0x99, 0x98, 0x88, 0x77, 0x77,
  0x77, 0x77, 0x77, 0x88, 0x88, 0x89, 0x99, 0x99, 0x99, 0x98, 0x50, 0x07, 0x77, 0x66, 0x66, 0x66,
  0x66, 0x66, 0x66, 0x77, 0x77, 0x78, 0x88, 0x88, 0x77, 0x77, 0x66, 0x66, 0x55, 0x55, 0x55, 0x55,
  0x55, 0x56, 0x66, 0x66, 0x66, 0x67, 0x76, 0x66, 0x66, 0x66, 0x65, 0x55, 0x55, 0x55, 0x55, 0x55,
  0x55, 0x55, 0x55, 0x55, 0x55, 0x55, 0x55, 0x55, 0x55, 0x55, 0x55, 0x55, 0x55, 0x55, 0x55, 0x55,
  0x55, 0x55, 0x55, 0x55, 0x55, 0x55, 0x55, 0x55, 0x55, 0x55, 0x55, 0x55, 0x55, 0x55, 0x55, 0x44,
  0x44, 0x44, 0x44, 0x44, 0x44, 0x44, 0x44, 0x44, 0x44, 0x44, 0x44, 0x44, 0x44, 0x33, 0x33, 0x33,
  0x33, 0x33, 0x33, 0x33, 0xee, 0xed, 0xcc, 0xcc, 0xcc, 0xcc, 0xcc, 0xcc, 0xde, 0xee, 0xee, 0xee,
  0xee, 0xee, 0xee, 0xdc, 0xcc, 0xcc, 0xbb, 0xbb, 0xbb, 0xbb, 0xcc, 0xcc, 0xcc, 0xcc, 0xcc, 0xcc,
  0xcc, 0xcc, 0xcc, 0xbb, 0xbb, 0xba, 0xaa, 0xaa, 0xbb, 0xbb, 0xbb, 0xbc, 0xcc, 0xcc, 0xcc, 0xcc,
  0xbb, 0xbb, 0xaa, 0xaa, 0xaa, 0x99, 0x99, 0x99, 0xaa, 0xaa, 0xab, 0xbb, 0xbb, 0xbb, 0xbb, 0xba,
  0xaa, 0xa9, 0x99, 0x88, 0x88, 0x88, 0x88, 0x89, 0x99, 0x9a, 0xaa, 0xaa, 0xaa, 0xaa, 0xaa, 0x99,
  0x88, 0x87, 0x77, 0x77, 0x77, 0x77, 0x77, 0x88, 0x88, 0x89, 0x99, 0x99, 0x99, 0x98, 0x50, 0x07,
  0x76, 0x66, 0x66, 0x66, 0x66, 0x66, 0x66, 0x77, 0x77, 0x88, 0x88, 0x87, 0x77, 0x76, 0x66, 0x66,
  0x55, 0x55, 0x55, 0x55, 0x55, 0x56, 0x66, 0x66, 0x66, 0x66, 0x66, 0x66, 0x66, 0x65, 0x55, 0x55,
  0x55, 0x55, 0x55, 0x55, 0x55, 0x55, 0x55, 0x55, 0x55, 0x55, 0x55, 0x55, 0x55, 0x55, 0x55, 0x55,
  0x55, 0x55, 0x55, 0x55, 0x55, 0x55, 0x55, 0x55, 0x55, 0x55, 0x55, 0x55, 0x55, 0x55, 0x55, 0x55,
  0x55, 0x55, 0x55, 0x55, 0x55, 0x54, 0x44, 0x44, 0x44, 0x44, 0x44, 0x44, 0x44, 0x44, 0x44, 0x44,
  0x44, 0x44, 0x44, 0x44, 0x33, 0x33, 0x33, 0x33, 0xee, 0xdd, 0xcc, 0xcc, 0xcc, 0xcc, 0xcc, 0xcc,
  0xee, 0xee, 0xee, 0xee, 0xee, 0xee, 0xed, 0xcc, 0xcc, 0xcc, 0xbb, 0xbb, 0xbb, 0xbc, 0xcc, 0xcc,
  0xcc, 0xcc, 0xcc, 0xcc, 0xcc, 0xcc, 0xcb, 0xbb, 0xbb, 0xba, 0xaa, 0xaa, 0xab, 0xbb, 0xbb, 0xbc,
  0xcc, 0xcc, 0xcc, 0xcb, 0xbb, 0xbb, 0xaa, 0xaa, 0xa9, 0x99, 0x99, 0x9a, 0xaa, 0xaa, 0xbb, 0xbb,
  0xbb, 0xbb, 0xbb, 0xba, 0xaa, 0x99, 0x98, 0x88, 0x88, 0x88, 0x88, 0x89, 0x99, 0x9a, 0xaa, 0xaa,
  0xaa, 0xaa, 0xaa, 0x99, 0x88, 0x87, 0x77, 0x77, 0x77, 0x77, 0x77, 0x88, 0x88, 0x99, 0x99, 0x99,
  0x99, 0x88, 0x50, 0x07, 0x66, 0x66, 0x66, 0x66, 0x66, 0x66, 0x66, 0x77, 0x77, 0x88, 0x88, 0x87,
  0x77, 0x76, 0x66, 0x66, 0x55, 0x55, 0x55, 0x55, 0x55, 0x66, 0x66, 0x66, 0x66, 0x66, 0x66, 0x66,
  0x66, 0x55, 0x55, 0x55, 0x55, 0x55, 0x55, 0x54, 0x44, 0x44, 0x44, 0x45, 0x55, 0x54, 0x55, 0x55,
  0x55, 0x55, 0x55, 0x55, 0x55, 0x55, 0x55, 0x55, 0x55, 0x55, 0x55, 0x55, 0x55, 0x55, 0x55, 0x55,
  0x55, 0x55, 0x55, 0x55, 0x55, 0x55, 0x55, 0x55, 0x55, 0x55, 0x44, 0x44, 0x44, 0x44, 0x44, 0x44,
  0x44, 0x44, 0x44, 0x44, 0x44, 0x44, 0x44, 0x44, 0x44, 0x33, 0x33, 0x33, 0xee, 0xcc, 0xcc, 0xcc,
  0xcc, 0xcc, 0xcc, 0xcd, 0xee, 0xee, 0xee, 0xee, 0xee, 0xee, 0xdc, 0xcc, 0xcc, 0xcb, 0xbb, 0xbb,
  0xbb, 0xbc, 0xcc, 0xcc, 0xcc, 0xcc, 0xcc, 0xcc, 0xcc, 0xcc, 0xbb, 0xbb, 0xbb, 0xaa, 0xaa, 0xaa,
  0xab, 0xbb, 0xbb, 0xbc, 0xcc, 0xcc, 0xcc, 0xcb, 0xbb, 0xba, 0xaa, 0xaa, 0x99, 0x99, 0x99, 0x9a,
  0xaa, 0xaa, 0xbb, 0xbb, 0xbb, 0xbb, 0xbb, 0xaa, 0xaa, 0x99, 0x98, 0x88, 0x88, 0x88, 0x88, 0x99,
  0x99, 0x9a, 0xaa, 0xaa, 0xaa, 0xaa, 0xa9, 0x98, 0x88, 0x77, 0x77, 0x77, 0x77, 0x77, 0x77, 0x88,
  0x88, 0x99, 0x99, 0x99, 0x99, 0x88, 0x50, 0x07, 0x66, 0x66, 0x66, 0x66, 0x66, 0x66, 0x66, 0x77,
  0x77, 0x88, 0x88, 0x87, 0x77, 0x66, 0x66, 0x65, 0x55, 0x55, 0x55, 0x55, 0x55, 0x66, 0x66, 0x66,
  0x66, 0x66, 0x66, 0x66, 0x65, 0x55, 0x55, 0x55, 0x55, 0x55, 0x55, 0x44, 0x44, 0x44, 0x44, 0x44,
  0x54, 0x44, 0x45, 0x55, 0x55, 0x55, 0x55, 0x55, 0x55, 0x55, 0x55, 0x55, 0x55, 0x55, 0x55, 0x55,
  0x55, 0x55, 0x55, 0x55, 0x55, 0x55, 0x55, 0x55, 0x55, 0x55, 0x55, 0x55, 0x55, 0x55, 0x44, 0x44,
  0x44, 0x44, 0x44, 0x44, 0x44, 0x44, 0x44, 0x44, 0x44, 0x44, 0x44, 0x44, 0x44, 0x43, 0x33, 0x33,
  0xed, 0xcc, 0xcc, 0xcc, 0xcc, 0xcc, 0xcc, 0xde, 0xee, 0xee, 0xee, 0xee, 0xee, 0xee, 0xdc, 0xcc,
  0xcc, 0xbb, 0xbb, 0xbb, 0xbb, 0xbc, 0xcc, 0xcc, 0xcc, 0xcc, 0xcc, 0xcc, 0xcc, 0xcc, 0xbb, 0xbb,
  0xba, 0xaa, 0xaa, 0xaa, 0xbb, 0xbb, 0xbb, 0xbc, 0xcc, 0xcc, 0xcc, 0xbb, 0xbb, 0xba, 0xaa, 0xaa,
  0x99, 0x99, 0x99, 0xaa, 0xaa, 0xaa, 0xbb, 0xbb, 0xbb, 0xbb, 0xba, 0xaa, 0xa9, 0x99, 0x88, 0x88,
  0x88, 0x88, 0x88, 0x99, 0x99, 0xaa, 0xaa, 0xaa, 0xaa, 0xaa, 0x99, 0x98, 0x88, 0x77, 0x77, 0x77,
  0x77, 0x77, 0x78, 0x88, 0x88, 0x99, 0x99, 0x99, 0x98, 0x88, 0x50, 0x06, 0x66, 0x66, 0x66, 0x66,
  0x66, 0x66, 0x67, 0x77, 0x77, 0x88, 0x87, 0x77, 0x76, 0x66, 0x66, 0x55, 0x55, 0x55, 0x55, 0x55,
  0x55, 0x66, 0x66, 0x66, 0x66, 0x66, 0x66, 0x66, 0x55, 0x55, 0x55, 0x54, 0x44, 0x44, 0x44, 0x44,
  0x44, 0x44, 0x44, 0x44, 0x44, 0x44, 0x44, 0x44, 0x44, 0x44, 0x44, 0x44, 0x44, 0x44, 0x44, 0x44,
  0x44, 0x44, 0x44, 0x44, 0x44, 0x44, 0x44, 0x44, 0x44, 0x44, 0x44, 0x44, 0x44, 0x44, 0x44, 0x44,
  0x45, 0x54, 0x44, 0x44, 0x44, 0x44, 0x44, 0x44, 0x44, 0x44, 0x44, 0x44, 0x44, 0x44, 0x44, 0x44,
  0x44, 0x44, 0x44, 0x44, 0xed, 0xcc, 0xcc, 0xcc, 0xcc, 0xcc, 0xcd, 0xee, 0xee, 0xee, 0xee, 0xee,
  0xee, 0xed, 0xcc, 0xcc, 0xcb, 0xbb, 0xbb, 0xbb, 0xbb, 0xbc, 0xcc, 0xcc, 0xcc, 0xcc, 0xcc, 0xcc,
  0xcc, 0xcb, 0xbb, 0xbb, 0xba, 0xaa, 0xaa, 0xaa, 0xbb, 0xbb, 0xbb, 0xcc, 0xcc, 0xcc, 0xcc, 0xbb,
  0xbb, 0xaa, 0xaa, 0xaa, 0x99, 0x99, 0x99, 0xaa, 0xaa, 0xaa, 0xbb, 0xbb, 0xbb, 0xbb, 0xba, 0xaa,
  0x99, 0x98, 0x88, 0x88, 0x88, 0x88, 0x89, 0x99, 0x99, 0xaa, 0xaa, 0xaa, 0xaa, 0xa9, 0x99, 0x98,
  0x87, 0x77, 0x77, 0x77, 0x77, 0x77, 0x78, 0x88, 0x89, 0x99, 0x99, 0x99, 0x88, 0x87, 0x50, 0x06,
  0x66, 0x66, 0x66, 0x66, 0x66, 0x66, 0x77, 0x77, 0x78, 0x88, 0x77, 0x77, 0x76, 0x66, 0x66, 0x55,
  0x55, 0x55, 0x55, 0x55, 0x55, 0x66, 0x66, 0x66, 0x66, 0x66, 0x66, 0x65, 0x55, 0x55, 0x55, 0x54,
  0x44, 0x44, 0x44, 0x44, 0x44, 0x44, 0x44, 0x44, 0x44, 0x44, 0x44, 0x44, 0x44, 0x44, 0x44, 0x44,
  0x44, 0x44, 0x44, 0x44, 0x44, 0x44, 0x44, 0x44, 0x44, 0x44, 0x44, 0x44, 0x44, 0x44, 0x44, 0x44,
  0x44, 0x44, 0x44, 0x44, 0x44, 0x44, 0x44, 0x44, 0x44, 0x44, 0x44, 0x44, 0x44, 0x44, 0x44, 0x44,
  0x44, 0x44, 0x44, 0x44, 0x44, 0x44, 0x44, 0x44, 0xdc, 0xcc, 0xcc, 0xcc, 0xcc, 0xcc, 0xcd, 0xee,
  0xee, 0xee, 0xee, 0xee, 0xee, 0xdc, 0xcc, 0xcc, 0xcb, 0xbb, 0xbb, 0xbb, 0xbb, 0xcc, 0xcc, 0xcc,
  0xcc, 0xcc, 0xcc, 0xcc, 0xcc, 0xcb, 0xbb, 0xbb, 0xaa, 0xaa, 0xaa, 0xba, 0xbb, 0xbb, 0xbc, 0xcc,
  0xcc, 0xcc, 0xcb, 0xbb, 0xba, 0xaa, 0xaa, 0x99, 0x99, 0x99, 0x99, 0xaa, 0xaa, 0xab, 0xbb, 0xbb,
  0xbb, 0xbb, 0xaa, 0xaa, 0x99, 0x88, 0x88, 0x88, 0x88, 0x88, 0x89, 0x99, 0x9a, 0xaa, 0xaa, 0xaa,
  0xaa, 0xa9, 0x99, 0x88, 0x77, 0x77, 0x77, 0x77, 0x77, 0x77, 0x78, 0x88, 0x99, 0x99, 0x99, 0x99,
  0x98, 0x87, 0x50, 0x06, 0x66, 0x66, 0x66, 0x66, 0x66, 0x66, 0x77, 0x77, 0x78, 0x87, 0x77, 0x77,
  0x76, 0x66, 0x65, 0x55, 0x55, 0x55, 0x55, 0x55, 0x56, 0x66, 0x66, 0x66, 0x66, 0x66, 0x66, 0x65,
  0x55, 0x55, 0x54, 0x44, 0x44, 0x44, 0x44, 0x44, 0x44, 0x44, 0x44, 0x44, 0x44, 0x44, 0x44, 0x44,
  0x44, 0x44, 0x44, 0x44, 0x44, 0x44, 0x44, 0x44, 0x44, 0x44, 0x44, 0x44, 0x44, 0x44, 0x44, 0x44,
  0x44, 0x44, 0x44, 0x44, 0x44, 0x44, 0x44, 0x44, 0x44, 0x44, 0x44, 0x44, 0x44, 0x44, 0x44, 0x44,
  0x44, 0x44, 0x44, 0x44, 0x44, 0x44, 0x44, 0x44, 0x44, 0x44, 0x44, 0x44, 0xdc, 0xcc, 0xcc, 0xcc,
  0xcc, 0xcc, 0xcc, 0xde, 0xee, 0xee, 0xee, 0xee, 0xee, 0xdc, 0xcc, 0xcc, 0xbb, 0xbb, 0xbb, 0xbb,
  0xbb, 0xbc, 0xcc, 0xcc, 0xcc, 0xcc, 0xcc, 0xcc, 0xcc, 0xbb, 0xbb, 0xbb, 0xaa, 0xaa, 0xaa, 0xaa,
  0xbb, 0xbb, 0xbc, 0xcc, 0xcc, 0xcc, 0xcb, 0xbb, 0xba, 0xaa, 0xaa, 0xa9, 0x99, 0x99, 0x99, 0xaa,
  0xaa, 0xab, 0xbb, 0xbb, 0xbb, 0xbb, 0xaa, 0xa9, 0x99, 0x88, 0x88, 0x88, 0x88, 0x88, 0x89, 0x99,
  0x9a, 0xaa, 0xaa, 0xaa, 0xaa, 0xa9, 0x99, 0x88, 0x77, 0x77, 0x77, 0x77, 0x77, 0x77, 0x88, 0x88,
  0x99, 0x99, 0x99, 0x99, 0x88, 0x77, 0x50, 0x06, 0x66, 0x66, 0x66, 0x66, 0x66, 0x66, 0x77, 0x77,
  0x78, 0x87, 0x77, 0x77, 0x66, 0x66, 0x65, 0x55, 0x55, 0x55, 0x55, 0x55, 0x56, 0x66, 0x66, 0x66,
  0x66, 0x66, 0x66, 0x55, 0x55, 0x55, 0x44, 0x44, 0x44, 0x44, 0x44, 0x44, 0x44, 0x44, 0x44, 0x44,
  0x44, 0x44, 0x44, 0x44, 0x44, 0x44, 0x44, 0x44, 0x44, 0x44, 0x44, 0x44, 0x44, 0x44, 0x44, 0x44,
  0x44, 0x44, 0x44, 0x44, 0x44, 0x44, 0x44, 0x44, 0x44, 0x44, 0x44, 0x44, 0x44, 0x44, 0x44, 0x44,
  0x44, 0x44, 0x44, 0x44, 0x44, 0x44, 0x44, 0x44, 0x44, 0x44, 0x44, 0x44, 0x44, 0x44, 0x44, 0x44,
  0xcc, 0xcc, 0xcc, 0xcc, 0xcc, 0xcc, 0xcd, 0xde, 0xee, 0xee, 0xee, 0xee, 0xed, 0xcc, 0xcc, 0xcc,
  0xbb, 0xbb, 0xbb, 0xbb, 0xbb, 0xcc, 0xcc, 0xcc, 0xcc, 0xcc, 0xcc, 0xcc, 0xcc, 0xbb, 0xbb, 0xba,
  0xaa, 0xaa, 0xaa, 0xab, 0xbb, 0xbb, 0xbc, 0xcc, 0xcc, 0xcc, 0xbb, 0xbb, 0xaa, 0xaa, 0xaa, 0xa9,
  0x99, 0x99, 0x9a, 0xaa, 0xaa, 0xab, 0xbb, 0xbb, 0xbb, 0xba, 0xaa, 0x99, 0x99, 0x88, 0x88, 0x88,
  0x88, 0x88, 0x89, 0x99, 0xaa, 0xaa, 0xaa, 0xaa, 0xaa, 0x99, 0x98, 0x87, 0x77, 0x77, 0x77, 0x77,
  0x77, 0x77, 0x88, 0x88, 0x99, 0x99, 0x99, 0x98, 0x88, 0x77, 0x50, 0x06, 0x66, 0x66, 0x66, 0x66,
  0x66, 0x67, 0x77, 0x77, 0x87, 0x77, 0x77, 0x76, 0x66, 0x66, 0x55, 0x55, 0x55, 0x55, 0x55, 0x55,
  0x66, 0x66, 0x66, 0x66, 0x66, 0x66, 0x65, 0x55, 0x55, 0x54, 0x44, 0x44, 0x44, 0x44, 0x44, 0x44,
  0x44, 0x44, 0x44, 0x44, 0x44, 0x44, 0x44, 0x44, 0x44, 0x44, 0x44, 0x44, 0x44, 0x44, 0x44, 0x44,
  0x44, 0x44, 0x44, 0x44, 0x44, 0x44, 0x44, 0x44, 0x44, 0x44, 0x44, 0x44, 0x44, 0x44, 0x44, 0x44,
  0x44, 0x44, 0x44, 0x44, 0x44, 0x44, 0x44, 0x44, 0x44, 0x44, 0x44, 0x44, 0x44, 0x44, 0x44, 0x44,
  0x44, 0x44, 0x44, 0x44, 0xcc, 0xcc, 0xcc, 0xcc, 0xcc, 0xcc, 0xcd, 0xee, 0xee, 0xee, 0xee, 0xee,
  0xed, 0xcc, 0xcc, 0xcb, 0xbb, 0xbb, 0xbb, 0xbb, 0xbc, 0xcc, 0xcc, 0xcc, 0xcc, 0xcc, 0xcc, 0xcc,
  0xcb, 0xbb, 0xbb, 0xaa, 0xaa, 0xaa, 0xaa, 0xab, 0xbb, 0xbb, 0xbc, 0xcc, 0xcc, 0xcc, 0xbb, 0xbb,
  0xaa, 0xaa, 0xa9, 0x99, 0x99, 0x99, 0x9a, 0xaa, 0xaa, 0xbb, 0xbb, 0xbb, 0xbb, 0xba, 0xaa, 0x99,
  0x99, 0x88, 0x88, 0x88, 0x88, 0x88, 0x99, 0x99, 0xaa, 0xaa, 0xaa, 0xaa, 0xa9, 0x99, 0x88, 0x77,
  0x77, 0x77, 0x77, 0x77, 0x77, 0x78, 0x88, 0x89, 0x99, 0x99, 0x98, 0x88, 0x88, 0x77, 0x40, 0x06,
  0x66, 0x66, 0x66, 0x66, 0x66, 0x67, 0x77, 0x78, 0x87, 0x77, 0x77, 0x76, 0x66, 0x66, 0x55, 0x55,
  0x55, 0x55, 0x55, 0x55, 0x66, 0x66, 0x66, 0x66, 0x66, 0x66, 0x65, 0x55, 0x55, 0x44, 0x44, 0x44,
  0x44, 0x44, 0x44, 0x44, 0x44, 0x44, 0x44, 0x44, 0x44, 0x44, 0x44, 0x44, 0x44, 0x44, 0x44, 0x44,
  0x44, 0x44, 0x44, 0x44, 0x44, 0x33, 0x33, 0x34, 0x33, 0x34, 0x43, 0x44, 0x43, 0x34, 0x44, 0x44,
  0x44, 0x44, 0x44, 0x44, 0x44, 0x44, 0x44, 0x44, 0x44, 0x44, 0x44, 0x44, 0x44, 0x44, 0x44, 0x44,
  0x44, 0x44, 0x44, 0x44, 0x44, 0x44, 0x44, 0x44, 0xcc, 0xcc, 0xcc, 0xcc, 0xcc, 0xcc, 0xce, 0xee,
  0xee, 0xee, 0xee, 0xee, 0xdc, 0xcc, 0xcc, 0xcb, 0xbb, 0xbb, 0xbb, 0xbb, 0xbc, 0xcc, 0xcc, 0xcc,
  0xcc, 0xcc, 0xcc, 0xcc, 0xcb, 0xbb, 0xbb, 0xaa, 0xaa, 0xaa, 0xaa, 0xbb, 0xbb, 0xbb, 0xbc, 0xcc,
  0xcc, 0xcb, 0xbb, 0xba, 0xaa, 0xaa, 0x99, 0x99, 0x99, 0x99, 0xaa, 0xaa, 0xbb, 0xbb, 0xbb, 0xbb,
  0xbb, 0xaa, 0xaa, 0x99, 0x98, 0x88, 0x88, 0x88, 0x88, 0x88, 0x99, 0x99, 0xaa, 0xaa, 0xaa, 0xaa,
  0xa9, 0x98, 0x88, 0x77, 0x77, 0x77, 0x76, 0x77, 0x77, 0x78, 0x88, 0x89, 0x99, 0x99, 0x88, 0x88,
  0x87, 0x77, 0x40, 0x06, 0x66, 0x66, 0x66, 0x66, 0x66, 0x67, 0x77, 0x78, 0x87, 0x77, 0x77, 0x66,
  0x66, 0x65, 0x55, 0x55, 0x55, 0x55, 0x55, 0x56, 0x66, 0x66, 0x66, 0x66, 0x66, 0x66, 0x65, 0x55,
  0x55, 0x44, 0x44, 0x44, 0x44, 0x44, 0x44, 0x44, 0x44, 0x44, 0x44, 0x44, 0x44, 0x44, 0x44, 0x44,
  0x44, 0x44, 0x44, 0x44, 0x44, 0x44, 0x33, 0x33, 0x33, 0x33, 0x33, 0x33, 0x33, 0x33, 0x33, 0x33,
  0x33, 0x33, 0x33, 0x33, 0x33, 0x33, 0x33, 0x33, 0x33, 0x33, 0x33, 0x33, 0x33, 0x34, 0x34, 0x44,
  0x44, 0x44, 0x44, 0x44, 0x44, 0x44, 0x44, 0x44, 0x44, 0x44, 0x44, 0x44, 0xcc, 0xcc, 0xcc, 0xcc,
  0xcc, 0xcd, 0xde, 0xee, 0xee, 0xee, 0xee, 0xee, 0xdc, 0xcc, 0xcb, 0xbb, 0xbb, 0xbb, 0xbb, 0xbb,
  0xbc, 0xcc, 0xcc, 0xcc, 0xcc, 0xcc, 0xcc, 0xcb, 0xbb, 0xbb, 0xba, 0xaa, 0xaa, 0xaa, 0xaa, 0xbb,
  0xbb, 0xbb, 0xcc, 0xcc, 0xcc, 0xcb, 0xbb, 0xba, 0xaa, 0xa9, 0x99, 0x99, 0x99, 0x99, 0xaa, 0xaa,
  0xab, 0xbb, 0xbb, 0xbb, 0xba, 0xaa, 0xa9, 0x99, 0x88, 0x88, 0x88, 0x88, 0x88, 0x88, 0x99, 0x9a,
  0xaa, 0xaa, 0xaa, 0xaa, 0x99, 0x98, 0x88, 0x77, 0x77, 0x66, 0x67, 0x77, 0x77, 0x78, 0x88, 0x99,
  0x99, 0x99, 0x88, 0x88, 0x87, 0x76, 0x40, 0x06, 0x66, 0x66, 0x66, 0x66, 0x66, 0x67, 0x77, 0x77,
  0x77, 0x77, 0x77, 0x66, 0x66, 0x55, 0x55, 0x55, 0x55, 0x55, 0x55, 0x56, 0x66, 0x66, 0x66, 0x66,
  0x66, 0x66, 0x55, 0x55, 0x54, 0x44, 0x44, 0x44, 0x44, 0x44, 0x44, 0x44, 0x44, 0x44, 0x44, 0x44,
  0x44, 0x44, 0x44, 0x44, 0x44, 0x44, 0x44, 0x44, 0x44, 0x33, 0x33, 0x33, 0x33, 0x33, 0x33, 0x33,
  0x33, 0x33, 0x33, 0x33, 0x33, 0x33, 0x33, 0x33, 0x33, 0x33, 0x33, 0x33, 0x33, 0x33, 0x33, 0x33,
  0x33, 0x33, 0x33, 0x33, 0x33, 0x33, 0x33, 0x33, 0x34, 0x43, 0x34, 0x43, 0x33, 0x44, 0x43, 0x44,
  0xcc, 0xcc, 0xcc, 0xcc, 0xcc, 0xcc, 0xde, 0xee, 0xee, 0xee, 0xee, 0xed, 0xcc, 0xcc, 0xcb, 0xbb,
  0xbb, 0xbb, 0xbb, 0xbb, 0xcc, 0xcc, 0xcc, 0xcc, 0xcc, 0xcc, 0xcc, 0xcb, 0xbb, 0xbb, 0xba, 0xaa,
  0xaa, 0xaa, 0xab, 0xbb, 0xbb, 0xbb, 0xcc, 0xcc, 0xcb, 0xbb, 0xbb, 0xaa, 0xaa, 0x99, 0x99, 0x99,
  0x99, 0x9a, 0xaa, 0xaa, 0xbb, 0xbb, 0xbb, 0xbb, 0xba, 0xaa, 0x99, 0x99, 0x88, 0x88, 0x88, 0x88,
  0x88, 0x89, 0x99, 0x9a, 0xaa, 0xaa, 0xaa, 0xaa, 0x99, 0x88, 0x77, 0x77, 0x77, 0x76, 0x66, 0x77,
  0x77, 0x78, 0x88, 0x99, 0x99, 0x99, 0x88, 0x88, 0x77, 0x76, 0x40, 0x06, 0x66, 0x66, 0x66, 0x66,
  0x67, 0x77, 0x77, 0x77, 0x77, 0x77, 0x76, 0x66, 0x65, 0x55, 0x55, 0x55, 0x55, 0x55, 0x55, 0x56,
  0x66, 0x66, 0x66, 0x66, 0x66, 0x65, 0x55, 0x55, 0x54, 0x44, 0x44, 0x44, 0x44, 0x44, 0x44, 0x44,
  0x44, 0x44, 0x44, 0x44, 0x44, 0x44, 0x44, 0x44, 0x44, 0x44, 0x44, 0x44, 0x44, 0x33, 0x33, 0x33,
  0x33, 0x33, 0x33, 0x33, 0x33, 0x33, 0x33, 0x33, 0x33, 0x33, 0x33, 0x33, 0x33, 0x33, 0x33, 0x33,
  0x33, 0x33, 0x33, 0x33, 0x33, 0x33, 0x33, 0x33, 0x33, 0x33, 0x33, 0x33, 0x33, 0x33, 0x33, 0x33,
  0x33, 0x33, 0x33, 0x33, 0xcc, 0xcc, 0xcc, 0xcc, 0xcc, 0xcd, 0xee, 0xee, 0xee, 0xee, 0xee, 0xdc,
  0xcc, 0xcc, 0xcb, 0xbb, 0xbb, 0xbb, 0xbb, 0xbb, 0xcc, 0xcc, 0xcc, 0xcc, 0xcc, 0xcc, 0xcc, 0xbb,
  0xbb, 0xbb, 0xaa, 0xaa, 0xaa, 0xaa, 0xab, 0xbb, 0xbb, 0xcc, 0xcc, 0xcc, 0xbb, 0xbb, 0xba, 0xaa,
  0xa9, 0x99, 0x99, 0x99, 0x99, 0x9a, 0xaa, 0xaa, 0xbb, 0xbb, 0xbb, 0xbb, 0xaa, 0xaa, 0x99, 0x98,
  0x88, 0x88, 0x88, 0x88, 0x88, 0x99, 0x99, 0xaa, 0xaa, 0xaa, 0xaa, 0xa9, 0x98, 0x88, 0x77, 0x77,
  0x76, 0x66, 0x67, 0x77, 0x77, 0x88, 0x89, 0x99, 0x99, 0x98, 0x88, 0x87, 0x77, 0x66, 0x40, 0x06,
  0x66, 0x66, 0x66, 0x66, 0x67, 0x77, 0x77, 0x77, 0x77, 0x77, 0x66, 0x66, 0x65, 0x55, 0x55, 0x55,
  0x55, 0x55, 0x55, 0x56, 0x66, 0x66, 0x66, 0x66, 0x66, 0x65, 0x55, 0x55, 0x44, 0x44, 0x44, 0x44,
  0x44, 0x44, 0x44, 0x44, 0x44, 0x44, 0x44, 0x44, 0x44, 0x44, 0x44, 0x44, 0x44, 0x44, 0x44, 0x44,
  0x44, 0x44, 0x43, 0x33, 0x33, 0x33, 0x33, 0x33, 0x33, 0x33, 0x33, 0x33, 0x33, 0x33, 0x33, 0x33,
  0x33, 0x33, 0x33, 0x33, 0x33, 0x33, 0x33, 0x33, 0x33, 0x33, 0x33, 0x33, 0x33, 0x33, 0x33, 0x33,
  0x33, 0x33, 0x33, 0x33, 0x33, 0x33, 0x33, 0x33, 0xcc, 0xcc, 0xcc, 0xcc, 0xcc, 0xce, 0xee, 0xee,
  0xee, 0xee, 0xed, 0xcc, 0xcc, 0xcc, 0xbb, 0xbb, 0xbb, 0xbb, 0xbb, 0xbc, 0xcc, 0xcc, 0xcc, 0xcc,
  0xcc, 0xcc, 0xcc, 0xbb, 0xbb, 0xaa, 0xaa, 0xaa, 0xaa, 0xaa, 0xbb, 0xbb, 0xbb, 0xcc, 0xcc, 0xcc,
  0xbb, 0xbb, 0xba, 0xaa, 0xa9, 0x99, 0x99, 0x99, 0x99, 0xaa, 0xaa, 0xab, 0xbb, 0xbb, 0xbb, 0xbb,
  0xaa, 0xa9, 0x99, 0x88, 0x88, 0x88, 0x88, 0x88, 0x88, 0x99, 0x9a, 0xaa, 0xaa, 0xaa, 0xaa, 0xa9,
  0x98, 0x88, 0x77, 0x77, 0x66, 0x66, 0x67, 0x77, 0x78, 0x88, 0x99, 0x99, 0x99, 0x98, 0x88, 0x77,
  0x77, 0x66, 0x40, 0x06, 0x66, 0x66, 0x66, 0x66, 0x67, 0x77, 0x77, 0x77, 0x77, 0x77, 0x66, 0x66,
  0x55, 0x55, 0x55, 0x55, 0x55, 0x55, 0x55, 0x56, 0x66, 0x66, 0x66, 0x66, 0x66, 0x55, 0x55, 0x55,
  0x44, 0x44, 0x44, 0x44, 0x44, 0x44, 0x44, 0x44, 0x44, 0x44, 0x44, 0x44, 0x44, 0x44, 0x44, 0x44,
  0x44, 0x44, 0x44, 0x44, 0x44, 0x44, 0x43, 0x33, 0x33, 0x33, 0x33, 0x33, 0x33, 0x33, 0x33, 0x33,
  0x33, 0x33, 0x33, 0x32, 0x32, 0x22, 0x22, 0x22, 0x22, 0x22, 0x22, 0x22, 0x22, 0x22, 0x22, 0x22,
  0x22, 0x22, 0x22, 0x22, 0x22, 0x22, 0x23, 0x22, 0x33, 0x33, 0x33, 0x33, 0xcc, 0xcc, 0xcc, 0xcc,
  0xcc, 0xde, 0xee, 0xee, 0xee, 0xee, 0xed, 0xcc, 0xcc, 0xcb, 0xbb, 0xbb, 0xbb, 0xbb, 0xbb, 0xbc,
  0xcc, 0xcc, 0xcc, 0xcc, 0xcc, 0xcc, 0xcb, 0xbb, 0xbb, 0xaa, 0xaa, 0xaa, 0xaa, 0xaa, 0xbb, 0xbb,
  0xbb, 0xcc, 0xcc, 0xcb, 0xbb, 0xbb, 0xba, 0xaa, 0x99, 0x99, 0x99, 0x99, 0x99, 0xaa, 0xaa, 0xab,
  0xbb, 0xbb, 0xbb, 0xba, 0xaa, 0xa9, 0x98, 0x88, 0x88, 0x88, 0x88, 0x88, 0x88, 0x99, 0x9a, 0xaa,
  0xaa, 0xaa, 0xaa, 0x99, 0x88, 0x87, 0x77, 0x77, 0x66, 0x66, 0x77, 0x77, 0x78, 0x88, 0x99, 0x99,
  0x99, 0x98, 0x87, 0x77, 0x76, 0x66, 0x40, 0x06, 0x66, 0x66, 0x66, 0x66, 0x67, 0x77, 0x77, 0x77,
  0x77, 0x76, 0x66, 0x66, 0x55, 0x55, 0x55, 0x55, 0x55, 0x55, 0x55, 0x66, 0x66, 0x66, 0x66, 0x66,
  0x66, 0x55, 0x55, 0x54, 0x44, 0x44, 0x44, 0x44, 0x44, 0x44, 0x44, 0x44, 0x44, 0x44, 0x44, 0x44,
  0x44, 0x44, 0x44, 0x44, 0x44, 0x44, 0x44, 0x44, 0x44, 0x44, 0x43, 0x33, 0x33, 0x33, 0x33, 0x33,
  0x33, 0x33, 0x33, 0x33, 0x33, 0x33, 0x22, 0x22, 0x22, 0x22, 0x22, 0x22, 0x22, 0x22, 0x22, 0x22,
  0x22, 0x22, 0x22, 0x22, 0x22, 0x22, 0x22, 0x22, 0x22, 0x22, 0x22, 0x22, 0x22, 0x22, 0x22, 0x22,
  0xcc, 0xcc, 0xcc, 0xcc, 0xcc, 0xee, 0xee, 0xee, 0xee, 0xee, 0xdc, 0xcc, 0xcc, 0xcb, 0xbb, 0xbb,
  0xbb, 0xbb, 0xbb, 0xcc, 0xcc, 0xcc, 0xcc, 0xcc, 0xcc, 0xcc, 0xcb, 0xbb, 0xbb, 0xba, 0xaa, 0xaa,
  0xaa, 0xaa, 0xbb, 0xbb, 0xbc, 0xcc, 0xcc, 0xcb, 0xbb, 0xbb, 0xaa, 0xaa, 0x99, 0x99, 0x99, 0x99,
  0x99, 0xaa, 0xaa, 0xab, 0xbb, 0xbb, 0xbb, 0xba, 0xaa, 0x99, 0x98, 0x88, 0x88, 0x88, 0x88, 0x88,
  0x89, 0x99, 0xaa, 0xaa, 0xaa, 0xaa, 0xa9, 0x99, 0x88, 0x87, 0x77, 0x76, 0x66, 0x66, 0x77, 0x77,
  0x78, 0x88, 0x99, 0x99, 0x99, 0x88, 0x87, 0x77, 0x66, 0x66, 0x40, 0x06, 0x66, 0x66, 0x66, 0x66,
  0x77, 0x77, 0x77, 0x77, 0x77, 0x76, 0x66, 0x65, 0x55, 0x55, 0x55, 0x55, 0x55, 0x55, 0x55, 0x66,
  0x66, 0x66, 0x66, 0x66, 0x65, 0x55, 0x55, 0x44, 0x44, 0x44, 0x44, 0x44, 0x44, 0x44, 0x44, 0x44,
  0x44, 0x44, 0x44, 0x44, 0x44, 0x44, 0x44, 0x44, 0x44, 0x44, 0x44, 0x44, 0x44, 0x44, 0x44, 0x44,
  0x33, 0x33, 0x33, 0x33, 0x33, 0x33, 0x33, 0x33, 0x33, 0x33, 0x32, 0x22, 0x22, 0x22, 0x22, 0x22,
  0x22, 0x22, 0x22, 0x22, 0x22, 0x22, 0x22, 0x22, 0x22, 0x22, 0x22, 0x22, 0x22, 0x22, 0x22, 0x22,
  0x22, 0x22, 0x22, 0x22, 0xcc, 0xcc, 0xcc, 0xcc, 0xcd, 0xee, 0xee, 0xee, 0xee, 0xee, 0xcc, 0xcc,
  0xcc, 0xbb, 0xbb, 0xbb, 0xbb, 0xbb, 0xbb, 0xcc, 0xcc, 0xcc, 0xcc, 0xcc, 0xcc, 0xcc, 0xbb, 0xbb,
  0xaa, 0xaa, 0xaa, 0xaa, 0xaa, 0xab, 0xbb, 0xbb, 0xbc, 0xcc, 0xcc, 0xbb, 0xbb, 0xbb, 0xaa, 0xa9,
  0x99, 0x99, 0x99, 0x99, 0x99, 0xaa, 0xaa, 0xbb, 0xbb, 0xbb, 0xbb, 0xaa, 0xaa, 0x99, 0x88, 0x88,
  0x88, 0x88, 0x88, 0x88, 0x89, 0x99, 0xaa, 0xaa, 0xaa, 0xaa, 0x99, 0x98, 0x88, 0x77, 0x77, 0x66,
  0x66, 0x67, 0x77, 0x77, 0x88, 0x88, 0x89, 0x99, 0x99, 0x88, 0x77, 0x77, 0x66, 0x66, 0x40, 0x06,
  0x66, 0x66, 0x66, 0x66, 0x77, 0x77, 0x77, 0x77, 0x77, 0x66, 0x66, 0x65, 0x55, 0x55, 0x55, 0x55,
  0x55, 0x55, 0x56, 0x66, 0x66, 0x66, 0x66, 0x66, 0x55, 0x55, 0x55, 0x44, 0x44, 0x44, 0x44, 0x44,
  0x44, 0x44, 0x44, 0x45, 0x55, 0x55, 0x55, 0x54, 0x44, 0x44, 0x44, 0x44, 0x44, 0x44, 0x44, 0x44,
  0x44, 0x44, 0x44, 0x44, 0x44, 0x33, 0x33, 0x33, 0x33, 0x33, 0x33, 0x33, 0x33, 0x33, 0x33, 0x22,
  0x22, 0x22, 0x22, 0x22, 0x22, 0x22, 0x22, 0x22, 0x22, 0x22, 0x22, 0x22, 0x22, 0x22, 0x22, 0x22,
  0x22, 0x22, 0x22, 0x22, 0x22, 0x22, 0x22, 0x22, 0xcc, 0xcc, 0xcc, 0xcc, 0xcd, 0xee, 0xee, 0xee,
  0xee, 0xed, 0xcc, 0xcc, 0xcc, 0xbb, 0xbb, 0xbb, 0xbb, 0xbb, 0xbc, 0xcc, 0xcc, 0xcc, 0xcc, 0xcc,
  0xcc, 0xcc, 0xbb, 0xbb, 0xaa, 0xaa, 0xaa, 0xaa, 0xaa, 0xab, 0xbb, 0xbb, 0xbc, 0xcc, 0xcc, 0xbb,
  0xbb, 0xba, 0xaa, 0xa9, 0x99, 0x99, 0x99, 0x99, 0x9a, 0xaa, 0xaa, 0xbb, 0xbb, 0xbb, 0xba, 0xaa,
  0xa9, 0x99, 0x88, 0x88, 0x88, 0x88, 0x88, 0x88, 0x99, 0x9a, 0xaa, 0xaa, 0xaa, 0xaa, 0x99, 0x88,
  0x88, 0x77, 0x76, 0x66, 0x66, 0x77, 0x77, 0x78, 0x88, 0x88, 0x99, 0x99, 0x98, 0x88, 0x77, 0x76,
  0x66, 0x66, 0x40, 0x06, 0x66, 0x66, 0x66, 0x66, 0x77, 0x77, 0x77, 0x77, 0x76, 0x66, 0x66, 0x65,
  0x55, 0x55, 0x55, 0x55, 0x55, 0x55, 0x66, 0x66, 0x66, 0x66, 0x66, 0x66, 0x55, 0x55, 0x54, 0x44,
  0x44, 0x44, 0x44, 0x44, 0x44, 0x44, 0x45, 0x55, 0x55, 0x55, 0x55, 0x55, 0x55, 0x55, 0x54, 0x44,
  0x44, 0x44, 0x44, 0x44, 0x44, 0x44, 0x44, 0x44, 0x44, 0x44, 0x44, 0x33, 0x33, 0x33, 0x33, 0x33,
  0x33, 0x33, 0x33, 0x33, 0x22, 0x22, 0x22, 0x22, 0x22, 0x22, 0x22, 0x22, 0x22, 0x22, 0x22, 0x22,
  0x22, 0x22, 0x22, 0x22, 0x22, 0x22, 0x22, 0x22, 0x22, 0x22, 0x22, 0x22, 0xcc, 0xcc, 0xcc, 0xcc,
  0xdd, 0xee, 0xee, 0xee, 0xee, 0xdc, 0xcc, 0xcc, 0xcb, 0xbb, 0xbb, 0xbb, 0xbb, 0xbb, 0xbc, 0xcc,
  0xcc, 0xcc, 0xcc, 0xcc, 0xcc, 0xcc, 0xbb, 0xbb, 0xaa, 0xaa, 0xaa, 0xaa, 0xaa, 0xab, 0xbb, 0xbb,
  0xbc, 0xcc, 0xcb, 0xbb, 0xbb, 0xaa, 0xaa, 0xa9, 0x99, 0x99, 0x99, 0x99, 0x9a, 0xaa, 0xaa, 0xbb,
  0xbb, 0xbb, 0xba, 0xaa, 0x99, 0x98, 0x88, 0x88, 0x88, 0x88, 0x88, 0x88, 0x99, 0x9a, 0xaa, 0xaa,
  0xaa, 0xa9, 0x99, 0x88, 0x87, 0x77, 0x66, 0x66, 0x66, 0x77, 0x77, 0x78, 0x88, 0x88, 0x99, 0x99,
  0x88, 0x88, 0x77, 0x66, 0x66, 0x66, 0x40, 0x06, 0x66, 0x66, 0x66, 0x67, 0x77, 0x77, 0x77, 0x77,
  0x76, 0x66, 0x66, 0x55, 0x55, 0x55, 0x55, 0x55, 0x55, 0x55, 0x66, 0x66, 0x66, 0x66, 0x66, 0x66,
  0x55, 0x55, 0x44, 0x44, 0x44, 0x44, 0x44, 0x44, 0x44, 0x44, 0x55, 0x55, 0x55, 0x55, 0x55, 0x55,
  0x55, 0x55, 0x55, 0x54, 0x44, 0x44, 0x44, 0x44, 0x44, 0x44, 0x44, 0x44, 0x44, 0x44, 0x44, 0x44,
  0x44, 0x33, 0x33, 0x33, 0x33, 0x33, 0x33, 0x33, 0x33, 0x32, 0x22, 0x22, 0x22, 0x22, 0x22, 0x22,
  0x22, 0x22, 0x22, 0x22, 0x22, 0x22, 0x22, 0x22, 0x22, 0x22, 0x22, 0x22, 0x22, 0x22, 0x22, 0x22,
  0xcc, 0xcc, 0xcc, 0xcc, 0xde, 0xee, 0xee, 0xee, 0xee, 0xdc, 0xcc, 0xcc, 0xbb, 0xbb, 0xbb, 0xbb,
  0xbb, 0xbb, 0xbc, 0xcc, 0xcc, 0xcc, 0xcc, 0xcc, 0xcc, 0xcb, 0xbb, 0xba, 0xaa, 0xaa, 0xaa, 0xaa,
  0xaa, 0xab, 0xbb, 0xbb, 0xbc, 0xcc, 0xcb, 0xbb, 0xbb, 0xaa, 0xaa, 0x99, 0x99, 0x99, 0x99, 0x99,
  0xaa, 0xaa, 0xaa, 0xbb, 0xbb, 0xbb, 0xaa, 0xaa, 0x99, 0x98, 0x88, 0x88, 0x88, 0x88, 0x88, 0x88,
  0x99, 0x9a, 0xaa, 0xaa, 0xaa, 0xa9, 0x99, 0x88, 0x77, 0x77, 0x66, 0x66, 0x66, 0x77, 0x77, 0x88,
  0x88, 0x89, 0x99, 0x98, 0x88, 0x87, 0x77, 0x66, 0x66, 0x66, 0x40, 0x06, 0x66, 0x66, 0x66, 0x67,
  0x77, 0x77, 0x77, 0x77, 0x76, 0x66, 0x66, 0x55, 0x55, 0x55, 0x55, 0x55, 0x55, 0x55, 0x66, 0x66,
  0x66, 0x66, 0x66, 0x65, 0x55, 0x54, 0x44, 0x44, 0x44, 0x44, 0x44, 0x44, 0x44, 0x45, 0x55, 0x55,
  0x55, 0x55, 0x55, 0x55, 0x55, 0x55, 0x55, 0x55, 0x44, 0x44, 0x44, 0x44, 0x44, 0x44, 0x44, 0x44,
  0x44, 0x44, 0x44, 0x44, 0x44, 0x44, 0x43, 0x33, 0x33, 0x33, 0x33, 0x33, 0x33, 0x33, 0x33, 0x22,
  0x22, 0x22, 0x22, 0x22, 0x22, 0x22, 0x22, 0x22, 0x22, 0x22, 0x22, 0x22, 0x22, 0x22, 0x21, 0x11,
  0x11, 0x21, 0x11, 0x11, 0xcc, 0xcc, 0xcc, 0xcc, 0xde, 0xee, 0xee, 0xee, 0xed, 0xcc, 0xcc, 0xcc,
  0xbb, 0xbb, 0xbb, 0xbb, 0xbb, 0xbb, 0xcc, 0xcc, 0xcc, 0xcc, 0xcc, 0xcc, 0xcc, 0xcb, 0xbb, 0xba,
  0xaa, 0xaa, 0xaa, 0xaa, 0xaa, 0xbb, 0xbb, 0xbb, 0xbc, 0xcc, 0xbb, 0xbb, 0xba, 0xaa, 0xa9, 0x99,
  0x99, 0x99, 0x99, 0x99, 0xaa, 0xaa, 0xab, 0xbb, 0xbb, 0xbb, 0xaa, 0xaa, 0x99, 0x98, 0x88, 0x88,
  0x88, 0x88, 0x88, 0x88, 0x99, 0x9a, 0xaa, 0xaa, 0xaa, 0x99, 0x98, 0x88, 0x77, 0x76, 0x66, 0x66,
  0x66, 0x67, 0x77, 0x88, 0x88, 0x89, 0x99, 0x88, 0x88, 0x87, 0x77, 0x66, 0x66, 0x66, 0x40, 0x06,
  0x66, 0x66, 0x66, 0x77, 0x77, 0x77, 0x77, 0x77, 0x66, 0x66, 0x65, 0x55, 0x55, 0x55, 0x55, 0x55,
  0x55, 0x55, 0x66, 0x66, 0x66, 0x66, 0x66, 0x55, 0x55, 0x44, 0x44, 0x44, 0x44, 0x44, 0x44, 0x44,
  0x44, 0x55, 0x55, 0x55, 0x55, 0x55, 0x55, 0x55, 0x55, 0x55, 0x55, 0x55, 0x54, 0x44, 0x44, 0x44,
  0x44, 0x44, 0x44, 0x44, 0x44, 0x44, 0x44, 0x44, 0x44, 0x44, 0x43, 0x33, 0x33, 0x33, 0x33, 0x33,
  0x33, 0x33, 0x33, 0x33, 0x32, 0x22, 0x22, 0x22, 0x22, 0x22, 0x22, 0x22, 0x22, 0x22, 0x22, 0x22,
  0x22, 0x22, 0x11, 0x11, 0x11, 0x11, 0x11, 0x11, 0xcc, 0xcc, 0xcc, 0xcd, 0xde, 0xee, 0xee, 0xee,
  0xdc, 0xcc, 0xcc, 0xcb, 0xbb, 0xbb, 0xbb, 0xbb, 0xbb, 0xbb, 0xcc, 0xcc, 0xcc, 0xcc, 0xcc, 0xcc,
  0xcb, 0xbb, 0xbb, 0xaa, 0xaa, 0xaa, 0xaa, 0xaa, 0xaa, 0xbb, 0xbb, 0xbb, 0xcc, 0xcb, 0xbb, 0xbb,
  0xaa, 0xaa, 0xa9, 0x99, 0x99, 0x99, 0x99, 0x9a, 0xaa, 0xaa, 0xab, 0xbb, 0xbb, 0xbb, 0xaa, 0xa9,
  0x99, 0x88, 0x88, 0x88, 0x88, 0x88, 0x88, 0x89, 0x99, 0xaa, 0xaa, 0xaa, 0xa9, 0x99, 0x88, 0x87,
  0x77, 0x76, 0x66, 0x66, 0x66, 0x67, 0x77, 0x88, 0x88, 0x89, 0x98, 0x88, 0x88, 0x77, 0x76, 0x66,
  0x66, 0x66, 0x40, 0x06, 0x66, 0x66, 0x66, 0x77, 0x77, 0x77, 0x77, 0x76, 0x66, 0x66, 0x55, 0x55,
  0x55, 0x55, 0x55, 0x55, 0x55, 0x55, 0x66, 0x66, 0x66, 0x66, 0x65, 0x55, 0x55, 0x44, 0x44, 0x44,
  0x44, 0x44, 0x44, 0x44, 0x45, 0x55, 0x55, 0x55, 0x55, 0x55, 0x55, 0x55, 0x55, 0x55, 0x55, 0x55,
  0x55, 0x55, 0x44, 0x44, 0x44, 0x44, 0x44, 0x44, 0x44, 0x44, 0x44, 0x44, 0x44, 0x44, 0x44, 0x44,
  0x44, 0x44, 0x33, 0x33, 0x33, 0x33, 0x33, 0x33, 0x33, 0x33, 0x22, 0x22, 0x22, 0x22, 0x22, 0x22,
  0x22, 0x22, 0x22, 0x22, 0x22, 0x22, 0x22, 0x11, 0x11, 0x11, 0x11, 0x11, 0xcc, 0xcc, 0xcc, 0xcd,
  0xee, 0xee, 0xee, 0xee, 0xdc, 0xcc, 0xcc, 0xcb, 0xbb, 0xbb, 0xbb, 0xbb, 0xbb, 0xbb, 0xcc, 0xcc,
  0xcc, 0xcc, 0xcc, 0xcc, 0xbb, 0xbb, 0xba, 0xaa, 0xaa, 0xaa, 0xaa, 0xaa, 0xab, 0xbb, 0xbb, 0xbb,
  0xcc, 0xbb, 0xbb, 0xba, 0xaa, 0xaa, 0x99, 0x99, 0x99, 0x99, 0x99, 0xaa, 0xaa, 0xaa, 0xab, 0xbb,
  0xba, 0xaa, 0xaa, 0x99, 0x98, 0x88, 0x88, 0x88, 0x77, 0x88, 0x88, 0x89, 0x99, 0xaa, 0xaa, 0xaa,
  0xa9, 0x99, 0x88, 0x77, 0x77, 0x66, 0x66, 0x66, 0x66, 0x77, 0x77, 0x88, 0x88, 0x89, 0x98, 0x88,
  0x88, 0x77, 0x66, 0x66, 0x66, 0x55, 0x40, 0x06, 0x66, 0x66, 0x67, 0x77, 0x77, 0x77, 0x77, 0x66,
  0x66, 0x65, 0x55, 0x55, 0x55, 0x55, 0x55, 0x55, 0x55, 0x56, 0x66, 0x66, 0x66, 0x66, 0x55, 0x55,
  0x54, 0x44, 0x44, 0x44, 0x44, 0x44, 0x44, 0x44, 0x45, 0x55, 0x55, 0x55, 0x55, 0x55, 0x55, 0x55,
  0x55, 0x55, 0x55, 0x55, 0x55, 0x55, 0x55, 0x55, 0x54, 0x44, 0x44, 0x44, 0x44, 0x44, 0x44, 0x44,
  0x44, 0x44, 0x44, 0x44, 0x44, 0x44, 0x44, 0x44, 0x33, 0x33, 0x33, 0x33, 0x33, 0x33, 0x33, 0x32,
  0x22, 0x22, 0x22, 0x22, 0x22, 0x22, 0x22, 0x22, 0x22, 0x22, 0x22, 0x11, 0x11, 0x11, 0x11, 0x11,
  0xcc, 0xcc, 0xcc, 0xcd, 0xee, 0xee, 0xee, 0xee, 0xdc, 0xcc, 0xcc, 0xbb, 0xbb, 0xbb, 0xbb, 0xbb,
  0xbb, 0xbc, 0xcc, 0xcc, 0xcc, 0xcc, 0xcc, 0xcc, 0xbb, 0xbb, 0xba, 0xaa, 0xaa, 0xaa, 0xaa, 0xaa,
  0xab, 0xbb, 0xbb, 0xbc, 0xcb, 0xbb, 0xbb, 0xba, 0xaa, 0x99, 0x99, 0x99, 0x99, 0x99, 0x99, 0xaa,
  0xaa, 0xaa, 0xbb, 0xbb, 0xbb, 0xaa, 0xa9, 0x99, 0x88, 0x88, 0x88, 0x87, 0x78, 0x88, 0x88, 0x99,
  0x9a, 0xaa, 0xaa, 0xaa, 0xa9, 0x99, 0x88, 0x77, 0x77, 0x66, 0x66, 0x66, 0x67, 0x77, 0x77, 0x88,
  0x89, 0x89, 0x88, 0x88, 0x87, 0x77, 0x66, 0x66, 0x66, 0x55, 0x40, 0x06, 0x66, 0x66, 0x67, 0x77,
  0x77, 0x77, 0x77, 0x66, 0x66, 0x55, 0x55, 0x55, 0x55, 0x55, 0x55, 0x55, 0x55, 0x56, 0x66, 0x66,
  0x66, 0x66, 0x55, 0x55, 0x44, 0x44, 0x44, 0x44, 0x44, 0x44, 0x44, 0x44, 0x55, 0x55, 0x55, 0x55,
  0x55, 0x55, 0x55, 0x55, 0x55, 0x55, 0x55, 0x55, 0x45, 0x45, 0x55, 0x44, 0x44, 0x44, 0x44, 0x44,
  0x44, 0x44, 0x44, 0x44, 0x44, 0x44, 0x44, 0x44, 0x44, 0x44, 0x44, 0x44, 0x43, 0x33, 0x33, 0x33,
  0x33, 0x33, 0x33, 0x33, 0x32, 0x22, 0x22, 0x22, 0x22, 0x22, 0x22, 0x22, 0x22, 0x22, 0x22, 0x22,
  0x22, 0x11, 0x11, 0x11, 0xcc, 0xcc, 0xcc, 0xde, 0xee, 0xee, 0xee, 0xee, 0xcc, 0xcc, 0xcc, 0xbb,
  0xbb, 0xbb, 0xbb, 0xbb, 0xbb, 0xbc, 0xcc, 0xcc, 0xcc, 0xcc, 0xcc, 0xcb, 0xbb, 0xbb, 0xaa, 0xaa,
  0xaa, 0xaa, 0xaa, 0xaa, 0xbb, 0xbb, 0xbb, 0xbc, 0xcb, 0xbb, 0xbb, 0xaa, 0xaa, 0x99, 0x99, 0x99,
  0x99, 0x99, 0x99, 0xaa, 0xaa, 0xbb, 0xbb, 0xbb, 0xbb, 0xaa, 0xa9, 0x99, 0x88, 0x88, 0x88, 0x87,
  0x78, 0x88, 0x88, 0x99, 0x9a, 0xaa, 0xaa, 0xaa, 0x99, 0x98, 0x87, 0x77, 0x76, 0x66, 0x66, 0x66,
  0x67, 0x77, 0x78, 0x88, 0x88, 0x89, 0x88, 0x88, 0x77, 0x76, 0x66, 0x66, 0x65, 0x55, 0x40, 0x06,
  0x66, 0x66, 0x67, 0x77, 0x77, 0x77, 0x76, 0x66, 0x66, 0x55, 0x55, 0x55, 0x55, 0x55, 0x55, 0x55,
  0x55, 0x66, 0x66, 0x66, 0x66, 0x65, 0x55, 0x55, 0x44, 0x44, 0x44, 0x44, 0x44, 0x44, 0x44, 0x44,
  0x55, 0x55, 0x55, 0x55, 0x55, 0x55, 0x55, 0x55, 0x55, 0x55, 0x44, 0x44, 0x45, 0x44, 0x44, 0x44,
  0x44, 0x44, 0x44, 0x44, 0x44, 0x44, 0x44, 0x44, 0x44, 0x44, 0x44, 0x44, 0x44, 0x44, 0x44, 0x44,
  0x44, 0x44, 0x43, 0x33, 0x33, 0x33, 0x33, 0x33, 0x33, 0x33, 0x32, 0x22, 0x22, 0x22, 0x22, 0x22,
  0x22, 0x22, 0x22, 0x22, 0x22, 0x22, 0x11, 0x11, 0xcc, 0xcc, 0xcc, 0xdd, 0xee, 0xee, 0xee, 0xec,
  0xcc, 0xcc, 0xcb, 0xbb, 0xbb, 0xbb, 0xbb, 0xbb, 0xbb, 0xcc, 0xcc, 0xcc, 0xcc, 0xcc, 0xcc, 0xcb,
  0xbb, 0xbb, 0xaa, 0xaa, 0xaa, 0xaa, 0xaa, 0xaa, 0xbb, 0xbb, 0xbb, 0xbb, 0xbb, 0xbb, 0xbb, 0xaa,
  0xaa, 0x99, 0x99, 0x99, 0x99, 0x99, 0x9a, 0xaa, 0xaa, 0xbb, 0xbb, 0xbb, 0xba, 0xaa, 0xa9, 0x98,
  0x88, 0x88, 0x78, 0x87, 0x88, 0x88, 0x88, 0x99, 0xaa, 0xaa, 0xaa, 0xa9, 0x99, 0x88, 0x87, 0x77,
  0x76, 0x66, 0x66, 0x66, 0x77, 0x77, 0x88, 0x88, 0x88, 0x98, 0x88, 0x88, 0x77, 0x76, 0x66, 0x66,
  0x55, 0x55, 0x40, 0x06, 0x66, 0x66, 0x77, 0x77, 0x77, 0x77, 0x76, 0x66, 0x65, 0x55, 0x55, 0x55,
  0x55, 0x55, 0x55, 0x55, 0x55, 0x66, 0x66, 0x66, 0x66, 0x65, 0x55, 0x54, 0x44, 0x44, 0x44, 0x44,
  0x44, 0x44, 0x44, 0x44, 0x55, 0x55, 0x55, 0x55, 0x55, 0x55, 0x55, 0x55, 0x44, 0x44, 0x44, 0x44,
  0x44, 0x44, 0x44, 0x44, 0x44, 0x44, 0x44, 0x44, 0x44, 0x44, 0x44, 0x44, 0x44, 0x44, 0x44, 0x44,
  0x44, 0x44, 0x44, 0x44, 0x44, 0x44, 0x44, 0x44, 0x43, 0x33, 0x33, 0x33, 0x33, 0x33, 0x33, 0x22,
  0x22, 0x22, 0x22, 0x22, 0x22, 0x22, 0x22, 0x22, 0x22, 0x22, 0x22, 0x11, 0xcc, 0xcc, 0xcd, 0xee,
  0xee, 0xee, 0xed, 0xcc, 0xcc, 0xcc, 0xcb, 0xbb, 0xbb, 0xbb, 0xbb, 0xbb, 0xbb, 0xcc, 0xcc, 0xcc,
  0xcc, 0xcc, 0xcc, 0xcb, 0xbb, 0xba, 0xaa, 0xaa, 0xaa, 0xaa, 0xaa, 0xab, 0xbb, 0xbb, 0xbb, 0xcb,
  0xbb, 0xbb, 0xba, 0xaa, 0xaa, 0x99, 0x99, 0x99, 0x99, 0x99, 0x9a, 0xaa, 0xaa, 0xbb, 0xbb, 0xba,
  0xaa, 0xaa, 0x99, 0x98, 0x88, 0x87, 0x77, 0x78, 0x88, 0x88, 0x89, 0x99, 0xaa, 0xaa, 0xaa, 0x99,
  0x99, 0x88, 0x77, 0x77, 0x66, 0x66, 0x66, 0x66, 0x77, 0x78, 0x88, 0x88, 0x89, 0x98, 0x88, 0x87,
  0x77, 0x66, 0x66, 0x66, 0x55, 0x55, 0x40, 0x06, 0x66, 0x66, 0x77, 0x77, 0x77, 0x77, 0x66, 0x66,
  0x65, 0x55, 0x55, 0x55, 0x55, 0x55, 0x55, 0x55, 0x56, 0x66, 0x66, 0x66, 0x66, 0x65, 0x55, 0x54,
  0x44, 0x44, 0x44, 0x44, 0x44, 0x44, 0x44, 0x45, 0x55, 0x55, 0x55, 0x55, 0x55, 0x55, 0x54, 0x44,
  0x44, 0x44, 0x44, 0x44, 0x44, 0x44, 0x44, 0x44, 0x44, 0x44, 0x44, 0x44, 0x44, 0x44, 0x44, 0x44,
  0x44, 0x44, 0x44, 0x44, 0x44, 0x44, 0x44, 0x44, 0x44, 0x44, 0x44, 0x44, 0x44, 0x43, 0x33, 0x33,
  0x33, 0x33, 0x33, 0x33, 0x33, 0x33, 0x33, 0x22, 0x22, 0x22, 0x22, 0x22, 0x22, 0x22, 0x22, 0x22,
  0xcc, 0xcc, 0xcc, 0xde, 0xee, 0xee, 0xed, 0xcc, 0xcc, 0xcb, 0xcb, 0xbb, 0xbb, 0xbb, 0xbb, 0xbb,
  0xbc, 0xcc, 0xcc, 0xcc, 0xcc, 0xcc, 0xcc, 0xcb, 0xbb, 0xaa, 0xaa, 0xaa, 0xaa, 0xaa, 0xaa, 0xab,
  0xbb, 0xbb, 0xbb, 0xbc, 0xbb, 0xbb, 0xba, 0xaa, 0xa9, 0x99, 0x99, 0x99, 0x99, 0x99, 0x9a, 0xaa,
  0xaa, 0xbb, 0xbb, 0xba, 0xaa, 0xaa, 0x99, 0x88, 0x88, 0x77, 0x77, 0x78, 0x88, 0x88, 0x99, 0x99,
  0xaa, 0xaa, 0xaa, 0x99, 0x98, 0x88, 0x77, 0x76, 0x66, 0x66, 0x66, 0x66, 0x77, 0x78, 0x88, 0x88,
  0x89, 0x88, 0x88, 0x87, 0x77, 0x66, 0x66, 0x66, 0x55, 0x55, 0x40, 0x06, 0x66, 0x67, 0x77, 0x77,
  0x77, 0x77, 0x66, 0x66, 0x65, 0x55, 0x55, 0x55, 0x55, 0x55, 0x55, 0x55, 0x56, 0x66, 0x66, 0x66,
  0x66, 0x55, 0x55, 0x44, 0x44, 0x44, 0x44, 0x44, 0x44, 0x44, 0x44, 0x45, 0x55, 0x55, 0x55, 0x55,
  0x55, 0x54, 0x44, 0x44, 0x44, 0x44, 0x44, 0x44, 0x44, 0x44, 0x44, 0x44, 0x44, 0x44, 0x44, 0x44,
  0x44, 0x44, 0x44, 0x44, 0x44, 0x44, 0x44, 0x44, 0x44, 0x44, 0x44, 0x44, 0x44, 0x44, 0x44, 0x44,
  0x44, 0x44, 0x44, 0x33, 0x33, 0x33, 0x33, 0x33, 0x33, 0x33, 0x33, 0x33, 0x22, 0x22, 0x22, 0x22,
  0x22, 0x22, 0x22, 0x22, 0xcc, 0xcc, 0xcd, 0xee, 0xee, 0xee, 0xdc, 0xcc, 0xcc, 0xcc, 0xbb, 0xbb,
  0xbb, 0xbb, 0xbb, 0xbb, 0xbc, 0xcc, 0xcc, 0xcc, 0xcc, 0xcc, 0xcc, 0xbb, 0xba, 0xaa, 0xaa, 0xaa,
  0xaa, 0xaa, 0xaa, 0xab, 0xbb, 0xbb, 0xbc, 0xbb, 0xbb, 0xbb, 0xba, 0xaa, 0xa9, 0x99, 0x99, 0x99,
  0x99, 0x99, 0x9a, 0xaa, 0xab, 0xab, 0xbb, 0xaa, 0xaa, 0xa9, 0x99, 0x88, 0x88, 0x77, 0x77, 0x77,
  0x78, 0x89, 0x99, 0x99, 0xaa, 0xaa, 0xa9, 0x99, 0x88, 0x87, 0x77, 0x76, 0x66, 0x66, 0x66, 0x67,
  0x77, 0x88, 0x88, 0x88, 0x98, 0x88, 0x88, 0x77, 0x76, 0x66, 0x66, 0x65, 0x55, 0x66, 0x40, 0x06,
  0x66, 0x67, 0x77, 0x77, 0x77, 0x76, 0x66, 0x66, 0x55, 0x55, 0x55, 0x55, 0x45, 0x55, 0x55, 0x55,
  0x56, 0x66, 0x66, 0x66, 0x66, 0x55, 0x54, 0x44, 0x44, 0x44, 0x44, 0x44, 0x44, 0x44, 0x44, 0x55,
  0x55, 0x55, 0x55, 0x55, 0x55, 0x44, 0x44, 0x44, 0x44, 0x44, 0x44, 0x44, 0x44, 0x44, 0x44, 0x44,
  0x44, 0x44, 0x44, 0x44, 0x44, 0x44, 0x44, 0x44, 0x44, 0x44, 0x44, 0x44, 0x44, 0x44, 0x44, 0x44,
  0x44, 0x44, 0x44, 0x44, 0x44, 0x44, 0x44, 0x44, 0x33, 0x33, 0x33, 0x33, 0x33, 0x33, 0x33, 0x33,
  0x33, 0x32, 0x22, 0x22, 0x22, 0x22, 0x22, 0x22, 0xcc, 0xcc, 0xcd, 0xee, 0xee, 0xee, 0xdc, 0xcc,
  0xcc, 0xcc, 0xbb, 0xbb, 0xbb, 0xbb, 0xbb, 0xbb, 0xbc, 0xcc, 0xcc, 0xcc, 0xcc, 0xcc, 0xcc, 0xbb,
  0xbb, 0xba, 0xaa, 0xaa, 0xaa, 0xaa, 0xaa, 0xab, 0xbb, 0xbb, 0xbb, 0xbb, 0xbb, 0xbb, 0xaa, 0xaa,
  0x99, 0x99, 0x99, 0x99, 0x99, 0x99, 0x9a, 0xaa, 0xab, 0xbb, 0xbb, 0xaa, 0xaa, 0x99, 0x98, 0x88,
  0x88, 0x77, 0x77, 0x77, 0x88, 0x89, 0x99, 0x9a, 0xaa, 0xaa, 0x99, 0x99, 0x88, 0x87, 0x77, 0x66,
  0x66, 0x66, 0x66, 0x67, 0x77, 0x78, 0x88, 0x88, 0x98, 0x88, 0x88, 0x77, 0x66, 0x66, 0x66, 0x65,
  0x55, 0x56, 0x40, 0x06, 0x66, 0x77, 0x77, 0x77, 0x77, 0x76, 0x66, 0x66, 0x55, 0x55, 0x55, 0x54,
  0x45, 0x55, 0x55, 0x55, 0x66, 0x66, 0x66, 0x66, 0x65, 0x55, 0x54, 0x44, 0x44, 0x44, 0x44, 0x44,
  0x44, 0x44, 0x44, 0x55, 0x55, 0x55, 0x55, 0x55, 0x54, 0x44, 0x44, 0x44, 0x44, 0x44, 0x44, 0x44,
  0x44, 0x44, 0x44, 0x44, 0x44, 0x44, 0x44, 0x44, 0x44, 0x44, 0x44, 0x44, 0x44, 0x44, 0x44, 0x44,
  0x44, 0x44, 0x44, 0x44, 0x44, 0x44, 0x44, 0x44, 0x44, 0x44, 0x44, 0x44, 0x44, 0x43, 0x33, 0x33,
  0x33, 0x33, 0x33, 0x33, 0x33, 0x33, 0x33, 0x32, 0x22, 0x22, 0x22, 0x22, 0xcc, 0xcc, 0xde, 0xee,
  0xee, 0xee, 0xcc, 0xcc, 0xcb, 0xbb, 0xbb, 0xbb, 0xbb, 0xbb, 0xbb, 0xbb, 0xbc, 0xcc, 0xcc, 0xcc,
  0xcc, 0xcc, 0xcb, 0xbb, 0xaa, 0xaa, 0xaa, 0xaa, 0xaa, 0xaa, 0xaa, 0xbb, 0xbb, 0xbb, 0xbb, 0xbb,
  0xbb, 0xbb, 0xaa, 0xa9, 0x99, 0x99, 0x99, 0x99, 0x99, 0x99, 0xaa, 0xaa, 0xab, 0xbb, 0xba, 0xaa,
  0xaa, 0x99, 0x98, 0x88, 0x87, 0x77, 0x77, 0x88, 0x88, 0x89, 0x99, 0x9a, 0xaa, 0xaa, 0x99, 0x98,
  0x88, 0x77, 0x76, 0x66, 0x66, 0x66, 0x66, 0x67, 0x77, 0x88, 0x88, 0x88, 0x88, 0x88, 0x87, 0x77,
  0x66, 0x66, 0x66, 0x55, 0x55, 0x66, 0x40, 0x06, 0x66, 0x77, 0x77, 0x77, 0x77, 0x66, 0x66, 0x65,
  0x55, 0x55, 0x55, 0x54, 0x55, 0x55, 0x55, 0x55, 0x66, 0x66, 0x66, 0x66, 0x55, 0x55, 0x44, 0x44,
  0x44, 0x44, 0x44, 0x44, 0x44, 0x44, 0x44, 0x55, 0x55, 0x55, 0x55, 0x55, 0x44, 0x44, 0x44, 0x44,
  0x44, 0x43, 0x33, 0x33, 0x33, 0x33, 0x33, 0x33, 0x33, 0x33, 0x33, 0x33, 0x33, 0x34, 0x43, 0x34,
  0x33, 0x33, 0x44, 0x44, 0x44, 0x44, 0x44, 0x44, 0x44, 0x44, 0x44, 0x44, 0x44, 0x44, 0x44, 0x44,
  0x43, 0x33, 0x33, 0x33, 0x33, 0x33, 0x33, 0x33, 0x33, 0x33, 0x33, 0x33, 0x33, 0x22, 0x22, 0x22,
  0xcc, 0xcd, 0xee, 0xee, 0xee, 0xed, 0xcc, 0xcc, 0xcb, 0xbb, 0xbb, 0xbb, 0xbb, 0xbb, 0xbb, 0xbb,
  0xbc, 0xcc, 0xcc, 0xcc, 0xcc, 0xcc, 0xbb, 0xba, 0xaa, 0xaa, 0xaa, 0xaa, 0xaa, 0xaa, 0xaa, 0xbb,
  0xbb, 0xbb, 0xbb, 0xbb, 0xbb, 0xba, 0xaa, 0xa9, 0x99, 0x99, 0x99, 0x99, 0x99, 0x99, 0xaa, 0xaa,
  0xbb, 0xbb, 0xba, 0xaa, 0xa9, 0x99, 0x88, 0x88, 0x77, 0x77, 0x77, 0x78, 0x88, 0x89, 0x99, 0x9a,
  0xaa, 0xaa, 0x99, 0x98, 0x88, 0x77, 0x76, 0x66, 0x66, 0x66, 0x66, 0x77, 0x77, 0x88, 0x88, 0x88,
  0x88, 0x88, 0x77, 0x76, 0x66, 0x66, 0x65, 0x55, 0x55, 0x66, 0x40, 0x06, 0x67, 0x77, 0x77, 0x77,
  0x77, 0x66, 0x66, 0x55, 0x55, 0x55, 0x55, 0x44, 0x55, 0x55, 0x55, 0x55, 0x66, 0x66, 0x66, 0x65,
  0x55, 0x55, 0x44, 0x44, 0x44, 0x44, 0x44, 0x44, 0x44, 0x44, 0x45, 0x55, 0x55, 0x55, 0x55, 0x54,
  0x44, 0x44, 0x44, 0x44, 0x44, 0x33, 0x33, 0x33, 0x33, 0x33, 0x33, 0x33, 0x33, 0x33, 0x33, 0x33,
  0x33, 0x33, 0x33, 0x33, 0x33, 0x33, 0x33, 0x33, 0x33, 0x33, 0x33, 0x33, 0x33, 0x33, 0x33, 0x33,
  0x33, 0x33, 0x33, 0x33, 0x33, 0x33, 0x33, 0x33, 0x33, 0x33, 0x33, 0x33, 0x33, 0x33, 0x33, 0x33,
  0x33, 0x33, 0x32, 0x22, 0xcc, 0xcd, 0xee, 0xee, 0xee, 0xec, 0xcc, 0xcc, 0xcb, 0xbb, 0xbb, 0xbb,
  0xbb, 0xbb, 0xbb, 0xbb, 0xcc, 0xcc, 0xcc, 0xcc, 0xcc, 0xcb, 0xbb, 0xba, 0xaa, 0xaa, 0xaa, 0xaa,
  0xaa, 0xaa, 0xab, 0xbb, 0xbb, 0xbb, 0xbb, 0xbb, 0xbb, 0xaa, 0xaa, 0x99, 0x99, 0x99, 0x98, 0x99,
  0x99, 0x9a, 0xaa, 0xaa, 0xbb, 0xbb, 0xaa, 0xaa, 0xa9, 0x98, 0x88, 0x88, 0x77, 0x77, 0x77, 0x88,
  0x88, 0x99, 0x99, 0xaa, 0xaa, 0xa9, 0x99, 0x88, 0x87, 0x77, 0x66, 0x66, 0x66, 0x66, 0x66, 0x77,
  0x77, 0x88, 0x88, 0x88, 0x88, 0x88, 0x77, 0x76, 0x66, 0x66, 0x55, 0x55, 0x55, 0x66, 0x40, 0x06,
  0x67, 0x77, 0x77, 0x77, 0x66, 0x66, 0x65, 0x55, 0x55, 0x55, 0x54, 0x44, 0x55, 0x55, 0x55, 0x56,
  0x66, 0x66, 0x66, 0x55, 0x55, 0x54, 0x44, 0x44, 0x44, 0x44, 0x44, 0x44, 0x44, 0x44, 0x45, 0x55,
  0x55, 0x55, 0x55, 0x44, 0x44, 0x44, 0x44, 0x44, 0x43, 0x33, 0x33, 0x33, 0x33, 0x33, 0x33, 0x33,
  0x33, 0x33, 0x33, 0x33, 0x33, 0x33, 0x33, 0x33, 0x33, 0x33, 0x33, 0x33, 0x33, 0x33, 0x33, 0x33,
  0x33, 0x33, 0x33, 0x33, 0x33, 0x33, 0x33, 0x33, 0x33, 0x33, 0x33, 0x33, 0x33, 0x33, 0x33, 0x33,
  0x33, 0x33, 0x33, 0x33, 0x33, 0x33, 0x33, 0x33, 0xcc, 0xde, 0xee, 0xee, 0xee, 0xdc, 0xcc, 0xcc,
  0xbb, 0xbb, 0xbb, 0xbb, 0xbb, 0xbb, 0xbb, 0xbc, 0xcc, 0xcc, 0xcc, 0xcc, 0xcc, 0xcb, 0xbb, 0xba,
  0xaa, 0xaa, 0xaa, 0xaa, 0xaa, 0xaa, 0xab, 0xbb, 0xbb, 0xbb, 0xbb, 0xbb, 0xbb, 0xaa, 0xa9, 0x99,
  0x99, 0x99, 0x98, 0x99, 0x99, 0x9a, 0xaa, 0xaa, 0xbb, 0xaa, 0xaa, 0xaa, 0x99, 0x98, 0x88, 0x87,
  0x77, 0x77, 0x77, 0x88, 0x88, 0x99, 0x99, 0xaa, 0xaa, 0xa9, 0x99, 0x88, 0x87, 0x76, 0x66, 0x66,
  0x66, 0x66, 0x67, 0x77, 0x78, 0x88, 0x88, 0x88, 0x88, 0x88, 0x77, 0x66, 0x66, 0x66, 0x55, 0x55,
  0x55, 0x66, 0x40, 0x06, 0x67, 0x77, 0x77, 0x77, 0x66, 0x66, 0x65, 0x55, 0x55, 0x55, 0x44, 0x44,
  0x55, 0x55, 0x55, 0x56, 0x66, 0x66, 0x66, 0x55, 0x55, 0x54, 0x44, 0x44, 0x44, 0x44, 0x44, 0x44,
  0x44, 0x44, 0x45, 0x55, 0x55, 0x55, 0x54, 0x44, 0x44, 0x44, 0x44, 0x34, 0x33, 0x33, 0x33, 0x33,
  0x33, 0x33, 0x33, 0x33, 0x33, 0x33, 0x33, 0x33, 0x33, 0x33, 0x33, 0x33, 0x33, 0x33, 0x33, 0x33,
  0x33, 0x33, 0x33, 0x33, 0x33, 0x33, 0x33, 0x33, 0x33, 0x33, 0x33, 0x33, 0x33, 0x33, 0x33, 0x33,
  0x33, 0x33, 0x33, 0x33, 0x33, 0x33, 0x33, 0x33, 0x33, 0x33, 0x33, 0x33, 0xcc, 0xde, 0xee, 0xee,
  0xee, 0xcc, 0xcc, 0xcb, 0xbb, 0xbb, 0xbb, 0xbb, 0xbb, 0xbb, 0xbb, 0xbc, 0xcc, 0xcc, 0xcc, 0xcc,
  0xcc, 0xbb, 0xbb, 0xba, 0xaa, 0xaa, 0xaa, 0xaa, 0xaa, 0xaa, 0xbb, 0xbb, 0xbb, 0xbb, 0xbb, 0xbb,
  0xba, 0xaa, 0xa9, 0x99, 0x99, 0x89, 0x88, 0x99, 0x99, 0xaa, 0xaa, 0xaa, 0xbb, 0xaa, 0xaa, 0xaa,
  0x99, 0x98, 0x88, 0x77, 0x77, 0x77, 0x78, 0x88, 0x88, 0x99, 0x9a, 0xaa, 0xaa, 0x99, 0x98, 0x87,
  0x77, 0x76, 0x66, 0x66, 0x66, 0x66, 0x67, 0x77, 0x78, 0x88, 0x88, 0x88, 0x88, 0x87, 0x77, 0x66,
  0x66, 0x65, 0x55, 0x55, 0x56, 0x66, 0x40, 0x06, 0x77, 0x77, 0x77, 0x77, 0x66, 0x66, 0x65, 0x55,
  0x55, 0x54, 0x44, 0x44, 0x55, 0x55, 0x55, 0x56, 0x66, 0x66, 0x66, 0x55, 0x55, 0x54, 0x44, 0x44,
  0x44, 0x44, 0x44, 0x44, 0x44, 0x44, 0x45, 0x55, 0x55, 0x55, 0x44, 0x44, 0x44, 0x44, 0x44, 0x33,
  0x33, 0x33, 0x33, 0x33, 0x33, 0x33, 0x33, 0x33, 0x33, 0x33, 0x33, 0x33, 0x33, 0x33, 0x33, 0x33,
  0x33, 0x33, 0x33, 0x33, 0x33, 0x33, 0x33, 0x33, 0x33, 0x33, 0x33, 0x33, 0x33, 0x33, 0x33, 0x33,
  0x33, 0x33, 0x33, 0x33, 0x33, 0x33, 0x33, 0x33, 0x33, 0x33, 0x33, 0x33, 0x33, 0x33, 0x33, 0x33,
  0xcd, 0xee, 0xee, 0xee, 0xed, 0xcc, 0xcc, 0xcb, 0xbb, 0xbb, 0xbb, 0xbb, 0xbb, 0xbb, 0xbb, 0xcc,
  0xcc, 0xcc, 0xcc, 0xcc, 0xcb, 0xbb, 0xbb, 0xaa, 0xaa, 0xaa, 0xaa, 0xaa, 0xaa, 0xaa, 0xbb, 0xbb,
  0xbb, 0xbb, 0xbb, 0xbb, 0xba, 0xaa, 0x99, 0x99, 0x99, 0x88, 0x88, 0x99, 0x99, 0xaa, 0xaa, 0xaa,
  0xbb, 0xaa, 0xaa, 0xa9, 0x98, 0x88, 0x88, 0x77, 0x77, 0x77, 0x78, 0x88, 0x89, 0x99, 0xaa, 0xaa,
  0xa9, 0x99, 0x98, 0x87, 0x77, 0x66, 0x66, 0x66, 0x66, 0x66, 0x67, 0x77, 0x78, 0x88, 0x88, 0x88,
  0x87, 0x77, 0x66, 0x66, 0x66, 0x55, 0x55, 0x55, 0x56, 0x66, 0x40, 0x06, 0x77, 0x77, 0x77, 0x76,
  0x66, 0x65, 0x55, 0x55, 0x54, 0x44, 0x44, 0x44, 0x55, 0x55, 0x55, 0x66, 0x66, 0x66, 0x65, 0x55,
  0x55, 0x44, 0x44, 0x44, 0x44, 0x44, 0x44, 0x44, 0x44, 0x44, 0x55, 0x55, 0x55, 0x55, 0x44, 0x44,
  0x44, 0x43, 0x33, 0x33, 0x33, 0x33, 0x33, 0x33, 0x33, 0x33, 0x33, 0x33, 0x32, 0x22, 0x22, 0x22,
  0x22, 0x22, 0x22, 0x22, 0x22, 0x23, 0x22, 0x22, 0x22, 0x22, 0x22, 0x22, 0x22, 0x22, 0x22, 0x33,
  0x32, 0x23, 0x32, 0x23, 0x33, 0x33, 0x33, 0x33, 0x33, 0x33, 0x33, 0x33, 0x33, 0x33, 0x33, 0x33,
  0x33, 0x33, 0x33, 0x33, 0xcc, 0xee, 0xee, 0xee, 0xec, 0xcc, 0xcc, 0xbb, 0xbb, 0xbb, 0xbb, 0xbb,
  0xbb, 0xbb, 0xbc, 0xcc, 0xcc, 0xcc, 0xcc, 0xcc, 0xcb, 0xbb, 0xba, 0xaa, 0xaa, 0xaa, 0xaa, 0xaa,
  0xaa, 0xab, 0xbb, 0xbb, 0xbb, 0xbb, 0xbb, 0xbb, 0xaa, 0xaa, 0x99, 0x89, 0x98, 0x88, 0x88, 0x99,
  0x9a, 0xaa, 0xaa, 0xab, 0xaa, 0xaa, 0xaa, 0xa9, 0x88, 0x88, 0x87, 0x77, 0x77, 0x77, 0x78, 0x88,
  0x89, 0x99, 0xaa, 0xaa, 0xa9, 0x99, 0x88, 0x77, 0x77, 0x66, 0x66, 0x66, 0x66, 0x66, 0x77, 0x77,
  0x78, 0x88, 0x88, 0x88, 0x87, 0x77, 0x66, 0x66, 0x65, 0x55, 0x55, 0x55, 0x55, 0x66, 0x40, 0x06,
  0x77, 0x77, 0x77, 0x66, 0x66, 0x65, 0x55, 0x55, 0x44, 0x44, 0x44, 0x45, 0x55, 0x55, 0x55, 0x66,
  0x66, 0x66, 0x55, 0x55, 0x55, 0x44, 0x44, 0x44, 0x44, 0x44, 0x44, 0x44, 0x44, 0x44, 0x55, 0x55,
  0x55, 0x54, 0x44, 0x44, 0x44, 0x33, 0x33, 0x33, 0x33, 0x33, 0x33, 0x33, 0x33, 0x33, 0x33, 0x33,
  0x22, 0x22, 0x22, 0x22, 0x22, 0x22, 0x22, 0x22, 0x22, 0x22, 0x22, 0x22, 0x22, 0x22, 0x22, 0x22,
  0x22, 0x22, 0x22, 0x22, 0x22, 0x22, 0x22, 0x22, 0x22, 0x22, 0x22, 0x23, 0x22, 0x23, 0x32, 0x22,
  0x22, 0x23, 0x22, 0x22, 0x22, 0x22, 0x23, 0x32, 0xcc, 0xee, 0xee, 0xee, 0xdc, 0xcc, 0xcc, 0xbb,
  0xbb, 0xbb, 0xbb, 0xbb, 0xbb, 0xbb, 0xbc, 0xcc, 0xcc, 0xcc, 0xcc, 0xcc, 0xbb, 0xbb, 0xba, 0xaa,
  0xaa, 0xaa, 0xaa, 0xaa, 0xaa, 0xab, 0xbb, 0xbb, 0xbb, 0xbb, 0xbb, 0xbb, 0xaa, 0xa9, 0x99, 0x88,
  0x88, 0x88, 0x88, 0x99, 0x9a, 0xaa, 0xaa, 0xaa, 0xba, 0xaa, 0xaa, 0x99, 0x88, 0x88, 0x77, 0x77,
  0x77, 0x77, 0x88, 0x88, 0x99, 0x99, 0xaa, 0xa9, 0x99, 0x99, 0x88, 0x77, 0x76, 0x66, 0x66, 0x66,
  0x66, 0x66, 0x77, 0x77, 0x88, 0x88, 0x88, 0x88, 0x87, 0x76, 0x66, 0x66, 0x65, 0x55, 0x55, 0x55,
  0x56, 0x66, 0x40, 0x07, 0x77, 0x77, 0x76, 0x66, 0x66, 0x55, 0x55, 0x55, 0x44, 0x44, 0x44, 0x45,
  0x55, 0x55, 0x55, 0x66, 0x66, 0x66, 0x55, 0x55, 0x54, 0x44, 0x44, 0x44, 0x44, 0x44, 0x44, 0x44,
  0x44, 0x45, 0x55, 0x55, 0x55, 0x54, 0x44, 0x44, 0x44, 0x33, 0x33, 0x33, 0x33, 0x33, 0x33, 0x33,
  0x33, 0x33, 0x33, 0x32, 0x22, 0x22, 0x22, 0x22, 0x22, 0x22, 0x22, 0x22, 0x22, 0x22, 0x22, 0x22,
  0x22, 0x22, 0x22, 0x22, 0x22, 0x22, 0x22, 0x22, 0x22, 0x22, 0x22, 0x22, 0x22, 0x22, 0x22, 0x22,
  0x22, 0x22, 0x22, 0x22, 0x22, 0x22, 0x22, 0x22, 0x22, 0x22, 0x22, 0x22, 0xcd, 0xee, 0xee, 0xed,
  0xcc, 0xcc, 0xcb, 0xbb, 0xbb, 0xbb, 0xbb, 0xbb, 0xbb, 0xbb, 0xbc, 0xcc, 0xcc, 0xcc, 0xcc, 0xcc,
  0xbb, 0xbb, 0xaa, 0xaa, 0xaa, 0xa9, 0xaa, 0xaa, 0xaa, 0xab, 0xbb, 0xbb, 0xbb, 0xbb, 0xbb, 0xba,
  0xaa, 0xa9, 0x99, 0x88, 0x88, 0x88, 0x89, 0x99, 0x9a, 0xaa, 0xaa, 0xaa, 0xba, 0xaa, 0xaa, 0x99,
  0x88, 0x88, 0x77, 0x77, 0x77, 0x77, 0x88, 0x88, 0x99, 0x99, 0xaa, 0x99, 0x99, 0x98, 0x88, 0x77,
  0x76, 0x66, 0x66, 0x66, 0x66, 0x66, 0x77, 0x77, 0x88, 0x88, 0x88, 0x88, 0x87, 0x76, 0x66, 0x66,
  0x55, 0x55, 0x55, 0x55, 0x56, 0x66, 0x40, 0x07, 0x77, 0x77, 0x76, 0x66, 0x66, 0x55, 0x55, 0x54,
  0x44, 0x44, 0x44, 0x45, 0x55, 0x55, 0x56, 0x66, 0x66, 0x65, 0x55, 0x55, 0x44, 0x44, 0x44, 0x44,
  0x44, 0x44, 0x44, 0x44, 0x44, 0x45, 0x55, 0x55, 0x55, 0x44, 0x44, 0x44, 0x44, 0x33, 0x33, 0x33,
  0x33, 0x33, 0x33, 0x33, 0x33, 0x33, 0x32, 0x22, 0x22, 0x22, 0x22, 0x22, 0x22, 0x22, 0x22, 0x22,
  0x22, 0x22, 0x22, 0x22, 0x22, 0x22, 0x22, 0x22, 0x22, 0x22, 0x22, 0x22, 0x22, 0x22, 0x22, 0x22,
  0x22, 0x22, 0x22, 0x22, 0x22, 0x22, 0x22, 0x22, 0x22, 0x22, 0x22, 0x22, 0x22, 0x22, 0x22, 0x22,
  0xde, 0xee, 0xee, 0xdc, 0xcc, 0xcc, 0xbb, 0xbb, 0xbb, 0xbb, 0xab, 0xbb, 0xbb, 0xbb, 0xcc, 0xcc,
  0xcc, 0xcc, 0xcc, 0xcb, 0xbb, 0xba, 0xaa, 0xaa, 0xa9, 0x9a, 0xaa, 0xaa, 0xaa, 0xab, 0xbb, 0xbb,
  0xbb, 0xbb, 0xbb, 0xaa, 0xaa, 0xa9, 0x98, 0x88, 0x88, 0x88, 0x89, 0x99, 0xaa, 0xaa, 0xaa, 0xba,
  0xaa, 0xaa, 0xa9, 0x98, 0x88, 0x87, 0x77, 0x77, 0x77, 0x77, 0x88, 0x88, 0x99, 0x99, 0xa9, 0x99,
  0x99, 0x88, 0x87, 0x77, 0x66, 0x66, 0x66, 0x66, 0x66, 0x67, 0x77, 0x78, 0x88, 0x88, 0x88, 0x88,
  0x77, 0x66, 0x66, 0x66, 0x55, 0x55, 0x55, 0x55, 0x56, 0x66, 0x40, 0x07, 0x77, 0x77, 0x66, 0x66,
  0x65, 0x55, 0x55, 0x44, 0x44, 0x44, 0x44, 0x45, 0x55, 0x55, 0x56, 0x66, 0x66, 0x65, 0x55, 0x55,
  0x44, 0x44, 0x44, 0x44, 0x44, 0x44, 0x44, 0x44, 0x44, 0x55, 0x55, 0x55, 0x55, 0x44, 0x44, 0x44,
  0x43, 0x33, 0x33, 0x33, 0x33, 0x33, 0x33, 0x33, 0x33, 0x33, 0x32, 0x22, 0x22, 0x22, 0x22, 0x22,
  0x22, 0x22, 0x22, 0x22, 0x22, 0x22, 0x22, 0x22, 0x22, 0x22, 0x22, 0x22, 0x22, 0x22, 0x22, 0x22,
  0x22, 0x22, 0x22, 0x22, 0x22, 0x22, 0x22, 0x22, 0x22, 0x22, 0x22, 0x22, 0x22, 0x22, 0x22, 0x22,
  0x22, 0x22, 0x22, 0x22, 0xde, 0xee, 0xed, 0xcc, 0xcc, 0xcc, 0xbb, 0xbb, 0xbb, 0xbb, 0xaa, 0xbb,
  0xbb, 0xbb, 0xcc, 0xcc, 0xcc, 0xcc, 0xcc, 0xcb, 0xbb, 0xaa, 0xaa, 0xaa, 0x99, 0x9a, 0xaa, 0xaa,
  0xaa, 0xbb, 0xbb, 0xbb, 0xbb, 0xbb, 0xbb, 0xba, 0xaa, 0x99, 0x98, 0x88, 0x88, 0x88, 0x99, 0x99,
  0xaa, 0xaa, 0xaa, 0xba, 0xaa, 0xaa, 0x99, 0x98, 0x88, 0x87, 0x77, 0x77, 0x77, 0x78, 0x88, 0x89,
  0x99, 0x99, 0x99, 0x99, 0x98, 0x88, 0x87, 0x76, 0x66, 0x66, 0x66, 0x66, 0x66, 0x67, 0x77, 0x78,
  0x88, 0x88, 0x88, 0x87, 0x77, 0x66, 0x66, 0x65, 0x55, 0x55, 0x55, 0x55, 0x66, 0x66, 0x40, 0x07,
  0x77, 0x76, 0x66, 0x66, 0x65, 0x55, 0x55, 0x44, 0x44, 0x44, 0x44, 0x55, 0x55, 0x55, 0x56, 0x66,
  0x66, 0x55, 0x55, 0x54, 0x44, 0x44, 0x44, 0x44, 0x44, 0x44, 0x44, 0x44, 0x44, 0x55, 0x55, 0x55,
  0x44, 0x44, 0x44, 0x44, 0x43, 0x33, 0x33, 0x33, 0x33, 0x33, 0x33, 0x33, 0x33, 0x33, 0x22, 0x22,
  0x22, 0x22, 0x22, 0x22, 0x22, 0x22, 0x22, 0x22, 0x22, 0x22, 0x22, 0x22, 0x22, 0x22, 0x22, 0x22,
  0x22, 0x22, 0x22, 0x22, 0x22, 0x22, 0x21, 0x12, 0x22, 0x21, 0x12, 0x22, 0x11, 0x11, 0x11, 0x12,
  0x21, 0x11, 0x11, 0x21, 0x22, 0x22, 0x12, 0x22, 0xde, 0xee, 0xed, 0xcc, 0xcc, 0xcc, 0xbb, 0xbb,
  0xbb, 0xaa, 0xba, 0xbb, 0xbb, 0xbb, 0xcc, 0xcc, 0xcc, 0xcc, 0xcc, 0xbb, 0xbb, 0xaa, 0xaa, 0xaa,
  0x99, 0xaa, 0xaa, 0xaa, 0xaa, 0xbb, 0xbb, 0xbb, 0xbb, 0xbb, 0xba, 0xaa, 0xa9, 0x99, 0x98, 0x88,
  0x88, 0x89, 0x99, 0x99, 0xaa, 0xaa, 0xab, 0xaa, 0xaa, 0xaa, 0x99, 0x88, 0x87, 0x77, 0x77, 0x77,
  0x77, 0x78, 0x88, 0x89, 0x99, 0x99, 0x99, 0x99, 0x98, 0x88, 0x77, 0x66, 0x66, 0x66, 0x66, 0x66,
  0x66, 0x77, 0x77, 0x88, 0x88, 0x88, 0x88, 0x77, 0x77, 0x66, 0x66, 0x55, 0x55, 0x55, 0x55, 0x55,
  0x66, 0x66, 0x40, 0x07, 0x77, 0x76, 0x66, 0x66, 0x55, 0x55, 0x54, 0x44, 0x44, 0x44, 0x44, 0x55,
  0x55, 0x55, 0x56, 0x66, 0x66, 0x55, 0x55, 0x44, 0x44, 0x44, 0x44, 0x44, 0x44, 0x44, 0x44, 0x44,
  0x44, 0x55, 0x55, 0x54, 0x44, 0x44, 0x44, 0x44, 0x33, 0x33, 0x33, 0x33, 0x33, 0x33, 0x33, 0x33,
  0x33, 0x33, 0x33, 0x22, 0x22, 0x22, 0x22, 0x22, 0x22, 0x22, 0x22, 0x22, 0x22, 0x22, 0x22, 0x22,
  0x22, 0x22, 0x22, 0x22, 0x22, 0x22, 0x22, 0x11, 0x11, 0x11, 0x11, 0x11, 0x11, 0x11, 0x11, 0x11,
  0x11, 0x11, 0x11, 0x11, 0x11, 0x11, 0x11, 0x11, 0x11, 0x11, 0x11, 0x11, 0xee, 0xee, 0xed, 0xcc,
  0xcc, 0xcb, 0xbb, 0xbb, 0xbb, 0xaa, 0xbb, 0xbb, 0xbb, 0xbc, 0xcc, 0xcc, 0xcc, 0xcc, 0xcb, 0xbb,
  0xbb, 0xaa, 0xaa, 0xa9, 0x99, 0x9a, 0xaa, 0xaa, 0xab, 0xbb, 0xbb, 0xbb, 0xbb, 0xbb, 0xba, 0xaa,
  0xa9, 0x99, 0x88, 0x88, 0x88, 0x89, 0x99, 0x9a, 0xaa, 0xaa, 0xaa, 0xaa, 0xaa, 0xa9, 0x99, 0x88,
  0x77, 0x77, 0x77, 0x77, 0x77, 0x88, 0x88, 0x99, 0x99, 0x99, 0x99, 0x99, 0x88, 0x88, 0x77, 0x66,
  0x66, 0x66, 0x66, 0x66, 0x66, 0x77, 0x77, 0x88, 0x88, 0x88, 0x88, 0x77, 0x76, 0x66, 0x66, 0x55,
  0x55, 0x55, 0x55, 0x55, 0x66, 0x66, 0x40, 0x07, 0x77, 0x66, 0x66, 0x65, 0x55, 0x55, 0x44, 0x44,
  0x44, 0x44, 0x45, 0x55, 0x55, 0x55, 0x66, 0x66, 0x65, 0x55, 0x55, 0x44, 0x44, 0x44, 0x44, 0x44,
  0x44, 0x44, 0x44, 0x44, 0x44, 0x55, 0x55, 0x54, 0x44, 0x44, 0x44, 0x43, 0x33, 0x33, 0x33, 0x33,
  0x33, 0x33, 0x33, 0x33, 0x33, 0x33, 0x33, 0x33, 0x33, 0x33, 0x32, 0x22, 0x22, 0x22, 0x22, 0x22,
  0x22, 0x22, 0x22, 0x22, 0x22, 0x22, 0x22, 0x22, 0x22, 0x22, 0x21, 0x11, 0x11, 0x11, 0x11, 0x11,
  0x11, 0x11, 0x11, 0x11, 0x11, 0x11, 0x11, 0x11, 0x11, 0x11, 0x11, 0x11, 0x11, 0x11, 0x11, 0x11,
  0xee, 0xee, 0xdc, 0xcc, 0xcc, 0xcb, 0xbb, 0xbb, 0xbb, 0xbb, 0xbb, 0xbb, 0xbb, 0xbc, 0xcc, 0xcc,
  0xcc, 0xcc, 0xcb, 0xbb, 0xba, 0xaa, 0xaa, 0x99, 0x99, 0x9a, 0xaa, 0xaa, 0xbb, 0xbb, 0xbb, 0xbb,
  0xbb, 0xbb, 0xaa, 0xaa, 0x99, 0x98, 0x88, 0x88, 0x88, 0x89, 0x99, 0x9a, 0xaa, 0xaa, 0xaa, 0xaa,
  0xaa, 0xa9, 0x98, 0x88, 0x77, 0x77, 0x77, 0x77, 0x77, 0x88, 0x89, 0x99, 0x99, 0x99, 0x99, 0x99,
  0x88, 0x87, 0x76, 0x66, 0x66, 0x66, 0x66, 0x66, 0x66, 0x77, 0x78, 0x88, 0x88, 0x88, 0x87, 0x77,
  0x66, 0x66, 0x65, 0x55, 0x55, 0x55, 0x55, 0x56, 0x66, 0x66, 0x40, 0x07, 0x76, 0x66, 0x66, 0x65,
  0x55, 0x54, 0x44, 0x44, 0x44, 0x44, 0x55, 0x55, 0x55, 0x56, 0x66, 0x66, 0x65, 0x55, 0x55, 0x44,
  0x44, 0x44, 0x44, 0x44, 0x44, 0x44, 0x44, 0x44, 0x45, 0x55, 0x55, 0x54, 0x44, 0x44, 0x44, 0x33,
  0x33, 0x33, 0x33, 0x33, 0x33, 0x33, 0x33, 0x33, 0x33, 0x33, 0x33, 0x33, 0x33, 0x33, 0x33, 0x32,
  0x22, 0x22, 0x22, 0x22, 0x22, 0x22, 0x22, 0x22, 0x22, 0x22, 0x22, 0x22, 0x22, 0x22, 0x11, 0x11,
  0x11, 0x11, 0x11, 0x11, 0x11, 0x11, 0x11, 0x11, 0x11, 0x11, 0x11, 0x11, 0x11, 0x11, 0x11, 0x11,
  0x11, 0x11, 0x11, 0x11, 0xde, 0xed, 0xcc, 0xcc, 0xcc, 0xbb, 0xbb, 0xbb, 0xbb, 0xaa, 0xbb, 0xbb,
  0xbb, 0xcc, 0xcc, 0xcc, 0xcc, 0xcc, 0xcb, 0xbb, 0xba, 0xaa, 0xaa, 0x99, 0x9a, 0xaa, 0xaa, 0xaa,
  0xbb, 0xbb, 0xbb, 0xbb, 0xbb, 0xba, 0xaa, 0xaa, 0x99, 0x88, 0x88, 0x88, 0x88, 0x89, 0x99, 0xaa,
  0xaa, 0xaa, 0xaa, 0xaa, 0xaa, 0x99, 0x98, 0x88, 0x77, 0x77, 0x77, 0x77, 0x77, 0x88, 0x89, 0x99,
  0x99, 0x99, 0x99, 0x98, 0x88, 0x77, 0x76, 0x66, 0x66, 0x66, 0x66, 0x66, 0x67, 0x77, 0x88, 0x88,
  0x88, 0x88, 0x87, 0x77, 0x66, 0x66, 0x65, 0x55, 0x55, 0x55, 0x55, 0x56, 0x66, 0x66, 0x40, 0x07,
  0x66, 0x66, 0x66, 0x55, 0x55, 0x44, 0x44, 0x44, 0x44, 0x44, 0x55, 0x55, 0x55, 0x56, 0x66, 0x66,
  0x55, 0x55, 0x54, 0x44, 0x44, 0x44, 0x44, 0x44, 0x44, 0x44, 0x44, 0x44, 0x45, 0x55, 0x55, 0x44,
  0x44, 0x44, 0x43, 0x33, 0x33, 0x33, 0x33, 0x33, 0x33, 0x33, 0x33, 0x33, 0x33, 0x33, 0x33, 0x33,
  0x33, 0x33, 0x33, 0x33, 0x33, 0x32, 0x22, 0x22, 0x22, 0x22, 0x22, 0x22, 0x22, 0x22, 0x22, 0x22,
  0x22, 0x22, 0x11, 0x11, 0x11, 0x11, 0x11, 0x11, 0x11, 0x11, 0x11, 0x11, 0x11, 0x11, 0x11, 0x11,
  0x11, 0x11, 0x11, 0x11, 0x11, 0x11, 0x11, 0x11, 0xee, 0xec, 0xcc, 0xcc, 0xcc, 0xbb, 0xbb, 0xbb,
  0xaa, 0xab, 0xba, 0xbb, 0xbb, 0xcc, 0xcc, 0xcc, 0xcc, 0xcc, 0xbb, 0xbb, 0xaa, 0xaa, 0xa9, 0x99,
  0x99, 0x9a, 0xaa, 0xaa, 0xbb, 0xbb, 0xbb, 0xbb, 0xbb, 0xba, 0xaa, 0xa9, 0x99, 0x88, 0x88, 0x88,
  0x88, 0x89, 0x99, 0xaa, 0xaa, 0xaa, 0xaa, 0xaa, 0xaa, 0x99, 0x88, 0x87, 0x77, 0x77, 0x77, 0x77,
  0x78, 0x88, 0x89, 0x99, 0x99, 0x99, 0x99, 0x98, 0x87, 0x77, 0x66, 0x66, 0x66, 0x66, 0x66, 0x66,
  0x77, 0x77, 0x88, 0x88, 0x88, 0x88, 0x87, 0x76, 0x66, 0x66, 0x55, 0x55, 0x55, 0x55, 0x55, 0x66,
  0x66, 0x66, 0x40, 0x07, 0x66, 0x66, 0x66, 0x55, 0x55, 0x44, 0x44, 0x44, 0x44, 0x45, 0x55, 0x55,
  0x55, 0x56, 0x66, 0x66, 0x55, 0x55, 0x54, 0x44, 0x44, 0x44, 0x44, 0x44, 0x44, 0x44, 0x44, 0x44,
  0x55, 0x55, 0x55, 0x44, 0x44, 0x44, 0x43, 0x33, 0x33, 0x33, 0x33, 0x33, 0x33, 0x33, 0x33, 0x33,
  0x33, 0x33, 0x33, 0x33, 0x33, 0x33, 0x33, 0x33, 0x33, 0x33, 0x33, 0x32, 0x22, 0x22, 0x22, 0x22,
  0x22, 0x22, 0x22, 0x22, 0x22, 0x22, 0x22, 0x22, 0x11, 0x11, 0x11, 0x11, 0x11, 0x11, 0x11, 0x11,
  0x11, 0x11, 0x11, 0x11, 0x11, 0x11, 0x11, 0x11, 0x11, 0x11, 0x11, 0x11, 0xee, 0xcc, 0xcc, 0xcc,
  0xcb, 0xbb, 0xbb, 0xaa, 0xaa, 0xbb, 0xbb, 0xbb, 0xbb, 0xcc, 0xcc, 0xcc, 0xcc, 0xcb, 0xbb, 0xbb,
  0xaa, 0xaa, 0xa9, 0x99, 0x99, 0xaa, 0xaa, 0xab, 0xbb, 0xbb, 0xbb, 0xbb, 0xbb, 0xba, 0xaa, 0x99,
  0x88, 0x88, 0x88, 0x88, 0x88, 0x99, 0x99, 0xaa, 0xaa, 0xaa, 0xaa, 0xaa, 0xa9, 0x98, 0x88, 0x77,
  0x77, 0x77, 0x77, 0x77, 0x78, 0x88, 0x89, 0x99, 0x99, 0x99, 0x99, 0x98, 0x87, 0x77, 0x66, 0x66,
  0x66, 0x66, 0x66, 0x66, 0x77, 0x77, 0x88, 0x88, 0x88, 0x88, 0x87, 0x76, 0x66, 0x65, 0x55, 0x55,
  0x55, 0x55, 0x56, 0x66, 0x66, 0x66, 0x40, 0x07, 0x66, 0x66, 0x65, 0x55, 0x55, 0x44, 0x44, 0x44,
  0x44, 0x44, 0x55, 0x55, 0x55, 0x66, 0x66, 0x55, 0x55, 0x55, 0x44, 0x44, 0x44, 0x44, 0x44, 0x44,
  0x44, 0x44, 0x44, 0x44, 0x55, 0x55, 0x54, 0x44, 0x44, 0x44, 0x33, 0x33, 0x33, 0x33, 0x33, 0x33,
  0x33, 0x33, 0x33, 0x33, 0x33, 0x33, 0x33, 0x33, 0x33, 0x33, 0x33, 0x33, 0x33, 0x33, 0x33, 0x32,
  0x22, 0x22, 0x22, 0x22, 0x22, 0x22, 0x22, 0x22, 0x22, 0x22, 0x22, 0x22, 0x11, 0x11, 0x11, 0x11,
  0x11, 0x11, 0x11, 0x11, 0x11, 0x11, 0x11, 0x11, 0x11, 0x11, 0x11, 0x11, 0x11, 0x11, 0x11, 0x11,
  0xed, 0xcc, 0xcc, 0xcc, 0xbb, 0xbb, 0xaa, 0xaa, 0xaa, 0xbb, 0xab, 0xbb, 0xbb, 0xcc, 0xcc, 0xcc,
  0xcc, 0xcb, 0xbb, 0xba, 0xaa, 0xaa, 0x99, 0x99, 0x99, 0xaa, 0xaa, 0xab, 0xbb, 0xbb, 0xbb, 0xbb,
  0xbb, 0xaa, 0xaa, 0x99, 0x88, 0x88, 0x88, 0x88, 0x88, 0x99, 0x9a, 0xaa, 0xaa, 0xaa, 0xaa, 0xaa,
  0xa9, 0x98, 0x88, 0x77, 0x77, 0x77, 0x77, 0x77, 0x88, 0x88, 0x99, 0x99, 0x99, 0x99, 0x99, 0x88,
  0x77, 0x76, 0x66, 0x66, 0x66, 0x66, 0x66, 0x67, 0x77, 0x78, 0x88, 0x88, 0x88, 0x87, 0x77, 0x66,
  0x66, 0x55, 0x55, 0x55, 0x55, 0x55, 0x56, 0x66, 0x66, 0x67, 0x50, 0x06, 0x66, 0x66, 0x65, 0x55,
  0x54, 0x44, 0x44, 0x44, 0x44, 0x45, 0x55, 0x55, 0x55, 0x66, 0x66, 0x55, 0x55, 0x55, 0x44, 0x44,
  0x44, 0x44, 0x44, 0x44, 0x44, 0x44, 0x44, 0x45, 0x55, 0x55, 0x44, 0x44, 0x44, 0x44, 0x33, 0x33,
  0x33, 0x33, 0x33, 0x33, 0x33, 0x33, 0x33, 0x44, 0x44, 0x44, 0x44, 0x33, 0x33, 0x33, 0x33, 0x33,
  0x33, 0x33, 0x33, 0x33, 0x32, 0x22, 0x22, 0x22, 0x22, 0x22, 0x22, 0x22, 0x22, 0x22, 0x22, 0x22,
  0x22, 0x22, 0x21, 0x11, 0x11, 0x11, 0x11, 0x11, 0x11, 0x11, 0x11, 0x11, 0x11, 0x11, 0x11, 0x11,
  0x11, 0x11, 0x11, 0x11, 0xed, 0xcc, 0xcc, 0xcc, 0xbb, 0xbb, 0xaa, 0xaa, 0xaa, 0xbb, 0xbb, 0xbb,
  0xcc, 0xcc, 0xcc, 0xcc, 0xcc, 0xbb, 0xbb, 0xaa, 0xaa, 0xaa, 0x99, 0x99, 0x9a, 0xaa, 0xaa, 0xbb,
  0xbb, 0xbb, 0xbb, 0xbb, 0xba, 0xaa, 0xa9, 0x99, 0x88, 0x88, 0x88, 0x88, 0x89, 0x99, 0x9a, 0xaa,
  0xaa, 0xaa, 0xaa, 0xaa, 0x99, 0x88, 0x88, 0x77, 0x77, 0x77, 0x77, 0x77, 0x78, 0x89, 0x99, 0x99,
  0x99, 0x99, 0x99, 0x88, 0x77, 0x76, 0x66, 0x66, 0x66, 0x66, 0x66, 0x67, 0x77, 0x78, 0x88, 0x88,
  0x88, 0x77, 0x76, 0x66, 0x65, 0x55, 0x55, 0x55, 0x55, 0x55, 0x56, 0x66, 0x66, 0x66, 0x40, 0x06,
  0x66, 0x66, 0x55, 0x55, 0x54, 0x44, 0x44, 0x44, 0x44, 0x45, 0x55, 0x55, 0x56, 0x66, 0x55, 0x55,
  0x55, 0x54, 0x44, 0x44, 0x44, 0x44, 0x44, 0x44, 0x44, 0x44, 0x44, 0x44, 0x55, 0x55, 0x44, 0x44,
  0x44, 0x43, 0x33, 0x33, 0x33, 0x33, 0x33, 0x33, 0x33, 0x33, 0x34, 0x44, 0x44, 0x44, 0x44, 0x44,
  0x44, 0x33, 0x33, 0x33, 0x33, 0x33, 0x33, 0x33, 0x33, 0x32, 0x22, 0x22, 0x22, 0x22, 0x22, 0x22,
  0x22, 0x22, 0x22, 0x22, 0x22, 0x22, 0x22, 0x11, 0x11, 0x11, 0x11, 0x11, 0x11, 0x11, 0x11, 0x11,
  0x11, 0x11, 0x11, 0x11, 0x11, 0x11, 0x11, 0x11, 0xdc, 0xcc, 0xcc, 0xcb, 0xbb, 0xbb, 0xaa, 0xaa,
  0xaa, 0xbb, 0xbb, 0xbb, 0xcc, 0xcc, 0xcc, 0xcc, 0xcb, 0xbb, 0xbb, 0xaa, 0xaa, 0xa9, 0x99, 0x99,
  0x9a, 0xaa, 0xaa, 0xbb, 0xbb, 0xbb, 0xbb, 0xbb, 0xba, 0xaa, 0x99, 0x98, 0x88, 0x88, 0x88, 0x88,
  0x99, 0x99, 0xaa, 0xaa, 0xaa, 0xaa, 0xaa, 0xaa, 0x99, 0x88, 0x87, 0x77, 0x77, 0x77, 0x77, 0x77,
  0x88, 0x89, 0x99, 0x99, 0x99, 0x99, 0x98, 0x87, 0x77, 0x66, 0x66, 0x66, 0x66, 0x66, 0x66, 0x67,
  0x77, 0x88, 0x88, 0x88, 0x87, 0x77, 0x76, 0x66, 0x65, 0x55, 0x55, 0x55, 0x55, 0x55, 0x56, 0x66,
  0x66, 0x66, 0x61, 0x16, 0x66, 0x65, 0x55, 0x55, 0x44, 0x44, 0x44, 0x44, 0x44, 0x45, 0x55, 0x55,
  0x56, 0x66, 0x55, 0x55, 0x55, 0x44, 0x44, 0x44, 0x44, 0x44, 0x44, 0x44, 0x44, 0x44, 0x44, 0x45,
  0x55, 0x54, 0x44, 0x44, 0x44, 0x33, 0x33, 0x33, 0x33, 0x33, 0x33, 0x33, 0x33, 0x33, 0x44, 0x44,
  0x44, 0x44, 0x44, 0x44, 0x44, 0x44, 0x33, 0x33, 0x33, 0x33, 0x33, 0x33, 0x33, 0x33, 0x33, 0x33,
  0x22, 0x22, 0x22, 0x22, 0x22, 0x22, 0x22, 0x22, 0x22, 0x22, 0x22, 0x22, 0x22, 0x11, 0x11, 0x11,
  0x11, 0x11, 0x11, 0x11, 0x11, 0x11, 0x11, 0x11, 0x11, 0x11, 0x11, 0x11, 0xdc, 0xcc, 0xcc, 0xcb,
  0xbb, 0xbb, 0xaa, 0xaa, 0xaa, 0xbb, 0xbb, 0xbc, 0xcc, 0xcc, 0xcc, 0xcc, 0xcb, 0xbb, 0xba, 0xaa,
  0xaa, 0x99, 0x99, 0x99, 0xaa, 0xaa, 0xab, 0xbb, 0xbb, 0xbb, 0xbb, 0xbb, 0xaa, 0xaa, 0x99, 0x88,
  0x88, 0x88, 0x88, 0x88, 0x99, 0x99, 0xaa, 0xaa, 0xaa, 0xaa, 0xaa, 0xa9, 0x98, 0x88, 0x87, 0x77,
  0x77, 0x77, 0x77, 0x77, 0x88, 0x99, 0x99, 0x99, 0x99, 0x99, 0x88, 0x87, 0x76, 0x66, 0x66, 0x66,
  0x66, 0x66, 0x66, 0x67, 0x77, 0x88, 0x88, 0x88, 0x87, 0x77, 0x76, 0x66, 0x55, 0x55, 0x55, 0x55,
  0x55, 0x55, 0x66, 0x66, 0x66, 0x66, 0x66, 0x66, 0x66, 0x65, 0x55, 0x55, 0x44, 0x44, 0x44, 0x44,
  0x44, 0x45, 0x55, 0x55, 0x56, 0x66, 0x55, 0x55, 0x54, 0x44, 0x44, 0x44, 0x44, 0x44, 0x44, 0x44,
  0x44, 0x44, 0x44, 0x45, 0x55, 0x44, 0x44, 0x44, 0x43, 0x33, 0x33, 0x33, 0x33, 0x33, 0x33, 0x33,
  0x33, 0x33, 0x44, 0x44, 0x44, 0x44, 0x44, 0x44, 0x44, 0x44, 0x33, 0x33, 0x33, 0x33, 0x33, 0x33,
  0x33, 0x33, 0x33, 0x33, 0x33, 0x22, 0x22, 0x22, 0x22, 0x22, 0x22, 0x22, 0x22, 0x22, 0x22, 0x22,
  0x22, 0x22, 0x11, 0x11, 0x11, 0x11, 0x11, 0x11, 0x11, 0x11, 0x11, 0x11, 0x11, 0x11, 0x11, 0x11,
  0xcc, 0xcc, 0xcc, 0xbb, 0xbb, 0xba, 0xaa, 0xaa, 0xab, 0xbb, 0xbb, 0xbc, 0xcc, 0xcc, 0xcc, 0xcc,
  0xbb, 0xbb, 0xba, 0xaa, 0xaa, 0x99, 0x99, 0x99, 0x9a, 0xaa, 0xab, 0xbb, 0xbb, 0xbb, 0xbb, 0xba,
  0xaa, 0xa9, 0x99, 0x88, 0x88, 0x88, 0x88, 0x89, 0x99, 0x9a, 0xaa, 0xaa, 0xaa, 0xaa, 0xaa, 0x99,
  0x98, 0x88, 0x77, 0x77, 0x77, 0x77, 0x77, 0x77, 0x88, 0x99, 0x99, 0x99, 0x99, 0x98, 0x88, 0x87,
  0x76, 0x66, 0x66, 0x66, 0x66, 0x66, 0x66, 0x77, 0x77, 0x88, 0x88, 0x88, 0x77, 0x77, 0x66, 0x66,
  0x55, 0x55, 0x55, 0x55, 0x55, 0x55, 0x66, 0x66, 0x66, 0x66, 0x66, 0x66, 0x66, 0x55, 0x55, 0x54,
  0x44, 0x44, 0x44, 0x44, 0x44, 0x45, 0x55, 0x55, 0x56, 0x65, 0x55, 0x55, 0x54, 0x44, 0x44, 0x44,
  0x44, 0x44, 0x44, 0x44, 0x44, 0x44, 0x44, 0x55, 0x55, 0x44, 0x44, 0x44, 0x43, 0x33, 0x33, 0x33,
  0x33, 0x33, 0x33, 0x33, 0x33, 0x34, 0x44, 0x44, 0x44, 0x44, 0x44, 0x44, 0x44, 0x44, 0x33, 0x33,
  0x33, 0x33, 0x33, 0x33, 0x33, 0x33, 0x33, 0x33, 0x33, 0x33, 0x32, 0x22, 0x22, 0x22, 0x22, 0x22,
  0x22, 0x22, 0x22, 0x22, 0x22, 0x22, 0x22, 0x22, 0x11, 0x11, 0x11, 0x11, 0x11, 0x11, 0x11, 0x11,
  0x11, 0x11, 0x11, 0x11, 0xcc, 0xcc, 0xcc, 0xbb, 0xbb, 0xba, 0xaa, 0xaa, 0xab, 0xbb, 0xbb, 0xbc,
  0xcc, 0xcc, 0xcc, 0xcc, 0xbb, 0xbb, 0xaa, 0xaa, 0xa9, 0x99, 0x99, 0x99, 0xaa, 0xaa, 0xab, 0xbb,
  0xbb, 0xbb, 0xbb, 0xba, 0xaa, 0x99, 0x99, 0x88, 0x88, 0x88, 0x88, 0x89, 0x99, 0x9a, 0xaa, 0xaa,
  0xaa, 0xaa, 0xaa, 0x99, 0x88, 0x77, 0x77, 0x77, 0x77, 0x77, 0x77, 0x78, 0x88, 0x99, 0x99, 0x99,
  0x99, 0x98, 0x88, 0x77, 0x66, 0x66, 0x66, 0x66, 0x66, 0x66, 0x66, 0x77, 0x77, 0x88, 0x88, 0x88,
  0x77, 0x77, 0x66, 0x65, 0x55, 0x55, 0x55, 0x55, 0x55, 0x56, 0x66, 0x66, 0x66, 0x66, 0x66, 0x66,
  0x66, 0x55, 0x55, 0x54, 0x44, 0x44, 0x44, 0x44, 0x44, 0x55, 0x55, 0x55, 0x56, 0x55, 0x55, 0x55,
  0x44, 0x44, 0x44, 0x44, 0x44, 0x44, 0x44, 0x44, 0x44, 0x44, 0x44, 0x55, 0x44, 0x44, 0x44, 0x44,
  0x33, 0x33, 0x33, 0x33, 0x33, 0x33, 0x33, 0x33, 0x33, 0x44, 0x44, 0x44, 0x44, 0x44, 0x44, 0x44,
  0x44, 0x43, 0x33, 0x33, 0x33, 0x33, 0x33, 0x33, 0x33, 0x33, 0x33, 0x33, 0x33, 0x33, 0x33, 0x33,
  0x33, 0x32, 0x22, 0x22, 0x22, 0x22, 0x22, 0x22, 0x22, 0x22, 0x22, 0x22, 0x21, 0x11, 0x11, 0x11,
  0x11, 0x11, 0x11, 0x11, 0x11, 0x11, 0x11, 0x11, 0xcc, 0xcc, 0xcb, 0xbb, 0xbb, 0xaa, 0xaa, 0xaa,
  0xab, 0xbb, 0xbb, 0xcc, 0xcc, 0xcc, 0xcc, 0xbb, 0xbb, 0xba, 0xaa, 0xaa, 0x99, 0x99, 0x99, 0x9a,
  0xaa, 0xaa, 0xbb, 0xbb, 0xbb, 0xbb, 0xbb, 0xaa, 0xaa, 0x99, 0x98, 0x88, 0x88, 0x88, 0x88, 0x89,
  0x99, 0xaa, 0xaa, 0xaa, 0xaa, 0xaa, 0xaa, 0x99, 0x88, 0x77, 0x77, 0x76, 0x67, 0x77, 0x77, 0x88,
  0x89, 0x99, 0x99, 0x99, 0x99, 0x88, 0x88, 0x77, 0x66, 0x66, 0x66, 0x66, 0x66, 0x66, 0x67, 0x77,
  0x78, 0x88, 0x88, 0x88, 0x77, 0x66, 0x66, 0x65, 0x55, 0x55, 0x55, 0x55, 0x55, 0x56, 0x66, 0x66,
  0x66, 0x66, 0x66, 0x66, 0x65, 0x55, 0x55, 0x44, 0x44, 0x44, 0x44, 0x44, 0x44, 0x55, 0x55, 0x55,
  0x65, 0x55, 0x55, 0x55, 0x44, 0x44, 0x44, 0x44, 0x44, 0x44, 0x44, 0x44, 0x44, 0x44, 0x44, 0x44,
  0x44, 0x44, 0x44, 0x43, 0x33, 0x33, 0x33, 0x33, 0x33, 0x33, 0x33, 0x33, 0x34, 0x44, 0x44, 0x44,
  0x44, 0x44, 0x43, 0x33, 0x33, 0x33, 0x33, 0x33, 0x33, 0x33, 0x33, 0x33, 0x33, 0x33, 0x33, 0x33,
  0x33, 0x33, 0x33, 0x33, 0x33, 0x32, 0x22, 0x22, 0x22, 0x22, 0x22, 0x22, 0x22, 0x22, 0x22, 0x22,
  0x22, 0x21, 0x21, 0x11, 0x11, 0x11, 0x11, 0x11, 0x11, 0x11, 0x11, 0x11, 0xcc, 0xcc, 0xbb, 0xbb,
  0xba, 0xaa, 0xaa, 0xaa, 0xab, 0xbb, 0xbb, 0xcc, 0xcc, 0xcc, 0xcc, 0xcb, 0xbb, 0xba, 0xaa, 0xa9,
  0x99, 0x99, 0x99, 0x9a, 0xaa, 0xaa, 0xbb, 0xbb, 0xbb, 0xbb, 0xbb, 0xaa, 0xa9, 0x99, 0x88, 0x88,
  0x88, 0x88, 0x88, 0x99, 0x99, 0xaa, 0xaa, 0xaa, 0xaa, 0xaa, 0xa9, 0x98, 0x88, 0x77, 0x77, 0x67,
  0x67, 0x77, 0x77, 0x88, 0x89, 0x99, 0x99, 0x99, 0x99, 0x88, 0x87, 0x76, 0x66, 0x66, 0x66, 0x66,
  0x66, 0x66, 0x66, 0x77, 0x78, 0x88, 0x88, 0x87, 0x77, 0x66, 0x66, 0x55, 0x55, 0x55, 0x55, 0x55,
  0x55, 0x56, 0x66, 0x66, 0x66, 0x66, 0x66, 0x66, 0x55, 0x55, 0x54, 0x44, 0x44, 0x44, 0x44, 0x44,
  0x45, 0x55, 0x55, 0x55, 0x55, 0x55, 0x55, 0x54, 0x44, 0x44, 0x44, 0x44, 0x43, 0x34, 0x44, 0x44,
  0x44, 0x44, 0x44, 0x44, 0x44, 0x44, 0x44, 0x43, 0x33, 0x33, 0x33, 0x23, 0x33, 0x33, 0x33, 0x33,
  0x34, 0x44, 0x44, 0x44, 0x44, 0x44, 0x33, 0x33, 0x33, 0x33, 0x33, 0x33, 0x33, 0x33, 0x33, 0x33,
  0x33, 0x33, 0x33, 0x33, 0x33, 0x33, 0x33, 0x33, 0x33, 0x33, 0x33, 0x33, 0x22, 0x22, 0x22, 0x22,
  0x22, 0x22, 0x22, 0x22, 0x22, 0x22, 0x22, 0x22, 0x11, 0x11, 0x11, 0x11, 0x11, 0x11, 0x11, 0x11,
  0xcc, 0xcb, 0xbb, 0xbb, 0xba, 0xaa, 0xaa, 0xaa, 0xbb, 0xbb, 0xbb, 0xcc, 0xcc, 0xcc, 0xcb, 0xbb,
  0xbb, 0xaa, 0xaa, 0xa9, 0x99, 0x99, 0x99, 0x9a, 0xaa, 0xab, 0xbb, 0xbb, 0xbb, 0xbb, 0xbb, 0xaa,
  0xa9, 0x98, 0x88, 0x88, 0x88, 0x88, 0x88, 0x99, 0x9a, 0xaa, 0xaa, 0xaa, 0xaa, 0xaa, 0x99, 0x98,
  0x87, 0x77, 0x77, 0x67, 0x77, 0x77, 0x78, 0x88, 0x99, 0x99, 0x99, 0x99, 0x98, 0x88, 0x87, 0x76,
  0x66, 0x66, 0x66, 0x66, 0x66, 0x66, 0x67, 0x77, 0x88, 0x88, 0x88, 0x87, 0x76, 0x66, 0x65, 0x55,
  0x55, 0x55, 0x55, 0x55, 0x55, 0x66, 0x66, 0x66, 0x66, 0x66, 0x66, 0x66, 0x55, 0x55, 0x44, 0x44,
  0x44, 0x44, 0x44, 0x44, 0x45, 0x55, 0x55, 0x55, 0x55, 0x55, 0x55, 0x44, 0x44, 0x44, 0x44, 0x44,
  0x43, 0x44, 0x44, 0x44, 0x44, 0x44, 0x44, 0x44, 0x44, 0x44, 0x44, 0x43, 0x33, 0x33, 0x33, 0x33,
  0x33, 0x33, 0x33, 0x33, 0x44, 0x44, 0x44, 0x44, 0x44, 0x43, 0x33, 0x33, 0x33, 0x33, 0x33, 0x33,
  0x33, 0x33, 0x33, 0x33, 0x33, 0x33, 0x33, 0x33, 0x33, 0x33, 0x33, 0x33, 0x33, 0x33, 0x33, 0x33,
  0x22, 0x22, 0x22, 0x22, 0x22, 0x22, 0x22, 0x22, 0x22, 0x22, 0x22, 0x22, 0x21, 0x11, 0x11, 0x11,
  0x11, 0x11, 0x11, 0x11, 0xcc, 0xbb, 0xbb, 0xbb, 0xaa, 0xaa, 0xaa, 0xaa, 0xab, 0xbb, 0xbb, 0xcc,
  0xcc, 0xcc, 0xcb, 0xbb, 0xbb, 0xaa, 0xaa, 0xa9, 0x99, 0x99, 0x99, 0x9a, 0xaa, 0xab, 0xbb, 0xbb,
  0xbb, 0xbb, 0xba, 0xaa, 0x99, 0x98, 0x88, 0x88, 0x88, 0x88, 0x88, 0x99, 0x9a, 0xaa, 0xaa, 0xaa,
  0xaa, 0xa9, 0x99, 0x88, 0x87, 0x77, 0x76, 0x67, 0x77, 0x77, 0x78, 0x88, 0x99, 0x99, 0x99, 0x99,
  0x98, 0x87, 0x77, 0x66, 0x66, 0x66, 0x66, 0x66, 0x66, 0x66, 0x67, 0x77, 0x88, 0x88, 0x88, 0x77,
  0x76, 0x66, 0x65, 0x55, 0x55, 0x55, 0x55, 0x55, 0x55, 0x66, 0x66, 0x66, 0x66, 0x66, 0x66, 0x66,
  0x55, 0x55, 0x44, 0x44, 0x44, 0x44, 0x44, 0x44, 0x55, 0x55, 0x55, 0x55, 0x55, 0x55, 0x55, 0x44,
  0x44, 0x44, 0x44, 0x43, 0x33, 0x44, 0x44, 0x44, 0x44, 0x44, 0x44, 0x44, 0x44, 0x44, 0x44, 0x33,
  0x33, 0x33, 0x32, 0x23, 0x23, 0x33, 0x33, 0x33, 0x44, 0x44, 0x44, 0x44, 0x43, 0x33, 0x33, 0x33,
  0x33, 0x33, 0x33, 0x33, 0x33, 0x33, 0x33, 0x33, 0x33, 0x33, 0x33, 0x33, 0x33, 0x33, 0x33, 0x33,
  0x23, 0x33, 0x33, 0x22, 0x22, 0x22, 0x22, 0x22, 0x22, 0x22, 0x22, 0x22, 0x22, 0x22, 0x22, 0x22,
  0x22, 0x22, 0x11, 0x11, 0x11, 0x11, 0x11, 0x11, 0xcc, 0xbb, 0xbb, 0xbb, 0xaa, 0xaa, 0xaa, 0xaa,
  0xbb, 0xbb, 0xbc, 0xcc, 0xcc, 0xcc, 0xcb, 0xbb, 0xbb, 0xaa, 0xa9, 0x99, 0x99, 0x99, 0x99, 0xaa,
  0xaa, 0xab, 0xbb, 0xbb, 0xbb, 0xbb, 0xaa, 0xaa, 0x99, 0x98, 0x88, 0x88, 0x88, 0x88, 0x88, 0x99,
  0x9a, 0xaa, 0xaa, 0xaa, 0xaa, 0xa9, 0x99, 0x88, 0x77, 0x77, 0x66, 0x66, 0x77, 0x77, 0x78, 0x88,
  0x99, 0x99, 0x99, 0x99, 0x88, 0x77, 0x77, 0x66, 0x66, 0x66, 0x66, 0x66, 0x66, 0x66, 0x77, 0x78,
  0x88, 0x88, 0x87, 0x77, 0x66, 0x66, 0x65, 0x55, 0x55, 0x55, 0x55, 0x55, 0x55, 0x66, 0x66, 0x66,
  0x66, 0x66, 0x66, 0x65, 0x55, 0x54, 0x44, 0x44, 0x44, 0x44, 0x44, 0x44, 0x55, 0x55, 0x55, 0x55,
  0x55, 0x55, 0x55, 0x44, 0x44, 0x44, 0x44, 0x43, 0x34, 0x44, 0x44, 0x44, 0x44, 0x44, 0x44, 0x44,
  0x44, 0x44, 0x44, 0x33, 0x33, 0x33, 0x32, 0x22, 0x23, 0x33, 0x33, 0x33, 0x44, 0x44, 0x44, 0x43,
  0x33, 0x33, 0x33, 0x33, 0x22, 0x22, 0x22, 0x22, 0x22, 0x22, 0x22, 0x22, 0x22, 0x22, 0x22, 0x22,
  0x22, 0x22, 0x22, 0x22, 0x22, 0x22, 0x22, 0x22, 0x22, 0x22, 0x22, 0x22, 0x22, 0x22, 0x22, 0x22,
  0x22, 0x22, 0x22, 0x22, 0x22, 0x22, 0x21, 0x11, 0x11, 0x11, 0x11, 0x11, 0xcc, 0xbb, 0xbb, 0xbb,
  0xaa, 0xaa, 0xaa, 0xab, 0xbb, 0xbb, 0xbc, 0xcc, 0xcc, 0xcc, 0xbb, 0xbb, 0xba, 0xaa, 0xa9, 0x99,
  0x99, 0x99, 0x9a, 0xaa, 0xaa, 0xbb, 0xbb, 0xbb, 0xbb, 0xbb, 0xaa, 0xa9, 0x99, 0x88, 0x88, 0x88,
  0x88, 0x88, 0x89, 0x99, 0xaa, 0xaa, 0xaa, 0xaa, 0xaa, 0xa9, 0x98, 0x88, 0x77, 0x76, 0x66, 0x66,
  0x77, 0x77, 0x88, 0x89, 0x99, 0x99, 0x99, 0x99, 0x88, 0x77, 0x76, 0x66, 0x66, 0x66, 0x66, 0x66,
  0x66, 0x66, 0x77, 0x78, 0x88, 0x88, 0x77, 0x77, 0x66, 0x66, 0x65, 0x55, 0x55, 0x55, 0x55, 0x55,
  0x55, 0x66, 0x66, 0x66, 0x66, 0x66, 0x66, 0x65, 0x55, 0x54, 0x44, 0x44, 0x44, 0x44, 0x44, 0x45,
  0x55, 0x55, 0x55, 0x55, 0x55, 0x55, 0x54, 0x44, 0x44, 0x44, 0x34, 0x33, 0x34, 0x44, 0x44, 0x44,
  0x44, 0x44, 0x44, 0x44, 0x44, 0x44, 0x43, 0x33, 0x33, 0x33, 0x22, 0x32, 0x23, 0x33, 0x33, 0x33,
  0x44, 0x44, 0x44, 0x43, 0x33, 0x33, 0x33, 0x22, 0x22, 0x22, 0x22, 0x22, 0x22, 0x22, 0x22, 0x22,
  0x22, 0x22, 0x22, 0x22, 0x22, 0x22, 0x22, 0x22, 0x22, 0x22, 0x22, 0x22, 0x22, 0x22, 0x22, 0x22,
  0x22, 0x22, 0x22, 0x22, 0x22, 0x22, 0x22, 0x22, 0x22, 0x22, 0x22, 0x21, 0x11, 0x11, 0x11, 0x11,
  0xcc, 0xbb, 0xbb, 0xba, 0xaa, 0xaa, 0xaa, 0xba, 0xbb, 0xbb, 0xbc, 0xcc, 0xcc, 0xcc, 0xbb, 0xba,
  0xaa, 0xaa, 0xa9, 0x99, 0x99, 0x99, 0x9a, 0xaa, 0xab, 0xbb, 0xbb, 0xbb, 0xbb, 0xba, 0xaa, 0xa9,
  0x99, 0x88, 0x88, 0x88, 0x88, 0x88, 0x89, 0x99, 0xaa, 0xaa, 0xaa, 0xaa, 0xaa, 0x99, 0x88, 0x87,
  0x77, 0x76, 0x66, 0x66, 0x77, 0x77, 0x88, 0x89, 0x99, 0x99, 0x99, 0x98, 0x88, 0x77, 0x76, 0x66,
  0x66, 0x66, 0x66, 0x66, 0x66, 0x67, 0x77, 0x88, 0x88, 0x87, 0x77, 0x76, 0x66, 0x66, 0x55, 0x55,
  0x55, 0x55, 0x55, 0x55, 0x56, 0x66, 0x66, 0x66, 0x66, 0x66, 0x66, 0x55, 0x55, 0x44, 0x44, 0x44,
  0x44, 0x44, 0x44, 0x55, 0x55, 0x55, 0x55, 0x55, 0x55, 0x55, 0x54, 0x44, 0x44, 0x44, 0x33, 0x33,
  0x33, 0x44, 0x44, 0x44, 0x44, 0x44, 0x44, 0x44, 0x44, 0x44, 0x43, 0x33, 0x33, 0x32, 0x22, 0x22,
  0x33, 0x33, 0x33, 0x33, 0x44, 0x44, 0x43, 0x33, 0x33, 0x33, 0x22, 0x22, 0x22, 0x22, 0x22, 0x22,
  0x22, 0x22, 0x22, 0x22, 0x22, 0x22, 0x22, 0x22, 0x22, 0x22, 0x22, 0x22, 0x22, 0x22, 0x22, 0x22,
  0x22, 0x22, 0x22, 0x22, 0x22, 0x22, 0x22, 0x22, 0x22, 0x22, 0x22, 0x22, 0x22, 0x22, 0x22, 0x21,
  0x11, 0x11, 0x11, 0x11, 0xcb, 0xbb, 0xba, 0xaa, 0xaa, 0xaa, 0xaa, 0xab, 0xbb, 0xbb, 0xcc, 0xcc,
  0xcc, 0xcb, 0xbb, 0xba, 0xaa, 0xaa, 0x99, 0x99, 0x99, 0x99, 0xaa, 0xaa, 0xab, 0xbb, 0xbb, 0xbb,
  0xbb, 0xba, 0xaa, 0x99, 0x98, 0x88, 0x88, 0x88, 0x88, 0x88, 0x99, 0x9a, 0xaa, 0xaa, 0xaa, 0xaa,
  0xa9, 0x99, 0x88, 0x87, 0x77, 0x66, 0x66, 0x67, 0x77, 0x77, 0x88, 0x99, 0x99, 0x99, 0x99, 0x88,
  0x87, 0x77, 0x66, 0x66, 0x66, 0x66, 0x66, 0x66, 0x66, 0x67, 0x77, 0x78, 0x88, 0x87, 0x77, 0x76,
  0x66, 0x55, 0x55, 0x55, 0x55, 0x55, 0x55, 0x55, 0x56, 0x66, 0x66, 0x66, 0x66, 0x66, 0x66, 0x55,
  0x55, 0x44, 0x44, 0x44, 0x44, 0x44, 0x44, 0x55, 0x55, 0x55, 0x55, 0x55, 0x55, 0x55, 0x44, 0x44,
  0x44, 0x44, 0x33, 0x33, 0x44, 0x44, 0x44, 0x44, 0x44, 0x44, 0x44, 0x44, 0x44, 0x44, 0x33, 0x33,
  0x33, 0x32, 0x22, 0x23, 0x33, 0x33, 0x33, 0x34, 0x44, 0x44, 0x43, 0x33, 0x33, 0x32, 0x22, 0x22,
  0x22, 0x22, 0x22, 0x22, 0x22, 0x22, 0x22, 0x22, 0x22, 0x22, 0x22, 0x22, 0x22, 0x22, 0x22, 0x22,
  0x22, 0x22, 0x22, 0x22, 0x22, 0x22, 0x22, 0x22, 0x22, 0x22, 0x22, 0x22, 0x22, 0x22, 0x22, 0x22,
  0x22, 0x22, 0x21, 0x11, 0x11, 0x11, 0x11, 0x11, 0xbb, 0xbb, 0xaa, 0xaa, 0xaa, 0xaa, 0xaa, 0xbb,
  0xbb, 0xbb, 0xcc, 0xcc, 0xcc, 0xcb, 0xbb, 0xba, 0xaa, 0xa9, 0x99, 0x99, 0x99, 0x99, 0xaa, 0xaa,
  0xbb, 0xbb, 0xbb, 0xbb, 0xbb, 0xaa, 0xa9, 0x99, 0x98, 0x88, 0x88, 0x88, 0x88, 0x88, 0x99, 0x9a,
  0xaa, 0xaa, 0xaa, 0xaa, 0x99, 0x98, 0x88, 0x77, 0x76, 0x66, 0x66, 0x67, 0x77, 0x78, 0x88, 0x89,
  0x99, 0x99, 0x98, 0x88, 0x87, 0x77, 0x66, 0x66, 0x66, 0x66, 0x66, 0x66, 0x66, 0x67, 0x77, 0x88,
  0x88, 0x77, 0x77, 0x66, 0x66, 0x55, 0x55, 0x55, 0x55, 0x55, 0x55, 0x55, 0x66, 0x66, 0x66, 0x66,
  0x66, 0x66, 0x65, 0x55, 0x55, 0x44, 0x44, 0x44, 0x44, 0x44, 0x44, 0x55, 0x55, 0x55, 0x55, 0x55,
  0x55, 0x55, 0x44, 0x44, 0x44, 0x33, 0x33, 0x33, 0x44, 0x44, 0x44, 0x44, 0x44, 0x44, 0x44, 0x44,
  0x44, 0x43, 0x33, 0x33, 0x33, 0x22, 0x22, 0x23, 0x33, 0x33, 0x33, 0x34, 0x44, 0x44, 0x33, 0x33,
  0x33, 0x22, 0x22, 0x22, 0x22, 0x22, 0x22, 0x22, 0x22, 0x22, 0x22, 0x22, 0x22, 0x22, 0x22, 0x22,
  0x22, 0x22, 0x22, 0x22, 0x22, 0x22, 0x22, 0x22, 0x22, 0x22, 0x22, 0x22, 0x22, 0x22, 0x22, 0x22,
  0x22, 0x22, 0x22, 0x22, 0x22, 0x22, 0x22, 0x11, 0x11, 0x11, 0x11, 0x11, 0xbb, 0xbb, 0xaa, 0xaa,
  0xaa, 0xaa, 0xaa, 0xbb, 0xbb, 0xbc, 0xcc, 0xcc, 0xcc, 0xbb, 0xbb, 0xaa, 0xaa, 0xa9, 0x99, 0x99,
  0x99, 0x99, 0xaa, 0xaa, 0xbb, 0xbb, 0xbb, 0xbb, 0xbb, 0xaa, 0x99, 0x99, 0x88, 0x88, 0x88, 0x88,
  0x88, 0x88, 0x99, 0xaa, 0xaa, 0xaa, 0xaa, 0xaa, 0x99, 0x98, 0x88, 0x77, 0x76, 0x66, 0x66, 0x77,
  0x77, 0x78, 0x89, 0x99, 0x99, 0x99, 0x98, 0x88, 0x77, 0x76, 0x66, 0x66, 0x66, 0x66, 0x66, 0x66,
  0x66, 0x67, 0x77, 0x88, 0x87, 0x77, 0x77, 0x66, 0x66, 0x55, 0x55, 0x55, 0x55, 0x55, 0x55, 0x55,
  0x66, 0x66, 0x66, 0x66, 0x66, 0x66, 0x55, 0x55, 0x44, 0x44, 0x44, 0x44, 0x44, 0x44, 0x44, 0x55,
  0x55, 0x55, 0x55, 0x55, 0x55, 0x54, 0x44, 0x44, 0x44, 0x33, 0x33, 0x33, 0x34, 0x44, 0x44, 0x44,
  0x44, 0x44, 0x44, 0x44, 0x44, 0x43, 0x33, 0x33, 0x32, 0x22, 0x22, 0x23, 0x33, 0x33, 0x33, 0x34,
  0x44, 0x43, 0x33, 0x33, 0x32, 0x22, 0x22, 0x22, 0x22, 0x22, 0x22, 0x22, 0x22, 0x22, 0x22, 0x22,
  0x21, 0x12, 0x22, 0x22, 0x21, 0x22, 0x21, 0x22, 0x12, 0x11, 0x11, 0x21, 0x11, 0x11, 0x11, 0x11,
  0x11, 0x12, 0x11, 0x11, 0x11, 0x11, 0x11, 0x11, 0x11, 0x11, 0x11, 0x11, 0x11, 0x11, 0x11, 0x11,
  0xbb, 0xba, 0xaa, 0xaa, 0xaa, 0xaa, 0xaa, 0xbb, 0xbb, 0xcc, 0xcc, 0xcc, 0xcc, 0xbb, 0xbb, 0xaa,
  0xaa, 0x99, 0x99, 0x99, 0x99, 0x99, 0xaa, 0xaa, 0xbb, 0xbb, 0xbb, 0xbb, 0xba, 0xaa, 0x99, 0x98,
  0x88, 0x88, 0x88, 0x88, 0x88, 0x89, 0x99, 0xaa, 0xaa, 0xaa, 0xaa, 0xaa, 0x99, 0x88, 0x87, 0x77,
  0x66, 0x66, 0x66, 0x77, 0x77, 0x88, 0x89, 0x99, 0x99, 0x99, 0x98, 0x87, 0x77, 0x66, 0x66, 0x66,
  0x66, 0x66, 0x66, 0x66, 0x66, 0x77, 0x78, 0x88, 0x87, 0x77, 0x76, 0x66, 0x65, 0x55, 0x55, 0x55,
  0x55, 0x55, 0x55, 0x56, 0x66, 0x66, 0x66, 0x66, 0x66, 0x65, 0x55, 0x54, 0x44, 0x44, 0x44, 0x44,
  0x44, 0x44, 0x45, 0x55, 0x55, 0x55, 0x55, 0x55, 0x55, 0x44, 0x44, 0x44, 0x43, 0x33, 0x33, 0x33,
  0x44, 0x44, 0x44, 0x44, 0x44, 0x44, 0x44, 0x44, 0x44, 0x33, 0x33, 0x33, 0x32, 0x22, 0x22, 0x23,
  0x33, 0x33, 0x33, 0x34, 0x34, 0x33, 0x33, 0x32, 0x22, 0x22, 0x22, 0x22, 0x22, 0x22, 0x22, 0x21,
  0x11, 0x11, 0x11, 0x11, 0x11, 0x11, 0x11, 0x11, 0x11, 0x11, 0x11, 0x11, 0x11, 0x11, 0x11, 0x11,
  0x11, 0x11, 0x11, 0x11, 0x11, 0x11, 0x11, 0x11, 0x11, 0x11, 0x11, 0x11, 0x11, 0x11, 0x11, 0x11,
  0x11, 0x11, 0x11, 0x11, 0xbb, 0xba, 0xaa, 0xaa, 0xaa, 0xaa, 0xaa, 0xbb, 0xbb, 0xcc, 0xcc, 0xcc,
  0xcb, 0xbb, 0xba, 0xaa, 0xa9, 0x99, 0x99, 0x99, 0x99, 0x9a, 0xaa, 0xaa, 0xbb, 0xbb, 0xbb, 0xbb,
  0xba, 0xa9, 0x99, 0x98, 0x88, 0x88, 0x88, 0x88, 0x88, 0x99, 0x9a, 0xaa, 0xaa, 0xaa, 0xaa, 0xa9,
  0x99, 0x88, 0x77, 0x77, 0x66, 0x66, 0x66, 0x77, 0x78, 0x88, 0x99, 0x99, 0x99, 0x99, 0x98, 0x87,
  0x77, 0x66, 0x66, 0x66, 0x66, 0x66, 0x66, 0x66, 0x66, 0x77, 0x78, 0x88, 0x87, 0x77, 0x66, 0x66,
  0x55, 0x55, 0x55, 0x55, 0x55, 0x55, 0x55, 0x56, 0x66, 0x66, 0x66, 0x66, 0x66, 0x65, 0x55, 0x44,
  0x44, 0x44, 0x44, 0x44, 0x44, 0x44, 0x45, 0x55, 0x55, 0x55, 0x55, 0x55, 0x54, 0x44, 0x44, 0x44,
  0x33, 0x33, 0x33, 0x34, 0x44, 0x44, 0x44, 0x44, 0x44, 0x44, 0x44, 0x44, 0x43, 0x33, 0x33, 0x33,
  0x22, 0x22, 0x22, 0x33, 0x33, 0x33, 0x33, 0x34, 0x43, 0x33, 0x33, 0x32, 0x22, 0x22, 0x22, 0x22,
  0x22, 0x11, 0x11, 0x11, 0x11, 0x11, 0x11, 0x11, 0x11, 0x11, 0x11, 0x11, 0x11, 0x11, 0x11, 0x11,
  0x11, 0x11, 0x11, 0x11, 0x11, 0x11, 0x11, 0x11, 0x11, 0x11, 0x11, 0x11, 0x11, 0x11, 0x11, 0x11,
  0x11, 0x11, 0x11, 0x11, 0x11, 0x11, 0x11, 0x11, 0xbb, 0xaa, 0xaa, 0xaa, 0xaa, 0xaa, 0xab, 0xbb,
  0xbc, 0xcc, 0xcc, 0xcc, 0xbb, 0xbb, 0xaa, 0xaa, 0xa9, 0x99, 0x99, 0x99, 0x99, 0x9a, 0xaa, 0xab,
  0xbb, 0xbb, 0xbb, 0xbb, 0xaa, 0xa9, 0x99, 0x98, 0x88, 0x88, 0x88, 0x88, 0x88, 0x99, 0x9a, 0xaa,
  0xaa, 0xaa, 0xaa, 0xa9, 0x98, 0x88, 0x77, 0x76, 0x66, 0x66, 0x66, 0x77, 0x78, 0x88, 0x89, 0x99,
  0x99, 0x99, 0x88, 0x87, 0x76, 0x66, 0x66, 0x66, 0x65, 0x66, 0x66, 0x66, 0x67, 0x77, 0x88, 0x88,
  0x77, 0x77, 0x66, 0x66, 0x55, 0x55, 0x55, 0x55, 0x55, 0x55, 0x55, 0x56, 0x66, 0x66, 0x66, 0x66,
  0x66, 0x55, 0x55, 0x44, 0x44, 0x44, 0x44, 0x44, 0x44, 0x44, 0x55, 0x55, 0x55, 0x55, 0x55, 0x55,
  0x44, 0x44, 0x44, 0x44, 0x33, 0x33, 0x33, 0x34, 0x44, 0x44, 0x44, 0x44, 0x44, 0x44, 0x44, 0x44,
  0x43, 0x33, 0x33, 0x32, 0x22, 0x22, 0x22, 0x33, 0x33, 0x33, 0x33, 0x33, 0x33, 0x33, 0x33, 0x22,
  0x22, 0x22, 0x22, 0x22, 0x11, 0x11, 0x11, 0x11, 0x11, 0x11, 0x11, 0x11, 0x11, 0x11, 0x11, 0x11,
  0x11, 0x11, 0x11, 0x11, 0x11, 0x11, 0x11, 0x11, 0x11, 0x11, 0x11, 0x11, 0x11, 0x11, 0x11, 0x11,
  0x11, 0x11, 0x11, 0x11, 0x11, 0x11, 0x11, 0x11, 0x11, 0x11, 0x11, 0x11, 0xbb, 0xaa, 0xaa, 0xaa,
  0xaa, 0xaa, 0xab, 0xbb, 0xbc, 0xcc, 0xcc, 0xcb, 0xbb, 0xbb, 0xaa, 0xaa, 0x99, 0x99, 0x99, 0x99,
  0x99, 0x9a, 0xaa, 0xab, 0xbb, 0xbb, 0xbb, 0xba, 0xaa, 0xa9, 0x98, 0x88, 0x88, 0x88, 0x88, 0x88,
  0x89, 0x99, 0xaa, 0xaa, 0xaa, 0xaa, 0xa9, 0x99, 0x98, 0x87, 0x77, 0x66, 0x66, 0x66, 0x67, 0x77,
  0x88, 0x88, 0x99, 0x99, 0x99, 0x98, 0x87, 0x77, 0x76, 0x66, 0x66, 0x66, 0x55, 0x66, 0x66, 0x66,
  0x77, 0x77, 0x88, 0x88, 0x77, 0x77, 0x66, 0x65, 0x55, 0x55, 0x55, 0x55, 0x55, 0x55, 0x55, 0x66,
  0x66, 0x66, 0x66, 0x66, 0x66, 0x55, 0x55, 0x44, 0x44, 0x44, 0x44, 0x44, 0x44, 0x44, 0x55, 0x55,
  0x55, 0x55, 0x55, 0x55, 0x44, 0x44, 0x44, 0x43, 0x33, 0x33, 0x33, 0x44, 0x44, 0x44, 0x44, 0x44,
  0x44, 0x44, 0x44, 0x44, 0x33, 0x33, 0x33, 0x22, 0x22, 0x22, 0x22, 0x33, 0x33, 0x33, 0x33, 0x33,
  0x33, 0x33, 0x33, 0x22, 0x22, 0x22, 0x22, 0x21, 0x11, 0x11, 0x11, 0x11, 0x11, 0x11, 0x11, 0x11,
  0x11, 0x11, 0x11, 0x11, 0x11, 0x11, 0x11, 0x11, 0x11, 0x11, 0x11, 0x11, 0x11, 0x11, 0x11, 0x11,
  0x11, 0x11, 0x11, 0x11, 0x11, 0x11, 0x11, 0x11, 0x11, 0x11, 0x11, 0x11, 0x11, 0x11, 0x11, 0x11,
  0xba, 0xaa, 0xaa, 0xaa, 0xaa, 0xaa, 0xbb, 0xbb, 0xbc, 0xcc, 0xcc, 0xcb, 0xbb, 0xba, 0xaa, 0xaa,
  0x99, 0x99, 0x99, 0x99, 0x99, 0xaa, 0xaa, 0xbb, 0xbb, 0xbb, 0xbb, 0xba, 0xaa, 0x99, 0x98, 0x88,
  0x88, 0x88, 0x88, 0x88, 0x89, 0x99, 0xaa, 0xaa, 0xaa, 0xaa, 0xa9, 0x99, 0x88, 0x77, 0x77, 0x66,
  0x66, 0x66, 0x67, 0x77, 0x88, 0x88, 0x99, 0x99, 0x99, 0x88, 0x87, 0x77, 0x66, 0x66, 0x66, 0x55,
  0x56, 0x66, 0x66, 0x66, 0x77, 0x78, 0x88, 0x87, 0x77, 0x76, 0x66, 0x65, 0x55, 0x55, 0x55, 0x55,
  0x55, 0x55, 0x56, 0x66, 0x66, 0x66, 0x66, 0x66, 0x65, 0x55, 0x54, 0x44, 0x44, 0x44, 0x44, 0x44,
  0x44, 0x45, 0x55, 0x55, 0x55, 0x55, 0x55, 0x54, 0x44, 0x44, 0x44, 0x33, 0x33, 0x33, 0x33, 0x44,
  0x44, 0x44, 0x44, 0x44, 0x44, 0x44, 0x44, 0x43, 0x33, 0x33, 0x32, 0x22, 0x22, 0x22, 0x22, 0x33,
  0x33, 0x33, 0x33, 0x33, 0x33, 0x33, 0x32, 0x22, 0x22, 0x22, 0x22, 0x11, 0x11, 0x11, 0x11, 0x11,
  0x11, 0x11, 0x11, 0x11, 0x11, 0x11, 0x11, 0x11, 0x11, 0x11, 0x11, 0x11, 0x11, 0x11, 0x11, 0x11,
  0x11, 0x11, 0x11, 0x11, 0x11, 0x11, 0x11, 0x11, 0x11, 0x11, 0x11, 0x11, 0x11, 0x11, 0x11, 0x11,
  0x11, 0x11, 0x11, 0x11, 0xaa, 0xaa, 0xaa, 0xaa, 0xaa, 0xaa, 0xbb, 0xbb, 0xbc, 0xcc, 0xcc, 0xcb,
  0xbb, 0xba, 0xaa, 0xa9, 0x99, 0x99, 0x99, 0x99, 0x9a, 0xaa, 0xaa, 0xbb, 0xbb, 0xbb, 0xbb, 0xba,
  0xaa, 0x99, 0x98, 0x88, 0x88, 0x88, 0x88, 0x88, 0x89, 0x99, 0xaa, 0xaa, 0xaa, 0xaa, 0x99, 0x98,
  0x88, 0x77, 0x76, 0x66, 0x66, 0x66, 0x77, 0x78, 0x88, 0x88, 0x99, 0x99, 0x98, 0x88, 0x87, 0x76,
  0x66, 0x66, 0x65, 0x55, 0x56, 0x66, 0x66, 0x67, 0x77, 0x78, 0x88, 0x77, 0x77, 0x66, 0x66, 0x55,
  0x55, 0x55, 0x55, 0x55, 0x55, 0x55, 0x56, 0x66, 0x66, 0x66, 0x66, 0x66, 0x65, 0x55, 0x54, 0x44,
  0x44, 0x44, 0x44, 0x44, 0x44, 0x45, 0x55, 0x55, 0x55, 0x55, 0x55, 0x54, 0x44, 0x44, 0x44, 0x33,
  0x33, 0x33, 0x33, 0x44, 0x44, 0x44, 0x44, 0x44, 0x44, 0x44, 0x44, 0x33, 0x33, 0x33, 0x22, 0x22,
  0x22, 0x22, 0x23, 0x33, 0x33, 0x33, 0x33, 0x33, 0x33, 0x33, 0x32, 0x22, 0x22, 0x22, 0x21, 0x11,
  0x11, 0x11, 0x11, 0x11, 0x11, 0x11, 0x11, 0x11, 0x11, 0x11, 0x11, 0x11, 0x11, 0x11, 0x11, 0x11,
  0x11, 0x11, 0x11, 0x11, 0x11, 0x11, 0x11, 0x11, 0x11, 0x11, 0x11, 0x11, 0x11, 0x11, 0x11, 0x11,
  0x11, 0x11, 0x11, 0x11, 0x11, 0x11, 0x11, 0x11, 0xaa, 0xaa, 0xaa, 0xaa, 0xaa, 0xab, 0xbb, 0xbb,
  0xbc, 0xcc, 0xcc, 0xbb, 0xbb, 0xba, 0xaa, 0x99, 0x99, 0x99, 0x99, 0x99, 0x9a, 0xaa, 0xaa, 0xbb,
  0xbb, 0xbb, 0xba, 0xaa, 0xa9, 0x99, 0x88, 0x88, 0x88, 0x87, 0x88, 0x88, 0x89, 0x9a, 0xaa, 0xaa,
  0xaa, 0xaa, 0x99, 0x98, 0x88, 0x77, 0x76, 0x66, 0x66, 0x66, 0x77, 0x78, 0x88, 0x89, 0x99, 0x99,
  0x98, 0x88, 0x77, 0x76, 0x66, 0x65, 0x55, 0x55, 0x66, 0x66, 0x66, 0x67, 0x77, 0x77, 0x88, 0x77,
  0x77, 0x66, 0x66, 0x55, 0x55, 0x55, 0x55, 0x55, 0x55, 0x55, 0x56, 0x66, 0x66, 0x66, 0x66, 0x66,
  0x65, 0x55, 0x44, 0x44, 0x44, 0x44, 0x44, 0x44, 0x44, 0x45, 0x55, 0x55, 0x55, 0x55, 0x55, 0x54,
  0x44, 0x44, 0x44, 0x33, 0x33, 0x33, 0x33, 0x44, 0x44, 0x44, 0x44, 0x44, 0x44, 0x44, 0x44, 0x33,
  0x33, 0x32, 0x22, 0x22, 0x22, 0x22, 0x23, 0x33, 0x33, 0x33, 0x33, 0x33, 0x33, 0x33, 0x22, 0x22,
  0x22, 0x22, 0x21, 0x11, 0x11, 0x11, 0x11, 0x11, 0x11, 0x11, 0x11, 0x11, 0x11, 0x11, 0x11, 0x11,
  0x11, 0x11, 0x11, 0x11, 0x11, 0x11, 0x11, 0x11, 0x11, 0x11, 0x11, 0x11, 0x11, 0x11, 0x11, 0x11,
  0x11, 0x11, 0x11, 0x11, 0x11, 0x11, 0x11, 0x11, 0x11, 0x11, 0x11, 0x11, 0xaa, 0xaa, 0xaa, 0xaa,
  0xaa, 0xab, 0xbb, 0xbb, 0xcc, 0xcc, 0xcc, 0xbb, 0xbb, 0xba, 0xa9, 0x99, 0x99, 0x99, 0x99, 0x99,
  0x9a, 0xaa, 0xaa, 0xbb, 0xbb, 0xbb, 0xba, 0xaa, 0xa9, 0x99, 0x88, 0x88, 0x88, 0x88, 0x88, 0x88,
  0x99, 0x9a, 0xaa, 0xaa, 0xaa, 0xa9, 0x99, 0x88, 0x87, 0x77, 0x66, 0x66, 0x66, 0x66, 0x77, 0x78,
  0x88, 0x89, 0x99, 0x99, 0x88, 0x88, 0x77, 0x66, 0x66, 0x65, 0x55, 0x55, 0x66, 0x66, 0x66, 0x77,
  0x77, 0x78, 0x87, 0x77, 0x76, 0x66, 0x65, 0x55, 0x55, 0x55, 0x55, 0x55, 0x55, 0x55, 0x56, 0x66,
  0x66, 0x66, 0x66, 0x66, 0x55, 0x54, 0x44, 0x44, 0x44, 0x44, 0x44, 0x44, 0x44, 0x55, 0x55, 0x55,
  0x55, 0x55, 0x55, 0x44, 0x44, 0x44, 0x43, 0x33, 0x33, 0x33, 0x33, 0x44, 0x44, 0x44, 0x44, 0x44,
  0x44, 0x44, 0x44, 0x33, 0x33, 0x22, 0x22, 0x22, 0x22, 0x22, 0x23, 0x33, 0x33, 0x33, 0x33, 0x33,
  0x33, 0x33, 0x22, 0x22, 0x22, 0x22, 0x11, 0x11, 0x11, 0x11, 0x11, 0x11, 0x11, 0x11, 0x11, 0x11,
  0x11, 0x11, 0x11, 0x11, 0x11, 0x11, 0x11, 0x11, 0x11, 0x11, 0x11, 0x11, 0x11, 0x11, 0x11, 0x11,
  0x11, 0x11, 0x11, 0x11, 0x11, 0x11, 0x11, 0x11, 0x11, 0x11, 0x11, 0x11, 0x11, 0x11, 0x11, 0x11,
  0xaa, 0xaa, 0xaa, 0xaa, 0xaa, 0xbb, 0xbb, 0xbb, 0xcc, 0xcc, 0xcb, 0xbb, 0xbb, 0xaa, 0xa9, 0x99,
  0x99, 0x99, 0x99, 0x99, 0x9a, 0xaa, 0xab, 0xbb, 0xbb, 0xbb, 0xaa, 0xaa, 0x99, 0x98, 0x88, 0x78,
  0x77, 0x78, 0x88, 0x89, 0x99, 0xaa, 0xaa, 0xaa, 0xaa, 0xa9, 0x98, 0x88, 0x77, 0x77, 0x66, 0x66,
  0x66, 0x66, 0x77, 0x78, 0x88, 0x89, 0x99, 0x99, 0x88, 0x87, 0x77, 0x66, 0x66, 0x55, 0x55, 0x55,
  0x66, 0x66, 0x66, 0x77, 0x77, 0x78, 0x77, 0x77, 0x76, 0x66, 0x55, 0x55, 0x55, 0x55, 0x55, 0x55,
  0x55, 0x55, 0x66, 0x66, 0x66, 0x66, 0x66, 0x65, 0x55, 0x54, 0x44, 0x44, 0x44, 0x44, 0x44, 0x44,
  0x44, 0x55, 0x55, 0x55, 0x55, 0x55, 0x55, 0x44, 0x44, 0x44, 0x43, 0x33, 0x33, 0x33, 0x33, 0x44,
  0x44, 0x44, 0x44, 0x44, 0x44, 0x44, 0x43, 0x33, 0x33, 0x22, 0x22, 0x22, 0x22, 0x22, 0x33, 0x33,
  0x33, 0x33, 0x33, 0x33, 0x33, 0x32, 0x22, 0x22, 0x22, 0x22, 0x11, 0x11, 0x11, 0x11, 0x11, 0x12,
  0x11, 0x11, 0x11, 0x11, 0x11, 0x11, 0x11, 0x11, 0x11, 0x11, 0x11, 0x11, 0x11, 0x11, 0x11, 0x11,
  0x11, 0x11, 0x11, 0x11, 0x11, 0x11, 0x11, 0x11, 0x11, 0x11, 0x11, 0x11, 0x11, 0x11, 0x11, 0x11,
  0x11, 0x11, 0x11, 0x11, 0xaa, 0xaa, 0xaa, 0xaa, 0xaa, 0xbb, 0xbb, 0xbb, 0xcc, 0xcc, 0xcb, 0xbb,
  0xaa, 0xaa, 0xa9, 0x99, 0x99, 0x99, 0x99, 0x99, 0x9a, 0xaa, 0xbb, 0xbb, 0xbb, 0xbb, 0xaa, 0xa9,
  0x99, 0x88, 0x88, 0x87, 0x77, 0x78, 0x88, 0x89, 0x9a, 0xaa, 0xaa, 0xaa, 0xaa, 0x99, 0x98, 0x88,
  0x77, 0x66, 0x66, 0x66, 0x66, 0x67, 0x77, 0x88, 0x88, 0x89, 0x99, 0x98, 0x88, 0x77, 0x76, 0x66,
  0x66, 0x55, 0x55, 0x55, 0x66, 0x66, 0x66, 0x77, 0x77, 0x88, 0x77, 0x76, 0x66, 0x65, 0x55, 0x55,
  0x55, 0x55, 0x55, 0x55, 0x55, 0x56, 0x66, 0x66, 0x66, 0x66, 0x66, 0x65, 0x55, 0x44, 0x44, 0x44,
  0x44, 0x44, 0x44, 0x44, 0x45, 0x55, 0x55, 0x55, 0x55, 0x55, 0x54, 0x44, 0x44, 0x44, 0x33, 0x33,
  0x33, 0x33, 0x34, 0x44, 0x44, 0x44, 0x44, 0x44, 0x44, 0x44, 0x43, 0x33, 0x32, 0x22, 0x22, 0x22,
  0x22, 0x22, 0x33, 0x33, 0x33, 0x33, 0x33, 0x33, 0x33, 0x32, 0x22, 0x22, 0x22, 0x21, 0x11, 0x11,
  0x11, 0x11, 0x11, 0x22, 0x22, 0x22, 0x11, 0x11, 0x11, 0x11, 0x11, 0x11, 0x11, 0x11, 0x11, 0x11,
  0x11, 0x11, 0x11, 0x11, 0x11, 0x11, 0x11, 0x11, 0x11, 0x11, 0x11, 0x11, 0x11, 0x11, 0x11, 0x11,
  0x11, 0x11, 0x11, 0x11, 0x11, 0x11, 0x11, 0x11, 0xaa, 0xaa, 0xaa, 0xaa, 0xab, 0xbb, 0xbb, 0xbc,
  0xcc, 0xcc, 0xbb, 0xbb, 0xaa, 0xaa, 0x99, 0x99, 0x99, 0x99, 0x99, 0x99, 0xaa, 0xab, 0xbb, 0xbb,
  0xbb, 0xbb, 0xaa, 0x99, 0x98, 0x88, 0x88, 0x77, 0x77, 0x88, 0x88, 0x89, 0x99, 0xaa, 0xaa, 0xaa,
  0xaa, 0x99, 0x88, 0x87, 0x77, 0x66, 0x66, 0x66, 0x66, 0x77, 0x77, 0x88, 0x88, 0x99, 0x99, 0x98,
  0x88, 0x77, 0x76, 0x66, 0x66, 0x55, 0x55, 0x55, 0x66, 0x66, 0x66, 0x77, 0x77, 0x87, 0x77, 0x76,
  0x66, 0x65, 0x55, 0x55, 0x54, 0x55, 0x55, 0x55, 0x55, 0x56, 0x66, 0x66, 0x66, 0x66, 0x66, 0x55,
  0x54, 0x44, 0x44, 0x44, 0x44, 0x44, 0x44, 0x44, 0x45, 0x55, 0x55, 0x55, 0x55, 0x55, 0x44, 0x44,
  0x44, 0x43, 0x33, 0x33, 0x33, 0x33, 0x34, 0x44, 0x44, 0x44, 0x44, 0x44, 0x44, 0x44, 0x43, 0x33,
  0x22, 0x22, 0x22, 0x22, 0x22, 0x22, 0x33, 0x33, 0x33, 0x33, 0x33, 0x33, 0x33, 0x22, 0x22, 0x22,
  0x22, 0x11, 0x11, 0x11, 0x11, 0x12, 0x22, 0x22, 0x22, 0x22, 0x22, 0x22, 0x22, 0x11, 0x11, 0x11,
  0x11, 0x11, 0x11, 0x11, 0x11, 0x11, 0x11, 0x11, 0x11, 0x11, 0x11, 0x11, 0x11, 0x11, 0x11, 0x11,
  0x11, 0x11, 0x11, 0x11, 0x11, 0x11, 0x11, 0x11, 0x11, 0x11, 0x11, 0x11, 0xaa, 0xaa, 0xaa, 0xaa,
  0xab, 0xbb, 0xbb, 0xcc, 0xcc, 0xcc, 0xbb, 0xbb, 0xaa, 0xaa, 0x99, 0x99, 0x99, 0x99, 0x99, 0x9a,
  0xaa, 0xab, 0xbb, 0xbb, 0xbb, 0xba, 0xaa, 0x99, 0x98, 0x88, 0x88, 0x77, 0x77, 0x88, 0x88, 0x99,
  0x99, 0xaa, 0xaa, 0xaa, 0xaa, 0x98, 0x88, 0x87, 0x77, 0x66, 0x66, 0x66, 0x66, 0x77, 0x77, 0x88,
  0x89, 0x99, 0x98, 0x88, 0x87, 0x77, 0x66, 0x66, 0x55, 0x55, 0x55, 0x55, 0x66, 0x66, 0x67, 0x77,
  0x77, 0x77, 0x77, 0x66, 0x66, 0x65, 0x55, 0x55, 0x54, 0x55, 0x55, 0x55, 0x55, 0x56, 0x66, 0x66,
  0x66, 0x66, 0x65, 0x55, 0x54, 0x44, 0x44, 0x44, 0x44, 0x44, 0x44, 0x44, 0x55, 0x55, 0x55, 0x55,
  0x55, 0x54, 0x44, 0x44, 0x44, 0x33, 0x33, 0x33, 0x33, 0x33, 0x44, 0x44, 0x44, 0x44, 0x44, 0x44,
  0x44, 0x44, 0x33, 0x33, 0x22, 0x22, 0x22, 0x22, 0x22, 0x23, 0x33, 0x33, 0x33, 0x33, 0x33, 0x33,
  0x32, 0x22, 0x22, 0x22, 0x22, 0x11, 0x11, 0x11, 0x11, 0x22, 0x22, 0x22, 0x22, 0x22, 0x22, 0x22,
  0x22, 0x22, 0x11, 0x11, 0x11, 0x11, 0x11, 0x11, 0x11, 0x11, 0x11, 0x11, 0x11, 0x11, 0x11, 0x11,
  0x11, 0x11, 0x11, 0x11, 0x11, 0x11, 0x11, 0x11, 0x11, 0x11, 0x11, 0x11, 0x11, 0x11, 0x11, 0x11,
  0xaa, 0xaa, 0xaa, 0xaa, 0xab, 0xbb, 0xbb, 0xcc, 0xcc, 0xcb, 0xbb, 0xba, 0xaa, 0xa9, 0x99, 0x99,
  0x99, 0x99, 0x99, 0xaa, 0xaa, 0xab, 0xbb, 0xbb, 0xbb, 0xaa, 0xa9, 0x99, 0x88, 0x88, 0x87, 0x77,
  0x77, 0x88, 0x88, 0x99, 0x9a, 0xaa, 0xaa, 0xaa, 0xa9, 0x98, 0x88, 0x77, 0x77, 0x66, 0x66, 0x66,
  0x67, 0x77, 0x78, 0x88, 0x89, 0x99, 0x98, 0x88, 0x87, 0x76, 0x66, 0x66, 0x55, 0x55, 0x55, 0x56,
  0x66, 0x66, 0x67, 0x77, 0x77, 0x77, 0x77, 0x66, 0x66, 0x55, 0x55, 0x55, 0x54, 0x54, 0x55, 0x55,
  0x55, 0x66, 0x66, 0x66, 0x66, 0x66, 0x65, 0x55, 0x54, 0x44, 0x44, 0x44, 0x44, 0x44, 0x44, 0x44,
  0x55, 0x55, 0x55, 0x55, 0x55, 0x54, 0x44, 0x44, 0x44, 0x33, 0x33, 0x33, 0x33, 0x33, 0x44, 0x44,
  0x44, 0x44, 0x44, 0x44, 0x44, 0x43, 0x33, 0x32, 0x22, 0x22, 0x22, 0x22, 0x22, 0x23, 0x33, 0x33,
  0x33, 0x33, 0x33, 0x33, 0x32, 0x22, 0x22, 0x22, 0x11, 0x11, 0x11, 0x11, 0x22, 0x22, 0x22, 0x22,
  0x22, 0x22, 0x22, 0x22, 0x22, 0x22, 0x11, 0x11, 0x11, 0x11, 0x11, 0x11, 0x11, 0x11, 0x11, 0x11,
  0x11, 0x11, 0x11, 0x11, 0x11, 0x11, 0x11, 0x11, 0x11, 0x11, 0x11, 0x11, 0x11, 0x11, 0x11, 0x11,
  0x11, 0x11, 0x11, 0x11, 0xaa, 0xaa, 0xaa, 0xaa, 0xab, 0xbb, 0xbc, 0xcc, 0xcc, 0xbb, 0xbb, 0xba,
  0xaa, 0xa9, 0x99, 0x99, 0x99, 0x99, 0x99, 0xaa, 0xaa, 0xbb, 0xbb, 0xbb, 0xba, 0xaa, 0xa9, 0x99,
  0x88, 0x87, 0x77, 0x77, 0x77, 0x88, 0x89, 0x99, 0xaa, 0xaa, 0xaa, 0xaa, 0x99, 0x98, 0x87, 0x77,
  0x76, 0x66, 0x66, 0x66, 0x67, 0x77, 0x78, 0x88, 0x99, 0x99, 0x98, 0x88, 0x77, 0x76, 0x66, 0x65,
  0x55, 0x55, 0x55, 0x56, 0x66, 0x66, 0x77, 0x77, 0x77, 0x77, 0x76, 0x66, 0x66, 0x55, 0x55, 0x55,
  0x44, 0x45, 0x55, 0x55, 0x56, 0x66, 0x66, 0x66, 0x66, 0x66, 0x55, 0x55, 0x54, 0x44, 0x44, 0x44,
  0x44, 0x44, 0x44, 0x44, 0x55, 0x55, 0x55, 0x55, 0x55, 0x44, 0x44, 0x44, 0x43, 0x33, 0x33, 0x33,
  0x33, 0x33, 0x44, 0x44, 0x44, 0x44, 0x44, 0x44, 0x44, 0x33, 0x33, 0x32, 0x22, 0x22, 0x22, 0x22,
  0x22, 0x23, 0x33, 0x33, 0x33, 0x33, 0x33, 0x33, 0x22, 0x22, 0x22, 0x21, 0x11, 0x11, 0x11, 0x12,
  0x22, 0x22, 0x22, 0x22, 0x22, 0x22, 0x22, 0x22, 0x22, 0x22, 0x22, 0x22, 0x11, 0x11, 0x11, 0x11,
  0x11, 0x11, 0x11, 0x11, 0x11, 0x11, 0x11, 0x11, 0x11, 0x11, 0x11, 0x11, 0x11, 0x11, 0x11, 0x11,
  0x11, 0x11, 0x11, 0x11, 0x11, 0x11, 0x11, 0x11, 0xaa, 0xaa, 0xaa, 0xaa, 0xbb, 0xbb, 0xbc, 0xcc,
  0xcc, 0xbb, 0xbb, 0xaa, 0xaa, 0x99, 0x99, 0x99, 0x99, 0x99, 0x99, 0xaa, 0xaa, 0xbb, 0xbb, 0xbb,
  0xba, 0xaa, 0xa9, 0x98, 0x88, 0x77, 0x77, 0x77, 0x87, 0x88, 0x99, 0x99, 0xaa, 0xaa, 0xaa, 0xa9,
  0x99, 0x88, 0x87, 0x77, 0x66, 0x66, 0x66, 0x66, 0x67, 0x77, 0x78, 0x89, 0x99, 0x99, 0x88, 0x88,
  0x77, 0x66, 0x66, 0x65, 0x55, 0x55, 0x55, 0x66, 0x66, 0x66, 0x77, 0x77, 0x77, 0x77, 0x76, 0x66,
  0x65, 0x55, 0x55, 0x54, 0x44, 0x45, 0x55, 0x55, 0x56, 0x66, 0x66, 0x66, 0x66, 0x66, 0x55, 0x55,
  0x44, 0x44, 0x44, 0x44, 0x44, 0x44, 0x44, 0x45, 0x55, 0x55, 0x55, 0x55, 0x55, 0x44, 0x44, 0x44,
  0x33, 0x33, 0x33, 0x33, 0x33, 0x34, 0x44, 0x44, 0x44, 0x44, 0x44, 0x44, 0x43, 0x33, 0x33, 0x22,
  0x22, 0x22, 0x22, 0x22, 0x22, 0x23, 0x33, 0x33, 0x33, 0x33, 0x33, 0x33, 0x22, 0x22, 0x22, 0x11,
  0x11, 0x11, 0x11, 0x11, 0x22, 0x22, 0x22, 0x22, 0x22, 0x22, 0x22, 0x22, 0x22, 0x22, 0x22, 0x21,
  0x11, 0x11, 0x11, 0x11, 0x11, 0x11, 0x11, 0x11, 0x11, 0x11, 0x11, 0x11, 0x11, 0x11, 0x11, 0x11,
  0x11, 0x11, 0x11, 0x11, 0x11, 0x11, 0x11, 0x11, 0x11, 0x11, 0x11, 0x11, 0xaa, 0xaa, 0xaa, 0xaa,
  0xbb, 0xbb, 0xbc, 0xcc, 0xcb, 0xbb, 0xbb, 0xaa, 0xaa, 0x99, 0x99, 0x89, 0x99, 0x99, 0x99, 0xaa,
  0xab, 0xbb, 0xbb, 0xbb, 0xaa, 0xaa, 0x99, 0x98, 0x88, 0x77, 0x77, 0x77, 0x78, 0x88, 0x99, 0x99,
  0xaa, 0xaa, 0xaa, 0xa9, 0x99, 0x88, 0x77, 0x76, 0x66, 0x66, 0x66, 0x66, 0x77, 0x77, 0x88, 0x89,
  0x99, 0x98, 0x88, 0x87, 0x76, 0x66, 0x66, 0x55, 0x55, 0x55, 0x55, 0x66, 0x66, 0x67, 0x77, 0x77,
  0x77, 0x77, 0x66, 0x66, 0x65, 0x55, 0x55, 0x54, 0x44, 0x55, 0x55, 0x55, 0x56, 0x66, 0x66, 0x66,
  0x66, 0x65, 0x55, 0x55, 0x44, 0x44, 0x44, 0x44, 0x44, 0x44, 0x44, 0x45, 0x55, 0x55, 0x55, 0x55,
  0x55, 0x44, 0x44, 0x44, 0x33, 0x33, 0x33, 0x33, 0x33, 0x34, 0x44, 0x44, 0x44, 0x44, 0x44, 0x44,
  0x43, 0x33, 0x32, 0x22, 0x22, 0x22, 0x22, 0x22, 0x22, 0x23, 0x33, 0x33, 0x33, 0x33, 0x33, 0x22,
  0x22, 0x22, 0x22, 0x11, 0x11, 0x11, 0x11, 0x22, 0x22, 0x22, 0x22, 0x22, 0x22, 0x22, 0x22, 0x22,
  0x22, 0x22, 0x22, 0x22, 0x22, 0x11, 0x11, 0x11, 0x11, 0x11, 0x11, 0x11, 0x11, 0x11, 0x11, 0x11,
  0x11, 0x11, 0x11, 0x11, 0x11, 0x11, 0x11, 0x11, 0x11, 0x11, 0x11, 0x11, 0x11, 0x11, 0x11, 0x11,
  0xaa, 0xaa, 0xaa, 0xab, 0xbb, 0xbb, 0xcc, 0xcc, 0xcb, 0xbb, 0xba, 0xaa, 0xa9, 0x99, 0x99, 0x98,
  0x99, 0x99, 0x9a, 0xaa, 0xab, 0xbb, 0xbb, 0xba, 0xaa, 0xaa, 0x99, 0x88, 0x87, 0x77, 0x77, 0x77,
  0x78, 0x88, 0x99, 0x99, 0xaa, 0xaa, 0xaa, 0x99, 0x98, 0x88, 0x77, 0x66, 0x66, 0x66, 0x66, 0x66,
  0x77, 0x78, 0x88, 0x89, 0x99, 0x98, 0x88, 0x77, 0x66, 0x66, 0x65, 0x55, 0x55, 0x55, 0x55, 0x66,
  0x66, 0x67, 0x77, 0x77, 0x77, 0x76, 0x66, 0x66, 0x55, 0x55, 0x55, 0x54, 0x44, 0x45, 0x55, 0x55,
  0x56, 0x66, 0x66, 0x66, 0x66, 0x65, 0x55, 0x54, 0x44, 0x44, 0x44, 0x44, 0x44, 0x44, 0x44, 0x45,
  0x55, 0x55, 0x55, 0x55, 0x54, 0x44, 0x44, 0x43, 0x33, 0x33, 0x33, 0x33, 0x33, 0x34, 0x44, 0x44,
  0x44, 0x44, 0x44, 0x44, 0x33, 0x33, 0x22, 0x22, 0x22, 0x22, 0x22, 0x22, 0x22, 0x33, 0x33, 0x33,
  0x33, 0x33, 0x33, 0x22, 0x22, 0x22, 0x22, 0x11, 0x11, 0x11, 0x11, 0x22, 0x22, 0x22, 0x22, 0x22,
  0x22, 0x22, 0x22, 0x22, 0x22, 0x22, 0x22, 0x22, 0x22, 0x21, 0x11, 0x11, 0x11, 0x11, 0x11, 0x11,
  0x11, 0x11, 0x11, 0x11, 0x11, 0x11, 0x11, 0x11, 0x11, 0x11, 0x11, 0x11, 0x11, 0x11, 0x11, 0x11,
  0x11, 0x11, 0x11, 0x11, 0xaa, 0xaa, 0xaa, 0xbb, 0xbb, 0xbb, 0xcc, 0xcc, 0xcb, 0xbb, 0xba, 0xaa,
  0x99, 0x99, 0x99, 0x98, 0x89, 0x99, 0x9a, 0xaa, 0xaa, 0xbb, 0xbb, 0xba, 0xaa, 0xa9, 0x99, 0x88,
  0x87, 0x77, 0x77, 0x77, 0x88, 0x88, 0x99, 0x9a, 0xaa, 0xaa, 0xaa, 0x99, 0x88, 0x87, 0x76, 0x66,
  0x66, 0x66, 0x66, 0x67, 0x77, 0x78, 0x88, 0x89, 0x99, 0x98, 0x88, 0x77, 0x66, 0x66, 0x65, 0x55,
  0x55, 0x55, 0x56, 0x66, 0x66, 0x77, 0x77, 0x77, 0x77, 0x76, 0x66, 0x66, 0x55, 0x55, 0x44, 0x44,
  0x44, 0x45, 0x55, 0x55, 0x66, 0x66, 0x66, 0x66, 0x66, 0x55, 0x55, 0x44, 0x44, 0x44, 0x44, 0x44,
  0x44, 0x44, 0x44, 0x55, 0x55, 0x55, 0x55, 0x55, 0x44, 0x44, 0x44, 0x43, 0x33, 0x33, 0x33, 0x33,
  0x33, 0x44, 0x44, 0x44, 0x44, 0x44, 0x44, 0x44, 0x33, 0x33, 0x22, 0x22, 0x22, 0x22, 0x22, 0x22,
  0x23, 0x33, 0x33, 0x33, 0x33, 0x33, 0x33, 0x22, 0x22, 0x22, 0x22, 0x11, 0x11, 0x11, 0x12, 0x22,
  0x22, 0x22, 0x22, 0x22, 0x22, 0x22, 0x22, 0x22, 0x22, 0x22, 0x22, 0x22, 0x22, 0x21, 0x11, 0x11,
  0x11, 0x11, 0x11, 0x11, 0x11, 0x11, 0x11, 0x11, 0x11, 0x11, 0x11, 0x11, 0x11, 0x11, 0x11, 0x11,
  0x11, 0x11, 0x11, 0x11, 0x11, 0x11, 0x11, 0x11, 0xaa, 0xaa, 0xaa, 0xbb, 0xbb, 0xbc, 0xcc, 0xcc,
  0xbb, 0xbb, 0xaa, 0xa9, 0x99, 0x99, 0x98, 0x88, 0x89, 0x99, 0xaa, 0xaa, 0xbb, 0xbb, 0xbb, 0xba,
  0xaa, 0xa9, 0x98, 0x88, 0x77, 0x77, 0x77, 0x77, 0x88, 0x88, 0x99, 0x9a, 0xaa, 0xaa, 0xa9, 0x99,
  0x88, 0x77, 0x76, 0x66, 0x66, 0x66, 0x66, 0x77, 0x77, 0x78, 0x88, 0x89, 0x99, 0x88, 0x87, 0x77,
  0x66, 0x66, 0x55, 0x55, 0x55, 0x55, 0x56, 0x66, 0x66, 0x77, 0x77, 0x77, 0x77, 0x76, 0x66, 0x65,
  0x55, 0x54, 0x44, 0x44, 0x44, 0x55, 0x55, 0x55, 0x66, 0x66, 0x66, 0x66, 0x66, 0x55, 0x54, 0x44,
  0x44, 0x44, 0x44, 0x44, 0x44, 0x44, 0x45, 0x55, 0x55, 0x55, 0x55, 0x55, 0x44, 0x44, 0x44, 0x33,
  0x33, 0x33, 0x33, 0x33, 0x33, 0x44, 0x44, 0x44, 0x44, 0x44, 0x44, 0x43, 0x33, 0x33, 0x22, 0x22,
  0x22, 0x22, 0x22, 0x22, 0x23, 0x33, 0x33, 0x33, 0x33, 0x33, 0x32, 0x22, 0x22, 0x22, 0x21, 0x11,
  0x11, 0x11, 0x22, 0x22, 0x22, 0x22, 0x22, 0x22, 0x22, 0x22, 0x22, 0x22, 0x22, 0x22, 0x22, 0x22,
  0x22, 0x21, 0x11, 0x11, 0x11, 0x11, 0x11, 0x11, 0x11, 0x11, 0x11, 0x11, 0x11, 0x11, 0x11, 0x11,
  0x11, 0x11, 0x11, 0x11, 0x11, 0x11, 0x11, 0x11, 0x11, 0x11, 0x11, 0x11, 0xaa, 0xaa, 0xab, 0xbb,
  0xbb, 0xbc, 0xcc, 0xcc, 0xbb, 0xbb, 0xaa, 0xa9, 0x99, 0x99, 0x98, 0x88, 0x89, 0x99, 0xaa, 0xaa,
  0xab, 0xbb, 0xbb, 0xaa, 0xaa, 0x99, 0x88, 0x88, 0x77, 0x77, 0x77, 0x78, 0x88, 0x89, 0x99, 0xaa,
  0xaa, 0xaa, 0xa9, 0x98, 0x88, 0x77, 0x66, 0x66, 0x66, 0x66, 0x66, 0x77, 0x77, 0x88, 0x88, 0x99,
  0x98, 0x88, 0x77, 0x77, 0x66, 0x66, 0x55, 0x55, 0x55, 0x55, 0x56, 0x66, 0x66, 0x77, 0x77, 0x77,
  0x77, 0x66, 0x66, 0x55, 0x55, 0x54, 0x44, 0x44, 0x45, 0x55, 0x55, 0x56, 0x66, 0x66, 0x66, 0x66,
  0x65, 0x55, 0x44, 0x44, 0x44, 0x44, 0x44, 0x44, 0x44, 0x44, 0x45, 0x55, 0x55, 0x55, 0x55, 0x54,
  0x44, 0x44, 0x44, 0x33, 0x33, 0x33, 0x33, 0x33, 0x33, 0x44, 0x44, 0x44, 0x44, 0x44, 0x44, 0x43,
  0x33, 0x32, 0x22, 0x22, 0x22, 0x22, 0x22, 0x22, 0x23, 0x33, 0x33, 0x33, 0x33, 0x33, 0x32, 0x22,
  0x22, 0x22, 0x11, 0x11, 0x11, 0x11, 0x22, 0x22, 0x22, 0x22, 0x22, 0x22, 0x22, 0x22, 0x22, 0x22,
  0x22, 0x22, 0x21, 0x11, 0x11, 0x11, 0x11, 0x11, 0x11, 0x11, 0x11, 0x11, 0x11, 0x11, 0x11, 0x11,
  0x11, 0x11, 0x11, 0x11, 0x11, 0x11, 0x11, 0x11, 0x11, 0x11, 0x11, 0x11, 0x11, 0x11, 0x11, 0x11,
  0xaa, 0xaa, 0xaa, 0xbb, 0xbb, 0xcc, 0xcc, 0xbb, 0xbb, 0xbb, 0xaa, 0xa9, 0x99, 0x98, 0x98, 0x88,
  0x99, 0x9a, 0xaa, 0xaa, 0xbb, 0xbb, 0xbb, 0xaa, 0xaa, 0x99, 0x88, 0x87, 0x77, 0x77, 0x77, 0x77,
  0x88, 0x89, 0x9a, 0xaa, 0xaa, 0xaa, 0x99, 0x98, 0x88, 0x77, 0x66, 0x66, 0x66, 0x66, 0x66, 0x77,
  0x77, 0x88, 0x88, 0x99, 0x98, 0x88, 0x77, 0x66, 0x66, 0x65, 0x55, 0x55, 0x55, 0x55, 0x66, 0x66,
  0x67, 0x77, 0x77, 0x77, 0x76, 0x66, 0x66, 0x55, 0x55, 0x54, 0x44, 0x44, 0x45, 0x55, 0x55, 0x56,
  0x66, 0x66, 0x66, 0x66, 0x65, 0x55, 0x44, 0x44, 0x44, 0x44, 0x44, 0x44, 0x44, 0x44, 0x45, 0x55,
  0x55, 0x55, 0x55, 0x44, 0x44, 0x44, 0x44, 0x33, 0x33, 0x33, 0x33, 0x33, 0x34, 0x44, 0x44, 0x44,
  0x44, 0x44, 0x44, 0x43, 0x33, 0x22, 0x22, 0x22, 0x22, 0x22, 0x22, 0x22, 0x33, 0x33, 0x33, 0x33,
  0x33, 0x33, 0x22, 0x22, 0x22, 0x21, 0x11, 0x11, 0x11, 0x11, 0x22, 0x22, 0x22, 0x22, 0x22, 0x22,
  0x22, 0x22, 0x22, 0x22, 0x21, 0x11, 0x11, 0x11, 0x11, 0x11, 0x11, 0x11, 0x11, 0x11, 0x11, 0x11,
  0x11, 0x11, 0x11, 0x11, 0x11, 0x11, 0x11, 0x11, 0x11, 0x11, 0x11, 0x11, 0x11, 0x11, 0x11, 0x11,
  0x11, 0x11, 0x11, 0x11, 0xaa, 0xaa, 0xab, 0xbb, 0xbb, 0xcc, 0xcc, 0xbb, 0xbb, 0xaa, 0xaa, 0x99,
  0x99, 0x88, 0x88, 0x89, 0x99, 0x9a, 0xaa, 0xaa, 0xbb, 0xbb, 0xba, 0xaa, 0xa9, 0x98, 0x88, 0x77,
  0x77, 0x77, 0x77, 0x78, 0x88, 0x99, 0x9a, 0xaa, 0xaa, 0xaa, 0x99, 0x88, 0x87, 0x77, 0x66, 0x66,
  0x66, 0x66, 0x66, 0x77, 0x77, 0x88, 0x88, 0x99, 0x88, 0x87, 0x77, 0x66, 0x66, 0x55, 0x55, 0x55,
  0x55, 0x56, 0x66, 0x66, 0x67, 0x77, 0x77, 0x77, 0x76, 0x66, 0x65, 0x55, 0x55, 0x44, 0x44, 0x44,
  0x45, 0x55, 0x55, 0x66, 0x66, 0x66, 0x66, 0x66, 0x55, 0x55, 0x44, 0x44, 0x44, 0x44, 0x44, 0x44,
  0x44, 0x44, 0x45, 0x55, 0x55, 0x55, 0x55, 0x44, 0x44, 0x43, 0x33, 0x33, 0x33, 0x33, 0x33, 0x33,
  0x44, 0x44, 0x44, 0x44, 0x44, 0x44, 0x43, 0x33, 0x33, 0x22, 0x22, 0x22, 0x22, 0x22, 0x22, 0x22,
  0x33, 0x33, 0x33, 0x33, 0x33, 0x32, 0x22, 0x22, 0x22, 0x21, 0x11, 0x11, 0x11, 0x11, 0x22, 0x22,
  0x22, 0x22, 0x22, 0x22, 0x22, 0x22, 0x22, 0x11, 0x11, 0x11, 0x11, 0x11, 0x11, 0x11, 0x11, 0x11,
  0x11, 0x11, 0x11, 0x11, 0x11, 0x11, 0x11, 0x11, 0x11, 0x11, 0x11, 0x11, 0x11, 0x11, 0x11, 0x11,
  0x11, 0x11, 0x11, 0x11, 0x11, 0x11, 0x11, 0x11, 0xaa, 0xaa, 0xbb, 0xbb, 0xbb, 0xcc, 0xcb, 0xbb,
  0xba, 0xaa, 0xaa, 0x99, 0x88, 0x88, 0x88, 0x89, 0x99, 0x9a, 0xaa, 0xab, 0xbb, 0xbb, 0xaa, 0xaa,
  0xa9, 0x98, 0x88, 0x77, 0x77, 0x77, 0x77, 0x88, 0x89, 0x99, 0x9a, 0xaa, 0xaa, 0xa9, 0x99, 0x88,
  0x77, 0x76, 0x66, 0x66, 0x66, 0x66, 0x67, 0x77, 0x78, 0x88, 0x89, 0x98, 0x88, 0x87, 0x77, 0x66,
  0x66, 0x55, 0x55, 0x55, 0x55, 0x56, 0x66, 0x66, 0x77, 0x77, 0x77, 0x77, 0x76, 0x66, 0x55, 0x55,
  0x54, 0x44, 0x44, 0x44, 0x55, 0x55, 0x55, 0x66, 0x66, 0x66, 0x66, 0x65, 0x55, 0x54, 0x44, 0x44,
  0x44, 0x44, 0x44, 0x44, 0x44, 0x44, 0x55, 0x55, 0x55, 0x55, 0x54, 0x44, 0x44, 0x33, 0x33, 0x33,
  0x33, 0x33, 0x33, 0x33, 0x34, 0x44, 0x44, 0x44, 0x44, 0x44, 0x43, 0x33, 0x32, 0x22, 0x22, 0x22,
  0x22, 0x22, 0x22, 0x22, 0x33, 0x33, 0x33, 0x33, 0x33, 0x22, 0x22, 0x22, 0x22, 0x11, 0x11, 0x11,
  0x11, 0x11, 0x22, 0x22, 0x22, 0x22, 0x22, 0x22, 0x22, 0x22, 0x21, 0x11, 0x11, 0x11, 0x11, 0x11,
  0x11, 0x11, 0x11, 0x11, 0x11, 0x11, 0x11, 0x11, 0x11, 0x11, 0x11, 0x11, 0x11, 0x11, 0x11, 0x11,
  0x11, 0x11, 0x11, 0x11, 0x11, 0x11, 0x11, 0x11, 0x11, 0x11, 0x11, 0x11, 0xaa, 0xaa, 0xbb, 0xbb,
  0xbb, 0xcc, 0xbb, 0xbb, 0xba, 0xaa, 0xa9, 0x99, 0x88, 0x88, 0x88, 0x89, 0x99, 0x9a, 0xaa, 0xbb,
  0xbb, 0xba, 0xaa, 0xaa, 0x99, 0x88, 0x87, 0x77, 0x77, 0x77, 0x77, 0x88, 0x89, 0x99, 0xaa, 0xaa,
  0xaa, 0x99, 0x98, 0x88, 0x77, 0x76, 0x66, 0x66, 0x66, 0x66, 0x67, 0x77, 0x78, 0x88, 0x89, 0x88,
  0x88, 0x87, 0x76, 0x66, 0x65, 0x55, 0x55, 0x55, 0x55, 0x56, 0x66, 0x66, 0x77, 0x77, 0x77, 0x77,
  0x66, 0x66, 0x55, 0x55, 0x44, 0x44, 0x44, 0x44, 0x55, 0x55, 0x55, 0x66, 0x66, 0x66, 0x66, 0x65,
  0x55, 0x44, 0x44, 0x44, 0x44, 0x44, 0x44, 0x44, 0x44, 0x44, 0x55, 0x55, 0x55, 0x55, 0x54, 0x44,
  0x44, 0x33, 0x33, 0x33, 0x33, 0x33, 0x33, 0x33, 0x44, 0x44, 0x44, 0x44, 0x44, 0x44, 0x33, 0x33,
  0x32, 0x22, 0x22, 0x22, 0x22, 0x22, 0x22, 0x23, 0x33, 0x33, 0x33, 0x33, 0x33, 0x22, 0x22, 0x22,
  0x21, 0x11, 0x11, 0x11, 0x11, 0x12, 0x22, 0x22, 0x22, 0x22, 0x22, 0x22, 0x22, 0x21, 0x11, 0x11,
  0x11, 0x11, 0x11, 0x11, 0x11, 0x11, 0x11, 0x11, 0x11, 0x11, 0x11, 0x11, 0x11, 0x11, 0x11, 0x11,
  0x11, 0x11, 0x11, 0x11, 0x11, 0x11, 0x11, 0x11, 0x11, 0x11, 0x11, 0x11, 0x11, 0x11, 0x11, 0x11,
  0xaa, 0xaa, 0xbb, 0xbb, 0xbb, 0xcc, 0xbb, 0xbb, 0xba, 0xaa, 0xa9, 0x98, 0x88, 0x88, 0x88, 0x99,
  0x9a, 0xaa, 0xaa, 0xbb, 0xbb, 0xba, 0xaa, 0xa9, 0x98, 0x88, 0x77, 0x77, 0x77, 0x77, 0x77, 0x88,
  0x89, 0x99, 0xaa, 0xaa, 0xaa, 0x99, 0x98, 0x87, 0x77, 0x66, 0x66, 0x66, 0x66, 0x66, 0x67, 0x77,
  0x78, 0x88, 0x88, 0x88, 0x88, 0x77, 0x76, 0x66, 0x55, 0x55, 0x55, 0x55, 0x55, 0x56, 0x66, 0x67,
  0x77, 0x77, 0x77, 0x77, 0x66, 0x66, 0x55, 0x55, 0x44, 0x44, 0x44, 0x44, 0x55, 0x55, 0x55, 0x66,
  0x66, 0x66, 0x66, 0x55, 0x55, 0x44, 0x44, 0x44, 0x44, 0x44, 0x44, 0x44, 0x44, 0x44, 0x55, 0x55,
  0x55, 0x55, 0x54, 0x44, 0x44, 0x33, 0x33, 0x33, 0x33, 0x33, 0x33, 0x33, 0x44, 0x44, 0x44, 0x44,
  0x44, 0x43, 0x33, 0x33, 0x22, 0x22, 0x22, 0x22, 0x22, 0x22, 0x22, 0x23, 0x33, 0x33, 0x33, 0x33,
  0x32, 0x22, 0x22, 0x22, 0x21, 0x11, 0x11, 0x11, 0x11, 0x12, 0x22, 0x22, 0x22, 0x22, 0x22, 0x22,
  0x21, 0x11, 0x11, 0x11, 0x11, 0x11, 0x11, 0x11, 0x11, 0x11, 0x11, 0x11, 0x11, 0x11, 0x11, 0x11,
  0x11, 0x11, 0x11, 0x11, 0x11, 0x11, 0x11, 0x11, 0x11, 0x11, 0x11, 0x11, 0x11, 0x11, 0x11, 0x11,
  0x11, 0x11, 0x11, 0x11, 0xaa, 0xab, 0xbb, 0xbb, 0xbc, 0xcb, 0xbb, 0xbb, 0xaa, 0xaa, 0x99, 0x98,
  0x88, 0x88, 0x88, 0x99, 0x9a, 0xaa, 0xaa, 0xbb, 0xbb, 0xaa, 0xaa, 0xa9, 0x98, 0x88, 0x77, 0x77,
  0x77, 0x77, 0x78, 0x88, 0x89, 0x99, 0xaa, 0xaa, 0xa9, 0x99, 0x88, 0x87, 0x76, 0x66, 0x66, 0x66,
  0x66, 0x66, 0x67, 0x77, 0x88, 0x88, 0x88, 0x88, 0x87, 0x77, 0x66, 0x66, 0x55, 0x55, 0x55, 0x55,
  0x55, 0x66, 0x66, 0x67, 0x77, 0x77, 0x77, 0x76, 0x66, 0x65, 0x55, 0x54, 0x44, 0x44, 0x44, 0x44,
  0x55, 0x55, 0x56, 0x66, 0x66, 0x66, 0x66, 0x55, 0x55, 0x44, 0x44, 0x44, 0x44, 0x44, 0x44, 0x44,
  0x44, 0x44, 0x55, 0x55, 0x55, 0x55, 0x44, 0x44, 0x43, 0x33, 0x33, 0x33, 0x33, 0x33, 0x33, 0x34,
  0x44, 0x44, 0x44, 0x44, 0x44, 0x43, 0x33, 0x32, 0x22, 0x22, 0x22, 0x22, 0x22, 0x22, 0x22, 0x23,
  0x33, 0x33, 0x33, 0x33, 0x32, 0x22, 0x22, 0x21, 0x11, 0x11, 0x11, 0x11, 0x11, 0x11, 0x22, 0x22,
  0x22, 0x22, 0x22, 0x22, 0x11, 0x11, 0x11, 0x11, 0x11, 0x11, 0x11, 0x11, 0x11, 0x11, 0x11, 0x11,
  0x11, 0x11, 0x11, 0x11, 0x11, 0x11, 0x11, 0x11, 0x11, 0x11, 0x11, 0x11, 0x11, 0x11, 0x11, 0x11,
  0x11, 0x11, 0x11, 0x11, 0x11, 0x11, 0x11, 0x11, 0xaa, 0xab, 0xbb, 0xbb, 0xbc, 0xcb, 0xbb, 0xbb,
  0xaa, 0xaa, 0x99, 0x88, 0x88, 0x88, 0x89, 0x99, 0x9a, 0xaa, 0xaa, 0xbb, 0xbb, 0xaa, 0xaa, 0xa9,
  0x88, 0x88, 0x77, 0x77, 0x77, 0x77, 0x88, 0x88, 0x99, 0x99, 0xaa, 0xaa, 0x99, 0x99, 0x88, 0x77,
  0x76, 0x66, 0x66, 0x66, 0x66, 0x66, 0x77, 0x78, 0x88, 0x88, 0x88, 0x88, 0x87, 0x76, 0x66, 0x65,
  0x55, 0x55, 0x55, 0x55, 0x55, 0x66, 0x66, 0x77, 0x77, 0x77, 0x77, 0x66, 0x66, 0x55, 0x55, 0x44,
  0x44, 0x44, 0x44, 0x45, 0x55, 0x55, 0x56, 0x66, 0x66, 0x66, 0x65, 0x55, 0x54, 0x44, 0x44, 0x44,
  0x44, 0x44, 0x44, 0x44, 0x44, 0x45, 0x55, 0x55, 0x55, 0x54, 0x44, 0x44, 0x43, 0x33, 0x33, 0x33,
  0x33, 0x33, 0x33, 0x34, 0x44, 0x44, 0x44, 0x44, 0x44, 0x43, 0x33, 0x32, 0x22, 0x22, 0x22, 0x22,
  0x22, 0x22, 0x22, 0x33, 0x33, 0x33, 0x33, 0x33, 0x22, 0x22, 0x22, 0x21, 0x11, 0x11, 0x11, 0x11,
  0x11, 0x12, 0x22, 0x22, 0x22, 0x22, 0x22, 0x21, 0x11, 0x11, 0x11, 0x11, 0x11, 0x11, 0x11, 0x11,
  0x11, 0x11, 0x11, 0x11, 0x11, 0x11, 0x11, 0x11, 0x11, 0x11, 0x11, 0x11, 0x11, 0x11, 0x11, 0x11,
  0x11, 0x11, 0x11, 0x11, 0x11, 0x11, 0x11, 0x11, 0x11, 0x11, 0x11, 0x11, 0xaa, 0xab, 0xbb, 0xbb,
  0xcc, 0xbb, 0xbb, 0xba, 0xaa, 0xa9, 0x99, 0x88, 0x88, 0x88, 0x89, 0x99, 0x9a, 0xaa, 0xbb, 0xbb,
  0xbb, 0xaa, 0xaa, 0x99, 0x88, 0x87, 0x77, 0x77, 0x77, 0x77, 0x88, 0x88, 0x99, 0x99, 0xaa, 0xaa,
  0x99, 0x98, 0x87, 0x77, 0x66, 0x66, 0x66, 0x66, 0x66, 0x66, 0x77, 0x78, 0x88, 0x88, 0x88, 0x88,
  0x77, 0x76, 0x66, 0x65, 0x55, 0x55, 0x55, 0x55, 0x55, 0x66, 0x66, 0x77, 0x77, 0x77, 0x77, 0x66,
  0x66, 0x55, 0x55, 0x44, 0x44, 0x44, 0x44, 0x45, 0x55, 0x55, 0x66, 0x66, 0x66, 0x66, 0x55, 0x55,
  0x44, 0x44, 0x44, 0x44, 0x44, 0x44, 0x44, 0x44, 0x44, 0x55, 0x55, 0x55, 0x55, 0x54, 0x44, 0x44,
  0x33, 0x33, 0x33, 0x33, 0x33, 0x33, 0x33, 0x44, 0x44, 0x44, 0x44, 0x44, 0x44, 0x33, 0x33, 0x22,
  0x22, 0x22, 0x22, 0x22, 0x22, 0x22, 0x22, 0x33, 0x33, 0x33, 0x33, 0x32, 0x22, 0x22, 0x22, 0x11,
  0x11, 0x11, 0x11, 0x11, 0x11, 0x22, 0x22, 0x22, 0x22, 0x22, 0x22, 0x11, 0x11, 0x11, 0x11, 0x11,
  0x11, 0x11, 0x11, 0x11, 0x11, 0x11, 0x11, 0x11, 0x11, 0x11, 0x11, 0x11, 0x11, 0x11, 0x11, 0x11,
  0x11, 0x11, 0x11, 0x11, 0x11, 0x11, 0x11, 0x11, 0x11, 0x11, 0x11, 0x11, 0x11, 0x11, 0x11, 0x11,
  0xaa, 0xbb, 0xbb, 0xbb, 0xcb, 0xbb, 0xbb, 0xaa, 0xaa, 0x99, 0x98, 0x88, 0x88, 0x88, 0x99, 0x99,
  0xaa, 0xaa, 0xab, 0xbb, 0xba, 0xaa, 0xa9, 0x98, 0x88, 0x87, 0x77, 0x77, 0x77, 0x78, 0x88, 0x89,
  0x99, 0x9a, 0xaa, 0xaa, 0x99, 0x88, 0x87, 0x76, 0x66, 0x66, 0x66, 0x66, 0x66, 0x66, 0x77, 0x88,
  0x88, 0x88, 0x88, 0x87, 0x77, 0x66, 0x66, 0x55, 0x55, 0x55, 0x55, 0x55, 0x56, 0x66, 0x66, 0x77,
  0x77, 0x77, 0x76, 0x66, 0x65, 0x55, 0x54, 0x44, 0x44, 0x44, 0x44, 0x55, 0x55, 0x56, 0x66, 0x66,
  0x66, 0x65, 0x55, 0x55, 0x44, 0x44, 0x44, 0x44, 0x44, 0x44, 0x44, 0x44, 0x44, 0x55, 0x55, 0x55,
  0x55, 0x44, 0x44, 0x44, 0x33, 0x33, 0x33, 0x33, 0x33, 0x33, 0x33, 0x44, 0x44, 0x44, 0x44, 0x44,
  0x44, 0x33, 0x32, 0x22, 0x22, 0x22, 0x22, 0x22, 0x22, 0x22, 0x22, 0x33, 0x33, 0x33, 0x33, 0x22,
  0x22, 0x22, 0x22, 0x11, 0x11, 0x11, 0x11, 0x11, 0x11, 0x22, 0x22, 0x22, 0x22, 0x22, 0x21, 0x11,
  0x11, 0x11, 0x11, 0x11, 0x11, 0x11, 0x11, 0x11, 0x11, 0x11, 0x11, 0x11, 0x11, 0x11, 0x11, 0x11,
  0x11, 0x11, 0x11, 0x11, 0x11, 0x11, 0x11, 0x11, 0x11, 0x11, 0x11, 0x11, 0x11, 0x11, 0x11, 0x11,
  0x11, 0x11, 0x11, 0x11, 0xaa, 0xbb, 0xbb, 0xbc, 0xcb, 0xbb, 0xbb, 0xaa, 0xa9, 0x99, 0x88, 0x88,
  0x88, 0x88, 0x99, 0x99, 0xaa, 0xaa, 0xab, 0xbb, 0xaa, 0xaa, 0xa9, 0x98, 0x88, 0x77, 0x77, 0x77,
  0x77, 0x78, 0x88, 0x99, 0x99, 0xaa, 0xaa, 0xaa, 0x99, 0x88, 0x87, 0x76, 0x66, 0x66, 0x66, 0x66,
  0x66, 0x67, 0x77, 0x88, 0x88, 0x88, 0x88, 0x87, 0x77, 0x66, 0x65, 0x55, 0x55, 0x55, 0x55, 0x55,
  0x56, 0x66, 0x66, 0x77, 0x77, 0x77, 0x66, 0x66, 0x65, 0x55, 0x54, 0x44, 0x44, 0x44, 0x44, 0x55,
  0x55, 0x56, 0x66, 0x66, 0x66, 0x65, 0x55, 0x54, 0x44, 0x44, 0x44, 0x44, 0x44, 0x44, 0x44, 0x44,
  0x45, 0x55, 0x55, 0x55, 0x54, 0x44, 0x44, 0x43, 0x33, 0x33, 0x33, 0x33, 0x33, 0x33, 0x34, 0x44,
  0x44, 0x44, 0x44, 0x44, 0x43, 0x33, 0x32, 0x22, 0x22, 0x22, 0x22, 0x22, 0x22, 0x22, 0x22, 0x33,
  0x33, 0x33, 0x33, 0x22, 0x22, 0x22, 0x22, 0x11, 0x11, 0x11, 0x11, 0x11, 0x11, 0x22, 0x22, 0x22,
  0x22, 0x22, 0x11, 0x11, 0x11, 0x11, 0x11, 0x11, 0x11, 0x11, 0x11, 0x11, 0x11, 0x11, 0x11, 0x11,
  0x11, 0x11, 0x11, 0x11, 0x11, 0x11, 0x11, 0x11, 0x11, 0x11, 0x11, 0x11, 0x11, 0x11, 0x11, 0x11,
  0x11, 0x11, 0x11, 0x11, 0x11, 0x11, 0x11, 0x11, 0xab, 0xbb, 0xbb, 0xcc, 0xbb, 0xbb, 0xba, 0xaa,
  0xa9, 0x98, 0x88, 0x88, 0x88, 0x88, 0x99, 0x99, 0xaa, 0xaa, 0xbb, 0xbb, 0xaa, 0xaa, 0xa9, 0x98,
  0x87, 0x77, 0x77, 0x77, 0x77, 0x88, 0x88, 0x99, 0x99, 0xaa, 0xaa, 0xa9, 0x98, 0x88, 0x77, 0x66,
  0x66, 0x66, 0x66, 0x66, 0x66, 0x77, 0x78, 0x88, 0x88, 0x88, 0x88, 0x87, 0x76, 0x66, 0x65, 0x55,
  0x55, 0x55, 0x55, 0x55, 0x66, 0x66, 0x67, 0x77, 0x77, 0x77, 0x66, 0x66, 0x55, 0x55, 0x54, 0x44,
  0x44, 0x44, 0x44, 0x55, 0x55, 0x66, 0x66, 0x66, 0x66, 0x55, 0x55, 0x54, 0x44, 0x44, 0x44, 0x44,
  0x44, 0x44, 0x44, 0x44, 0x45, 0x55, 0x55, 0x55, 0x44, 0x44, 0x44, 0x33, 0x33, 0x33, 0x33, 0x33,
  0x33, 0x33, 0x34, 0x44, 0x44, 0x44, 0x44, 0x44, 0x43, 0x33, 0x22, 0x22, 0x22, 0x22, 0x22, 0x22,
  0x22, 0x22, 0x23, 0x33, 0x33, 0x33, 0x32, 0x22, 0x22, 0x22, 0x21, 0x11, 0x11, 0x11, 0x11, 0x11,
  0x11, 0x22, 0x22, 0x22, 0x22, 0x21, 0x11, 0x11, 0x11, 0x11, 0x11, 0x11, 0x11, 0x11, 0x11, 0x11,
  0x11, 0x11, 0x11, 0x11, 0x11, 0x11, 0x11, 0x11, 0x11, 0x11, 0x11, 0x11, 0x11, 0x11, 0x11, 0x11,
  0x11, 0x11, 0x11, 0x11, 0x11, 0x11, 0x11, 0x11, 0x11, 0x11, 0x11, 0x11, 0xbb, 0xbb, 0xbb, 0xcb,
  0xbb, 0xbb, 0xaa, 0xaa, 0x99, 0x88, 0x88, 0x88, 0x88, 0x88, 0x99, 0x9a, 0xaa, 0xab, 0xbb, 0xba,
  0xaa, 0xaa, 0x99, 0x88, 0x87, 0x77, 0x77, 0x77, 0x77, 0x88, 0x88, 0x99, 0x99, 0xaa, 0xa9, 0x99,
  0x98, 0x87, 0x77, 0x66, 0x66, 0x66, 0x66, 0x66, 0x66, 0x77, 0x78, 0x88, 0x88, 0x88, 0x88, 0x77,
  0x76, 0x66, 0x65, 0x55, 0x55, 0x55, 0x55, 0x55, 0x66, 0x66, 0x77, 0x77, 0x77, 0x77, 0x66, 0x65,
  0x55, 0x55, 0x44, 0x44, 0x44, 0x44, 0x44, 0x55, 0x55, 0x66, 0x66, 0x66, 0x66, 0x55, 0x55, 0x44,
  0x44, 0x44, 0x44, 0x44, 0x44, 0x44, 0x44, 0x44, 0x55, 0x55, 0x55, 0x55, 0x44, 0x44, 0x43, 0x33,
  0x33, 0x33, 0x33, 0x33, 0x33, 0x33, 0x34, 0x44, 0x44, 0x44, 0x44, 0x44, 0x33, 0x33, 0x22, 0x22,
  0x22, 0x22, 0x22, 0x22, 0x22, 0x22, 0x23, 0x33, 0x33, 0x33, 0x32, 0x22, 0x22, 0x22, 0x11, 0x11,
  0x11, 0x11, 0x11, 0x11, 0x11, 0x22, 0x22, 0x22, 0x22, 0x21, 0x11, 0x11, 0x11, 0x11, 0x11, 0x11,
  0x11, 0x11, 0x11, 0x11, 0x11, 0x11, 0x11, 0x11, 0x11, 0x11, 0x11, 0x11, 0x11, 0x11, 0x11, 0x11,
  0x11, 0x11, 0x11, 0x11, 0x11, 0x11, 0x11, 0x11, 0x11, 0x11, 0x11, 0x11, 0x11, 0x11, 0x11, 0x11,
  0xbb, 0xbb, 0xbc, 0xbb, 0xbb, 0xbb, 0xaa, 0xaa, 0x99, 0x88, 0x88, 0x88, 0x88, 0x89, 0x99, 0x9a,
  0xaa, 0xaa, 0xbb, 0xba, 0xaa, 0xa9, 0x98, 0x88, 0x77, 0x77, 0x77, 0x77, 0x77, 0x88, 0x89, 0x99,
  0x9a, 0xaa, 0x99, 0x99, 0x88, 0x77, 0x77, 0x66, 0x66, 0x66, 0x66, 0x66, 0x66, 0x77, 0x78, 0x88,
  0x88, 0x88, 0x88, 0x77, 0x66, 0x66, 0x55, 0x55, 0x55, 0x55, 0x55, 0x56, 0x66, 0x66, 0x77, 0x77,
  0x77, 0x76, 0x66, 0x65, 0x55, 0x54, 0x44, 0x44, 0x44, 0x44, 0x44, 0x55, 0x55, 0x66, 0x66, 0x66,
  0x65, 0x55, 0x55, 0x44, 0x44, 0x44, 0x44, 0x44, 0x44, 0x44, 0x44, 0x44, 0x55, 0x55, 0x55, 0x55,
  0x44, 0x44, 0x43, 0x33, 0x33, 0x33, 0x33, 0x33, 0x33, 0x33, 0x34, 0x44, 0x44, 0x44, 0x44, 0x43,
  0x33, 0x32, 0x22, 0x22, 0x22, 0x22, 0x22, 0x22, 0x22, 0x22, 0x23, 0x33, 0x33, 0x33, 0x22, 0x22,
  0x22, 0x22, 0x11, 0x11, 0x11, 0x11, 0x11, 0x11, 0x12, 0x22, 0x22, 0x22, 0x22, 0x11, 0x11, 0x11,
  0x11, 0x11, 0x11, 0x11, 0x11, 0x11, 0x11, 0x11, 0x11, 0x11, 0x11, 0x11, 0x11, 0x11, 0x11, 0x11,
  0x11, 0x11, 0x11, 0x11, 0x11, 0x11, 0x11, 0x11, 0x11, 0x11, 0x11, 0x11, 0x11, 0x11, 0x11, 0x11,
  0x11, 0x11, 0x11, 0x11, 0xbb, 0xbb, 0xbb, 0xbb, 0xbb, 0xbb, 0xaa, 0xa9, 0x98, 0x88, 0x88, 0x88,
  0x88, 0x89, 0x99, 0xaa, 0xaa, 0xbb, 0xbb, 0xaa, 0xaa, 0x99, 0x98, 0x87, 0x77, 0x77, 0x77, 0x77,
  0x77, 0x88, 0x89, 0x99, 0x99, 0x99, 0x99, 0x99, 0x87, 0x77, 0x76, 0x66, 0x66, 0x66, 0x66, 0x66,
  0x77, 0x77, 0x78, 0x88, 0x88, 0x88, 0x88, 0x77, 0x66, 0x65, 0x55, 0x55, 0x55, 0x55, 0x55, 0x56,
  0x66, 0x67, 0x77, 0x77, 0x77, 0x76, 0x66, 0x55, 0x55, 0x54, 0x44, 0x44, 0x44, 0x44, 0x55, 0x55,
  0x56, 0x66, 0x66, 0x66, 0x65, 0x55, 0x54, 0x44, 0x44, 0x44, 0x44, 0x44, 0x44, 0x44, 0x44, 0x45,
  0x55, 0x55, 0x55, 0x44, 0x44, 0x44, 0x43, 0x33, 0x33, 0x32, 0x33, 0x33, 0x33, 0x33, 0x34, 0x44,
  0x44, 0x44, 0x44, 0x33, 0x33, 0x32, 0x22, 0x22, 0x22, 0x22, 0x22, 0x22, 0x22, 0x22, 0x33, 0x33,
  0x33, 0x32, 0x22, 0x22, 0x22, 0x21, 0x11, 0x11, 0x11, 0x11, 0x11, 0x11, 0x11, 0x22, 0x22, 0x22,
  0x21, 0x11, 0x11, 0x11, 0x11, 0x11, 0x11, 0x11, 0x11, 0x11, 0x11, 0x11, 0x11, 0x11, 0x11, 0x11,
  0x11, 0x11, 0x11, 0x11, 0x11, 0x11, 0x11, 0x11, 0x11, 0x11, 0x11, 0x11, 0x11, 0x11, 0x11, 0x01,
  0x00, 0x00, 0x00, 0x00, 0x00, 0x00, 0x00, 0x00, 0xbb, 0xbb, 0xcb, 0xbb, 0xbb, 0xba, 0xaa, 0x99,
  0x98, 0x88, 0x88, 0x88, 0x88, 0x89, 0x99, 0xaa, 0xaa, 0xab, 0xba, 0xaa, 0xaa, 0x99, 0x88, 0x87,
  0x77, 0x77, 0x77, 0x77, 0x77, 0x88, 0x99, 0x99, 0x99, 0x99, 0x99, 0x98, 0x87, 0x77, 0x66, 0x66,
  0x66, 0x66, 0x66, 0x66, 0x77, 0x77, 0x88, 0x88, 0x88, 0x88, 0x87, 0x76, 0x66, 0x65, 0x55, 0x55,
  0x55, 0x55, 0x55, 0x56, 0x66, 0x67, 0x77, 0x77, 0x77, 0x66, 0x66, 0x55, 0x55, 0x44, 0x44, 0x44,
  0x44, 0x44, 0x55, 0x55, 0x56, 0x66, 0x66, 0x66, 0x55, 0x55, 0x44, 0x44, 0x44, 0x44, 0x34, 0x44,
  0x44, 0x44, 0x44, 0x45, 0x55, 0x55, 0x55, 0x44, 0x44, 0x44, 0x33, 0x33, 0x33, 0x32, 0x33, 0x33,
  0x33, 0x33, 0x44, 0x44, 0x44, 0x44, 0x44, 0x33, 0x33, 0x22, 0x22, 0x22, 0x22, 0x22, 0x22, 0x22,
  0x22, 0x23, 0x33, 0x33, 0x33, 0x32, 0x22, 0x22, 0x22, 0x11, 0x11, 0x11, 0x11, 0x11, 0x11, 0x11,
  0x12, 0x22, 0x22, 0x22, 0x21, 0x11, 0x11, 0x11, 0x11, 0x11, 0x11, 0x11, 0x11, 0x11, 0x11, 0x11,
  0x11, 0x11, 0x11, 0x11, 0x11, 0x11, 0x11, 0x11, 0x11, 0x11, 0x11, 0x11, 0x11, 0x11, 0x11, 0x11,
  0x11, 0x00, 0x00, 0x00, 0x00, 0x00, 0x00, 0x00, 0x00, 0x00, 0x00, 0x00, 0xbb, 0xbb, 0xbb, 0xbb,
  0xbb, 0xba, 0xaa, 0x99, 0x88, 0x88, 0x88, 0x88, 0x88, 0x99, 0x9a, 0xaa, 0xab, 0xbb, 0xba, 0xaa,
  0xa9, 0x98, 0x88, 0x77, 0x77, 0x77, 0x77, 0x77, 0x77, 0x88, 0x99, 0x99, 0x99, 0x99, 0x99, 0x88,
  0x77, 0x77, 0x66, 0x66, 0x66, 0x66, 0x66, 0x66, 0x77, 0x77, 0x88, 0x88, 0x88, 0x88, 0x77, 0x76,
  0x66, 0x55, 0x55, 0x55, 0x55, 0x55, 0x55, 0x66, 0x66, 0x67, 0x77, 0x77, 0x76, 0x66, 0x65, 0x55,
  0x55, 0x44, 0x44, 0x44, 0x44, 0x44, 0x55, 0x55, 0x56, 0x66, 0x66, 0x66, 0x55, 0x55, 0x44, 0x44,
  0x44, 0x44, 0x34, 0x44, 0x44, 0x44, 0x44, 0x45, 0x55, 0x55, 0x54, 0x44, 0x44, 0x43, 0x33, 0x33,
  0x33, 0x22, 0x33, 0x33, 0x33, 0x34, 0x44, 0x44, 0x44, 0x44, 0x44, 0x33, 0x33, 0x22, 0x22, 0x22,
  0x22, 0x22, 0x22, 0x22, 0x22, 0x23, 0x33, 0x33, 0x33, 0x22, 0x22, 0x22, 0x22, 0x11, 0x11, 0x11,
  0x11, 0x11, 0x11, 0x11, 0x12, 0x22, 0x22, 0x22, 0x11, 0x11, 0x11, 0x11, 0x11, 0x11, 0x11, 0x11,
  0x11, 0x11, 0x11, 0x11, 0x11, 0x11, 0x11, 0x11, 0x11, 0x11, 0x11, 0x11, 0x11, 0x11, 0x11, 0x11,
  0x11, 0x10, 0x00, 0x00, 0x00, 0x00, 0x00, 0x00, 0x00, 0x00, 0x00, 0x00, 0x00, 0x00, 0x00, 0x00,
  0xbb, 0xbb, 0xbb, 0xbb, 0xbb, 0xaa, 0xaa, 0x99, 0x88, 0x88, 0x88, 0x88, 0x89, 0x99, 0x9a, 0xaa,
  0xab, 0xbb, 0xaa, 0xaa, 0xa9, 0x98, 0x88, 0x77, 0x77, 0x77, 0x77, 0x77, 0x78, 0x88, 0x99, 0x99,
  0x99, 0x99, 0x98, 0x88, 0x77, 0x76, 0x66, 0x66, 0x66, 0x66, 0x66, 0x66, 0x77, 0x77, 0x88, 0x88,
  0x88, 0x87, 0x77, 0x66, 0x65, 0x55, 0x55, 0x55, 0x55, 0x55, 0x55, 0x66, 0x66, 0x67, 0x77, 0x77,
  0x66, 0x66, 0x55, 0x55, 0x54, 0x44, 0x44, 0x44, 0x44, 0x44, 0x55, 0x55, 0x56, 0x66, 0x66, 0x65,
  0x55, 0x54, 0x44, 0x44, 0x44, 0x43, 0x34, 0x44, 0x44, 0x44, 0x44, 0x45, 0x55, 0x55, 0x54, 0x44,
  0x44, 0x33, 0x33, 0x33, 0x32, 0x22, 0x33, 0x33, 0x33, 0x34, 0x44, 0x44, 0x44, 0x44, 0x43, 0x33,
  0x32, 0x22, 0x22, 0x22, 0x22, 0x22, 0x22, 0x22, 0x22, 0x23, 0x33, 0x33, 0x33, 0x22, 0x22, 0x22,
  0x21, 0x11, 0x11, 0x11, 0x11, 0x11, 0x11, 0x11, 0x12, 0x22, 0x22, 0x21, 0x11, 0x11, 0x11, 0x11,
  0x11, 0x11, 0x11, 0x11, 0x11, 0x11, 0x11, 0x11, 0x11, 0x11, 0x11, 0x11, 0x11, 0x11, 0x11, 0x11,
  0x11, 0x11, 0x11, 0x11, 0x11, 0x10, 0x00, 0x00, 0x00, 0x00, 0x00, 0x00, 0x00, 0x00, 0x00, 0x00,
  0x00, 0x00, 0x00, 0x00, 0xbb, 0xbb, 0xbb, 0xbb, 0xbb, 0xaa, 0xa9, 0x99, 0x88, 0x88, 0x88, 0x88,
  0x99, 0x99, 0xaa, 0xaa, 0xab, 0xbb, 0xaa, 0xaa, 0x99, 0x88, 0x88, 0x77, 0x77, 0x76, 0x77, 0x77,
  0x88, 0x89, 0x99, 0x99, 0x99, 0x99, 0x98, 0x88, 0x77, 0x66, 0x66, 0x66, 0x66, 0x66, 0x66, 0x67,
  0x77, 0x78, 0x88, 0x88, 0x88, 0x77, 0x77, 0x66, 0x65, 0x55, 0x55, 0x55, 0x55, 0x55, 0x56, 0x66,
  0x66, 0x77, 0x77, 0x77, 0x66, 0x66, 0x55, 0x55, 0x44, 0x44, 0x44, 0x44, 0x44, 0x45, 0x55, 0x55,
  0x66, 0x66, 0x66, 0x65, 0x55, 0x54, 0x44, 0x44, 0x44, 0x43, 0x34, 0x44, 0x44, 0x44, 0x44, 0x45,
  0x55, 0x55, 0x44, 0x44, 0x44, 0x33, 0x33, 0x33, 0x22, 0x22, 0x33, 0x33, 0x33, 0x44, 0x44, 0x44,
  0x44, 0x44, 0x33, 0x33, 0x22, 0x22, 0x22, 0x22, 0x22, 0x22, 0x22, 0x22, 0x22, 0x23, 0x33, 0x33,
  0x32, 0x22, 0x22, 0x22, 0x21, 0x11, 0x11, 0x11, 0x11, 0x11, 0x11, 0x11, 0x12, 0x22, 0x22, 0x21,
  0x11, 0x11, 0x11, 0x11, 0x11, 0x11, 0x11, 0x11, 0x11, 0x11, 0x11, 0x11, 0x11, 0x11, 0x11, 0x11,
  0x11, 0x11, 0x11, 0x11, 0x11, 0x11, 0x11, 0x11, 0x11, 0x10, 0x00, 0x00, 0x00, 0x00, 0x00, 0x00,
  0x00, 0x00, 0x00, 0x00, 0x00, 0x00, 0x00, 0x00, 0xbb, 0xbb, 0xbb, 0xbb, 0xba, 0xaa, 0x99, 0x98,
  0x88, 0x88, 0x88, 0x88, 0x99, 0x99, 0xaa, 0xaa, 0xab, 0xba, 0xaa, 0xaa, 0x99, 0x88, 0x87, 0x77,
  0x77, 0x67, 0x77, 0x77, 0x88, 0x89, 0x99, 0x99, 0x99, 0x99, 0x88, 0x88, 0x77, 0x66, 0x66, 0x66,
  0x66, 0x66, 0x66, 0x67, 0x77, 0x78, 0x88, 0x88, 0x88, 0x77, 0x76, 0x66, 0x55, 0x55, 0x55, 0x55,
  0x55, 0x55, 0x56, 0x66, 0x66, 0x77, 0x77, 0x76, 0x66, 0x66, 0x55, 0x54, 0x44, 0x44, 0x44, 0x44,
  0x44, 0x45, 0x55, 0x55, 0x66, 0x66, 0x66, 0x55, 0x55, 0x44, 0x44, 0x44, 0x44, 0x33, 0x44, 0x44,
  0x44, 0x44, 0x44, 0x55, 0x55, 0x55, 0x44, 0x44, 0x44, 0x33, 0x33, 0x33, 0x22, 0x23, 0x33, 0x33,
  0x33, 0x44, 0x44, 0x44, 0x44, 0x44, 0x33, 0x33, 0x22, 0x22, 0x22, 0x22, 0x22, 0x22, 0x22, 0x22,
  0x22, 0x33, 0x33, 0x33, 0x32, 0x22, 0x22, 0x22, 0x11, 0x11, 0x11, 0x11, 0x11, 0x11, 0x11, 0x11,
  0x12, 0x22, 0x22, 0x11, 0x11, 0x11, 0x11, 0x11, 0x11, 0x11, 0x11, 0x11, 0x11, 0x11, 0x11, 0x11,
  0x11, 0x11, 0x11, 0x11, 0x11, 0x11, 0x11, 0x11, 0x11, 0x11, 0x11, 0x11, 0x11, 0x11, 0x10, 0x00,
  0x00, 0x00, 0x00, 0x00, 0x00, 0x00, 0x00, 0x00, 0x00, 0x00, 0x00, 0x00, 0xbb, 0xbb, 0xbb, 0xbb,
  0xba, 0xa9, 0x99, 0x98, 0x88, 0x88, 0x88, 0x88, 0x99, 0x9a, 0xaa, 0xaa, 0xab, 0xba, 0xaa, 0xa9,
  0x98, 0x87, 0x77, 0x77, 0x77, 0x67, 0x77, 0x78, 0x88, 0x99, 0x99, 0x99, 0x99, 0x98, 0x88, 0x87,
  0x76, 0x66, 0x66, 0x66, 0x66, 0x66, 0x66, 0x67, 0x77, 0x88, 0x88, 0x88, 0x87, 0x77, 0x76, 0x66,
  0x55, 0x55, 0x55, 0x55, 0x55, 0x55, 0x66, 0x66, 0x67, 0x77, 0x77, 0x76, 0x66, 0x65, 0x55, 0x54,
  0x44, 0x44, 0x44, 0x44, 0x44, 0x55, 0x55, 0x56, 0x66, 0x66, 0x65, 0x55, 0x55, 0x44, 0x44, 0x44,
  0x43, 0x33, 0x44, 0x44, 0x44, 0x44, 0x44, 0x55, 0x55, 0x54, 0x44, 0x44, 0x43, 0x33, 0x33, 0x22,
  0x22, 0x22, 0x33, 0x33, 0x33, 0x44, 0x44, 0x44, 0x44, 0x43, 0x33, 0x32, 0x22, 0x22, 0x22, 0x22,
  0x22, 0x22, 0x22, 0x22, 0x22, 0x33, 0x33, 0x33, 0x22, 0x22, 0x22, 0x21, 0x11, 0x11, 0x11, 0x11,
  0x11, 0x11, 0x11, 0x11, 0x22, 0x22, 0x21, 0x11, 0x11, 0x11, 0x11, 0x11, 0x11, 0x11, 0x11, 0x11,
  0x11, 0x11, 0x11, 0x11, 0x11, 0x11, 0x11, 0x11, 0x11, 0x11, 0x11, 0x11, 0x11, 0x11, 0x11, 0x11,
  0x11, 0x11, 0x11, 0x00, 0x00, 0x00, 0x00, 0x00, 0x00, 0x00, 0x00, 0x00, 0x00, 0x00, 0x00, 0x00,
  0xbb, 0xbb, 0xbb, 0xbb, 0xaa, 0xa9, 0x99, 0x88, 0x88, 0x88, 0x88, 0x89, 0x99, 0x9a, 0xaa, 0xaa,
  0xaa, 0xaa, 0xaa, 0xa9, 0x88, 0x87, 0x77, 0x77, 0x76, 0x67, 0x77, 0x78, 0x88, 0x99, 0x99, 0x99,
  0x99, 0x98, 0x88, 0x77, 0x76, 0x66, 0x66, 0x66, 0x66, 0x66, 0x66, 0x67, 0x77, 0x88, 0x88, 0x88,
  0x87, 0x76, 0x66, 0x65, 0x55, 0x55, 0x55, 0x55, 0x55, 0x55, 0x66, 0x66, 0x67, 0x77, 0x76, 0x66,
  0x66, 0x55, 0x55, 0x44, 0x44, 0x44, 0x44, 0x44, 0x44, 0x55, 0x55, 0x56, 0x66, 0x66, 0x65, 0x55,
  0x54, 0x44, 0x44, 0x44, 0x43, 0x33, 0x44, 0x44, 0x44, 0x44, 0x45, 0x55, 0x55, 0x54, 0x44, 0x44,
  0x43, 0x33, 0x32, 0x22, 0x22, 0x22, 0x33, 0x33, 0x33, 0x44, 0x44, 0x44, 0x44, 0x43, 0x33, 0x32,
  0x22, 0x22, 0x22, 0x22, 0x22, 0x22, 0x22, 0x22, 0x22, 0x33, 0x33, 0x22, 0x22, 0x22, 0x22, 0x11,
  0x11, 0x11, 0x11, 0x11, 0x11, 0x11, 0x11, 0x11, 0x22, 0x22, 0x21, 0x11, 0x11, 0x11, 0x11, 0x11,
  0x11, 0x11, 0x11, 0x11, 0x11, 0x11, 0x11, 0x11, 0x11, 0x11, 0x11, 0x11, 0x11, 0x11, 0x11, 0x11,
  0x11, 0x11, 0x11, 0x11, 0x11, 0x11, 0x10, 0x00, 0x00, 0x00, 0x00, 0x00, 0x00, 0x00, 0x00, 0x00,
  0x00, 0x00, 0x00, 0x00, 0xbb, 0xbb, 0xbb, 0xba, 0xaa, 0x99, 0x98, 0x88, 0x88, 0x88, 0x88, 0x89,
  0x99, 0x9a, 0xaa, 0xab, 0xaa, 0xaa, 0xaa, 0x99, 0x88, 0x87, 0x77, 0x77, 0x66, 0x67, 0x77, 0x78,
  0x88, 0x99, 0x99, 0x99, 0x99, 0x98, 0x87, 0x77, 0x66, 0x66, 0x66, 0x66, 0x66, 0x66, 0x66, 0x77,
  0x78, 0x88, 0x88, 0x88, 0x77, 0x76, 0x66, 0x65, 0x55, 0x55, 0x55, 0x55, 0x55, 0x56, 0x66, 0x66,
  0x67, 0x77, 0x77, 0x66, 0x66, 0x55, 0x54, 0x44, 0x44, 0x44, 0x44, 0x44, 0x45, 0x55, 0x55, 0x66,
  0x66, 0x66, 0x55, 0x55, 0x54, 0x44, 0x44, 0x44, 0x33, 0x33, 0x44, 0x44, 0x44, 0x44, 0x45, 0x55,
  0x55, 0x44, 0x44, 0x44, 0x33, 0x33, 0x32, 0x22, 0x22, 0x23, 0x33, 0x33, 0x34, 0x44, 0x44, 0x44,
  0x44, 0x33, 0x33, 0x22, 0x22, 0x22, 0x22, 0x22, 0x22, 0x22, 0x22, 0x22, 0x23, 0x33, 0x32, 0x22,
  0x22, 0x22, 0x21, 0x11, 0x11, 0x11, 0x11, 0x11, 0x11, 0x11, 0x11, 0x11, 0x22, 0x22, 0x11, 0x11,
  0x11, 0x11, 0x11, 0x11, 0x11, 0x11, 0x11, 0x11, 0x11, 0x11, 0x11, 0x11, 0x11, 0x11, 0x11, 0x11,
  0x11, 0x11, 0x11, 0x11, 0x11, 0x11, 0x11, 0x11, 0x11, 0x11, 0x11, 0x11, 0x00, 0x00, 0x00, 0x00,
  0x00, 0x00, 0x00, 0x00, 0x00, 0x00, 0x00, 0x00, 0xbb, 0xbb, 0xbb, 0xba, 0xaa, 0x99, 0x88, 0x88,
  0x88, 0x88, 0x88, 0x89, 0x99, 0xaa, 0xaa, 0xaa, 0xaa, 0xaa, 0xaa, 0x99, 0x88, 0x77, 0x77, 0x66,
  0x66, 0x67, 0x77, 0x88, 0x88, 0x99, 0x99, 0x99, 0x99, 0x98, 0x87, 0x77, 0x66, 0x66, 0x66, 0x66,
  0x66, 0x66, 0x66, 0x77, 0x88, 0x88, 0x88, 0x88, 0x77, 0x66, 0x66, 0x55, 0x55, 0x55, 0x55, 0x55,
  0x55, 0x66, 0x66, 0x66, 0x77, 0x77, 0x76, 0x66, 0x65, 0x55, 0x54, 0x44, 0x44, 0x44, 0x44, 0x44,
  0x45, 0x55, 0x55, 0x66, 0x66, 0x65, 0x55, 0x55, 0x44, 0x44, 0x44, 0x43, 0x33, 0x33, 0x44, 0x44,
  0x44, 0x44, 0x45, 0x55, 0x54, 0x44, 0x44, 0x44, 0x33, 0x33, 0x22, 0x22, 0x22, 0x23, 0x33, 0x33,
  0x34, 0x44, 0x44, 0x44, 0x43, 0x33, 0x33, 0x22, 0x22, 0x22, 0x22, 0x22, 0x22, 0x22, 0x22, 0x22,
  0x23, 0x33, 0x32, 0x22, 0x22, 0x22, 0x21, 0x11, 0x11, 0x11, 0x11, 0x11, 0x11, 0x11, 0x11, 0x11,
  0x12, 0x21, 0x11, 0x11, 0x11, 0x11, 0x11, 0x11, 0x11, 0x11, 0x11, 0x11, 0x11, 0x11, 0x11, 0x11,
  0x11, 0x11, 0x11, 0x11, 0x11, 0x11, 0x11, 0x11, 0x11, 0x11, 0x11, 0x11, 0x11, 0x11, 0x11, 0x11,
  0x10, 0x00, 0x00, 0x00, 0x00, 0x00, 0x00, 0x00, 0x00, 0x00, 0x00, 0x00, 0xbb, 0xbb, 0xbb, 0xaa,
  0xa9, 0x99, 0x88, 0x88, 0x88, 0x88, 0x88, 0x89, 0x9a, 0xaa, 0xaa, 0xaa, 0xaa, 0xaa, 0xa9, 0x99,
  0x88, 0x77, 0x76, 0x66, 0x66, 0x77, 0x77, 0x88, 0x89, 0x99, 0x99, 0x99, 0x99, 0x88, 0x77, 0x76,
  0x66, 0x66, 0x66, 0x66, 0x66, 0x66, 0x67, 0x77, 0x88, 0x88, 0x88, 0x88, 0x77, 0x66, 0x66, 0x55,
  0x55, 0x55, 0x55, 0x55, 0x55, 0x66, 0x66, 0x66, 0x77, 0x66, 0x66, 0x66, 0x65, 0x55, 0x54, 0x44,
  0x44, 0x44, 0x44, 0x44, 0x45, 0x55, 0x55, 0x66, 0x66, 0x65, 0x55, 0x54, 0x44, 0x44, 0x44, 0x43,
  0x33, 0x33, 0x44, 0x44, 0x44, 0x44, 0x55, 0x55, 0x54, 0x44, 0x44, 0x43, 0x33, 0x33, 0x22, 0x22,
  0x22, 0x33, 0x33, 0x33, 0x44, 0x44, 0x44, 0x44, 0x43, 0x33, 0x32, 0x22, 0x22, 0x22, 0x22, 0x22,
  0x22, 0x22, 0x22, 0x22, 0x23, 0x32, 0x22, 0x22, 0x22, 0x22, 0x11, 0x11, 0x11, 0x11, 0x11, 0x11,
  0x11, 0x11, 0x11, 0x11, 0x12, 0x21, 0x11, 0x11, 0x11, 0x11, 0x11, 0x11, 0x11, 0x11, 0x11, 0x11,
  0x11, 0x11, 0x11, 0x11, 0x11, 0x11, 0x11, 0x11, 0x11, 0x11, 0x11, 0x11, 0x11, 0x11, 0x11, 0x11,
  0x11, 0x11, 0x11, 0x11, 0x11, 0x10, 0x00, 0x00, 0x00, 0x00, 0x00, 0x00, 0x00, 0x00, 0x00, 0x00,
  0xbb, 0xbb, 0xba, 0xaa, 0xa9, 0x98, 0x88, 0x88, 0x88, 0x88, 0x88, 0x89, 0x9a, 0xaa, 0xaa, 0xaa,
  0xaa, 0xaa, 0x99, 0x98, 0x87, 0x77, 0x76, 0x66, 0x66, 0x77, 0x77, 0x88, 0x99, 0x99, 0x99, 0x99,
  0x98, 0x87, 0x77, 0x66, 0x66, 0x66, 0x66, 0x66, 0x66, 0x66, 0x67, 0x77, 0x88, 0x88, 0x88, 0x87,
  0x77, 0x66, 0x65, 0x55, 0x55, 0x55, 0x55, 0x55, 0x55, 0x56, 0x66, 0x66, 0x77, 0x66, 0x66, 0x66,
  0x55, 0x55, 0x44, 0x44, 0x44, 0x44, 0x44, 0x44, 0x55, 0x55, 0x56, 0x66, 0x66, 0x55, 0x55, 0x44,
  0x44, 0x44, 0x43, 0x33, 0x33, 0x34, 0x44, 0x44, 0x44, 0x45, 0x55, 0x55, 0x54, 0x44, 0x44, 0x33,
  0x33, 0x32, 0x22, 0x22, 0x22, 0x33, 0x33, 0x33, 0x44, 0x44, 0x44, 0x44, 0x33, 0x33, 0x32, 0x22,
  0x22, 0x22, 0x22, 0x22, 0x22, 0x22, 0x22, 0x22, 0x23, 0x22, 0x22, 0x22, 0x22, 0x22, 0x11, 0x11,
  0x11, 0x11, 0x11, 0x11, 0x11, 0x11, 0x11, 0x11, 0x11, 0x11, 0x11, 0x11, 0x11, 0x11, 0x11, 0x11,
  0x11, 0x11, 0x11, 0x11, 0x11, 0x11, 0x11, 0x11, 0x11, 0x11, 0x11, 0x11, 0x11, 0x11, 0x11, 0x11,
  0x11, 0x11, 0x11, 0x11, 0x11, 0x11, 0x11, 0x11, 0x11, 0x11, 0x00, 0x00, 0x00, 0x00, 0x00, 0x00,
  0x00, 0x00, 0x00, 0x00, 0xbb, 0xbb, 0xba, 0xaa, 0x99, 0x98, 0x88, 0x88, 0x88, 0x88, 0x88, 0x99,
  0xaa, 0xaa, 0xab, 0xaa, 0xaa, 0xaa, 0x99, 0x88, 0x77, 0x77, 0x66, 0x66, 0x66, 0x77, 0x78, 0x89,
  0x99, 0x99, 0x99, 0x99, 0x98, 0x87, 0x77, 0x66, 0x66, 0x66, 0x56, 0x56, 0x66, 0x66, 0x77, 0x77,
  0x88, 0x88, 0x88, 0x77, 0x76, 0x66, 0x65, 0x55, 0x55, 0x55, 0x55, 0x55, 0x55, 0x66, 0x66, 0x67,
  0x76, 0x66, 0x66, 0x65, 0x55, 0x55, 0x44, 0x44, 0x44, 0x44, 0x44, 0x44, 0x55, 0x55, 0x66, 0x66,
  0x65, 0x55, 0x55, 0x44, 0x44, 0x44, 0x33, 0x33, 0x33, 0x44, 0x44, 0x44, 0x44, 0x45, 0x55, 0x54,
  0x44, 0x44, 0x43, 0x33, 0x33, 0x32, 0x22, 0x22, 0x22, 0x33, 0x33, 0x33, 0x44, 0x44, 0x44, 0x43,
  0x33, 0x33, 0x22, 0x22, 0x22, 0x22, 0x22, 0x22, 0x22, 0x22, 0x22, 0x22, 0x33, 0x22, 0x22, 0x22,
  0x22, 0x21, 0x11, 0x11, 0x11, 0x11, 0x11, 0x11, 0x11, 0x11, 0x11, 0x11, 0x11, 0x11, 0x11, 0x11,
  0x11, 0x11, 0x11, 0x11, 0x11, 0x11, 0x11, 0x11, 0x11, 0x11, 0x11, 0x11, 0x11, 0x11, 0x11, 0x11,
  0x11, 0x11, 0x11, 0x11, 0x11, 0x11, 0x11, 0x11, 0x11, 0x11, 0x11, 0x11, 0x11, 0x11, 0x11, 0x11,
  0x10, 0x00, 0x00, 0x00, 0x00, 0x00, 0x00, 0x00, 0xbb, 0xbb, 0xaa, 0xa9, 0x99, 0x88, 0x88, 0x88,
  0x88, 0x88, 0x88, 0x99, 0xaa, 0xaa, 0xaa, 0xaa, 0xaa, 0x99, 0x99, 0x88, 0x77, 0x76, 0x66, 0x66,
  0x77, 0x77, 0x78, 0x89, 0x99, 0x99, 0x99, 0x99, 0x88, 0x87, 0x76, 0x66, 0x66, 0x66, 0x55, 0x66,
  0x66, 0x66, 0x77, 0x78, 0x88, 0x88, 0x88, 0x77, 0x66, 0x66, 0x55, 0x55, 0x55, 0x55, 0x55, 0x55,
  0x55, 0x66, 0x66, 0x66, 0x66, 0x66, 0x66, 0x65, 0x55, 0x54, 0x44, 0x44, 0x44, 0x44, 0x44, 0x45,
  0x55, 0x55, 0x66, 0x66, 0x65, 0x55, 0x55, 0x44, 0x44, 0x44, 0x33, 0x33, 0x33, 0x34, 0x44, 0x44,
  0x44, 0x55, 0x55, 0x54, 0x44, 0x44, 0x43, 0x33, 0x33, 0x22, 0x22, 0x22, 0x23, 0x33, 0x33, 0x34,
  0x44, 0x44, 0x44, 0x43, 0x33, 0x32, 0x22, 0x22, 0x22, 0x22, 0x22, 0x22, 0x22, 0x22, 0x22, 0x22,
  0x22, 0x22, 0x22, 0x22, 0x22, 0x11, 0x11, 0x11, 0x11, 0x11, 0x11, 0x11, 0x11, 0x11, 0x11, 0x11,
  0x11, 0x11, 0x11, 0x11, 0x11, 0x11, 0x11, 0x11, 0x11, 0x11, 0x11, 0x11, 0x11, 0x11, 0x11, 0x11,
  0x11, 0x11, 0x11, 0x11, 0x11, 0x11, 0x11, 0x11, 0x11, 0x11, 0x11, 0x11, 0x11, 0x11, 0x11, 0x11,
  0x11, 0x11, 0x11, 0x11, 0x11, 0x10, 0x00, 0x00, 0x00, 0x00, 0x00, 0x00, 0xbb, 0xbb, 0xaa, 0xa9,
  0x99, 0x88, 0x88, 0x88, 0x88, 0x88, 0x89, 0x9a, 0xaa, 0xaa, 0xaa, 0xaa, 0xaa, 0x99, 0x98, 0x87,
  0x77, 0x66, 0x66, 0x66, 0x77, 0x77, 0x88, 0x99, 0x99, 0x99, 0x99, 0x99, 0x88, 0x77, 0x76, 0x66,
  0x66, 0x65, 0x55, 0x66, 0x66, 0x66, 0x77, 0x78, 0x88, 0x88, 0x87, 0x77, 0x66, 0x65, 0x55, 0x55,
  0x55, 0x55, 0x55, 0x55, 0x56, 0x66, 0x66, 0x66, 0x66, 0x66, 0x66, 0x65, 0x55, 0x44, 0x44, 0x44,
  0x44, 0x44, 0x44, 0x45, 0x55, 0x55, 0x66, 0x66, 0x55, 0x55, 0x54, 0x44, 0x44, 0x43, 0x33, 0x33,
  0x33, 0x44, 0x44, 0x44, 0x44, 0x55, 0x55, 0x44, 0x44, 0x44, 0x33, 0x33, 0x32, 0x22, 0x22, 0x22,
  0x23, 0x33, 0x33, 0x34, 0x44, 0x44, 0x44, 0x33, 0x33, 0x32, 0x22, 0x22, 0x22, 0x22, 0x22, 0x22,
  0x22, 0x22, 0x22, 0x22, 0x22, 0x22, 0x22, 0x22, 0x22, 0x11, 0x11, 0x11, 0x11, 0x11, 0x11, 0x11,
  0x11, 0x11, 0x11, 0x11, 0x11, 0x11, 0x11, 0x11, 0x11, 0x11, 0x11, 0x11, 0x11, 0x11, 0x11, 0x11,
  0x11, 0x11, 0x11, 0x11, 0x11, 0x11, 0x11, 0x11, 0x11, 0x11, 0x11, 0x11, 0x11, 0x11, 0x11, 0x11,
  0x11, 0x11, 0x11, 0x11, 0x11, 0x11, 0x11, 0x11, 0x11, 0x11, 0x00, 0x00, 0x00, 0x00, 0x00, 0x00,
  0xbb, 0xbb, 0xaa, 0xa9, 0x98, 0x88, 0x88, 0x88, 0x88, 0x88, 0x89, 0x9a, 0xaa, 0xaa, 0xaa, 0xaa,
  0xaa, 0x99, 0x88, 0x87, 0x77, 0x66, 0x66, 0x66, 0x77, 0x77, 0x88, 0x99, 0x99, 0x99, 0x99, 0x98,
  0x88, 0x77, 0x76, 0x66, 0x66, 0x55, 0x55, 0x66, 0x66, 0x67, 0x77, 0x88, 0x88, 0x88, 0x77, 0x77,
  0x66, 0x65, 0x55, 0x55, 0x55, 0x55, 0x55, 0x55, 0x56, 0x66, 0x66, 0x66, 0x66, 0x66, 0x66, 0x55,
  0x54, 0x44, 0x44, 0x44, 0x44, 0x44, 0x44, 0x55, 0x55, 0x56, 0x66, 0x66, 0x55, 0x55, 0x54, 0x44,
  0x44, 0x33, 0x33, 0x33, 0x33, 0x44, 0x44, 0x44, 0x44, 0x45, 0x54, 0x44, 0x44, 0x44, 0x33, 0x33,
  0x32, 0x22, 0x22, 0x22, 0x23, 0x33, 0x33, 0x34, 0x44, 0x44, 0x44, 0x33, 0x33, 0x22, 0x22, 0x22,
  0x22, 0x12, 0x22, 0x22, 0x22, 0x22, 0x22, 0x22, 0x22, 0x22, 0x22, 0x22, 0x22, 0x11, 0x11, 0x11,
  0x11, 0x11, 0x11, 0x11, 0x11, 0x11, 0x11, 0x11, 0x11, 0x11, 0x11, 0x11, 0x11, 0x11, 0x11, 0x11,
  0x11, 0x11, 0x11, 0x11, 0x11, 0x11, 0x11, 0x11, 0x11, 0x11, 0x11, 0x11, 0x11, 0x11, 0x11, 0x11,
  0x11, 0x11, 0x11, 0x11, 0x11, 0x11, 0x11, 0x11, 0x11, 0x11, 0x11, 0x11, 0x11, 0x11, 0x10, 0x00,
  0x00, 0x00, 0x00, 0x00, 0xbb, 0xba, 0xaa, 0x99, 0x98, 0x88, 0x88, 0x88, 0x88, 0x88, 0x99, 0xaa,
  0xaa, 0xaa, 0xaa, 0xaa, 0xa9, 0x98, 0x88, 0x77, 0x76, 0x66, 0x66, 0x66, 0x77, 0x77, 0x88, 0x99,
  0x99, 0x99, 0x99, 0x88, 0x87, 0x76, 0x66, 0x66, 0x66, 0x55, 0x55, 0x66, 0x66, 0x67, 0x78, 0x88,
  0x88, 0x88, 0x77, 0x76, 0x66, 0x55, 0x55, 0x55, 0x55, 0x55, 0x55, 0x55, 0x66, 0x66, 0x66, 0x66,
  0x66, 0x66, 0x65, 0x55, 0x54, 0x44, 0x44, 0x44, 0x44, 0x44, 0x44, 0x55, 0x55, 0x56, 0x66, 0x66,
  0x55, 0x55, 0x44, 0x44, 0x44, 0x33, 0x33, 0x33, 0x34, 0x44, 0x44, 0x44, 0x44, 0x45, 0x54, 0x44,
  0x44, 0x43, 0x33, 0x32, 0x22, 0x22, 0x22, 0x22, 0x23, 0x33, 0x33, 0x34, 0x44, 0x44, 0x44, 0x33,
  0x33, 0x22, 0x22, 0x22, 0x21, 0x12, 0x22, 0x22, 0x22, 0x22, 0x22, 0x22, 0x22, 0x22, 0x22, 0x22,
  0x21, 0x11, 0x11, 0x11, 0x11, 0x11, 0x11, 0x11, 0x11, 0x11, 0x11, 0x11, 0x11, 0x11, 0x11, 0x11,
  0x11, 0x11, 0x11, 0x11, 0x11, 0x11, 0x11, 0x11, 0x11, 0x11, 0x11, 0x11, 0x11, 0x11, 0x11, 0x11,
  0x11, 0x11, 0x11, 0x11, 0x11, 0x11, 0x11, 0x11, 0x11, 0x11, 0x11, 0x11, 0x11, 0x11, 0x11, 0x11,
  0x11, 0x11, 0x11, 0x00, 0x00, 0x00, 0x00, 0x00, 0xbb, 0xaa, 0xa9, 0x99, 0x88, 0x88, 0x88, 0x78,
  0x88, 0x88, 0x99, 0xaa, 0xaa, 0xaa, 0xaa, 0xaa, 0xa9, 0x98, 0x88, 0x77, 0x66, 0x66, 0x66, 0x66,
  0x77, 0x78, 0x88, 0x99, 0x99, 0x99, 0x99, 0x88, 0x87, 0x76, 0x66, 0x66, 0x65, 0x55, 0x55, 0x66,
  0x66, 0x77, 0x78, 0x88, 0x88, 0x88, 0x77, 0x66, 0x66, 0x55, 0x55, 0x55, 0x55, 0x55, 0x55, 0x56,
  0x66, 0x66, 0x66, 0x66, 0x66, 0x66, 0x65, 0x55, 0x44, 0x44, 0x44, 0x44, 0x44, 0x44, 0x45, 0x55,
  0x55, 0x56, 0x66, 0x65, 0x55, 0x54, 0x44, 0x44, 0x43, 0x33, 0x33, 0x33, 0x34, 0x44, 0x44, 0x44,
  0x44, 0x55, 0x44, 0x44, 0x44, 0x33, 0x33, 0x22, 0x22, 0x22, 0x22, 0x22, 0x23, 0x33, 0x33, 0x44,
  0x44, 0x44, 0x43, 0x33, 0x32, 0x22, 0x22, 0x22, 0x11, 0x12, 0x22, 0x22, 0x22, 0x22, 0x22, 0x22,
  0x22, 0x22, 0x22, 0x22, 0x11, 0x11, 0x11, 0x11, 0x11, 0x11, 0x11, 0x11, 0x11, 0x11, 0x11, 0x11,
  0x11, 0x11, 0x11, 0x11, 0x11, 0x11, 0x11, 0x11, 0x11, 0x11, 0x11, 0x11, 0x11, 0x11, 0x11, 0x11,
  0x11, 0x11, 0x11, 0x11, 0x11, 0x11, 0x11, 0x11, 0x11, 0x11, 0x11, 0x11, 0x11, 0x11, 0x11, 0x11,
  0x11, 0x11, 0x11, 0x11, 0x11, 0x11, 0x11, 0x00, 0x00, 0x00, 0x00, 0x00, 0xbb, 0xaa, 0x99, 0x99,
  0x88, 0x88, 0x88, 0x78, 0x88, 0x99, 0x9a, 0xaa, 0xaa, 0xaa, 0xaa, 0xaa, 0x99, 0x88, 0x77, 0x77,
  0x66, 0x66, 0x66, 0x67, 0x77, 0x78, 0x89, 0x99, 0x99, 0x99, 0x98, 0x88, 0x77, 0x66, 0x66, 0x66,
  0x55, 0x55, 0x56, 0x66, 0x66, 0x77, 0x78, 0x88, 0x88, 0x87, 0x76, 0x66, 0x65, 0x55, 0x55, 0x55,
  0x55, 0x55, 0x55, 0x55, 0x66, 0x66, 0x66, 0x66, 0x66, 0x66, 0x65, 0x54, 0x44, 0x44, 0x44, 0x44,
  0x44, 0x44, 0x45, 0x55, 0x55, 0x56, 0x66, 0x55, 0x55, 0x44, 0x44, 0x44, 0x43, 0x33, 0x33, 0x33,
  0x34, 0x44, 0x44, 0x44, 0x44, 0x54, 0x44, 0x44, 0x44, 0x33, 0x33, 0x22, 0x22, 0x22, 0x22, 0x22,
  0x23, 0x33, 0x33, 0x44, 0x44, 0x44, 0x33, 0x33, 0x32, 0x22, 0x22, 0x21, 0x11, 0x11, 0x22, 0x22,
  0x22, 0x22, 0x22, 0x22, 0x22, 0x22, 0x22, 0x21, 0x11, 0x11, 0x11, 0x11, 0x11, 0x11, 0x11, 0x11,
  0x11, 0x11, 0x11, 0x11, 0x11, 0x11, 0x11, 0x11, 0x11, 0x11, 0x11, 0x11, 0x11, 0x11, 0x11, 0x11,
  0x11, 0x11, 0x11, 0x11, 0x11, 0x11, 0x11, 0x11, 0x11, 0x11, 0x11, 0x11, 0x11, 0x11, 0x11, 0x11,
  0x11, 0x11, 0x11, 0x11, 0x11, 0x11, 0x11, 0x11, 0x11, 0x11, 0x11, 0x00, 0x00, 0x00, 0x00, 0x00,
  0xba, 0xaa, 0x99, 0x98, 0x88, 0x88, 0x87, 0x88, 0x88, 0x99, 0x9a, 0xaa, 0xaa, 0xaa, 0xaa, 0xaa,
  0x99, 0x88, 0x77, 0x76, 0x66, 0x66, 0x66, 0x67, 0x77, 0x78, 0x89, 0x99, 0x99, 0x99, 0x88, 0x87,
  0x77, 0x66, 0x66, 0x66, 0x55, 0x55, 0x56, 0x66, 0x66, 0x77, 0x88, 0x88, 0x88, 0x87, 0x76, 0x66,
  0x65, 0x55, 0x55, 0x55, 0x55, 0x55, 0x55, 0x56, 0x66, 0x66, 0x66, 0x66, 0x66, 0x65, 0x55, 0x54,
  0x44, 0x44, 0x44, 0x44, 0x44, 0x44, 0x45, 0x55, 0x55, 0x66, 0x66, 0x55, 0x55, 0x44, 0x44, 0x44,
  0x33, 0x33, 0x33, 0x33, 0x44, 0x44, 0x44, 0x44, 0x44, 0x44, 0x44, 0x44, 0x43, 0x33, 0x32, 0x22,
  0x22, 0x22, 0x22, 0x22, 0x33, 0x33, 0x34, 0x44, 0x44, 0x44, 0x33, 0x33, 0x22, 0x22, 0x22, 0x21,
  0x11, 0x22, 0x22, 0x22, 0x22, 0x22, 0x22, 0x22, 0x22, 0x22, 0x22, 0x21, 0x11, 0x11, 0x11, 0x11,
  0x11, 0x11, 0x11, 0x11, 0x11, 0x11, 0x11, 0x11, 0x11, 0x11, 0x11, 0x11, 0x11, 0x11, 0x11, 0x11,
  0x11, 0x11, 0x11, 0x11, 0x11, 0x11, 0x11, 0x11, 0x11, 0x11, 0x11, 0x11, 0x11, 0x11, 0x11, 0x11,
  0x11, 0x11, 0x11, 0x11, 0x11, 0x11, 0x11, 0x11, 0x11, 0x11, 0x11, 0x11, 0x00, 0x10, 0x00, 0x00,
  0x00, 0x00, 0x00, 0x00, 0xaa, 0xaa, 0x99, 0x98, 0x88, 0x88, 0x77, 0x88, 0x88, 0x99, 0x9a, 0xaa,
  0xaa, 0xaa, 0xaa, 0xa9, 0x98, 0x88, 0x77, 0x66, 0x66, 0x66, 0x66, 0x67, 0x77, 0x88, 0x89, 0x99,
  0x99, 0x99, 0x88, 0x87, 0x76, 0x66, 0x66, 0x55, 0x55, 0x55, 0x66, 0x66, 0x67, 0x77, 0x88, 0x88,
  0x87, 0x77, 0x66, 0x66, 0x55, 0x55, 0x55, 0x55, 0x55, 0x55, 0x55, 0x66, 0x66, 0x66, 0x66, 0x66,
  0x66, 0x55, 0x55, 0x54, 0x44, 0x44, 0x44, 0x44, 0x44, 0x44, 0x55, 0x55, 0x55, 0x66, 0x65, 0x55,
  0x54, 0x44, 0x44, 0x44, 0x33, 0x33, 0x33, 0x33, 0x34, 0x44, 0x44, 0x44, 0x44, 0x44, 0x44, 0x44,
  0x43, 0x33, 0x32, 0x22, 0x22, 0x22, 0x22, 0x23, 0x33, 0x33, 0x44, 0x44, 0x44, 0x43, 0x33, 0x32,
  0x22, 0x22, 0x22, 0x11, 0x11, 0x12, 0x22, 0x22, 0x22, 0x22, 0x22, 0x22, 0x22, 0x22, 0x22, 0x11,
  0x11, 0x11, 0x11, 0x11, 0x11, 0x11, 0x11, 0x11, 0x11, 0x11, 0x11, 0x11, 0x11, 0x11, 0x11, 0x11,
  0x11, 0x11, 0x11, 0x11, 0x11, 0x11, 0x11, 0x11, 0x11, 0x11, 0x11, 0x11, 0x11, 0x11, 0x11, 0x11,
  0x11, 0x11, 0x11, 0x11, 0x11, 0x11, 0x11, 0x11, 0x11, 0x11, 0x11, 0x11, 0x10, 0x01, 0x00, 0x00,
  0x00, 0x00, 0x00, 0x00, 0x00, 0x00, 0x00, 0x00, 0xaa, 0xa9, 0x98, 0x88, 0x88, 0x88, 0x77, 0x88,
  0x88, 0x99, 0xaa, 0xaa, 0xaa, 0xaa, 0xaa, 0x99, 0x98, 0x87, 0x77, 0x66, 0x66, 0x66, 0x66, 0x77,
  0x78, 0x88, 0x89, 0x99, 0x99, 0x98, 0x88, 0x77, 0x76, 0x66, 0x66, 0x55, 0x55, 0x56, 0x66, 0x66,
  0x77, 0x77, 0x88, 0x88, 0x87, 0x77, 0x66, 0x66, 0x55, 0x55, 0x55, 0x55, 0x55, 0x55, 0x55, 0x66,
  0x66, 0x66, 0x66, 0x66, 0x66, 0x55, 0x55, 0x44, 0x44, 0x44, 0x44, 0x44, 0x44, 0x44, 0x55, 0x55,
  0x55, 0x66, 0x55, 0x55, 0x54, 0x44, 0x44, 0x43, 0x33, 0x33, 0x33, 0x33, 0x34, 0x44, 0x44, 0x44,
  0x44, 0x44, 0x44, 0x44, 0x33, 0x33, 0x32, 0x22, 0x22, 0x22, 0x22, 0x23, 0x33, 0x33, 0x44, 0x44,
  0x44, 0x33, 0x33, 0x22, 0x22, 0x22, 0x21, 0x11, 0x11, 0x12, 0x22, 0x22, 0x22, 0x22, 0x22, 0x22,
  0x22, 0x22, 0x21, 0x11, 0x11, 0x11, 0x11, 0x11, 0x11, 0x11, 0x11, 0x11, 0x11, 0x11, 0x11, 0x11,
  0x11, 0x11, 0x11, 0x11, 0x11, 0x11, 0x11, 0x11, 0x11, 0x11, 0x11, 0x11, 0x11, 0x11, 0x11, 0x11,
  0x11, 0x11, 0x11, 0x11, 0x11, 0x11, 0x11, 0x10, 0x11, 0x11, 0x11, 0x10, 0x00, 0x01, 0x11, 0x00,
  0x00, 0x00, 0x00, 0x00, 0x00, 0x00, 0x00, 0x00, 0x00, 0x00, 0x00, 0x00, 0xaa, 0xa9, 0x98, 0x88,
  0x88, 0x88, 0x78, 0x88, 0x88, 0x99, 0xaa, 0xaa, 0xaa, 0xaa, 0xa9, 0x99, 0x88, 0x77, 0x77, 0x66,
  0x66, 0x66, 0x67, 0x77, 0x88, 0x88, 0x89, 0x99, 0x99, 0x98, 0x88, 0x77, 0x66, 0x66, 0x65, 0x55,
  0x55, 0x66, 0x66, 0x66, 0x77, 0x78, 0x88, 0x88, 0x77, 0x76, 0x66, 0x66, 0x55, 0x55, 0x55, 0x55,
  0x55, 0x55, 0x56, 0x66, 0x66, 0x66, 0x66, 0x66, 0x66, 0x55, 0x55, 0x44, 0x44, 0x44, 0x44, 0x44,
  0x44, 0x44, 0x55, 0x55, 0x56, 0x65, 0x55, 0x55, 0x54, 0x44, 0x44, 0x33, 0x33, 0x33, 0x33, 0x33,
  0x44, 0x44, 0x44, 0x44, 0x44, 0x44, 0x44, 0x43, 0x33, 0x33, 0x22, 0x22, 0x22, 0x22, 0x22, 0x33,
  0x33, 0x33, 0x44, 0x44, 0x44, 0x33, 0x33, 0x22, 0x22, 0x22, 0x21, 0x11, 0x11, 0x22, 0x22, 0x22,
  0x22, 0x22, 0x22, 0x22, 0x22, 0x22, 0x21, 0x11, 0x11, 0x11, 0x11, 0x11, 0x11, 0x11, 0x11, 0x11,
  0x11, 0x11, 0x11, 0x11, 0x11, 0x11, 0x11, 0x11, 0x11, 0x11, 0x11, 0x11, 0x11, 0x11, 0x11, 0x11,
  0x11, 0x11, 0x11, 0x11, 0x11, 0x11, 0x11, 0x11, 0x11, 0x10, 0x00, 0x00, 0x00, 0x00, 0x00, 0x00,
  0x00, 0x00, 0x00, 0x00, 0x00, 0x00, 0x00, 0x00, 0x00, 0x00, 0x00, 0x00, 0x00, 0x00, 0x00, 0x00,
  0xaa, 0x99, 0x88, 0x88, 0x87, 0x77, 0x88, 0x88, 0x89, 0x9a, 0xaa, 0xaa, 0xaa, 0xaa, 0xa9, 0x99,
  0x88, 0x77, 0x76, 0x66, 0x66, 0x66, 0x67, 0x77, 0x88, 0x88, 0x99, 0x99, 0x99, 0x88, 0x87, 0x76,
  0x66, 0x65, 0x55, 0x55, 0x55, 0x66, 0x66, 0x66, 0x77, 0x78, 0x88, 0x88, 0x77, 0x76, 0x66, 0x65,
  0x55, 0x55, 0x55, 0x45, 0x55, 0x55, 0x56, 0x66, 0x66, 0x66, 0x66, 0x66, 0x66, 0x55, 0x55, 0x44,
  0x44, 0x44, 0x44, 0x44, 0x44, 0x45, 0x55, 0x55, 0x55, 0x55, 0x55, 0x55, 0x44, 0x44, 0x44, 0x33,
  0x33, 0x33, 0x33, 0x34, 0x44, 0x44, 0x44, 0x44, 0x44, 0x44, 0x44, 0x43, 0x33, 0x32, 0x22, 0x22,
  0x22, 0x22, 0x22, 0x33, 0x33, 0x34, 0x44, 0x44, 0x43, 0x33, 0x32, 0x22, 0x22, 0x22, 0x11, 0x11,
  0x11, 0x22, 0x22, 0x22, 0x22, 0x22, 0x22, 0x22, 0x22, 0x22, 0x11, 0x11, 0x11, 0x11, 0x11, 0x11,
  0x11, 0x11, 0x11, 0x11, 0x11, 0x11, 0x11, 0x11, 0x11, 0x11, 0x11, 0x11, 0x11, 0x11, 0x11, 0x11,
  0x11, 0x11, 0x11, 0x11, 0x11, 0x11, 0x11, 0x11, 0x11, 0x11, 0x11, 0x11, 0x00, 0x00, 0x00, 0x00,
  0x00, 0x00, 0x00, 0x00, 0x00, 0x00, 0x00, 0x00, 0x00, 0x00, 0x00, 0x00, 0x00, 0x00, 0x00, 0x00,
  0x00, 0x00, 0x00, 0x00, 0xa9, 0x99, 0x88, 0x88, 0x87, 0x77, 0x88, 0x88, 0x89, 0x9a, 0xaa, 0xaa,
  0xaa, 0xaa, 0xa9, 0x98, 0x87, 0x77, 0x76, 0x66, 0x66, 0x66, 0x77, 0x77, 0x88, 0x88, 0x99, 0x99,
  0x99, 0x88, 0x87, 0x76, 0x66, 0x65, 0x55, 0x55, 0x55, 0x66, 0x66, 0x67, 0x77, 0x78, 0x88, 0x87,
  0x77, 0x66, 0x66, 0x65, 0x55, 0x55, 0x55, 0x55, 0x55, 0x55, 0x56, 0x66, 0x66, 0x66, 0x66, 0x66,
  0x65, 0x55, 0x54, 0x44, 0x44, 0x44, 0x44, 0x44, 0x44, 0x45, 0x55, 0x55, 0x55, 0x55, 0x55, 0x54,
  0x44, 0x44, 0x43, 0x33, 0x33, 0x33, 0x33, 0x34, 0x44, 0x44, 0x44, 0x44, 0x44, 0x44, 0x44, 0x33,
  0x33, 0x32, 0x22, 0x22, 0x22, 0x22, 0x22, 0x33, 0x33, 0x34, 0x44, 0x44, 0x33, 0x33, 0x22, 0x22,
  0x22, 0x22, 0x11, 0x11, 0x11, 0x22, 0x22, 0x22, 0x22, 0x22, 0x22, 0x22, 0x22, 0x22, 0x11, 0x11,
  0x11, 0x11, 0x11, 0x11, 0x11, 0x11, 0x11, 0x11, 0x11, 0x11, 0x11, 0x11, 0x11, 0x11, 0x11, 0x11,
  0x11, 0x11, 0x11, 0x11, 0x11, 0x11, 0x11, 0x11, 0x11, 0x11, 0x11, 0x11, 0x11, 0x11, 0x10, 0x00,
  0x00, 0x00, 0x00, 0x00, 0x00, 0x00, 0x00, 0x00, 0x00, 0x00, 0x00, 0x00, 0x00, 0x00, 0x00, 0x00,
  0x00, 0x00, 0x00, 0x00, 0x00, 0x00, 0x00, 0x00, 0xa9, 0x98, 0x88, 0x88, 0x77, 0x77, 0x88, 0x88,
  0x99, 0xaa, 0xaa, 0xaa, 0xaa, 0xaa, 0x99, 0x88, 0x87, 0x77, 0x66, 0x66, 0x66, 0x66, 0x77, 0x77,
  0x88, 0x89, 0x99, 0x99, 0x99, 0x88, 0x77, 0x66, 0x66, 0x55, 0x55, 0x55, 0x55, 0x66, 0x66, 0x67,
  0x77, 0x88, 0x88, 0x77, 0x77, 0x66, 0x66, 0x55, 0x55, 0x55, 0x55, 0x55, 0x55, 0x55, 0x66, 0x66,
  0x66, 0x66, 0x66, 0x66, 0x55, 0x55, 0x44, 0x44, 0x44, 0x44, 0x44, 0x44, 0x44, 0x55, 0x55, 0x55,
  0x55, 0x55, 0x55, 0x54, 0x44, 0x44, 0x43, 0x33, 0x33, 0x33, 0x33, 0x34, 0x44, 0x44, 0x44, 0x44,
  0x44, 0x44, 0x44, 0x33, 0x33, 0x22, 0x22, 0x22, 0x22, 0x22, 0x22, 0x33, 0x33, 0x34, 0x44, 0x43,
  0x33, 0x33, 0x22, 0x22, 0x22, 0x21, 0x11, 0x11, 0x11, 0x22, 0x22, 0x22, 0x22, 0x22, 0x22, 0x22,
  0x22, 0x21, 0x11, 0x11, 0x11, 0x11, 0x11, 0x11, 0x11, 0x11, 0x11, 0x11, 0x11, 0x11, 0x11, 0x11,
  0x11, 0x11, 0x11, 0x11, 0x11, 0x11, 0x11, 0x11, 0x11, 0x11, 0x11, 0x11, 0x11, 0x11, 0x11, 0x11,
  0x11, 0x11, 0x00, 0x00, 0x00, 0x00, 0x00, 0x00, 0x00, 0x00, 0x00, 0x00, 0x00, 0x00, 0x00, 0x00,
  0x00, 0x00, 0x00, 0x00, 0x00, 0x00, 0x00, 0x00, 0x00, 0x00, 0x00, 0x00, 0x99, 0x98, 0x88, 0x77,
  0x77, 0x77, 0x88, 0x88, 0x99, 0xaa, 0xaa, 0xaa, 0xaa, 0xaa, 0x98, 0x88, 0x77, 0x76, 0x66, 0x66,
  0x66, 0x66, 0x77, 0x77, 0x88, 0x89, 0x99, 0x99, 0x98, 0x87, 0x77, 0x66, 0x66, 0x55, 0x55, 0x55,
  0x56, 0x66, 0x66, 0x67, 0x77, 0x88, 0x88, 0x77, 0x76, 0x66, 0x65, 0x55, 0x55, 0x55, 0x44, 0x45,
  0x55, 0x55, 0x66, 0x66, 0x66, 0x66, 0x66, 0x66, 0x55, 0x54, 0x44, 0x44, 0x44, 0x44, 0x44, 0x44,
  0x44, 0x55, 0x55, 0x55, 0x55, 0x55, 0x55, 0x44, 0x44, 0x44, 0x33, 0x33, 0x33, 0x33, 0x33, 0x34,
  0x44, 0x44, 0x44, 0x44, 0x44, 0x44, 0x44, 0x33, 0x32, 0x22, 0x22, 0x22, 0x22, 0x22, 0x23, 0x33,
  0x33, 0x44, 0x44, 0x43, 0x33, 0x32, 0x22, 0x22, 0x22, 0x11, 0x11, 0x11, 0x11, 0x22, 0x22, 0x22,
  0x22, 0x22, 0x22, 0x22, 0x22, 0x11, 0x11, 0x11, 0x11, 0x11, 0x11, 0x11, 0x11, 0x11, 0x11, 0x11,
  0x11, 0x11, 0x11, 0x11, 0x11, 0x11, 0x11, 0x11, 0x11, 0x11, 0x11, 0x11, 0x11, 0x11, 0x11, 0x11,
  0x11, 0x11, 0x11, 0x11, 0x11, 0x10, 0x00, 0x00, 0x00, 0x00, 0x00, 0x00, 0x00, 0x00, 0x00, 0x00,
  0x00, 0x00, 0x00, 0x00, 0x00, 0x00, 0x00, 0x00, 0x00, 0x00, 0x00, 0x00, 0x00, 0x00, 0x00, 0x00,
  0x99, 0x88, 0x88, 0x77, 0x77, 0x77, 0x88, 0x89, 0x99, 0xaa, 0xaa, 0xaa, 0xaa, 0xa9, 0x98, 0x88,
  0x77, 0x76, 0x66, 0x66, 0x66, 0x67, 0x77, 0x77, 0x88, 0x99, 0x99, 0x99, 0x88, 0x77, 0x77, 0x66,
  0x65, 0x55, 0x55, 0x55, 0x56, 0x66, 0x66, 0x77, 0x77, 0x88, 0x88, 0x77, 0x76, 0x66, 0x55, 0x55,
  0x55, 0x54, 0x44, 0x55, 0x55, 0x55, 0x66, 0x66, 0x66, 0x66, 0x66, 0x65, 0x55, 0x44, 0x44, 0x44,
  0x44, 0x44, 0x44, 0x44, 0x44, 0x55, 0x55, 0x55, 0x55, 0x55, 0x55, 0x44, 0x44, 0x43, 0x33, 0x33,
  0x33, 0x33, 0x33, 0x44, 0x44, 0x44, 0x44, 0x44, 0x44, 0x44, 0x43, 0x33, 0x22, 0x22, 0x22, 0x22,
  0x22, 0x22, 0x33, 0x33, 0x33, 0x44, 0x44, 0x43, 0x33, 0x32, 0x22, 0x22, 0x22, 0x11, 0x11, 0x11,
  0x11, 0x22, 0x22, 0x22, 0x22, 0x22, 0x22, 0x22, 0x22, 0x11, 0x11, 0x11, 0x11, 0x11, 0x11, 0x11,
  0x11, 0x11, 0x11, 0x11, 0x11, 0x11, 0x11, 0x11, 0x11, 0x11, 0x11, 0x11, 0x11, 0x11, 0x11, 0x11,
  0x11, 0x11, 0x11, 0x11, 0x11, 0x11, 0x11, 0x11, 0x11, 0x10, 0x00, 0x00, 0x00, 0x00, 0x00, 0x00,
  0x00, 0x00, 0x00, 0x00, 0x00, 0x00, 0x00, 0x00, 0x00, 0x00, 0x00, 0x00, 0x00, 0x00, 0x00, 0x00,
  0x00, 0x00, 0x00, 0x00, 0x99, 0x88, 0x87, 0x77, 0x77, 0x78, 0x88, 0x89, 0x99, 0xaa, 0xaa, 0xaa,
  0xaa, 0xa9, 0x98, 0x87, 0x77, 0x66, 0x66, 0x66, 0x66, 0x67, 0x77, 0x78, 0x89, 0x99, 0x99, 0x99,
  0x88, 0x77, 0x76, 0x66, 0x65, 0x55, 0x55, 0x55, 0x56, 0x66, 0x67, 0x77, 0x77, 0x88, 0x87, 0x77,
  0x66, 0x66, 0x55, 0x55, 0x54, 0x44, 0x44, 0x55, 0x55, 0x55, 0x66, 0x66, 0x66, 0x66, 0x66, 0x55,
  0x55, 0x44, 0x44, 0x44, 0x44, 0x44, 0x44, 0x44, 0x45, 0x55, 0x55, 0x55, 0x55, 0x55, 0x54, 0x44,
  0x44, 0x33, 0x33, 0x33, 0x33, 0x33, 0x33, 0x44, 0x44, 0x44, 0x44, 0x44, 0x44, 0x44, 0x43, 0x33,
  0x22, 0x22, 0x22, 0x22, 0x22, 0x22, 0x33, 0x33, 0x33, 0x44, 0x44, 0x33, 0x33, 0x22, 0x22, 0x22,
  0x21, 0x11, 0x11, 0x11, 0x12, 0x22, 0x22, 0x22, 0x22, 0x22, 0x22, 0x22, 0x21, 0x11, 0x11, 0x11,
  0x11, 0x11, 0x11, 0x11, 0x11, 0x11, 0x11, 0x11, 0x11, 0x11, 0x11, 0x11, 0x11, 0x11, 0x11, 0x11,
  0x11, 0x11, 0x11, 0x11, 0x11, 0x11, 0x11, 0x11, 0x11, 0x11, 0x11, 0x11, 0x11, 0x10, 0x00, 0x00,
  0x00, 0x00, 0x00, 0x00, 0x00, 0x00, 0x00, 0x00, 0x00, 0x00, 0x00, 0x00, 0x00, 0x00, 0x00, 0x00,
  0x00, 0x00, 0x00, 0x00, 0x00, 0x00, 0x00, 0x00, 0x98, 0x88, 0x87, 0x77, 0x77, 0x78, 0x88, 0x89,
  0x99, 0xaa, 0xaa, 0xaa, 0xaa, 0x99, 0x88, 0x77, 0x77, 0x66, 0x66, 0x66, 0x66, 0x67, 0x77, 0x88,
  0x89, 0x99, 0x99, 0x98, 0x88, 0x77, 0x66, 0x66, 0x65, 0x55, 0x55, 0x55, 0x66, 0x66, 0x67, 0x77,
  0x78, 0x88, 0x87, 0x77, 0x66, 0x65, 0x55, 0x55, 0x44, 0x44, 0x44, 0x55, 0x55, 0x56, 0x66, 0x66,
  0x66, 0x66, 0x65, 0x55, 0x55, 0x44, 0x44, 0x44, 0x44, 0x44, 0x44, 0x44, 0x55, 0x55, 0x55, 0x55,
  0x55, 0x55, 0x44, 0x44, 0x44, 0x33, 0x33, 0x33, 0x33, 0x33, 0x34, 0x44, 0x44, 0x44, 0x44, 0x44,
  0x44, 0x44, 0x33, 0x33, 0x22, 0x22, 0x22, 0x22, 0x22, 0x22, 0x33, 0x33, 0x34, 0x44, 0x43, 0x33,
  0x32, 0x22, 0x22, 0x22, 0x11, 0x11, 0x11, 0x11, 0x22, 0x22, 0x22, 0x22, 0x22, 0x22, 0x22, 0x22,
  0x11, 0x11, 0x11, 0x11, 0x11, 0x11, 0x11, 0x11, 0x11, 0x11, 0x11, 0x11, 0x11, 0x11, 0x11, 0x11,
  0x11, 0x11, 0x11, 0x11, 0x11, 0x11, 0x11, 0x11, 0x11, 0x11, 0x11, 0x11, 0x11, 0x11, 0x11, 0x11,
  0x11, 0x00, 0x00, 0x00, 0x00, 0x00, 0x00, 0x00, 0x00, 0x00, 0x00, 0x00, 0x00, 0x00, 0x00, 0x00,
  0x00, 0x00, 0x00, 0x00, 0x00, 0x00, 0x00, 0x00, 0x00, 0x00, 0x00, 0x00, 0x88, 0x88, 0x77, 0x77,
  0x77, 0x78, 0x88, 0x99, 0x9a, 0xaa, 0xaa, 0xaa, 0xa9, 0x99, 0x87, 0x77, 0x76, 0x66, 0x66, 0x66,
  0x66, 0x67, 0x77, 0x88, 0x99, 0x99, 0x99, 0x88, 0x87, 0x76, 0x66, 0x66, 0x55, 0x55, 0x55, 0x55,
  0x66, 0x66, 0x67, 0x77, 0x88, 0x88, 0x77, 0x76, 0x66, 0x65, 0x55, 0x55, 0x54, 0x44, 0x44, 0x55,
  0x55, 0x56, 0x66, 0x66, 0x66, 0x66, 0x65, 0x55, 0x54, 0x44, 0x44, 0x44, 0x44, 0x44, 0x44, 0x44,
  0x55, 0x55, 0x55, 0x55, 0x55, 0x55, 0x44, 0x44, 0x43, 0x33, 0x33, 0x33, 0x33, 0x33, 0x44, 0x44,
  0x44, 0x44, 0x44, 0x44, 0x44, 0x43, 0x33, 0x32, 0x22, 0x22, 0x22, 0x22, 0x22, 0x22, 0x33, 0x33,
  0x34, 0x44, 0x33, 0x33, 0x32, 0x22, 0x22, 0x21, 0x11, 0x11, 0x11, 0x11, 0x22, 0x22, 0x22, 0x22,
  0x22, 0x22, 0x22, 0x21, 0x11, 0x11, 0x11, 0x11, 0x11, 0x11, 0x11, 0x11, 0x11, 0x11, 0x11, 0x11,
  0x11, 0x11, 0x11, 0x11, 0x11, 0x11, 0x11, 0x11, 0x11, 0x11, 0x11, 0x11, 0x11, 0x11, 0x11, 0x11,
  0x11, 0x11, 0x11, 0x11, 0x10, 0x00, 0x00, 0x00, 0x00, 0x00, 0x00, 0x00, 0x00, 0x00, 0x00, 0x00,
  0x00, 0x00, 0x00, 0x00, 0x00, 0x00, 0x00, 0x00, 0x00, 0x00, 0x00, 0x00, 0x00, 0x00, 0x00, 0x00,
  0x88, 0x87, 0x77, 0x77, 0x77, 0x88, 0x89, 0x99, 0xaa, 0xaa, 0xaa, 0xaa, 0xa9, 0x98, 0x87, 0x77,
  0x66, 0x66, 0x66, 0x66, 0x66, 0x67, 0x78, 0x88, 0x99, 0x99, 0x99, 0x88, 0x87, 0x76, 0x66, 0x65,
  0x55, 0x55, 0x55, 0x56, 0x66, 0x66, 0x67, 0x78, 0x88, 0x87, 0x77, 0x76, 0x66, 0x55, 0x55, 0x54,
  0x44, 0x44, 0x45, 0x55, 0x55, 0x66, 0x66, 0x66, 0x66, 0x66, 0x65, 0x55, 0x44, 0x44, 0x44, 0x44,
  0x44, 0x44, 0x44, 0x45, 0x55, 0x55, 0x55, 0x55, 0x55, 0x54, 0x44, 0x44, 0x43, 0x33, 0x33, 0x33,
  0x33, 0x33, 0x44, 0x44, 0x44, 0x44, 0x44, 0x44, 0x44, 0x33, 0x33, 0x22, 0x22, 0x22, 0x22, 0x22,
  0x22, 0x23, 0x33, 0x33, 0x33, 0x43, 0x33, 0x33, 0x32, 0x22, 0x22, 0x11, 0x11, 0x11, 0x11, 0x11,
  0x22, 0x22, 0x22, 0x22, 0x22, 0x22, 0x22, 0x21, 0x11, 0x11, 0x11, 0x11, 0x11, 0x11, 0x11, 0x11,
  0x11, 0x11, 0x11, 0x11, 0x11, 0x11, 0x11, 0x11, 0x11, 0x11, 0x11, 0x11, 0x11, 0x11, 0x11, 0x11,
  0x11, 0x11, 0x11, 0x11, 0x11, 0x11, 0x11, 0x11, 0x00, 0x00, 0x00, 0x00, 0x00, 0x00, 0x00, 0x00,
  0x00, 0x00, 0x00, 0x00, 0x00, 0x00, 0x00, 0x00, 0x00, 0x00, 0x00, 0x00, 0x00, 0x00, 0x00, 0x00,
  0x00, 0x00, 0x00, 0x00, 0x88, 0x77, 0x77, 0x77, 0x77, 0x88, 0x89, 0x99, 0xaa, 0xaa, 0xaa, 0xaa,
  0x99, 0x98, 0x77, 0x77, 0x66, 0x66, 0x66, 0x66, 0x66, 0x77, 0x78, 0x88, 0x99, 0x99, 0x98, 0x88,
  0x77, 0x76, 0x66, 0x55, 0x55, 0x55, 0x55, 0x55, 0x66, 0x66, 0x77, 0x78, 0x88, 0x87, 0x77, 0x66,
  0x65, 0x55, 0x55, 0x44, 0x44, 0x44, 0x45, 0x55, 0x56, 0x66, 0x66, 0x66, 0x66, 0x66, 0x55, 0x55,
  0x44, 0x44, 0x44, 0x44, 0x44, 0x44, 0x44, 0x45, 0x55, 0x55, 0x55, 0x55, 0x55, 0x54, 0x44, 0x44,
  0x33, 0x33, 0x33, 0x33, 0x33, 0x33, 0x44, 0x44, 0x44, 0x44, 0x44, 0x44, 0x44, 0x33, 0x33, 0x22,
  0x22, 0x22, 0x22, 0x22, 0x22, 0x23, 0x33, 0x33, 0x34, 0x33, 0x33, 0x33, 0x22, 0x22, 0x22, 0x11,
  0x11, 0x11, 0x11, 0x12, 0x22, 0x22, 0x22, 0x22, 0x22, 0x22, 0x22, 0x21, 0x11, 0x11, 0x11, 0x11,
  0x11, 0x11, 0x11, 0x11, 0x11, 0x11, 0x11, 0x11, 0x11, 0x11, 0x11, 0x11, 0x11, 0x11, 0x11, 0x11,
  0x11, 0x11, 0x11, 0x11, 0x11, 0x11, 0x11, 0x11, 0x11, 0x11, 0x11, 0x10, 0x00, 0x00, 0x00, 0x00,
  0x00, 0x00, 0x00, 0x00, 0x00, 0x00, 0x00, 0x00, 0x00, 0x00, 0x00, 0x00, 0x00, 0x00, 0x00, 0x00,
  0x00, 0x00, 0x00, 0x00, 0x00, 0x00, 0x00, 0x00, 0x88, 0x77, 0x77, 0x77, 0x78, 0x88, 0x89, 0x99,
  0xaa, 0xaa, 0xaa, 0xa9, 0x99, 0x88, 0x77, 0x76, 0x66, 0x66, 0x66, 0x66, 0x67, 0x77, 0x88, 0x88,
  0x99, 0x99, 0x88, 0x87, 0x77, 0x66, 0x66, 0x55, 0x55, 0x55, 0x55, 0x56, 0x66, 0x66, 0x77, 0x78,
  0x88, 0x77, 0x76, 0x66, 0x65, 0x55, 0x55, 0x44, 0x44, 0x44, 0x55, 0x55, 0x56, 0x66, 0x66, 0x66,
  0x66, 0x66, 0x55, 0x54, 0x44, 0x44, 0x44, 0x44, 0x44, 0x44, 0x44, 0x45, 0x55, 0x55, 0x55, 0x55,
  0x55, 0x54, 0x44, 0x43, 0x33, 0x33, 0x33, 0x33, 0x33, 0x33, 0x44, 0x44, 0x44, 0x44, 0x44, 0x44,
  0x44, 0x33, 0x32, 0x22, 0x22, 0x22, 0x22, 0x22, 0x22, 0x33, 0x33, 0x33, 0x34, 0x33, 0x33, 0x32,
  0x22, 0x22, 0x21, 0x11, 0x11, 0x11, 0x11, 0x12, 0x22, 0x22, 0x22, 0x22, 0x22, 0x22, 0x22, 0x11,
  0x11, 0x11, 0x11, 0x11, 0x11, 0x11, 0x11, 0x11, 0x11, 0x11, 0x11, 0x11, 0x11, 0x11, 0x11, 0x11,
  0x11, 0x11, 0x11, 0x11, 0x11, 0x11, 0x11, 0x11, 0x11, 0x11, 0x11, 0x11, 0x11, 0x11, 0x11, 0x10,
  0x00, 0x00, 0x00, 0x00, 0x00, 0x00, 0x00, 0x00, 0x00, 0x00, 0x00, 0x00, 0x00, 0x00, 0x00, 0x00,
  0x00, 0x00, 0x00, 0x00, 0x00, 0x00, 0x00, 0x00, 0x00, 0x00, 0x00, 0x00, 0x88, 0x77, 0x77, 0x77,
  0x77, 0x88, 0x89, 0x99, 0xaa, 0xaa, 0xaa, 0xa9, 0x99, 0x88, 0x77, 0x66, 0x66, 0x66, 0x66, 0x66,
  0x67, 0x78, 0x88, 0x89, 0x99, 0x99, 0x88, 0x87, 0x76, 0x66, 0x65, 0x55, 0x55, 0x55, 0x55, 0x56,
  0x66, 0x67, 0x77, 0x78, 0x87, 0x77, 0x76, 0x66, 0x55, 0x55, 0x44, 0x44, 0x44, 0x45, 0x55, 0x55,
  0x66, 0x66, 0x66, 0x66, 0x66, 0x66, 0x55, 0x54, 0x44, 0x44, 0x44, 0x44, 0x44, 0x44, 0x44, 0x45,
  0x55, 0x55, 0x55, 0x55, 0x55, 0x44, 0x44, 0x43, 0x33, 0x33, 0x33, 0x33, 0x33, 0x34, 0x44, 0x44,
  0x44, 0x44, 0x44, 0x44, 0x43, 0x33, 0x32, 0x22, 0x22, 0x22, 0x22, 0x22, 0x23, 0x33, 0x33, 0x33,
  0x44, 0x33, 0x33, 0x32, 0x22, 0x22, 0x21, 0x11, 0x11, 0x11, 0x11, 0x12, 0x22, 0x22, 0x22, 0x22,
  0x22, 0x22, 0x22, 0x11, 0x11, 0x11, 0x11, 0x11, 0x11, 0x11, 0x11, 0x11, 0x11, 0x11, 0x11, 0x11,
  0x11, 0x11, 0x11, 0x11, 0x11, 0x11, 0x11, 0x11, 0x11, 0x11, 0x11, 0x11, 0x11, 0x11, 0x11, 0x11,
  0x11, 0x11, 0x11, 0x00, 0x00, 0x00, 0x00, 0x00, 0x00, 0x00, 0x00, 0x00, 0x00, 0x00, 0x00, 0x00,
  0x00, 0x00, 0x00, 0x00, 0x00, 0x00, 0x00, 0x00, 0x00, 0x00, 0x00, 0x00, 0x00, 0x00, 0x00, 0x00,
  0x88, 0x77, 0x77, 0x77, 0x78, 0x88, 0x99, 0x99, 0xaa, 0xaa, 0xaa, 0xa9, 0x98, 0x87, 0x77, 0x66,
  0x66, 0x66, 0x66, 0x66, 0x67, 0x78, 0x88, 0x89, 0x99, 0x99, 0x88, 0x77, 0x76, 0x66, 0x65, 0x55,
  0x55, 0x55, 0x55, 0x66, 0x66, 0x77, 0x77, 0x78, 0x77, 0x77, 0x66, 0x66, 0x55, 0x55, 0x44, 0x44,
  0x44, 0x45, 0x55, 0x55, 0x66, 0x66, 0x66, 0x66, 0x66, 0x65, 0x55, 0x44, 0x44, 0x44, 0x44, 0x44,
  0x44, 0x44, 0x44, 0x55, 0x55, 0x55, 0x55, 0x55, 0x54, 0x44, 0x44, 0x43, 0x33, 0x33, 0x33, 0x33,
  0x33, 0x34, 0x44, 0x44, 0x44, 0x44, 0x44, 0x44, 0x43, 0x33, 0x22, 0x22, 0x22, 0x22, 0x22, 0x22,
  0x23, 0x33, 0x33, 0x33, 0x43, 0x33, 0x33, 0x22, 0x22, 0x22, 0x11, 0x11, 0x11, 0x11, 0x11, 0x12,
  0x22, 0x22, 0x22, 0x22, 0x22, 0x22, 0x21, 0x11, 0x11, 0x11, 0x11, 0x11, 0x11, 0x11, 0x11, 0x11,
  0x11, 0x11, 0x11, 0x11, 0x11, 0x11, 0x11, 0x11, 0x11, 0x11, 0x11, 0x11, 0x11, 0x11, 0x11, 0x11,
  0x11, 0x11, 0x11, 0x11, 0x11, 0x11, 0x11, 0x00, 0x00, 0x00, 0x00, 0x00, 0x00, 0x00, 0x00, 0x00,
  0x00, 0x00, 0x00, 0x00, 0x00, 0x00, 0x00, 0x00, 0x00, 0x00, 0x00, 0x00, 0x00, 0x00, 0x00, 0x00,
  0x00, 0x00, 0x00, 0x00, 0x77, 0x77, 0x77, 0x77, 0x78, 0x88, 0x99, 0x9a, 0xaa, 0xaa, 0xaa, 0x99,
  0x88, 0x87, 0x76, 0x66, 0x66, 0x66, 0x66, 0x66, 0x67, 0x78, 0x88, 0x99, 0x99, 0x99, 0x87, 0x77,
  0x76, 0x66, 0x55, 0x55, 0x55, 0x55, 0x55, 0x66, 0x66, 0x77, 0x77, 0x77, 0x77, 0x77, 0x66, 0x65,
  0x55, 0x54, 0x44, 0x44, 0x44, 0x55, 0x55, 0x56, 0x66, 0x66, 0x66, 0x66, 0x66, 0x65, 0x54, 0x44,
  0x44, 0x44, 0x44, 0x44, 0x44, 0x44, 0x45, 0x55, 0x55, 0x55, 0x55, 0x55, 0x54, 0x44, 0x44, 0x33,
  0x33, 0x33, 0x33, 0x33, 0x33, 0x34, 0x44, 0x44, 0x44, 0x44, 0x44, 0x44, 0x33, 0x33, 0x22, 0x22,
  0x22, 0x22, 0x22, 0x22, 0x23, 0x33, 0x33, 0x33, 0x43, 0x33, 0x33, 0x22, 0x22, 0x22, 0x11, 0x11,
  0x11, 0x11, 0x11, 0x12, 0x22, 0x22, 0x22, 0x22, 0x22, 0x22, 0x11, 0x11, 0x11, 0x11, 0x11, 0x11,
  0x11, 0x11, 0x11, 0x11, 0x11, 0x11, 0x11, 0x11, 0x11, 0x11, 0x11, 0x11, 0x11, 0x11, 0x11, 0x11,
  0x11, 0x11, 0x11, 0x11, 0x11, 0x11, 0x11, 0x11, 0x11, 0x11, 0x10, 0x00, 0x00, 0x00, 0x00, 0x00,
  0x00, 0x00, 0x00, 0x00, 0x00, 0x00, 0x00, 0x00, 0x00, 0x00, 0x00, 0x00, 0x00, 0x00, 0x00, 0x00,
  0x00, 0x00, 0x00, 0x00, 0x00, 0x00, 0x00, 0x00, 0x77, 0x77, 0x77, 0x77, 0x88, 0x89, 0x9a, 0xaa,
  0xaa, 0xaa, 0xaa, 0x98, 0x88, 0x87, 0x76, 0x66, 0x66, 0x66, 0x66, 0x66, 0x77, 0x88, 0x88, 0x99,
  0x99, 0x98, 0x87, 0x77, 0x66, 0x66, 0x55, 0x55, 0x55, 0x55, 0x56, 0x66, 0x67, 0x77, 0x77, 0x77,
  0x77, 0x76, 0x66, 0x65, 0x55, 0x44, 0x44, 0x44, 0x44, 0x55, 0x55, 0x56, 0x66, 0x66, 0x66, 0x66,
  0x66, 0x55, 0x54, 0x44, 0x44, 0x44, 0x44, 0x44, 0x44, 0x44, 0x45, 0x55, 0x55, 0x55, 0x55, 0x55,
  0x44, 0x44, 0x43, 0x33, 0x33, 0x33, 0x33, 0x33, 0x33, 0x34, 0x44, 0x44, 0x44, 0x44, 0x44, 0x44,
  0x33, 0x32, 0x22, 0x22, 0x22, 0x22, 0x22, 0x22, 0x23, 0x33, 0x33, 0x33, 0x33, 0x33, 0x32, 0x22,
  0x22, 0x21, 0x11, 0x11, 0x11, 0x11, 0x11, 0x22, 0x22, 0x22, 0x22, 0x22, 0x22, 0x22, 0x11, 0x11,
  0x11, 0x11, 0x11, 0x11, 0x11, 0x11, 0x11, 0x11, 0x11, 0x11, 0x11, 0x11, 0x11, 0x11, 0x11, 0x11,
  0x11, 0x11, 0x11, 0x11, 0x11, 0x11, 0x11, 0x11, 0x11, 0x11, 0x11, 0x11, 0x11, 0x10, 0x00, 0x00,
  0x00, 0x00, 0x00, 0x00, 0x00, 0x00, 0x00, 0x00, 0x00, 0x00, 0x00, 0x00, 0x00, 0x00, 0x00, 0x00,
  0x00, 0x00, 0x00, 0x00, 0x00, 0x00, 0x00, 0x00, 0x00, 0x00, 0x00, 0x00, 0x77, 0x77, 0x77, 0x77,
  0x88, 0x89, 0x9a, 0xaa, 0xaa, 0xaa, 0xa9, 0x98, 0x88, 0x77, 0x66, 0x66, 0x66, 0x66, 0x66, 0x66,
  0x77, 0x88, 0x89, 0x99, 0x99, 0x98, 0x87, 0x76, 0x66, 0x65, 0x55, 0x55, 0x55, 0x55, 0x66, 0x66,
  0x67, 0x77, 0x77, 0x77, 0x77, 0x66, 0x66, 0x55, 0x55, 0x44, 0x44, 0x44, 0x44, 0x55, 0x55, 0x56,
  0x66, 0x66, 0x66, 0x66, 0x66, 0x55, 0x54, 0x44, 0x44, 0x44, 0x44, 0x44, 0x44, 0x44, 0x45, 0x55,
  0x55, 0x55, 0x55, 0x55, 0x44, 0x44, 0x33, 0x33, 0x33, 0x33, 0x33, 0x33, 0x33, 0x44, 0x44, 0x44,
  0x44, 0x44, 0x44, 0x43, 0x33, 0x22, 0x22, 0x22, 0x22, 0x22, 0x22, 0x22, 0x33, 0x33, 0x33, 0x33,
  0x33, 0x33, 0x22, 0x22, 0x22, 0x21, 0x11, 0x11, 0x11, 0x11, 0x12, 0x22, 0x22, 0x22, 0x22, 0x22,
  0x22, 0x21, 0x11, 0x11, 0x11, 0x11, 0x11, 0x11, 0x11, 0x11, 0x11, 0x11, 0x11, 0x11, 0x11, 0x11,
  0x11, 0x11, 0x11, 0x11, 0x11, 0x11, 0x11, 0x11, 0x11, 0x11, 0x11, 0x11, 0x11, 0x11, 0x11, 0x11,
  0x11, 0x10, 0x00, 0x00, 0x00, 0x00, 0x00, 0x00, 0x00, 0x00, 0x00, 0x00, 0x00, 0x00, 0x00, 0x00,
  0x00, 0x00, 0x00, 0x00, 0x00, 0x00, 0x00, 0x00, 0x00, 0x00, 0x00, 0x00, 0x00, 0x00, 0x00, 0x00,
  0x77, 0x77, 0x77, 0x77, 0x88, 0x89, 0x9a, 0xaa, 0xaa, 0xaa, 0x99, 0x88, 0x87, 0x77, 0x66, 0x66,
  0x66, 0x66, 0x66, 0x67, 0x77, 0x88, 0x89, 0x99, 0x98, 0x88, 0x77, 0x66, 0x66, 0x65, 0x55, 0x55,
  0x55, 0x55, 0x66, 0x66, 0x77, 0x77, 0x77, 0x77, 0x77, 0x66, 0x65, 0x55, 0x54, 0x44, 0x44, 0x44,
  0x44, 0x55, 0x55, 0x56, 0x66, 0x66, 0x66, 0x66, 0x65, 0x55, 0x44, 0x44, 0x44, 0x44, 0x44, 0x44,
  0x44, 0x44, 0x45, 0x55, 0x55, 0x55, 0x55, 0x54, 0x44, 0x44, 0x33, 0x33, 0x33, 0x33, 0x33, 0x33,
  0x34, 0x44, 0x44, 0x44, 0x44, 0x44, 0x44, 0x33, 0x33, 0x22, 0x22, 0x22, 0x22, 0x22, 0x22, 0x22,
  0x33, 0x33, 0x33, 0x33, 0x33, 0x33, 0x22, 0x22, 0x21, 0x11, 0x11, 0x11, 0x11, 0x11, 0x12, 0x22,
  0x22, 0x22, 0x22, 0x22, 0x22, 0x11, 0x11, 0x11, 0x11, 0x11, 0x11, 0x11, 0x11, 0x11, 0x11, 0x11,
  0x11, 0x11, 0x11, 0x11, 0x11, 0x11, 0x11, 0x11, 0x11, 0x11, 0x11, 0x11, 0x11, 0x11, 0x11, 0x11,
  0x11, 0x11, 0x11, 0x11, 0x11, 0x00, 0x00, 0x00, 0x00, 0x00, 0x00, 0x00, 0x00, 0x00, 0x00, 0x00,
  0x00, 0x00, 0x00, 0x00, 0x00, 0x00, 0x00, 0x00, 0x00, 0x00, 0x00, 0x00, 0x00, 0x00, 0x00, 0x00,
  0x00, 0x00, 0x00, 0x00, 0x77, 0x77, 0x77, 0x77, 0x88, 0x99, 0x9a, 0xaa, 0xaa, 0xaa, 0x99, 0x88,
  0x77, 0x76, 0x66, 0x66, 0x66, 0x66, 0x66, 0x77, 0x78, 0x88, 0x89, 0x99, 0x98, 0x88, 0x77, 0x66,
  0x66, 0x55, 0x55, 0x55, 0x55, 0x55, 0x66, 0x66, 0x77, 0x77, 0x77, 0x77, 0x77, 0x66, 0x65, 0x55,
  0x44, 0x44, 0x44, 0x44, 0x44, 0x55, 0x55, 0x56, 0x66, 0x66, 0x66, 0x66, 0x55, 0x55, 0x44, 0x44,
  0x44, 0x44, 0x44, 0x44, 0x44, 0x44, 0x55, 0x55, 0x55, 0x55, 0x55, 0x44, 0x44, 0x43, 0x33, 0x33,
  0x33, 0x33, 0x33, 0x33, 0x34, 0x44, 0x44, 0x44, 0x44, 0x44, 0x43, 0x33, 0x32, 0x22, 0x22, 0x22,
  0x22, 0x22, 0x22, 0x22, 0x33, 0x33, 0x33, 0x33, 0x33, 0x32, 0x22, 0x22, 0x11, 0x11, 0x11, 0x11,
  0x11, 0x11, 0x12, 0x22, 0x22, 0x22, 0x22, 0x22, 0x21, 0x11, 0x11, 0x11, 0x11, 0x11, 0x11, 0x11,
  0x11, 0x11, 0x11, 0x11, 0x11, 0x11, 0x11, 0x11, 0x11, 0x11, 0x11, 0x11, 0x11, 0x11, 0x11, 0x11,
  0x11, 0x11, 0x11, 0x11, 0x11, 0x11, 0x11, 0x11, 0x10, 0x00, 0x00, 0x00, 0x00, 0x00, 0x00, 0x00,
  0x00, 0x00, 0x00, 0x00, 0x00, 0x00, 0x00, 0x00, 0x00, 0x00, 0x00, 0x00, 0x00, 0x00, 0x00, 0x00,
  0x00, 0x00, 0x00, 0x00, 0x00, 0x00, 0x00, 0x00, 0x77, 0x77, 0x77, 0x78, 0x88, 0x99, 0x9a, 0xaa,
  0xaa, 0xaa, 0x99, 0x88, 0x77, 0x76, 0x66, 0x66, 0x66, 0x66, 0x66, 0x77, 0x78, 0x88, 0x99, 0x99,
  0x88, 0x88, 0x77, 0x66, 0x66, 0x55, 0x55, 0x55, 0x55, 0x55, 0x66, 0x66, 0x77, 0x77, 0x77, 0x77,
  0x76, 0x66, 0x65, 0x55, 0x44, 0x44, 0x44, 0x44, 0x45, 0x55, 0x55, 0x66, 0x66, 0x66, 0x66, 0x66,
  0x55, 0x54, 0x44, 0x44, 0x44, 0x44, 0x44, 0x44, 0x44, 0x44, 0x55, 0x55, 0x55, 0x55, 0x55, 0x44,
  0x44, 0x43, 0x33, 0x33, 0x33, 0x33, 0x33, 0x33, 0x44, 0x44, 0x44, 0x44, 0x44, 0x44, 0x43, 0x33,
  0x32, 0x22, 0x22, 0x22, 0x22, 0x22, 0x22, 0x23, 0x33, 0x33, 0x33, 0x33, 0x33, 0x32, 0x22, 0x22,
  0x11, 0x11, 0x11, 0x11, 0x11, 0x11, 0x12, 0x22, 0x22, 0x22, 0x22, 0x22, 0x21, 0x11, 0x11, 0x11,
  0x11, 0x11, 0x11, 0x11, 0x11, 0x11, 0x11, 0x11, 0x11, 0x11, 0x11, 0x11, 0x11, 0x11, 0x11, 0x11,
  0x11, 0x11, 0x11, 0x11, 0x11, 0x11, 0x11, 0x11, 0x11, 0x11, 0x11, 0x11, 0x10, 0x00, 0x00, 0x00,
  0x00, 0x00, 0x00, 0x00, 0x00, 0x00, 0x00, 0x00, 0x00, 0x00, 0x00, 0x00, 0x00, 0x00, 0x00, 0x00,
  0x00, 0x00, 0x00, 0x00, 0x00, 0x00, 0x00, 0x00, 0x00, 0x00, 0x00, 0x00, 0x77, 0x77, 0x77, 0x88,
  0x89, 0x99, 0xaa, 0xaa, 0xaa, 0xa9, 0x98, 0x87, 0x77, 0x66, 0x66, 0x66, 0x66, 0x66, 0x66, 0x77,
  0x88, 0x89, 0x99, 0x99, 0x88, 0x87, 0x76, 0x66, 0x65, 0x55, 0x55, 0x55, 0x55, 0x56, 0x66, 0x67,
  0x77, 0x77, 0x77, 0x77, 0x76, 0x66, 0x55, 0x55, 0x44, 0x44, 0x44, 0x44, 0x45, 0x55, 0x55, 0x66,
  0x66, 0x66, 0x66, 0x65, 0x55, 0x54, 0x44, 0x44, 0x44, 0x44, 0x44, 0x44, 0x44, 0x44, 0x55, 0x55,
  0x55, 0x55, 0x54, 0x44, 0x44, 0x33, 0x33, 0x33, 0x33, 0x33, 0x33, 0x33, 0x44, 0x44, 0x44, 0x44,
  0x44, 0x44, 0x33, 0x33, 0x22, 0x22, 0x22, 0x22, 0x22, 0x22, 0x22, 0x33, 0x33, 0x33, 0x33, 0x33,
  0x33, 0x22, 0x22, 0x22, 0x11, 0x11, 0x11, 0x11, 0x11, 0x11, 0x22, 0x22, 0x22, 0x22, 0x22, 0x22,
  0x21, 0x11, 0x11, 0x11, 0x11, 0x11, 0x11, 0x11, 0x11, 0x11, 0x11, 0x11, 0x11, 0x11, 0x11, 0x11,
  0x11, 0x11, 0x11, 0x11, 0x11, 0x11, 0x11, 0x11, 0x11, 0x11, 0x11, 0x11, 0x11, 0x11, 0x11, 0x10,
  0x00, 0x00, 0x00, 0x00, 0x00, 0x00, 0x00, 0x00, 0x00, 0x00, 0x00, 0x00, 0x00, 0x00, 0x00, 0x00,
  0x00, 0x00, 0x00, 0x00, 0x00, 0x00, 0x00, 0x00, 0x00, 0x00, 0x00, 0x00, 0x00, 0x00, 0x00, 0x00,
  0x77, 0x77, 0x77, 0x88, 0x89, 0x99, 0xaa, 0xaa, 0xaa, 0x99, 0x88, 0x77, 0x76, 0x66, 0x66, 0x66,
  0x66, 0x66, 0x67, 0x77, 0x88, 0x89, 0x99, 0x98, 0x88, 0x87, 0x66, 0x66, 0x55, 0x55, 0x55, 0x55,
  0x55, 0x66, 0x66, 0x67, 0x77, 0x77, 0x77, 0x77, 0x66, 0x65, 0x55, 0x54, 0x44, 0x44, 0x44, 0x44,
  0x55, 0x55, 0x56, 0x66, 0x66, 0x66, 0x66, 0x55, 0x55, 0x44, 0x44, 0x44, 0x44, 0x44, 0x44, 0x44,
  0x44, 0x45, 0x55, 0x55, 0x55, 0x55, 0x54, 0x44, 0x43, 0x33, 0x33, 0x33, 0x33, 0x33, 0x33, 0x34,
  0x44, 0x44, 0x44, 0x44, 0x44, 0x44, 0x33, 0x32, 0x22, 0x22, 0x22, 0x22, 0x22, 0x22, 0x22, 0x33,
  0x33, 0x33, 0x33, 0x33, 0x33, 0x22, 0x22, 0x21, 0x11, 0x11, 0x11, 0x11, 0x11, 0x11, 0x22, 0x22,
  0x22, 0x22, 0x22, 0x22, 0x11, 0x11, 0x11, 0x11, 0x11, 0x11, 0x11, 0x11, 0x11, 0x11, 0x11, 0x11,
  0x11, 0x11, 0x11, 0x11, 0x11, 0x11, 0x11, 0x11, 0x11, 0x11, 0x11, 0x11, 0x11, 0x11, 0x11, 0x11,
  0x11, 0x11, 0x11, 0x10, 0x00, 0x00, 0x00, 0x00, 0x00, 0x00, 0x00, 0x00, 0x00, 0x00, 0x00, 0x00,
  0x00, 0x00, 0x00, 0x00, 0x00, 0x00, 0x00, 0x00, 0x00, 0x00, 0x00, 0x00, 0x00, 0x00, 0x00, 0x00,
  0x00, 0x00, 0x00, 0x00, 0x77, 0x77, 0x78, 0x88, 0x99, 0x9a, 0xaa, 0xaa, 0xa9, 0x99, 0x88, 0x77,
  0x76, 0x66, 0x66, 0x66, 0x66, 0x66, 0x67, 0x78, 0x88, 0x89, 0x99, 0x98, 0x88, 0x77, 0x66, 0x66,
  0x55, 0x55, 0x55, 0x55, 0x55, 0x66, 0x66, 0x67, 0x77, 0x77, 0x77, 0x76, 0x66, 0x65, 0x55, 0x54,
  0x44, 0x44, 0x44, 0x44, 0x55, 0x55, 0x56, 0x66, 0x66, 0x66, 0x66, 0x55, 0x54, 0x44, 0x44, 0x44,
  0x44, 0x44, 0x44, 0x44, 0x44, 0x55, 0x55, 0x55, 0x55, 0x54, 0x44, 0x44, 0x33, 0x33, 0x33, 0x33,
  0x23, 0x33, 0x33, 0x34, 0x44, 0x44, 0x44, 0x44, 0x44, 0x43, 0x33, 0x32, 0x22, 0x22, 0x22, 0x22,
  0x22, 0x22, 0x23, 0x33, 0x33, 0x33, 0x33, 0x33, 0x32, 0x22, 0x22, 0x11, 0x11, 0x11, 0x11, 0x11,
  0x11, 0x11, 0x22, 0x22, 0x22, 0x22, 0x22, 0x21, 0x11, 0x11, 0x11, 0x11, 0x11, 0x11, 0x11, 0x11,
  0x11, 0x11, 0x11, 0x11, 0x11, 0x11, 0x11, 0x11, 0x11, 0x11, 0x11, 0x11, 0x11, 0x11, 0x11, 0x11,
  0x11, 0x11, 0x11, 0x11, 0x11, 0x11, 0x10, 0x00, 0x00, 0x00, 0x00, 0x00, 0x00, 0x00, 0x00, 0x00,
  0x00, 0x00, 0x00, 0x00, 0x00, 0x00, 0x00, 0x00, 0x00, 0x00, 0x00, 0x00, 0x00, 0x00, 0x00, 0x00,
  0x00, 0x00, 0x00, 0x00, 0x00, 0x00, 0x00, 0x00, 0x77, 0x77, 0x78, 0x88, 0x99, 0x9a, 0xaa, 0xaa,
  0xa9, 0x98, 0x88, 0x77, 0x66, 0x66, 0x66, 0x66, 0x66, 0x66, 0x77, 0x78, 0x88, 0x89, 0x99, 0x98,
  0x87, 0x77, 0x66, 0x65, 0x55, 0x55, 0x55, 0x55, 0x56, 0x66, 0x66, 0x77, 0x77, 0x77, 0x77, 0x76,
  0x66, 0x55, 0x55, 0x44, 0x44, 0x44, 0x44, 0x44, 0x55, 0x55, 0x66, 0x66, 0x66, 0x66, 0x66, 0x55,
  0x54, 0x44, 0x44, 0x44, 0x33, 0x44, 0x44, 0x44, 0x44, 0x55, 0x55, 0x55, 0x55, 0x54, 0x44, 0x44,
  0x33, 0x33, 0x33, 0x32, 0x23, 0x33, 0x33, 0x44, 0x44, 0x44, 0x44, 0x44, 0x44, 0x43, 0x33, 0x32,
  0x22, 0x22, 0x22, 0x22, 0x22, 0x22, 0x23, 0x33, 0x33, 0x33, 0x33, 0x33, 0x32, 0x22, 0x22, 0x11,
  0x11, 0x11, 0x11, 0x11, 0x11, 0x12, 0x22, 0x22, 0x22, 0x22, 0x22, 0x21, 0x11, 0x11, 0x11, 0x11,
  0x11, 0x11, 0x11, 0x11, 0x11, 0x11, 0x11, 0x11, 0x11, 0x11, 0x11, 0x11, 0x11, 0x11, 0x11, 0x11,
  0x11, 0x11, 0x11, 0x11, 0x11, 0x11, 0x11, 0x11, 0x11, 0x11, 0x10, 0x00, 0x00, 0x00, 0x00, 0x00,
  0x00, 0x00, 0x00, 0x00, 0x00, 0x00, 0x00, 0x00, 0x00, 0x00, 0x00, 0x00, 0x00, 0x00, 0x00, 0x00,
  0x00, 0x00, 0x00, 0x00, 0x00, 0x00, 0x00, 0x00, 0x00, 0x00, 0x00, 0x00, 0x77, 0x77, 0x78, 0x88,
  0x99, 0xaa, 0xaa, 0xaa, 0x99, 0x88, 0x88, 0x77, 0x66, 0x66, 0x66, 0x66, 0x66, 0x66, 0x77, 0x88,
  0x88, 0x99, 0x99, 0x98, 0x77, 0x76, 0x66, 0x55, 0x55, 0x55, 0x55, 0x55, 0x56, 0x66, 0x67, 0x77,
  0x77, 0x77, 0x77, 0x66, 0x66, 0x55, 0x55, 0x44, 0x44, 0x44, 0x44, 0x45, 0x55, 0x56, 0x66, 0x66,
  0x66, 0x66, 0x65, 0x55, 0x44, 0x44, 0x44, 0x43, 0x33, 0x44, 0x44, 0x44, 0x45, 0x55, 0x55, 0x55,
  0x55, 0x44, 0x44, 0x43, 0x33, 0x33, 0x33, 0x32, 0x33, 0x33, 0x33, 0x44, 0x44, 0x44, 0x44, 0x44,
  0x44, 0x43, 0x33, 0x22, 0x22, 0x22, 0x22, 0x22, 0x22, 0x22, 0x22, 0x33, 0x33, 0x33, 0x33, 0x33,
  0x22, 0x22, 0x22, 0x11, 0x11, 0x11, 0x11, 0x11, 0x11, 0x22, 0x22, 0x22, 0x22, 0x22, 0x22, 0x11,
  0x11, 0x11, 0x11, 0x11, 0x11, 0x11, 0x11, 0x11, 0x11, 0x11, 0x11, 0x11, 0x11, 0x11, 0x11, 0x11,
  0x11, 0x11, 0x11, 0x11, 0x11, 0x11, 0x11, 0x11, 0x11, 0x11, 0x11, 0x11, 0x11, 0x11, 0x00, 0x00,
  0x00, 0x00, 0x00, 0x00, 0x00, 0x00, 0x00, 0x00, 0x00, 0x00, 0x00, 0x00, 0x00, 0x00, 0x00, 0x00,
  0x00, 0x00, 0x00, 0x00, 0x00, 0x00, 0x00, 0x00, 0x00, 0x00, 0x00, 0x00, 0x00, 0x00, 0x00, 0x00,
  0x77, 0x77, 0x88, 0x89, 0x99, 0xaa, 0xaa, 0xaa, 0x99, 0x88, 0x87, 0x76, 0x66, 0x66, 0x66, 0x66,
  0x66, 0x67, 0x77, 0x88, 0x89, 0x99, 0x99, 0x88, 0x77, 0x76, 0x66, 0x55, 0x55, 0x55, 0x55, 0x55,
  0x56, 0x66, 0x67, 0x77, 0x77, 0x77, 0x77, 0x66, 0x65, 0x55, 0x54, 0x44, 0x44, 0x44, 0x44, 0x45,
  0x55, 0x56, 0x66, 0x66, 0x66, 0x66, 0x65, 0x55, 0x44, 0x44, 0x44, 0x33, 0x34, 0x44, 0x44, 0x44,
  0x45, 0x55, 0x55, 0x55, 0x55, 0x44, 0x44, 0x43, 0x33, 0x33, 0x33, 0x22, 0x33, 0x33, 0x33, 0x44,
  0x44, 0x44, 0x44, 0x44, 0x44, 0x33, 0x33, 0x22, 0x22, 0x22, 0x22, 0x22, 0x22, 0x22, 0x23, 0x33,
  0x33, 0x33, 0x33, 0x33, 0x22, 0x22, 0x21, 0x11, 0x11, 0x11, 0x11, 0x11, 0x11, 0x12, 0x22, 0x22,
  0x22, 0x22, 0x22, 0x11, 0x11, 0x11, 0x11, 0x11, 0x11, 0x11, 0x11, 0x11, 0x11, 0x11, 0x11, 0x11,
  0x11, 0x11, 0x11, 0x11, 0x11, 0x11, 0x11, 0x11, 0x11, 0x11, 0x11, 0x11, 0x11, 0x11, 0x11, 0x11,
  0x11, 0x11, 0x00, 0x00, 0x00, 0x00, 0x00, 0x00, 0x00, 0x00, 0x00, 0x00, 0x00, 0x00, 0x00, 0x00,
  0x00, 0x00, 0x00, 0x00, 0x00, 0x00, 0x00, 0x00, 0x00, 0x00, 0x00, 0x00, 0x00, 0x00, 0x00, 0x00,
  0x00, 0x00, 0x00, 0x00, 0x77, 0x77, 0x88, 0x99, 0x99, 0xaa, 0xaa, 0xa9, 0x98, 0x88, 0x77, 0x76,
  0x66, 0x66, 0x66, 0x66, 0x66, 0x67, 0x77, 0x88, 0x89, 0x99, 0x98, 0x87, 0x77, 0x66, 0x65, 0x55,
  0x55, 0x55, 0x55, 0x55, 0x66, 0x66, 0x77, 0x77, 0x77, 0x77, 0x76, 0x66, 0x55, 0x55, 0x44, 0x44,
  0x44, 0x44, 0x44, 0x45, 0x55, 0x66, 0x66, 0x66, 0x66, 0x66, 0x55, 0x54, 0x44, 0x44, 0x43, 0x33,
  0x34, 0x44, 0x44, 0x44, 0x45, 0x55, 0x55, 0x55, 0x55, 0x44, 0x44, 0x33, 0x33, 0x33, 0x22, 0x22,
  0x33, 0x33, 0x33, 0x44, 0x44, 0x44, 0x44, 0x44, 0x43, 0x33, 0x32, 0x22, 0x22, 0x22, 0x22, 0x22,
  0x22, 0x22, 0x23, 0x33, 0x33, 0x33, 0x33, 0x32, 0x22, 0x22, 0x11, 0x11, 0x11, 0x11, 0x11, 0x11,
  0x11, 0x12, 0x22, 0x22, 0x22, 0x22, 0x21, 0x11, 0x11, 0x11, 0x11, 0x11, 0x11, 0x11, 0x11, 0x11,
  0x11, 0x11, 0x11, 0x11, 0x11, 0x11, 0x11, 0x11, 0x11, 0x11, 0x11, 0x11, 0x11, 0x11, 0x11, 0x11,
  0x11, 0x11, 0x11, 0x11, 0x11, 0x10, 0x00, 0x00, 0x00, 0x00, 0x00, 0x00, 0x00, 0x00, 0x00, 0x00,
  0x00, 0x00, 0x00, 0x00, 0x00, 0x00, 0x00, 0x00, 0x00, 0x00, 0x00, 0x00, 0x00, 0x00, 0x00, 0x00,
  0x00, 0x00, 0x00, 0x00, 0x00, 0x00, 0x00, 0x00, 0x77, 0x78, 0x88, 0x99, 0x9a, 0xaa, 0xaa, 0x99,
  0x98, 0x88, 0x77, 0x66, 0x66, 0x66, 0x66, 0x66, 0x66, 0x67, 0x78, 0x88, 0x99, 0x99, 0x98, 0x87,
  0x76, 0x66, 0x65, 0x55, 0x55, 0x55, 0x55, 0x55, 0x66, 0x66, 0x77, 0x77, 0x77, 0x77, 0x76, 0x65,
  0x55, 0x54, 0x44, 0x44, 0x44, 0x44, 0x44, 0x55, 0x55, 0x66, 0x66, 0x66, 0x66, 0x66, 0x55, 0x44,
  0x44, 0x44, 0x43, 0x33, 0x44, 0x44, 0x44, 0x44, 0x55, 0x55, 0x55, 0x55, 0x54, 0x44, 0x44, 0x33,
  0x33, 0x33, 0x22, 0x22, 0x33, 0x33, 0x33, 0x44, 0x44, 0x44, 0x44, 0x44, 0x43, 0x33, 0x32, 0x22,
  0x22, 0x22, 0x22, 0x22, 0x22, 0x22, 0x33, 0x33, 0x33, 0x33, 0x33, 0x22, 0x22, 0x21, 0x11, 0x11,
  0x11, 0x11, 0x11, 0x11, 0x11, 0x22, 0x22, 0x22, 0x22, 0x22, 0x11, 0x11, 0x11, 0x11, 0x11, 0x11,
  0x11, 0x11, 0x11, 0x11, 0x11, 0x11, 0x11, 0x11, 0x11, 0x11, 0x11, 0x11, 0x11, 0x11, 0x11, 0x11,
  0x11, 0x11, 0x11, 0x11, 0x11, 0x11, 0x11, 0x11, 0x11, 0x00, 0x00, 0x00, 0x00, 0x00, 0x00, 0x00,
  0x00, 0x00, 0x00, 0x00, 0x00, 0x00, 0x00, 0x00, 0x00, 0x00, 0x00, 0x00, 0x00, 0x00, 0x00, 0x00,
  0x00, 0x00, 0x00, 0x00, 0x00, 0x00, 0x00, 0x00, 0x00, 0x00, 0x00, 0x00, 0x77, 0x78, 0x89, 0x99,
  0x9a, 0xaa, 0xaa, 0x99, 0x98, 0x87, 0x76, 0x66, 0x66, 0x66, 0x66, 0x66, 0x66, 0x77, 0x78, 0x88,
  0x99, 0x98, 0x88, 0x87, 0x76, 0x66, 0x55, 0x55, 0x55, 0x55, 0x55, 0x56, 0x66, 0x66, 0x77, 0x77,
  0x77, 0x77, 0x66, 0x65, 0x55, 0x54, 0x44, 0x44, 0x44, 0x44, 0x44, 0x55, 0x55, 0x66, 0x66, 0x66,
  0x66, 0x65, 0x55, 0x44, 0x44, 0x44, 0x33, 0x33, 0x44, 0x44, 0x44, 0x44, 0x55, 0x55, 0x55, 0x55,
  0x54, 0x44, 0x43, 0x33, 0x33, 0x32, 0x22, 0x23, 0x33, 0x33, 0x34, 0x44, 0x44, 0x44, 0x44, 0x44,
  0x33, 0x33, 0x22, 0x22, 0x22, 0x22, 0x22, 0x22, 0x22, 0x22, 0x33, 0x33, 0x33, 0x33, 0x32, 0x22,
  0x22, 0x21, 0x11, 0x11, 0x11, 0x11, 0x11, 0x11, 0x11, 0x22, 0x22, 0x22, 0x22, 0x22, 0x11, 0x11,
  0x11, 0x11, 0x11, 0x11, 0x11, 0x11, 0x11, 0x11, 0x11, 0x11, 0x11, 0x11, 0x11, 0x11, 0x11, 0x11,
  0x11, 0x11, 0x11, 0x10, 0x11, 0x11, 0x11, 0x11, 0x11, 0x11, 0x11, 0x11, 0x11, 0x00, 0x00, 0x00,
  0x00, 0x00, 0x00, 0x00, 0x00, 0x00, 0x00, 0x00, 0x00, 0x00, 0x00, 0x00, 0x00, 0x00, 0x00, 0x00,
  0x00, 0x00, 0x00, 0x00, 0x00, 0x00, 0x00, 0x00, 0x00, 0x00, 0x00, 0x00, 0x00, 0x00, 0x00, 0x00,
  0x77, 0x78, 0x89, 0x99, 0x9a, 0xaa, 0xaa, 0x99, 0x88, 0x77, 0x76, 0x66, 0x66, 0x66, 0x66, 0x66,
  0x66, 0x77, 0x78, 0x89, 0x99, 0x88, 0x88, 0x77, 0x66, 0x66, 0x55, 0x55, 0x55, 0x55, 0x55, 0x56,
  0x66, 0x67, 0x77, 0x77, 0x77, 0x76, 0x66, 0x55, 0x55, 0x44, 0x44, 0x44, 0x44, 0x44, 0x45, 0x55,
  0x56, 0x66, 0x66, 0x66, 0x66, 0x65, 0x54, 0x44, 0x44, 0x44, 0x33, 0x33, 0x44, 0x44, 0x44, 0x44,
  0x55, 0x55, 0x55, 0x55, 0x44, 0x44, 0x43, 0x33, 0x33, 0x22, 0x22, 0x23, 0x33, 0x33, 0x34, 0x44,
  0x44, 0x44, 0x44, 0x44, 0x33, 0x32, 0x22, 0x22, 0x22, 0x22, 0x22, 0x22, 0x22, 0x22, 0x33, 0x33,
  0x33, 0x33, 0x32, 0x22, 0x22, 0x11, 0x11, 0x11, 0x11, 0x11, 0x11, 0x11, 0x11, 0x22, 0x22, 0x22,
  0x22, 0x21, 0x11, 0x11, 0x11, 0x11, 0x11, 0x11, 0x11, 0x11, 0x11, 0x11, 0x11, 0x11, 0x11, 0x11,
  0x11, 0x11, 0x11, 0x11, 0x11, 0x11, 0x10, 0x11, 0x11, 0x11, 0x11, 0x11, 0x11, 0x11, 0x11, 0x11,
  0x11, 0x00, 0x00, 0x00, 0x00, 0x00, 0x00, 0x00, 0x00, 0x00, 0x00, 0x00, 0x00, 0x00, 0x00, 0x00,
  0x00, 0x00, 0x00, 0x00, 0x00, 0x00, 0x00, 0x00, 0x00, 0x00, 0x00, 0x00, 0x00, 0x00, 0x00, 0x00,
  0x00, 0x00, 0x00, 0x00, 0x77, 0x78, 0x89, 0x99, 0xaa, 0xaa, 0xa9, 0x99, 0x88, 0x77, 0x66, 0x66,
  0x66, 0x66, 0x66, 0x66, 0x66, 0x77, 0x88, 0x88, 0x99, 0x88, 0x88, 0x76, 0x66, 0x65, 0x55, 0x55,
  0x55, 0x55, 0x55, 0x66, 0x66, 0x67, 0x77, 0x77, 0x77, 0x76, 0x66, 0x55, 0x55, 0x44, 0x44, 0x44,
  0x44, 0x44, 0x55, 0x55, 0x56, 0x66, 0x66, 0x66, 0x65, 0x55, 0x54, 0x44, 0x44, 0x43, 0x33, 0x33,
  0x44, 0x44, 0x44, 0x45, 0x55, 0x55, 0x55, 0x54, 0x44, 0x44, 0x33, 0x33, 0x32, 0x22, 0x22, 0x33,
  0x33, 0x33, 0x44, 0x44, 0x44, 0x44, 0x44, 0x43, 0x33, 0x22, 0x22, 0x22, 0x22, 0x22, 0x22, 0x22,
  0x22, 0x22, 0x33, 0x33, 0x33, 0x33, 0x22, 0x22, 0x21, 0x11, 0x11, 0x11, 0x11, 0x11, 0x11, 0x11,
  0x11, 0x22, 0x22, 0x22, 0x22, 0x11, 0x11, 0x11, 0x11, 0x11, 0x11, 0x11, 0x11, 0x11, 0x11, 0x11,
  0x11, 0x11, 0x11, 0x11, 0x11, 0x11, 0x11, 0x11, 0x11, 0x11, 0x10, 0x11, 0x11, 0x11, 0x11, 0x11,
  0x11, 0x11, 0x11, 0x11, 0x10, 0x00, 0x00, 0x00, 0x00, 0x00, 0x00, 0x00, 0x00, 0x00, 0x00, 0x00,
  0x00, 0x00, 0x00, 0x00, 0x00, 0x00, 0x00, 0x00, 0x00, 0x00, 0x00, 0x00, 0x00, 0x00, 0x00, 0x00,
  0x00, 0x00, 0x00, 0x00, 0x00, 0x00, 0x00, 0x00, 0x77, 0x78, 0x99, 0x99, 0xaa, 0xaa, 0x99, 0x98,
  0x87, 0x77, 0x66, 0x66, 0x66, 0x66, 0x66, 0x66, 0x67, 0x78, 0x88, 0x89, 0x99, 0x88, 0x77, 0x76,
  0x66, 0x55, 0x55, 0x55, 0x55, 0x55, 0x55, 0x66, 0x66, 0x77, 0x77, 0x77, 0x77, 0x66, 0x66, 0x55,
  0x55, 0x44, 0x44, 0x44, 0x44, 0x44, 0x55, 0x55, 0x56, 0x66, 0x66, 0x66, 0x65, 0x55, 0x44, 0x44,
  0x44, 0x43, 0x33, 0x34, 0x44, 0x44, 0x44, 0x45, 0x55, 0x55, 0x55, 0x44, 0x44, 0x44, 0x33, 0x33,
  0x22, 0x22, 0x23, 0x33, 0x33, 0x34, 0x44, 0x44, 0x44, 0x44, 0x44, 0x43, 0x33, 0x22, 0x22, 0x22,
  0x22, 0x22, 0x22, 0x22, 0x22, 0x23, 0x33, 0x33, 0x33, 0x32, 0x22, 0x22, 0x21, 0x11, 0x11, 0x11,
  0x11, 0x11, 0x11, 0x11, 0x12, 0x22, 0x22, 0x22, 0x22, 0x11, 0x11, 0x11, 0x11, 0x11, 0x11, 0x11,
  0x11, 0x11, 0x11, 0x11, 0x11, 0x11, 0x11, 0x11, 0x11, 0x11, 0x11, 0x11, 0x11, 0x10, 0x00, 0x00,
  0x11, 0x11, 0x11, 0x11, 0x11, 0x11, 0x11, 0x11, 0x00, 0x00, 0x00, 0x00, 0x00, 0x00, 0x00, 0x00,
  0x00, 0x00, 0x00, 0x00, 0x00, 0x00, 0x00, 0x00, 0x00, 0x00, 0x00, 0x00, 0x00, 0x00, 0x00, 0x00,
  0x00, 0x00, 0x00, 0x00, 0x00, 0x00, 0x00, 0x00, 0x00, 0x00, 0x00, 0x00, 0x77, 0x88, 0x99, 0x9a,
  0xaa, 0xa9, 0x99, 0x98, 0x87, 0x76, 0x66, 0x66, 0x66, 0x66, 0x66, 0x66, 0x67, 0x78, 0x88, 0x89,
  0x98, 0x87, 0x77, 0x66, 0x65, 0x55, 0x55, 0x55, 0x55, 0x55, 0x56, 0x66, 0x66, 0x77, 0x77, 0x77,
  0x77, 0x66, 0x65, 0x55, 0x54, 0x44, 0x44, 0x44, 0x44, 0x44, 0x55, 0x55, 0x66, 0x66, 0x66, 0x66,
  0x55, 0x55, 0x44, 0x44, 0x44, 0x33, 0x33, 0x34, 0x44, 0x44, 0x44, 0x55, 0x55, 0x55, 0x55, 0x44,
  0x44, 0x43, 0x33, 0x33, 0x22, 0x22, 0x22, 0x33, 0x33, 0x34, 0x44, 0x44, 0x44, 0x44, 0x44, 0x33,
  0x32, 0x22, 0x22, 0x22, 0x22, 0x22, 0x22, 0x22, 0x22, 0x23, 0x33, 0x33, 0x33, 0x22, 0x22, 0x22,
  0x11, 0x11, 0x11, 0x11, 0x11, 0x11, 0x11, 0x11, 0x12, 0x22, 0x22, 0x22, 0x21, 0x11, 0x11, 0x11,
  0x11, 0x11, 0x11, 0x11, 0x11, 0x11, 0x11, 0x11, 0x11, 0x11, 0x11, 0x11, 0x11, 0x11, 0x11, 0x11,
  0x11, 0x00, 0x00, 0x01, 0x11, 0x11, 0x11, 0x11, 0x11, 0x11, 0x11, 0x11, 0x00, 0x00, 0x00, 0x00,
  0x00, 0x00, 0x00, 0x00, 0x00, 0x00, 0x00, 0x00, 0x00, 0x00, 0x00, 0x00, 0x00, 0x00, 0x00, 0x00,
  0x00, 0x00, 0x00, 0x00, 0x00, 0x00, 0x00, 0x00, 0x00, 0x00, 0x00, 0x00, 0x00, 0x00, 0x00, 0x00,
};

const lv_img_dsc_t _attitudefun_360x360 = {
  .header.always_zero = 0,
  .header.w = 360,
  .header.h = 360,
  .data_size = 64864,
  .header.cf = LV_IMG_CF_INDEXED_4BIT,
  .data = _attitudefun_360x360_map,
};
