#if defined(LV_LVGL_H_INCLUDE_SIMPLE)
#include "lvgl.h"
#else
#include "lvgl/lvgl.h"
#endif

#ifndef LV_ATTRIBUTE_MEM_ALIGN
#define LV_ATTRIBUTE_MEM_ALIGN
#endif

#ifndef LV_ATTRIBUTE_IMG__SALARY_360X360
#define LV_ATTRIBUTE_IMG__SALARY_360X360
#endif

const LV_ATTRIBUTE_MEM_ALIGN LV_ATTRIBUTE_LARGE_CONST LV_ATTRIBUTE_IMG__SALARY_360X360 uint8_t _salary_360x360_map[] = {
  0xee, 0xee, 0xff, 0xff,
  0xff, 0xff, 0xff, 0xff,
  0xff, 0xee, 0xff, 0xff,
  0xdd, 0xcc, 0xff, 0xff,
  0xdd, 0xdd, 0xff, 0xff,
  0xcc, 0xcc, 0xff, 0xff,
  0x11, 0x11, 0x33, 0xff,
  0x22, 0x22, 0x44, 0xff,
  0xee, 0xdd, 0xff, 0xff,
  0xcc, 0xdd, 0xff, 0xff,
  0x00, 0x00, 0x22, 0xff,
  0x33, 0x33, 0x55, 0xff,
  0x44, 0x44, 0x66, 0xff,
  0xdd, 0xdd, 0xee, 0xff,
  0xdd, 0xee, 0xff, 0xff,
  0xcc, 0xee, 0xff, 0xff,
  0x11, 0x11, 0x11, 0x11, 0x11, 0x11, 0x11, 0x11, 0x11, 0x11, 0x11, 0x11, 0x11, 0x11, 0x11, 0x11,
  0x11, 0x11, 0x11, 0x11, 0x11, 0x11, 0x11, 0x11, 0x11, 0x11, 0x11, 0x11, 0x11, 0x11, 0x11, 0x11,
  0x11, 0x11, 0x11, 0x11, 0x11, 0x11, 0x11, 0x11, 0x11, 0x11, 0x11, 0x11, 0x11, 0x11, 0x11, 0x11,
  0x11, 0x11, 0x11, 0x11, 0x11, 0x11, 0x11, 0x11, 0x11, 0x11, 0x11, 0x11, 0x11, 0x11, 0x11, 0x11,
  0x11, 0x11, 0x11, 0x11, 0x11, 0x11, 0x11, 0x11, 0x11, 0x11, 0x11, 0x11, 0x11, 0x11, 0x11, 0x11,
  0x11, 0x11, 0x11, 0x11, 0x11, 0x11, 0x11, 0x11, 0x11, 0x11, 0x11, 0x11, 0x11, 0x11, 0x11, 0x11,
  0x11, 0x11, 0x11, 0x11, 0x11, 0x11, 0x11, 0x11, 0x11, 0x11, 0x11, 0x11, 0x11, 0x11, 0x11, 0x11,
  0x11, 0x11, 0x11, 0x11, 0x11, 0x11, 0x11, 0x11, 0x11, 0x11, 0x11, 0x11, 0x11, 0x11, 0x11, 0x11,
  0x11, 0x11, 0x11, 0x11, 0x11, 0x11, 0x11, 0x11, 0x11, 0x11, 0x11, 0x11, 0x11, 0x11, 0x11, 0x11,
  0x11, 0x11, 0x11, 0x11, 0x11, 0x11, 0x11, 0x11, 0x11, 0x11, 0x11, 0x11, 0x11, 0x11, 0x11, 0x11,
  0x11, 0x11, 0x11, 0x11, 0x11, 0x11, 0x11, 0x11, 0x11, 0x11, 0x11, 0x11, 0x11, 0x11, 0x11, 0x11,
  0x11, 0x11, 0x11, 0x10, 0x11, 0x11, 0x11, 0x11, 0x11, 0x11, 0x11, 0x11, 0x11, 0x11, 0x11, 0x11,
  0x11, 0x11, 0x11, 0x11, 0x11, 0x11, 0x11, 0x11, 0x11, 0x11, 0x11, 0x11, 0x11, 0x11, 0x11, 0x11,
  0x11, 0x11, 0x11, 0x11, 0x11, 0x11, 0x11, 0x11, 0x11, 0x11, 0x11, 0x11, 0x11, 0x11, 0x11, 0x11,
  0x11, 0x11, 0x11, 0x11, 0x11, 0x11, 0x11, 0x11, 0x11, 0x11, 0x11, 0x11, 0x11, 0x11, 0x11, 0x11,
  0x11, 0x11, 0x11, 0x11, 0x11, 0x11, 0x11, 0x11, 0x11, 0x11, 0x11, 0x11, 0x11, 0x11, 0x11, 0x11,
  0x11, 0x11, 0x11, 0x11, 0x11, 0x11, 0x11, 0x11, 0x11, 0x11, 0x11, 0x11, 0x11, 0x11, 0x11, 0x11,
  0x11, 0x11, 0x11, 0x11, 0x11, 0x11, 0x11, 0x11, 0x11, 0x11, 0x11, 0x11, 0x11, 0x11, 0x11, 0x11,
  0x11, 0x11, 0x11, 0x11, 0x11, 0x11, 0x11, 0x11, 0x11, 0x11, 0x11, 0x11, 0x11, 0x11, 0x11, 0x11,
  0x11, 0x11, 0x11, 0x11, 0x11, 0x11, 0x11, 0x11, 0x11, 0x11, 0x11, 0x11, 0x11, 0x11, 0x11, 0x11,
  0x11, 0x11, 0x11, 0x11, 0x11, 0x11, 0x11, 0x11, 0x11, 0x11, 0x11, 0x11, 0x11, 0x11, 0x11, 0x11,
  0x11, 0x11, 0x11, 0x11, 0x11, 0x11, 0x11, 0x11, 0x11, 0x11, 0x11, 0x11, 0x11, 0x11, 0x11, 0x11,
  0x11, 0x11, 0x11, 0x11, 0x11, 0x11, 0x11, 0x10, 0x11, 0x11, 0x11, 0x11, 0x11, 0x11, 0x11, 0x11,
  0x11, 0x11, 0x11, 0x11, 0x11, 0x11, 0x11, 0x11, 0x11, 0x11, 0x11, 0x11, 0x11, 0x11, 0x11, 0x11,
  0x11, 0x11, 0x11, 0x11, 0x11, 0x11, 0x11, 0x11, 0x11, 0x11, 0x11, 0x11, 0x11, 0x11, 0x11, 0x11,
  0x11, 0x11, 0x11, 0x11, 0x11, 0x11, 0x11, 0x11, 0x11, 0x11, 0x11, 0x11, 0x11, 0x11, 0x11, 0x11,
  0x11, 0x11, 0x11, 0x11, 0x11, 0x11, 0x11, 0x11, 0x11, 0x11, 0x11, 0x11, 0x11, 0x11, 0x11, 0x11,
  0x11, 0x11, 0x11, 0x11, 0x11, 0x11, 0x11, 0x11, 0x11, 0x11, 0x11, 0x11, 0x11, 0x11, 0x11, 0x11,
  0x11, 0x11, 0x11, 0x11, 0x11, 0x11, 0x11, 0x11, 0x11, 0x11, 0x11, 0x11, 0x11, 0x11, 0x11, 0x11,
  0x11, 0x11, 0x11, 0x11, 0x11, 0x11, 0x11, 0x11, 0x11, 0x11, 0x11, 0x11, 0x11, 0x11, 0x11, 0x11,
  0x11, 0x11, 0x11, 0x11, 0x11, 0x11, 0x11, 0x11, 0x11, 0x11, 0x11, 0x11, 0x11, 0x11, 0x11, 0x11,
  0x11, 0x11, 0x11, 0x11, 0x11, 0x11, 0x11, 0x11, 0x11, 0x11, 0x11, 0x11, 0x11, 0x11, 0x11, 0x11,
  0x11, 0x11, 0x11, 0x11, 0x11, 0x11, 0x11, 0x11, 0x11, 0x11, 0x11, 0x11, 0x11, 0x11, 0x11, 0x11,
  0x11, 0x11, 0x11, 0x11, 0x11, 0x11, 0x11, 0x11, 0x11, 0x11, 0x11, 0x10, 0x11, 0x11, 0x11, 0x11,
  0x11, 0x11, 0x11, 0x11, 0x11, 0x11, 0x11, 0x11, 0x11, 0x11, 0x11, 0x11, 0x11, 0x11, 0x11, 0x11,
  0x11, 0x11, 0x11, 0x11, 0x11, 0x11, 0x11, 0x11, 0x11, 0x11, 0x11, 0x11, 0x11, 0x11, 0x11, 0x11,
  0x11, 0x11, 0x11, 0x11, 0x11, 0x11, 0x11, 0x11, 0x11, 0x11, 0x11, 0x11, 0x11, 0x11, 0x11, 0x11,
  0x11, 0x11, 0x11, 0x11, 0x11, 0x11, 0x11, 0x11, 0x11, 0x11, 0x11, 0x11, 0x11, 0x11, 0x11, 0x11,
  0x11, 0x11, 0x11, 0x11, 0x11, 0x11, 0x11, 0x11, 0x11, 0x11, 0x11, 0x11, 0x11, 0x11, 0x11, 0x11,
  0x11, 0x11, 0x11, 0x11, 0x11, 0x11, 0x11, 0x11, 0x11, 0x11, 0x11, 0x11, 0x11, 0x11, 0x11, 0x11,
  0x11, 0x11, 0x11, 0x11, 0x11, 0x11, 0x11, 0x11, 0x11, 0x11, 0x11, 0x11, 0x11, 0x11, 0x11, 0x11,
  0x11, 0x11, 0x11, 0x11, 0x11, 0x11, 0x11, 0x11, 0x11, 0x11, 0x11, 0x11, 0x11, 0x11, 0x11, 0x11,
  0x11, 0x11, 0x11, 0x11, 0x11, 0x11, 0x11, 0x11, 0x11, 0x11, 0x11, 0x11, 0x11, 0x11, 0x11, 0x11,
  0x11, 0x11, 0x11, 0x11, 0x11, 0x11, 0x11, 0x11, 0x11, 0x11, 0x11, 0x11, 0x11, 0x11, 0x11, 0x11,
  0x11, 0x11, 0x11, 0x11, 0x11, 0x11, 0x11, 0x11, 0x11, 0x11, 0x11, 0x11, 0x11, 0x11, 0x11, 0x10,
  0x11, 0x11, 0x11, 0x11, 0x11, 0x11, 0x11, 0x11, 0x11, 0x11, 0x11, 0x11, 0x11, 0x11, 0x11, 0x11,
  0x11, 0x11, 0x11, 0x11, 0x11, 0x11, 0x11, 0x11, 0x11, 0x11, 0x11, 0x11, 0x11, 0x11, 0x11, 0x11,
  0x11, 0x11, 0x11, 0x11, 0x11, 0x11, 0x11, 0x11, 0x11, 0x11, 0x11, 0x11, 0x11, 0x11, 0x11, 0x11,
  0x11, 0x11, 0x11, 0x11, 0x11, 0x11, 0x11, 0x11, 0x11, 0x11, 0x11, 0x11, 0x11, 0x11, 0x11, 0x11,
  0x11, 0x11, 0x11, 0x11, 0x11, 0x11, 0x11, 0x11, 0x11, 0x11, 0x11, 0x11, 0x11, 0x11, 0x11, 0x11,
  0x11, 0x11, 0x11, 0x11, 0x11, 0x11, 0x11, 0x11, 0x11, 0x11, 0x11, 0x11, 0x11, 0x11, 0x11, 0x11,
  0x11, 0x11, 0x11, 0x11, 0x11, 0x11, 0x11, 0x11, 0x11, 0x11, 0x11, 0x11, 0x11, 0x11, 0x11, 0x11,
  0x11, 0x11, 0x11, 0x11, 0x11, 0x11, 0x11, 0x11, 0x11, 0x11, 0x11, 0x11, 0x11, 0x11, 0x11, 0x11,
  0x11, 0x11, 0x11, 0x11, 0x11, 0x11, 0x11, 0x11, 0x11, 0x11, 0x11, 0x11, 0x11, 0x11, 0x11, 0x11,
  0x11, 0x11, 0x11, 0x11, 0x11, 0x11, 0x11, 0x11, 0x11, 0x11, 0x11, 0x11, 0x11, 0x11, 0x11, 0x11,
  0x11, 0x11, 0x11, 0x11, 0x11, 0x11, 0x11, 0x11, 0x11, 0x11, 0x11, 0x11, 0x11, 0x11, 0x11, 0x11,
  0x11, 0x11, 0x11, 0x10, 0x11, 0x11, 0x11, 0x11, 0x11, 0x11, 0x11, 0x11, 0x11, 0x11, 0x11, 0x11,
  0x11, 0x11, 0x11, 0x11, 0x11, 0x11, 0x11, 0x11, 0x11, 0x11, 0x11, 0x11, 0x11, 0x11, 0x11, 0x11,
  0x11, 0x11, 0x11, 0x11, 0x11, 0x11, 0x11, 0x11, 0x11, 0x11, 0x11, 0x11, 0x11, 0x11, 0x11, 0x11,
  0x11, 0x11, 0x11, 0x11, 0x11, 0x11, 0x11, 0x11, 0x11, 0x11, 0x11, 0x11, 0x11, 0x11, 0x11, 0x11,
  0x11, 0x11, 0x11, 0x11, 0x11, 0x11, 0x11, 0x11, 0x11, 0x11, 0x11, 0x11, 0x11, 0x11, 0x11, 0x11,
  0x11, 0x11, 0x11, 0x11, 0x11, 0x11, 0x11, 0x11, 0x11, 0x11, 0x11, 0x11, 0x11, 0x11, 0x11, 0x11,
  0x11, 0x11, 0x11, 0x11, 0x11, 0x11, 0x11, 0x11, 0x11, 0x11, 0x11, 0x11, 0x11, 0x11, 0x11, 0x11,
  0x11, 0x11, 0x11, 0x11, 0x11, 0x11, 0x11, 0x11, 0x11, 0x11, 0x11, 0x11, 0x11, 0x11, 0x11, 0x11,
  0x11, 0x11, 0x11, 0x11, 0x11, 0x11, 0x11, 0x11, 0x11, 0x11, 0x11, 0x11, 0x11, 0x11, 0x11, 0x11,
  0x11, 0x11, 0x11, 0x11, 0x11, 0x11, 0x11, 0x11, 0x11, 0x11, 0x11, 0x11, 0x11, 0x11, 0x11, 0x11,
  0x11, 0x11, 0x11, 0x11, 0x11, 0x11, 0x11, 0x11, 0x11, 0x11, 0x11, 0x11, 0x11, 0x11, 0x11, 0x11,
  0x11, 0x11, 0x11, 0x11, 0x11, 0x11, 0x11, 0x10, 0x11, 0x11, 0x11, 0x11, 0x11, 0x11, 0x11, 0x11,
  0x11, 0x11, 0x11, 0x11, 0x11, 0x11, 0x11, 0x11, 0x11, 0x11, 0x11, 0x11, 0x11, 0x11, 0x11, 0x11,
  0x11, 0x11, 0x11, 0x11, 0x11, 0x11, 0x11, 0x11, 0x11, 0x11, 0x11, 0x11, 0x11, 0x11, 0x11, 0x11,
  0x11, 0x11, 0x11, 0x11, 0x11, 0x11, 0x11, 0x11, 0x11, 0x11, 0x11, 0x11, 0x11, 0x11, 0x11, 0x11,
  0x11, 0x11, 0x11, 0x11, 0x11, 0x11, 0x11, 0x11, 0x11, 0x11, 0x11, 0x11, 0x11, 0x11, 0x11, 0x11,
  0x11, 0x11, 0x11, 0x11, 0x11, 0x11, 0x11, 0x11, 0x11, 0x11, 0x11, 0x11, 0x11, 0x11, 0x11, 0x11,
  0x11, 0x11, 0x11, 0x11, 0x11, 0x11, 0x11, 0x11, 0x11, 0x11, 0x11, 0x11, 0x11, 0x11, 0x11, 0x11,
  0x11, 0x11, 0x11, 0x11, 0x11, 0x11, 0x11, 0x11, 0x11, 0x11, 0x11, 0x11, 0x11, 0x11, 0x11, 0x11,
  0x11, 0x11, 0x11, 0x11, 0x11, 0x11, 0x11, 0x11, 0x11, 0x11, 0x11, 0x11, 0x11, 0x11, 0x11, 0x11,
  0x11, 0x11, 0x11, 0x11, 0x11, 0x11, 0x11, 0x11, 0x11, 0x11, 0x11, 0x11, 0x11, 0x11, 0x11, 0x11,
  0x11, 0x11, 0x11, 0x11, 0x11, 0x11, 0x11, 0x11, 0x11, 0x11, 0x11, 0x11, 0x11, 0x11, 0x11, 0x11,
  0x11, 0x11, 0x11, 0x11, 0x11, 0x11, 0x11, 0x11, 0x11, 0x11, 0x11, 0x10, 0x11, 0x11, 0x11, 0x11,
  0x11, 0x11, 0x11, 0x11, 0x11, 0x11, 0x11, 0x11, 0x11, 0x11, 0x11, 0x11, 0x11, 0x11, 0x11, 0x11,
  0x11, 0x11, 0x11, 0x11, 0x11, 0x11, 0x11, 0x11, 0x11, 0x11, 0x11, 0x11, 0x11, 0x11, 0x11, 0x11,
  0x11, 0x11, 0x11, 0x11, 0x11, 0x11, 0x11, 0x11, 0x11, 0x11, 0x11, 0x11, 0x11, 0x11, 0x11, 0x11,
  0x11, 0x11, 0x11, 0x11, 0x11, 0x11, 0x11, 0x11, 0x11, 0x11, 0x11, 0x11, 0x11, 0x11, 0x11, 0x11,
  0x11, 0x11, 0x11, 0x11, 0x11, 0x11, 0x11, 0x11, 0x11, 0x11, 0x11, 0x11, 0x11, 0x11, 0x11, 0x11,
  0x11, 0x11, 0x11, 0x11, 0x11, 0x11, 0x11, 0x11, 0x11, 0x11, 0x11, 0x11, 0x11, 0x11, 0x11, 0x11,
  0x11, 0x11, 0x11, 0x11, 0x11, 0x11, 0x11, 0x11, 0x11, 0x11, 0x11, 0x11, 0x11, 0x11, 0x11, 0x11,
  0x11, 0x11, 0x11, 0x11, 0x11, 0x11, 0x11, 0x11, 0x11, 0x11, 0x11, 0x11, 0x11, 0x11, 0x11, 0x11,
  0x11, 0x11, 0x11, 0x11, 0x11, 0x11, 0x11, 0x11, 0x11, 0x11, 0x11, 0x11, 0x11, 0x11, 0x11, 0x11,
  0x11, 0x11, 0x11, 0x11, 0x11, 0x11, 0x11, 0x11, 0x11, 0x11, 0x11, 0x11, 0x11, 0x11, 0x11, 0x11,
  0x11, 0x11, 0x11, 0x11, 0x11, 0x11, 0x11, 0x11, 0x11, 0x11, 0x11, 0x11, 0x11, 0x11, 0x11, 0x10,
  0x11, 0x11, 0x11, 0x11, 0x11, 0x11, 0x11, 0x11, 0x11, 0x11, 0x11, 0x11, 0x11, 0x11, 0x11, 0x11,
  0x11, 0x11, 0x11, 0x11, 0x11, 0x11, 0x11, 0x11, 0x11, 0x11, 0x11, 0x11, 0x11, 0x11, 0x11, 0x11,
  0x11, 0x11, 0x11, 0x11, 0x11, 0x11, 0x11, 0x11, 0x11, 0x11, 0x11, 0x11, 0x11, 0x11, 0x11, 0x11,
  0x11, 0x11, 0x11, 0x11, 0x11, 0x11, 0x11, 0x11, 0x11, 0x11, 0x11, 0x11, 0x11, 0x11, 0x11, 0x11,
  0x11, 0x11, 0x11, 0x11, 0x11, 0x11, 0x11, 0x11, 0x11, 0x11, 0x11, 0x11, 0x11, 0x11, 0x11, 0x11,
  0x11, 0x11, 0x11, 0x11, 0x11, 0x11, 0x11, 0x11, 0x11, 0x11, 0x11, 0x11, 0x11, 0x11, 0x11, 0x11,
  0x11, 0x11, 0x11, 0x11, 0x11, 0x11, 0x11, 0x11, 0x11, 0x11, 0x11, 0x11, 0x11, 0x11, 0x11, 0x11,
  0x11, 0x11, 0x11, 0x11, 0x11, 0x11, 0x11, 0x11, 0x11, 0x11, 0x11, 0x11, 0x11, 0x11, 0x11, 0x11,
  0x11, 0x11, 0x11, 0x11, 0x11, 0x11, 0x11, 0x11, 0x11, 0x11, 0x11, 0x11, 0x11, 0x11, 0x11, 0x11,
  0x11, 0x11, 0x11, 0x11, 0x11, 0x11, 0x11, 0x11, 0x11, 0x11, 0x11, 0x11, 0x11, 0x11, 0x11, 0x11,
  0x11, 0x11, 0x11, 0x11, 0x11, 0x11, 0x11, 0x11, 0x11, 0x11, 0x11, 0x11, 0x11, 0x11, 0x11, 0x11,
  0x11, 0x11, 0x11, 0x10, 0x11, 0x11, 0x11, 0x11, 0x11, 0x11, 0x11, 0x11, 0x11, 0x11, 0x11, 0x11,
  0x11, 0x11, 0x11, 0x11, 0x11, 0x11, 0x11, 0x11, 0x11, 0x11, 0x11, 0x11, 0x11, 0x11, 0x11, 0x11,
  0x11, 0x11, 0x11, 0x11, 0x11, 0x11, 0x11, 0x11, 0x11, 0x11, 0x11, 0x11, 0x11, 0x11, 0x11, 0x11,
  0x11, 0x11, 0x11, 0x11, 0x11, 0x11, 0x11, 0x11, 0x11, 0x11, 0x11, 0x11, 0x11, 0x11, 0x11, 0x11,
  0x11, 0x11, 0x11, 0x11, 0x11, 0x11, 0x11, 0x11, 0x11, 0x11, 0x11, 0x11, 0x11, 0x11, 0x11, 0x11,
  0x11, 0x11, 0x11, 0x11, 0x11, 0x11, 0x11, 0x11, 0x11, 0x11, 0x11, 0x11, 0x11, 0x11, 0x11, 0x11,
  0x11, 0x11, 0x11, 0x11, 0x11, 0x11, 0x11, 0x11, 0x11, 0x11, 0x11, 0x11, 0x11, 0x11, 0x11, 0x11,
  0x11, 0x11, 0x11, 0x11, 0x11, 0x11, 0x11, 0x11, 0x11, 0x11, 0x11, 0x11, 0x11, 0x11, 0x11, 0x11,
  0x11, 0x11, 0x11, 0x11, 0x11, 0x11, 0x11, 0x11, 0x11, 0x11, 0x11, 0x11, 0x11, 0x11, 0x11, 0x11,
  0x11, 0x11, 0x11, 0x11, 0x11, 0x11, 0x11, 0x11, 0x11, 0x11, 0x11, 0x11, 0x11, 0x11, 0x11, 0x11,
  0x11, 0x11, 0x11, 0x11, 0x11, 0x11, 0x11, 0x11, 0x11, 0x11, 0x11, 0x11, 0x11, 0x11, 0x11, 0x11,
  0x11, 0x11, 0x11, 0x11, 0x11, 0x11, 0x11, 0x10, 0x11, 0x11, 0x11, 0x11, 0x11, 0x11, 0x11, 0x11,
  0x11, 0x11, 0x11, 0x11, 0x11, 0x11, 0x11, 0x11, 0x11, 0x11, 0x11, 0x11, 0x11, 0x11, 0x11, 0x11,
  0x11, 0x11, 0x11, 0x11, 0x11, 0x11, 0x11, 0x11, 0x11, 0x11, 0x11, 0x11, 0x11, 0x11, 0x11, 0x11,
  0x11, 0x11, 0x11, 0x11, 0x11, 0x11, 0x11, 0x11, 0x11, 0x11, 0x11, 0x11, 0x11, 0x11, 0x11, 0x11,
  0x11, 0x11, 0x11, 0x11, 0x11, 0x11, 0x11, 0x11, 0x11, 0x11, 0x11, 0x11, 0x11, 0x11, 0x11, 0x11,
  0x11, 0x11, 0x11, 0x11, 0x11, 0x11, 0x11, 0x11, 0x11, 0x11, 0x11, 0x11, 0x11, 0x11, 0x11, 0x11,
  0x11, 0x11, 0x11, 0x11, 0x11, 0x11, 0x11, 0x11, 0x11, 0x11, 0x11, 0x11, 0x11, 0x11, 0x11, 0x11,
  0x11, 0x11, 0x11, 0x11, 0x11, 0x11, 0x11, 0x11, 0x11, 0x11, 0x11, 0x11, 0x11, 0x11, 0x11, 0x11,
  0x11, 0x11, 0x11, 0x11, 0x11, 0x11, 0x11, 0x11, 0x11, 0x11, 0x11, 0x11, 0x11, 0x11, 0x11, 0x11,
  0x11, 0x11, 0x11, 0x11, 0x11, 0x11, 0x11, 0x11, 0x11, 0x11, 0x11, 0x11, 0x11, 0x11, 0x11, 0x11,
  0x11, 0x11, 0x11, 0x11, 0x11, 0x11, 0x11, 0x11, 0x11, 0x11, 0x11, 0x11, 0x11, 0x11, 0x11, 0x11,
  0x11, 0x11, 0x11, 0x11, 0x11, 0x11, 0x11, 0x11, 0x11, 0x11, 0x11, 0x10, 0x11, 0x11, 0x11, 0x11,
  0x11, 0x11, 0x11, 0x11, 0x11, 0x11, 0x11, 0x11, 0x11, 0x11, 0x11, 0x11, 0x11, 0x11, 0x11, 0x11,
  0x11, 0x11, 0x11, 0x11, 0x11, 0x11, 0x11, 0x11, 0x11, 0x11, 0x11, 0x11, 0x11, 0x11, 0x11, 0x11,
  0x11, 0x11, 0x11, 0x11, 0x11, 0x11, 0x11, 0x11, 0x11, 0x11, 0x11, 0x11, 0x11, 0x11, 0x11, 0x11,
  0x11, 0x11, 0x11, 0x11, 0x11, 0x11, 0x11, 0x11, 0x11, 0x11, 0x11, 0x11, 0x11, 0x11, 0x11, 0x11,
  0x11, 0x11, 0x11, 0x11, 0x11, 0x11, 0x11, 0x11, 0x11, 0x11, 0x11, 0x11, 0x11, 0x12, 0x22, 0x11,
  0x11, 0x11, 0x12, 0x22, 0x11, 0x12, 0x22, 0x00, 0x22, 0x22, 0x22, 0x22, 0x11, 0x11, 0x11, 0x11,
  0x11, 0x11, 0x11, 0x11, 0x11, 0x11, 0x11, 0x11, 0x11, 0x11, 0x11, 0x11, 0x11, 0x11, 0x11, 0x11,
  0x11, 0x11, 0x11, 0x11, 0x11, 0x11, 0x11, 0x11, 0x11, 0x11, 0x11, 0x11, 0x11, 0x11, 0x11, 0x11,
  0x11, 0x11, 0x11, 0x11, 0x11, 0x11, 0x11, 0x11, 0x11, 0x11, 0x11, 0x11, 0x11, 0x11, 0x11, 0x11,
  0x11, 0x11, 0x11, 0x11, 0x11, 0x11, 0x11, 0x11, 0x11, 0x11, 0x11, 0x11, 0x11, 0x11, 0x11, 0x11,
  0x11, 0x11, 0x11, 0x11, 0x11, 0x11, 0x11, 0x11, 0x11, 0x11, 0x11, 0x11, 0x11, 0x11, 0x11, 0x10,
  0x11, 0x11, 0x11, 0x11, 0x11, 0x11, 0x11, 0x11, 0x11, 0x11, 0x11, 0x11, 0x11, 0x11, 0x11, 0x11,
  0x11, 0x11, 0x11, 0x11, 0x11, 0x11, 0x11, 0x11, 0x11, 0x11, 0x11, 0x11, 0x11, 0x11, 0x11, 0x11,
  0x11, 0x11, 0x11, 0x11, 0x11, 0x11, 0x11, 0x11, 0x11, 0x11, 0x11, 0x11, 0x11, 0x11, 0x11, 0x11,
  0x11, 0x11, 0x11, 0x11, 0x11, 0x11, 0x11, 0x11, 0x11, 0x11, 0x11, 0x11, 0x11, 0x11, 0x11, 0x11,
  0x11, 0x11, 0x11, 0x11, 0x11, 0x11, 0x11, 0x11, 0x11, 0x22, 0x22, 0x22, 0x00, 0x02, 0x22, 0x22,
  0x22, 0x22, 0x20, 0x22, 0x20, 0x22, 0x00, 0x02, 0x22, 0x22, 0x22, 0x00, 0x22, 0x02, 0x02, 0x22,
  0x00, 0x02, 0x02, 0x02, 0x22, 0x11, 0x11, 0x11, 0x11, 0x11, 0x01, 0x11, 0x11, 0x11, 0x11, 0x11,
  0x11, 0x11, 0x11, 0x11, 0x11, 0x11, 0x11, 0x11, 0x11, 0x11, 0x11, 0x11, 0x11, 0x11, 0x11, 0x11,
  0x11, 0x11, 0x11, 0x11, 0x11, 0x11, 0x11, 0x11, 0x11, 0x11, 0x11, 0x11, 0x11, 0x11, 0x11, 0x11,
  0x11, 0x11, 0x11, 0x11, 0x11, 0x11, 0x11, 0x11, 0x11, 0x11, 0x11, 0x11, 0x11, 0x11, 0x11, 0x11,
  0x11, 0x11, 0x11, 0x11, 0x11, 0x11, 0x11, 0x11, 0x11, 0x11, 0x11, 0x11, 0x11, 0x11, 0x11, 0x11,
  0x11, 0x11, 0x11, 0x10, 0x11, 0x11, 0x11, 0x11, 0x11, 0x11, 0x11, 0x11, 0x11, 0x11, 0x11, 0x11,
  0x11, 0x11, 0x11, 0x11, 0x11, 0x11, 0x11, 0x11, 0x11, 0x11, 0x11, 0x11, 0x11, 0x11, 0x11, 0x11,
  0x11, 0x11, 0x11, 0x11, 0x11, 0x11, 0x11, 0x11, 0x11, 0x11, 0x11, 0x11, 0x11, 0x11, 0x11, 0x11,
  0x11, 0x11, 0x11, 0x11, 0x11, 0x11, 0x11, 0x11, 0x11, 0x11, 0x11, 0x11, 0x11, 0x11, 0x11, 0x11,
  0x11, 0x11, 0x11, 0x11, 0x11, 0x11, 0x11, 0x11, 0x11, 0x11, 0x11, 0x11, 0x11, 0x02, 0x22, 0x02,
  0x20, 0x00, 0x00, 0x00, 0x00, 0x22, 0x22, 0x02, 0x22, 0x02, 0x20, 0x22, 0x20, 0x00, 0x00, 0x22,
  0x22, 0x02, 0x00, 0x02, 0x00, 0x00, 0x00, 0x00, 0x00, 0x02, 0x20, 0x11, 0x10, 0x02, 0x22, 0x11,
  0x11, 0x11, 0x11, 0x11, 0x11, 0x11, 0x11, 0x11, 0x11, 0x11, 0x11, 0x11, 0x11, 0x11, 0x11, 0x11,
  0x11, 0x11, 0x11, 0x11, 0x11, 0x11, 0x11, 0x11, 0x11, 0x11, 0x11, 0x11, 0x11, 0x11, 0x11, 0x11,
  0x11, 0x11, 0x11, 0x11, 0x11, 0x11, 0x11, 0x11, 0x11, 0x11, 0x11, 0x11, 0x11, 0x11, 0x11, 0x11,
  0x11, 0x11, 0x11, 0x11, 0x11, 0x11, 0x11, 0x11, 0x11, 0x11, 0x11, 0x11, 0x11, 0x11, 0x11, 0x11,
  0x11, 0x11, 0x11, 0x11, 0x11, 0x11, 0x11, 0x10, 0x11, 0x11, 0x11, 0x11, 0x11, 0x11, 0x11, 0x11,
  0x11, 0x11, 0x11, 0x11, 0x11, 0x11, 0x11, 0x11, 0x11, 0x11, 0x11, 0x11, 0x11, 0x11, 0x11, 0x11,
  0x11, 0x11, 0x11, 0x11, 0x11, 0x11, 0x11, 0x11, 0x11, 0x11, 0x11, 0x11, 0x11, 0x11, 0x11, 0x11,
  0x11, 0x11, 0x11, 0x11, 0x11, 0x11, 0x11, 0x11, 0x11, 0x11, 0x11, 0x11, 0x11, 0x11, 0x11, 0x11,
  0x11, 0x11, 0x11, 0x11, 0x11, 0x11, 0x11, 0x11, 0x11, 0x11, 0x11, 0x11, 0x11, 0x11, 0x11, 0x11,
  0x11, 0x02, 0x22, 0x00, 0x20, 0x00, 0x00, 0x02, 0x20, 0x02, 0x22, 0x00, 0x22, 0x20, 0x22, 0x22,
  0x20, 0x22, 0x20, 0x00, 0x00, 0x02, 0x00, 0x00, 0x20, 0x00, 0x00, 0x20, 0x00, 0x02, 0x20, 0x22,
  0x00, 0x02, 0x20, 0x11, 0x11, 0x11, 0x11, 0x11, 0x11, 0x11, 0x11, 0x11, 0x11, 0x11, 0x11, 0x11,
  0x11, 0x11, 0x11, 0x11, 0x11, 0x11, 0x11, 0x11, 0x11, 0x11, 0x11, 0x11, 0x11, 0x11, 0x11, 0x11,
  0x11, 0x11, 0x11, 0x11, 0x11, 0x11, 0x11, 0x11, 0x11, 0x11, 0x11, 0x11, 0x11, 0x11, 0x11, 0x11,
  0x11, 0x11, 0x11, 0x11, 0x11, 0x11, 0x11, 0x11, 0x11, 0x11, 0x11, 0x11, 0x11, 0x11, 0x11, 0x11,
  0x11, 0x11, 0x11, 0x11, 0x11, 0x11, 0x11, 0x11, 0x11, 0x11, 0x11, 0x10, 0x11, 0x11, 0x11, 0x11,
  0x11, 0x11, 0x11, 0x11, 0x11, 0x11, 0x11, 0x11, 0x11, 0x11, 0x11, 0x11, 0x11, 0x11, 0x11, 0x11,
  0x11, 0x11, 0x11, 0x11, 0x11, 0x11, 0x11, 0x11, 0x11, 0x11, 0x11, 0x11, 0x11, 0x11, 0x11, 0x11,
  0x11, 0x11, 0x11, 0x11, 0x11, 0x11, 0x11, 0x11, 0x11, 0x11, 0x11, 0x11, 0x11, 0x11, 0x11, 0x11,
  0x11, 0x11, 0x11, 0x11, 0x11, 0x11, 0x11, 0x11, 0x11, 0x11, 0x11, 0x01, 0x11, 0x11, 0x11, 0x11,
  0x22, 0x22, 0x22, 0x20, 0x00, 0x02, 0x22, 0x20, 0x00, 0x00, 0x00, 0x02, 0x20, 0x00, 0x22, 0x00,
  0x02, 0x20, 0x02, 0x02, 0x00, 0x22, 0x20, 0x00, 0x00, 0x02, 0x00, 0x00, 0x00, 0x00, 0x00, 0x20,
  0x00, 0x00, 0x00, 0x02, 0x02, 0x00, 0x00, 0x21, 0x12, 0x21, 0x11, 0x11, 0x11, 0x11, 0x11, 0x11,
  0x11, 0x11, 0x11, 0x11, 0x11, 0x11, 0x11, 0x11, 0x11, 0x11, 0x11, 0x11, 0x11, 0x11, 0x11, 0x11,
  0x11, 0x11, 0x11, 0x11, 0x11, 0x11, 0x11, 0x11, 0x11, 0x11, 0x11, 0x11, 0x11, 0x11, 0x11, 0x11,
  0x11, 0x11, 0x11, 0x11, 0x11, 0x11, 0x11, 0x11, 0x11, 0x11, 0x11, 0x11, 0x11, 0x11, 0x11, 0x11,
  0x11, 0x11, 0x11, 0x11, 0x11, 0x11, 0x11, 0x11, 0x11, 0x11, 0x11, 0x11, 0x11, 0x11, 0x11, 0x10,
  0x11, 0x11, 0x11, 0x11, 0x11, 0x11, 0x11, 0x11, 0x11, 0x11, 0x11, 0x11, 0x11, 0x11, 0x11, 0x11,
  0x11, 0x11, 0x11, 0x11, 0x11, 0x11, 0x11, 0x11, 0x11, 0x11, 0x11, 0x11, 0x11, 0x11, 0x11, 0x11,
  0x11, 0x11, 0x11, 0x11, 0x11, 0x11, 0x11, 0x11, 0x11, 0x11, 0x11, 0x11, 0x11, 0x11, 0x11, 0x11,
  0x11, 0x11, 0x11, 0x11, 0x11, 0x11, 0x11, 0x11, 0x11, 0x11, 0x11, 0x11, 0x11, 0x11, 0x11, 0x01,
  0x11, 0x11, 0x00, 0x22, 0x20, 0x02, 0x00, 0x20, 0x00, 0x02, 0x20, 0x02, 0x00, 0x00, 0x00, 0x00,
  0x00, 0x00, 0x00, 0x00, 0x00, 0x22, 0x00, 0x02, 0x00, 0x00, 0x00, 0x00, 0x00, 0x02, 0x00, 0x00,
  0x00, 0x00, 0x00, 0x00, 0x00, 0x00, 0x00, 0x02, 0x02, 0x00, 0x00, 0x22, 0x20, 0x00, 0x00, 0x21,
  0x11, 0x11, 0x01, 0x11, 0x11, 0x11, 0x11, 0x11, 0x11, 0x11, 0x11, 0x11, 0x11, 0x11, 0x11, 0x11,
  0x11, 0x11, 0x11, 0x11, 0x11, 0x11, 0x11, 0x11, 0x11, 0x11, 0x11, 0x11, 0x11, 0x11, 0x11, 0x11,
  0x11, 0x11, 0x11, 0x11, 0x11, 0x11, 0x11, 0x11, 0x11, 0x11, 0x11, 0x11, 0x11, 0x11, 0x11, 0x11,
  0x11, 0x11, 0x11, 0x11, 0x11, 0x11, 0x11, 0x11, 0x11, 0x11, 0x11, 0x11, 0x11, 0x11, 0x11, 0x11,
  0x11, 0x11, 0x11, 0x10, 0x11, 0x11, 0x11, 0x11, 0x11, 0x11, 0x11, 0x11, 0x11, 0x11, 0x11, 0x11,
  0x11, 0x11, 0x11, 0x11, 0x11, 0x11, 0x11, 0x11, 0x11, 0x11, 0x11, 0x11, 0x11, 0x11, 0x11, 0x11,
  0x11, 0x11, 0x11, 0x11, 0x11, 0x11, 0x11, 0x11, 0x11, 0x11, 0x11, 0x11, 0x11, 0x11, 0x11, 0x11,
  0x11, 0x11, 0x11, 0x11, 0x11, 0x11, 0x11, 0x11, 0x11, 0x11, 0x11, 0x11, 0x11, 0x11, 0x11, 0x11,
  0x11, 0x11, 0x11, 0x01, 0x12, 0x22, 0x00, 0x02, 0x00, 0x02, 0x22, 0x22, 0x20, 0x00, 0x22, 0x00,
  0x00, 0x00, 0x00, 0x00, 0x00, 0x00, 0x00, 0x02, 0x00, 0x00, 0x00, 0x00, 0x00, 0x00, 0x00, 0x00,
  0x00, 0x02, 0x00, 0x00, 0x00, 0x00, 0x00, 0x00, 0x00, 0x00, 0x00, 0x02, 0x00, 0x00, 0x02, 0x20,
  0x02, 0x20, 0x00, 0x22, 0x22, 0x21, 0x01, 0x11, 0x11, 0x11, 0x11, 0x11, 0x11, 0x11, 0x11, 0x11,
  0x11, 0x11, 0x11, 0x11, 0x11, 0x11, 0x11, 0x11, 0x11, 0x11, 0x11, 0x11, 0x11, 0x11, 0x11, 0x11,
  0x11, 0x11, 0x11, 0x11, 0x11, 0x11, 0x11, 0x11, 0x11, 0x11, 0x11, 0x11, 0x11, 0x11, 0x11, 0x11,
  0x11, 0x11, 0x11, 0x11, 0x11, 0x11, 0x11, 0x11, 0x11, 0x11, 0x11, 0x11, 0x11, 0x11, 0x11, 0x11,
  0x11, 0x11, 0x11, 0x11, 0x11, 0x11, 0x11, 0x10, 0x11, 0x11, 0x11, 0x11, 0x11, 0x11, 0x11, 0x11,
  0x11, 0x11, 0x11, 0x11, 0x11, 0x11, 0x11, 0x11, 0x11, 0x11, 0x11, 0x11, 0x11, 0x11, 0x11, 0x11,
  0x11, 0x11, 0x11, 0x11, 0x11, 0x11, 0x11, 0x11, 0x11, 0x11, 0x11, 0x11, 0x11, 0x11, 0x11, 0x11,
  0x11, 0x11, 0x11, 0x11, 0x11, 0x11, 0x11, 0x11, 0x11, 0x11, 0x11, 0x11, 0x11, 0x11, 0x11, 0x11,
  0x11, 0x11, 0x11, 0x11, 0x11, 0x12, 0x22, 0x22, 0x00, 0x00, 0x00, 0x00, 0x00, 0x00, 0x00, 0x00,
  0x00, 0x00, 0x00, 0x00, 0x00, 0x00, 0x00, 0x00, 0x00, 0x00, 0x00, 0x00, 0x00, 0x00, 0x00, 0x00,
  0x00, 0x00, 0x00, 0x00, 0x00, 0x00, 0x00, 0x00, 0x00, 0x00, 0x00, 0x00, 0x00, 0x00, 0x00, 0x00,
  0x00, 0x02, 0x00, 0x00, 0x00, 0x00, 0x00, 0x22, 0x22, 0x02, 0x21, 0x11, 0x11, 0x11, 0x11, 0x11,
  0x11, 0x11, 0x11, 0x11, 0x11, 0x11, 0x11, 0x11, 0x11, 0x11, 0x11, 0x11, 0x11, 0x11, 0x11, 0x11,
  0x11, 0x11, 0x11, 0x11, 0x11, 0x11, 0x11, 0x11, 0x11, 0x11, 0x11, 0x11, 0x11, 0x11, 0x11, 0x11,
  0x11, 0x11, 0x11, 0x11, 0x11, 0x11, 0x11, 0x11, 0x11, 0x11, 0x11, 0x11, 0x11, 0x11, 0x11, 0x11,
  0x11, 0x11, 0x11, 0x11, 0x11, 0x11, 0x11, 0x11, 0x11, 0x11, 0x11, 0x10, 0x11, 0x11, 0x11, 0x11,
  0x11, 0x11, 0x11, 0x11, 0x11, 0x11, 0x11, 0x11, 0x11, 0x11, 0x11, 0x11, 0x11, 0x11, 0x11, 0x11,
  0x11, 0x11, 0x11, 0x11, 0x11, 0x11, 0x11, 0x11, 0x11, 0x11, 0x11, 0x11, 0x11, 0x11, 0x11, 0x11,
  0x11, 0x11, 0x11, 0x11, 0x11, 0x11, 0x11, 0x11, 0x11, 0x11, 0x11, 0x11, 0x11, 0x11, 0x11, 0x11,
  0x11, 0x11, 0x11, 0x11, 0x11, 0x11, 0x11, 0x11, 0x11, 0x12, 0x22, 0x22, 0x00, 0x00, 0x02, 0x00,
  0x00, 0x00, 0x00, 0x00, 0x00, 0x20, 0x00, 0x00, 0x00, 0x00, 0x00, 0x00, 0x00, 0x00, 0x00, 0x00,
  0x00, 0x00, 0x00, 0x00, 0x00, 0x00, 0x00, 0x00, 0x00, 0x00, 0x00, 0x00, 0x00, 0x00, 0x00, 0x00,
  0x00, 0x00, 0x00, 0x00, 0x00, 0x00, 0x00, 0x00, 0x00, 0x02, 0x22, 0x00, 0x22, 0x02, 0x20, 0x22,
  0x20, 0x11, 0x11, 0x11, 0x10, 0x11, 0x11, 0x11, 0x11, 0x11, 0x11, 0x11, 0x11, 0x11, 0x11, 0x11,
  0x11, 0x11, 0x11, 0x11, 0x11, 0x11, 0x11, 0x11, 0x11, 0x11, 0x11, 0x11, 0x11, 0x11, 0x11, 0x11,
  0x11, 0x11, 0x11, 0x11, 0x11, 0x11, 0x11, 0x11, 0x11, 0x11, 0x11, 0x11, 0x11, 0x11, 0x11, 0x11,
  0x11, 0x11, 0x11, 0x11, 0x11, 0x11, 0x11, 0x11, 0x11, 0x11, 0x11, 0x11, 0x11, 0x11, 0x11, 0x10,
  0x11, 0x11, 0x11, 0x11, 0x11, 0x11, 0x11, 0x11, 0x11, 0x11, 0x11, 0x11, 0x11, 0x11, 0x11, 0x11,
  0x11, 0x11, 0x11, 0x11, 0x11, 0x11, 0x11, 0x11, 0x11, 0x11, 0x11, 0x11, 0x11, 0x11, 0x11, 0x11,
  0x11, 0x11, 0x11, 0x11, 0x11, 0x11, 0x11, 0x11, 0x11, 0x11, 0x11, 0x11, 0x11, 0x11, 0x11, 0x11,
  0x11, 0x11, 0x11, 0x11, 0x11, 0x11, 0x11, 0x11, 0x11, 0x11, 0x11, 0x11, 0x22, 0x20, 0x00, 0x00,
  0x00, 0x00, 0x00, 0x00, 0x00, 0x00, 0x00, 0x00, 0x00, 0x00, 0x00, 0x00, 0x00, 0x00, 0x00, 0x00,
  0x00, 0x00, 0x00, 0x00, 0x00, 0x00, 0x00, 0x00, 0x00, 0x00, 0x00, 0x00, 0x00, 0x00, 0x00, 0x00,
  0x00, 0x00, 0x00, 0x00, 0x00, 0x00, 0x00, 0x00, 0x00, 0x00, 0x00, 0x02, 0x00, 0x02, 0x22, 0x00,
  0x00, 0x00, 0x00, 0x22, 0x20, 0x22, 0x01, 0x11, 0x11, 0x11, 0x11, 0x00, 0x01, 0x11, 0x11, 0x11,
  0x11, 0x11, 0x11, 0x11, 0x11, 0x11, 0x11, 0x11, 0x11, 0x11, 0x11, 0x11, 0x11, 0x11, 0x11, 0x11,
  0x11, 0x11, 0x11, 0x11, 0x11, 0x11, 0x11, 0x11, 0x11, 0x11, 0x11, 0x11, 0x11, 0x11, 0x11, 0x11,
  0x11, 0x11, 0x11, 0x11, 0x11, 0x11, 0x11, 0x11, 0x11, 0x11, 0x11, 0x11, 0x11, 0x11, 0x11, 0x11,
  0x11, 0x11, 0x11, 0x10, 0x11, 0x11, 0x11, 0x11, 0x11, 0x11, 0x11, 0x11, 0x11, 0x11, 0x11, 0x11,
  0x11, 0x11, 0x11, 0x11, 0x11, 0x11, 0x11, 0x11, 0x11, 0x11, 0x11, 0x11, 0x11, 0x11, 0x11, 0x11,
  0x11, 0x11, 0x11, 0x11, 0x11, 0x11, 0x11, 0x11, 0x11, 0x11, 0x11, 0x11, 0x11, 0x11, 0x11, 0x11,
  0x11, 0x11, 0x11, 0x11, 0x11, 0x11, 0x11, 0x11, 0x11, 0x11, 0x11, 0x11, 0x11, 0x11, 0x22, 0x22,
  0x20, 0x00, 0x00, 0x00, 0x00, 0x00, 0x00, 0x00, 0x00, 0x00, 0x00, 0x00, 0x00, 0x00, 0x00, 0x00,
  0x00, 0x00, 0x00, 0x00, 0x00, 0x00, 0x00, 0x00, 0x00, 0x00, 0x00, 0x00, 0x00, 0x00, 0x00, 0x00,
  0x00, 0x00, 0x00, 0x00, 0x00, 0x00, 0x00, 0x00, 0x00, 0x00, 0x00, 0x00, 0x00, 0x00, 0x00, 0x00,
  0x00, 0x00, 0x00, 0x00, 0x00, 0x00, 0x02, 0x00, 0x00, 0x22, 0x00, 0x22, 0x22, 0x11, 0x11, 0x11,
  0x11, 0x11, 0x11, 0x11, 0x11, 0x11, 0x11, 0x11, 0x11, 0x11, 0x11, 0x11, 0x11, 0x11, 0x11, 0x11,
  0x11, 0x11, 0x11, 0x11, 0x11, 0x11, 0x11, 0x11, 0x11, 0x11, 0x11, 0x11, 0x11, 0x11, 0x11, 0x11,
  0x11, 0x11, 0x11, 0x11, 0x11, 0x11, 0x11, 0x11, 0x11, 0x11, 0x11, 0x11, 0x11, 0x11, 0x11, 0x11,
  0x11, 0x11, 0x11, 0x11, 0x11, 0x11, 0x11, 0x10, 0x11, 0x11, 0x11, 0x11, 0x11, 0x11, 0x11, 0x11,
  0x11, 0x11, 0x11, 0x11, 0x11, 0x11, 0x11, 0x11, 0x11, 0x11, 0x11, 0x11, 0x11, 0x11, 0x11, 0x11,
  0x11, 0x11, 0x11, 0x11, 0x11, 0x11, 0x11, 0x11, 0x11, 0x11, 0x11, 0x11, 0x11, 0x11, 0x11, 0x11,
  0x11, 0x11, 0x11, 0x11, 0x11, 0x11, 0x11, 0x11, 0x11, 0x11, 0x11, 0x11, 0x11, 0x11, 0x11, 0x11,
  0x12, 0x02, 0x00, 0x00, 0x00, 0x00, 0x00, 0x00, 0x00, 0x00, 0x00, 0x02, 0x00, 0x00, 0x00, 0x00,
  0x00, 0x00, 0x00, 0x00, 0x00, 0x00, 0x00, 0x00, 0x00, 0x00, 0x00, 0x00, 0x00, 0x00, 0x00, 0x00,
  0x88, 0x88, 0x00, 0x08, 0x88, 0x00, 0x08, 0x88, 0x80, 0x88, 0x00, 0x00, 0x00, 0x00, 0x00, 0x00,
  0x00, 0x00, 0x00, 0x00, 0x00, 0x00, 0x00, 0x00, 0x00, 0x00, 0x02, 0x00, 0x00, 0x00, 0x00, 0x00,
  0x00, 0x11, 0x11, 0x11, 0x12, 0x11, 0x11, 0x11, 0x11, 0x11, 0x11, 0x11, 0x11, 0x11, 0x11, 0x11,
  0x11, 0x11, 0x11, 0x11, 0x11, 0x11, 0x11, 0x11, 0x11, 0x11, 0x11, 0x11, 0x11, 0x11, 0x11, 0x11,
  0x11, 0x11, 0x11, 0x11, 0x11, 0x11, 0x11, 0x11, 0x11, 0x11, 0x11, 0x11, 0x11, 0x11, 0x11, 0x11,
  0x11, 0x11, 0x11, 0x11, 0x11, 0x11, 0x11, 0x11, 0x11, 0x11, 0x11, 0x10, 0x11, 0x11, 0x11, 0x11,
  0x11, 0x11, 0x11, 0x11, 0x11, 0x11, 0x11, 0x11, 0x11, 0x11, 0x11, 0x11, 0x11, 0x11, 0x11, 0x11,
  0x11, 0x11, 0x11, 0x11, 0x11, 0x11, 0x11, 0x11, 0x11, 0x11, 0x11, 0x11, 0x11, 0x11, 0x11, 0x11,
  0x11, 0x11, 0x11, 0x11, 0x11, 0x11, 0x11, 0x11, 0x11, 0x11, 0x11, 0x11, 0x11, 0x11, 0x11, 0x11,
  0x11, 0x11, 0x12, 0x20, 0x22, 0x00, 0x00, 0x00, 0x00, 0x00, 0x00, 0x00, 0x00, 0x00, 0x00, 0x00,
  0x00, 0x00, 0x00, 0x00, 0x02, 0x00, 0x00, 0x00, 0x00, 0x00, 0x00, 0x00, 0x00, 0x00, 0x88, 0x00,
  0x80, 0x88, 0x88, 0x88, 0x88, 0x88, 0x88, 0x88, 0x88, 0x88, 0x88, 0x88, 0x88, 0x88, 0x08, 0x88,
  0x88, 0x00, 0x00, 0x00, 0x00, 0x08, 0x00, 0x00, 0x00, 0x00, 0x00, 0x00, 0x00, 0x00, 0x00, 0x00,
  0x00, 0x00, 0x22, 0x20, 0x20, 0x02, 0x11, 0x11, 0x10, 0x11, 0x11, 0x11, 0x11, 0x11, 0x11, 0x11,
  0x11, 0x11, 0x11, 0x11, 0x11, 0x11, 0x11, 0x11, 0x11, 0x11, 0x11, 0x11, 0x11, 0x11, 0x11, 0x11,
  0x11, 0x11, 0x11, 0x11, 0x11, 0x11, 0x11, 0x11, 0x11, 0x11, 0x11, 0x11, 0x11, 0x11, 0x11, 0x11,
  0x11, 0x11, 0x11, 0x11, 0x11, 0x11, 0x11, 0x11, 0x11, 0x11, 0x11, 0x11, 0x11, 0x11, 0x11, 0x10,
  0x11, 0x11, 0x11, 0x11, 0x11, 0x11, 0x11, 0x11, 0x11, 0x11, 0x11, 0x11, 0x11, 0x11, 0x11, 0x11,
  0x11, 0x11, 0x11, 0x11, 0x11, 0x11, 0x11, 0x11, 0x11, 0x11, 0x11, 0x11, 0x11, 0x11, 0x11, 0x11,
  0x11, 0x11, 0x11, 0x11, 0x11, 0x11, 0x11, 0x11, 0x11, 0x11, 0x11, 0x11, 0x11, 0x11, 0x11, 0x11,
  0x11, 0x11, 0x11, 0x11, 0x01, 0x22, 0x00, 0x20, 0x00, 0x02, 0x22, 0x00, 0x00, 0x00, 0x00, 0x00,
  0x00, 0x00, 0x00, 0x00, 0x00, 0x00, 0x00, 0x00, 0x00, 0x00, 0x00, 0x00, 0x00, 0x00, 0x00, 0x08,
  0x88, 0x80, 0x88, 0x88, 0x88, 0x88, 0x88, 0x88, 0x88, 0x88, 0x88, 0x88, 0x88, 0x88, 0x88, 0x88,
  0x88, 0x88, 0x00, 0x88, 0x88, 0x88, 0x88, 0x00, 0x00, 0x00, 0x00, 0x00, 0x00, 0x00, 0x00, 0x00,
  0x00, 0x00, 0x00, 0x00, 0x00, 0x00, 0x02, 0x20, 0x20, 0x00, 0x22, 0x00, 0x21, 0x10, 0x11, 0x11,
  0x11, 0x11, 0x11, 0x11, 0x11, 0x11, 0x11, 0x11, 0x11, 0x11, 0x11, 0x11, 0x11, 0x11, 0x11, 0x11,
  0x11, 0x11, 0x11, 0x11, 0x11, 0x11, 0x11, 0x11, 0x11, 0x11, 0x11, 0x11, 0x11, 0x11, 0x11, 0x11,
  0x11, 0x11, 0x11, 0x11, 0x11, 0x11, 0x11, 0x11, 0x11, 0x11, 0x11, 0x11, 0x11, 0x11, 0x11, 0x11,
  0x11, 0x11, 0x11, 0x10, 0x11, 0x11, 0x11, 0x11, 0x11, 0x11, 0x11, 0x11, 0x11, 0x11, 0x11, 0x11,
  0x11, 0x11, 0x11, 0x11, 0x11, 0x11, 0x11, 0x11, 0x11, 0x11, 0x11, 0x11, 0x11, 0x11, 0x11, 0x11,
  0x11, 0x11, 0x11, 0x11, 0x11, 0x11, 0x11, 0x11, 0x11, 0x11, 0x11, 0x11, 0x11, 0x11, 0x11, 0x11,
  0x11, 0x11, 0x11, 0x11, 0x11, 0x10, 0x11, 0x10, 0x00, 0x00, 0x22, 0x00, 0x00, 0x02, 0x22, 0x00,
  0x00, 0x00, 0x00, 0x00, 0x00, 0x00, 0x00, 0x00, 0x00, 0x00, 0x00, 0x00, 0x00, 0x00, 0x00, 0x00,
  0x00, 0x00, 0x00, 0x88, 0x88, 0x88, 0x80, 0x88, 0x88, 0x88, 0x88, 0x88, 0x88, 0x88, 0x88, 0x88,
  0x88, 0x88, 0x88, 0x88, 0x88, 0x88, 0x80, 0x88, 0x88, 0x88, 0x88, 0x88, 0x80, 0x00, 0x08, 0x00,
  0x00, 0x00, 0x00, 0x00, 0x00, 0x00, 0x00, 0x00, 0x00, 0x00, 0x00, 0x00, 0x20, 0x00, 0x02, 0x00,
  0x02, 0x10, 0x11, 0x11, 0x11, 0x11, 0x11, 0x11, 0x11, 0x11, 0x11, 0x11, 0x11, 0x11, 0x11, 0x11,
  0x11, 0x11, 0x11, 0x11, 0x11, 0x11, 0x11, 0x11, 0x11, 0x11, 0x11, 0x11, 0x11, 0x11, 0x11, 0x11,
  0x11, 0x11, 0x11, 0x11, 0x11, 0x11, 0x11, 0x11, 0x11, 0x11, 0x11, 0x11, 0x11, 0x11, 0x11, 0x11,
  0x11, 0x11, 0x11, 0x11, 0x11, 0x11, 0x11, 0x10, 0x11, 0x11, 0x11, 0x11, 0x11, 0x11, 0x11, 0x11,
  0x11, 0x11, 0x11, 0x11, 0x11, 0x11, 0x11, 0x11, 0x11, 0x11, 0x11, 0x11, 0x11, 0x11, 0x11, 0x11,
  0x11, 0x11, 0x11, 0x11, 0x11, 0x11, 0x11, 0x11, 0x11, 0x11, 0x11, 0x11, 0x11, 0x11, 0x11, 0x11,
  0x11, 0x11, 0x11, 0x11, 0x11, 0x11, 0x11, 0x11, 0x11, 0x11, 0x11, 0x22, 0x02, 0x00, 0x22, 0x00,
  0x00, 0x00, 0x00, 0x00, 0x00, 0x00, 0x00, 0x00, 0x00, 0x00, 0x00, 0x00, 0x00, 0x00, 0x00, 0x00,
  0x00, 0x00, 0x00, 0x00, 0x08, 0x00, 0x08, 0x88, 0x08, 0x88, 0x80, 0x88, 0x88, 0x88, 0x88, 0x88,
  0x88, 0x88, 0x88, 0x88, 0x88, 0x88, 0x88, 0x88, 0x88, 0x88, 0x88, 0x88, 0x88, 0x00, 0x88, 0x88,
  0x80, 0x08, 0x88, 0x00, 0x00, 0x00, 0x00, 0x00, 0x00, 0x00, 0x00, 0x00, 0x00, 0x00, 0x00, 0x00,
  0x20, 0x00, 0x00, 0x00, 0x00, 0x02, 0x21, 0x11, 0x11, 0x11, 0x11, 0x11, 0x11, 0x11, 0x11, 0x11,
  0x11, 0x11, 0x11, 0x11, 0x11, 0x11, 0x11, 0x11, 0x11, 0x11, 0x11, 0x11, 0x11, 0x11, 0x11, 0x11,
  0x11, 0x11, 0x11, 0x11, 0x11, 0x11, 0x11, 0x11, 0x11, 0x11, 0x11, 0x11, 0x11, 0x11, 0x11, 0x11,
  0x11, 0x11, 0x11, 0x11, 0x11, 0x11, 0x11, 0x11, 0x11, 0x11, 0x11, 0x10, 0x11, 0x11, 0x11, 0x11,
  0x11, 0x11, 0x11, 0x11, 0x11, 0x11, 0x11, 0x11, 0x11, 0x11, 0x11, 0x11, 0x11, 0x11, 0x11, 0x11,
  0x11, 0x11, 0x11, 0x11, 0x11, 0x11, 0x11, 0x11, 0x11, 0x11, 0x11, 0x11, 0x11, 0x11, 0x11, 0x11,
  0x11, 0x11, 0x11, 0x11, 0x11, 0x11, 0x11, 0x11, 0x11, 0x11, 0x11, 0x11, 0x11, 0x11, 0x22, 0x20,
  0x00, 0x00, 0x00, 0x00, 0x00, 0x00, 0x00, 0x00, 0x00, 0x00, 0x00, 0x00, 0x00, 0x00, 0x08, 0x00,
  0x00, 0x00, 0x00, 0x00, 0x00, 0x00, 0x00, 0x00, 0x00, 0x88, 0x00, 0x08, 0x08, 0x88, 0x88, 0x88,
  0x88, 0x88, 0x88, 0x88, 0x88, 0x88, 0x88, 0x88, 0x88, 0x88, 0x88, 0x88, 0x88, 0x88, 0x88, 0x88,
  0x88, 0x88, 0x88, 0x88, 0x88, 0x88, 0x88, 0x80, 0x00, 0x00, 0x00, 0x00, 0x00, 0x00, 0x00, 0x00,
  0x00, 0x00, 0x00, 0x00, 0x00, 0x00, 0x00, 0x00, 0x00, 0x00, 0x22, 0x10, 0x11, 0x10, 0x00, 0x11,
  0x11, 0x11, 0x11, 0x11, 0x11, 0x11, 0x11, 0x11, 0x11, 0x11, 0x11, 0x11, 0x11, 0x11, 0x11, 0x11,
  0x11, 0x11, 0x11, 0x11, 0x11, 0x11, 0x11, 0x11, 0x11, 0x11, 0x11, 0x11, 0x11, 0x11, 0x11, 0x11,
  0x11, 0x11, 0x11, 0x11, 0x11, 0x11, 0x11, 0x11, 0x11, 0x11, 0x11, 0x11, 0x11, 0x11, 0x11, 0x10,
  0x11, 0x11, 0x11, 0x11, 0x11, 0x11, 0x11, 0x11, 0x11, 0x11, 0x11, 0x11, 0x11, 0x11, 0x11, 0x11,
  0x11, 0x11, 0x11, 0x11, 0x11, 0x11, 0x11, 0x11, 0x11, 0x11, 0x11, 0x11, 0x11, 0x11, 0x11, 0x11,
  0x11, 0x11, 0x11, 0x11, 0x11, 0x11, 0x11, 0x11, 0x11, 0x11, 0x11, 0x11, 0x11, 0x11, 0x11, 0x11,
  0x02, 0x22, 0x00, 0x00, 0x00, 0x00, 0x00, 0x00, 0x00, 0x00, 0x00, 0x00, 0x00, 0x00, 0x00, 0x00,
  0x00, 0x00, 0x00, 0x00, 0x00, 0x08, 0x88, 0x80, 0x00, 0x00, 0x80, 0x00, 0x00, 0x00, 0x00, 0x08,
  0x08, 0x88, 0x88, 0x88, 0x88, 0x88, 0x08, 0x88, 0x88, 0x88, 0x88, 0x88, 0x88, 0x88, 0x88, 0x88,
  0x88, 0x88, 0x88, 0x88, 0x88, 0x88, 0x88, 0x88, 0x88, 0x88, 0x88, 0x80, 0x00, 0x00, 0x00, 0x00,
  0x00, 0x00, 0x00, 0x00, 0x00, 0x00, 0x00, 0x00, 0x00, 0x00, 0x00, 0x00, 0x00, 0x00, 0x02, 0x21,
  0x11, 0x11, 0x11, 0x11, 0x11, 0x11, 0x11, 0x11, 0x11, 0x11, 0x11, 0x11, 0x11, 0x11, 0x11, 0x11,
  0x11, 0x11, 0x11, 0x11, 0x11, 0x11, 0x11, 0x11, 0x11, 0x11, 0x11, 0x11, 0x11, 0x11, 0x11, 0x11,
  0x11, 0x11, 0x11, 0x11, 0x11, 0x11, 0x11, 0x11, 0x11, 0x11, 0x11, 0x11, 0x11, 0x11, 0x11, 0x11,
  0x11, 0x11, 0x11, 0x10, 0x11, 0x11, 0x11, 0x11, 0x11, 0x11, 0x11, 0x11, 0x11, 0x11, 0x11, 0x11,
  0x11, 0x11, 0x11, 0x11, 0x11, 0x11, 0x11, 0x11, 0x11, 0x11, 0x11, 0x11, 0x11, 0x11, 0x11, 0x11,
  0x11, 0x11, 0x11, 0x11, 0x11, 0x11, 0x11, 0x11, 0x11, 0x11, 0x11, 0x11, 0x11, 0x11, 0x11, 0x11,
  0x11, 0x11, 0x11, 0x11, 0x00, 0x00, 0x00, 0x00, 0x00, 0x00, 0x00, 0x00, 0x00, 0x00, 0x00, 0x00,
  0x00, 0x00, 0x00, 0x88, 0x88, 0x00, 0x00, 0x88, 0x88, 0x88, 0x88, 0x88, 0x88, 0x08, 0x88, 0x00,
  0x00, 0x00, 0x00, 0x08, 0x08, 0x88, 0x88, 0x88, 0x88, 0x88, 0x00, 0x88, 0x88, 0x88, 0x88, 0x88,
  0x88, 0x88, 0x88, 0x88, 0x8d, 0x88, 0x88, 0x88, 0x88, 0x88, 0x88, 0x88, 0x88, 0x88, 0x88, 0x88,
  0x00, 0x08, 0x88, 0x00, 0x00, 0x00, 0x00, 0x00, 0x00, 0x00, 0x00, 0x00, 0x00, 0x00, 0x00, 0x00,
  0x00, 0x20, 0x02, 0x22, 0x22, 0x21, 0x11, 0x11, 0x11, 0x11, 0x11, 0x11, 0x11, 0x11, 0x11, 0x11,
  0x11, 0x11, 0x11, 0x11, 0x11, 0x11, 0x11, 0x11, 0x11, 0x11, 0x11, 0x11, 0x11, 0x11, 0x11, 0x11,
  0x11, 0x11, 0x11, 0x11, 0x11, 0x11, 0x11, 0x11, 0x11, 0x11, 0x11, 0x11, 0x11, 0x11, 0x11, 0x11,
  0x11, 0x11, 0x11, 0x11, 0x11, 0x11, 0x11, 0x10, 0x11, 0x11, 0x11, 0x11, 0x11, 0x11, 0x11, 0x11,
  0x11, 0x11, 0x11, 0x11, 0x11, 0x11, 0x11, 0x11, 0x11, 0x11, 0x11, 0x11, 0x11, 0x11, 0x11, 0x11,
  0x11, 0x11, 0x11, 0x11, 0x11, 0x11, 0x11, 0x11, 0x11, 0x11, 0x11, 0x11, 0x11, 0x11, 0x11, 0x11,
  0x11, 0x11, 0x11, 0x11, 0x11, 0x11, 0x12, 0x22, 0x02, 0x20, 0x00, 0x00, 0x00, 0x00, 0x00, 0x00,
  0x00, 0x00, 0x00, 0x00, 0x00, 0x08, 0x88, 0x88, 0x80, 0x08, 0x88, 0x88, 0x88, 0x88, 0x88, 0x88,
  0x88, 0x80, 0x00, 0x00, 0x80, 0x00, 0x00, 0x00, 0x00, 0x08, 0x88, 0x88, 0x88, 0x08, 0x88, 0x88,
  0x88, 0x88, 0x88, 0x88, 0x88, 0x88, 0x88, 0x88, 0x88, 0x88, 0x88, 0x88, 0x88, 0x08, 0x88, 0x88,
  0x88, 0x88, 0x88, 0x88, 0x88, 0x88, 0x88, 0x88, 0x00, 0x00, 0x00, 0x08, 0x80, 0x00, 0x00, 0x00,
  0x00, 0x00, 0x00, 0x00, 0x00, 0x20, 0x02, 0x22, 0x00, 0x02, 0x21, 0x11, 0x11, 0x11, 0x11, 0x11,
  0x11, 0x11, 0x11, 0x11, 0x11, 0x11, 0x11, 0x11, 0x11, 0x11, 0x11, 0x11, 0x11, 0x11, 0x11, 0x11,
  0x11, 0x11, 0x11, 0x11, 0x11, 0x11, 0x11, 0x11, 0x11, 0x11, 0x11, 0x11, 0x11, 0x11, 0x11, 0x11,
  0x11, 0x11, 0x11, 0x11, 0x11, 0x11, 0x11, 0x11, 0x11, 0x11, 0x11, 0x10, 0x11, 0x11, 0x11, 0x11,
  0x11, 0x11, 0x11, 0x11, 0x11, 0x11, 0x11, 0x11, 0x11, 0x11, 0x11, 0x11, 0x11, 0x11, 0x11, 0x11,
  0x11, 0x11, 0x11, 0x11, 0x11, 0x11, 0x11, 0x11, 0x11, 0x11, 0x11, 0x11, 0x11, 0x11, 0x11, 0x11,
  0x11, 0x11, 0x11, 0x11, 0x11, 0x11, 0x11, 0x11, 0x11, 0x11, 0x12, 0x20, 0x02, 0x00, 0x00, 0x00,
  0x00, 0x00, 0x00, 0x00, 0x00, 0x00, 0x00, 0x00, 0x00, 0x08, 0x88, 0x88, 0x88, 0x88, 0x88, 0x88,
  0x88, 0x88, 0x88, 0x88, 0x88, 0x80, 0x00, 0x00, 0x80, 0x00, 0x00, 0x00, 0x88, 0x88, 0x88, 0x88,
  0x88, 0x88, 0x88, 0x88, 0x88, 0x88, 0x88, 0x88, 0x88, 0x88, 0x88, 0x88, 0x88, 0x88, 0x88, 0x88,
  0x88, 0x88, 0x88, 0x88, 0x88, 0x88, 0x88, 0x88, 0x88, 0x88, 0x88, 0x88, 0x88, 0x80, 0x80, 0x00,
  0x00, 0x00, 0x00, 0x00, 0x00, 0x00, 0x00, 0x00, 0x00, 0x00, 0x00, 0x22, 0x22, 0x22, 0x22, 0x11,
  0x11, 0x11, 0x11, 0x11, 0x11, 0x11, 0x11, 0x11, 0x11, 0x11, 0x11, 0x11, 0x11, 0x11, 0x11, 0x11,
  0x11, 0x11, 0x11, 0x11, 0x11, 0x11, 0x11, 0x11, 0x11, 0x11, 0x11, 0x11, 0x11, 0x11, 0x11, 0x11,
  0x11, 0x11, 0x11, 0x11, 0x11, 0x11, 0x11, 0x11, 0x11, 0x11, 0x11, 0x11, 0x11, 0x11, 0x11, 0x10,
  0x11, 0x11, 0x11, 0x11, 0x11, 0x11, 0x11, 0x11, 0x11, 0x11, 0x11, 0x11, 0x11, 0x11, 0x11, 0x11,
  0x11, 0x11, 0x11, 0x11, 0x11, 0x11, 0x11, 0x11, 0x11, 0x11, 0x11, 0x11, 0x11, 0x11, 0x11, 0x11,
  0x11, 0x11, 0x11, 0x11, 0x11, 0x11, 0x11, 0x11, 0x11, 0x11, 0x11, 0x10, 0x01, 0x02, 0x20, 0x00,
  0x02, 0x00, 0x00, 0x00, 0x00, 0x00, 0x00, 0x00, 0x00, 0x00, 0x00, 0x00, 0x00, 0x08, 0x88, 0x88,
  0x88, 0x88, 0x88, 0x88, 0x88, 0x80, 0x00, 0x08, 0x88, 0x80, 0x00, 0x08, 0x00, 0x00, 0x00, 0x00,
  0x00, 0x08, 0x88, 0x88, 0x80, 0x88, 0x88, 0x88, 0x88, 0x88, 0x88, 0x88, 0x88, 0x88, 0x88, 0x88,
  0x88, 0x88, 0x88, 0x88, 0x88, 0x88, 0x88, 0x88, 0x88, 0x88, 0x88, 0x88, 0x88, 0x88, 0x88, 0x88,
  0x88, 0x88, 0x80, 0x00, 0x00, 0x00, 0x00, 0x00, 0x00, 0x00, 0x00, 0x00, 0x00, 0x00, 0x00, 0x00,
  0x00, 0x02, 0x22, 0x22, 0x01, 0x11, 0x11, 0x11, 0x11, 0x11, 0x11, 0x11, 0x11, 0x11, 0x11, 0x11,
  0x11, 0x11, 0x11, 0x11, 0x11, 0x11, 0x11, 0x11, 0x11, 0x11, 0x11, 0x11, 0x11, 0x11, 0x11, 0x11,
  0x11, 0x11, 0x11, 0x11, 0x11, 0x11, 0x11, 0x11, 0x11, 0x11, 0x11, 0x11, 0x11, 0x11, 0x11, 0x11,
  0x11, 0x11, 0x11, 0x10, 0x11, 0x11, 0x11, 0x11, 0x11, 0x11, 0x11, 0x11, 0x11, 0x11, 0x11, 0x11,
  0x11, 0x11, 0x11, 0x11, 0x11, 0x11, 0x11, 0x11, 0x11, 0x11, 0x11, 0x11, 0x11, 0x11, 0x11, 0x11,
  0x11, 0x11, 0x11, 0x11, 0x11, 0x11, 0x11, 0x11, 0x11, 0x11, 0x11, 0x11, 0x11, 0x11, 0x11, 0x20,
  0x02, 0x22, 0x20, 0x00, 0x00, 0x00, 0x00, 0x00, 0x00, 0x00, 0x00, 0x00, 0x00, 0x00, 0x00, 0x00,
  0x00, 0x08, 0x88, 0x88, 0x88, 0x88, 0x88, 0x88, 0x88, 0x88, 0x00, 0x88, 0x88, 0x00, 0x00, 0x08,
  0x80, 0x00, 0x00, 0x80, 0x00, 0x88, 0x88, 0x88, 0x08, 0x88, 0x88, 0x88, 0x88, 0x88, 0x88, 0x88,
  0x88, 0x88, 0x88, 0x88, 0x88, 0x88, 0x88, 0x88, 0x88, 0x88, 0x88, 0x88, 0x88, 0x88, 0x88, 0x88,
  0x88, 0x88, 0x88, 0x88, 0x88, 0x88, 0x88, 0x88, 0x80, 0x88, 0x00, 0x00, 0x00, 0x00, 0x00, 0x00,
  0x00, 0x00, 0x00, 0x00, 0x00, 0x00, 0x22, 0x22, 0x02, 0x11, 0x11, 0x11, 0x11, 0x11, 0x11, 0x11,
  0x11, 0x11, 0x11, 0x11, 0x11, 0x11, 0x11, 0x11, 0x11, 0x11, 0x11, 0x11, 0x11, 0x11, 0x11, 0x11,
  0x11, 0x11, 0x11, 0x11, 0x11, 0x11, 0x11, 0x11, 0x11, 0x11, 0x11, 0x11, 0x11, 0x11, 0x11, 0x11,
  0x11, 0x11, 0x11, 0x11, 0x11, 0x11, 0x11, 0x10, 0x11, 0x11, 0x11, 0x11, 0x11, 0x11, 0x11, 0x11,
  0x11, 0x11, 0x11, 0x11, 0x11, 0x11, 0x11, 0x11, 0x11, 0x11, 0x11, 0x11, 0x11, 0x11, 0x11, 0x11,
  0x11, 0x11, 0x11, 0x11, 0x11, 0x11, 0x11, 0x11, 0x11, 0x11, 0x11, 0x11, 0x11, 0x11, 0x11, 0x11,
  0x11, 0x11, 0x12, 0x20, 0x02, 0x00, 0x00, 0x00, 0x00, 0x00, 0x00, 0x00, 0x00, 0x00, 0x00, 0x00,
  0x00, 0x00, 0x00, 0x08, 0x88, 0x88, 0x88, 0x88, 0x88, 0x80, 0x00, 0x00, 0x88, 0x88, 0x00, 0x88,
  0x88, 0x00, 0x80, 0x08, 0x80, 0x00, 0x00, 0x88, 0x88, 0x88, 0x88, 0x88, 0x08, 0x88, 0x88, 0x88,
  0x88, 0x88, 0x88, 0x88, 0x88, 0x88, 0x88, 0x88, 0x88, 0x88, 0x88, 0x88, 0x88, 0x88, 0x84, 0x88,
  0x88, 0x88, 0x88, 0x88, 0x88, 0x88, 0x88, 0x88, 0x88, 0x88, 0x88, 0x88, 0x88, 0x88, 0x88, 0x80,
  0x00, 0x00, 0x00, 0x00, 0x00, 0x00, 0x00, 0x00, 0x00, 0x00, 0x22, 0x00, 0x22, 0x20, 0x01, 0x11,
  0x11, 0x11, 0x11, 0x11, 0x11, 0x11, 0x11, 0x11, 0x11, 0x11, 0x11, 0x11, 0x11, 0x11, 0x11, 0x11,
  0x11, 0x11, 0x11, 0x11, 0x11, 0x11, 0x11, 0x11, 0x11, 0x11, 0x11, 0x11, 0x11, 0x11, 0x11, 0x11,
  0x11, 0x11, 0x11, 0x11, 0x11, 0x11, 0x11, 0x11, 0x11, 0x11, 0x11, 0x10, 0x11, 0x11, 0x11, 0x11,
  0x11, 0x11, 0x11, 0x11, 0x11, 0x11, 0x11, 0x11, 0x11, 0x11, 0x11, 0x11, 0x11, 0x11, 0x11, 0x11,
  0x11, 0x11, 0x11, 0x11, 0x11, 0x11, 0x11, 0x11, 0x11, 0x11, 0x11, 0x11, 0x11, 0x11, 0x11, 0x11,
  0x11, 0x11, 0x11, 0x11, 0x11, 0x11, 0x12, 0x00, 0x00, 0x00, 0x00, 0x00, 0x00, 0x00, 0x00, 0x00,
  0x00, 0x00, 0x00, 0x00, 0x00, 0x00, 0x88, 0x88, 0x88, 0x88, 0x88, 0x88, 0x88, 0x80, 0x00, 0x00,
  0x88, 0x80, 0x00, 0x08, 0x88, 0x80, 0x00, 0x08, 0x00, 0x00, 0x00, 0x88, 0x88, 0x88, 0x88, 0x80,
  0x80, 0x00, 0x08, 0x88, 0x88, 0x08, 0x88, 0x88, 0x88, 0x88, 0x88, 0x88, 0x88, 0x88, 0x88, 0x88,
  0x88, 0x88, 0x88, 0x88, 0x88, 0x88, 0x88, 0x88, 0x88, 0x88, 0x88, 0x88, 0x88, 0x88, 0x88, 0x88,
  0x88, 0x88, 0x88, 0x88, 0x00, 0x00, 0x00, 0x00, 0x00, 0x00, 0x00, 0x00, 0x00, 0x02, 0x00, 0x22,
  0x22, 0x20, 0x00, 0x00, 0x00, 0x01, 0x11, 0x11, 0x11, 0x11, 0x11, 0x11, 0x11, 0x11, 0x11, 0x11,
  0x11, 0x11, 0x11, 0x11, 0x11, 0x11, 0x11, 0x11, 0x11, 0x11, 0x11, 0x11, 0x11, 0x11, 0x11, 0x11,
  0x11, 0x11, 0x11, 0x11, 0x11, 0x11, 0x11, 0x11, 0x11, 0x11, 0x11, 0x11, 0x11, 0x11, 0x11, 0x10,
  0x11, 0x11, 0x11, 0x11, 0x11, 0x11, 0x11, 0x11, 0x11, 0x11, 0x11, 0x11, 0x11, 0x11, 0x11, 0x11,
  0x11, 0x11, 0x11, 0x11, 0x11, 0x11, 0x11, 0x11, 0x11, 0x11, 0x11, 0x11, 0x11, 0x11, 0x11, 0x11,
  0x11, 0x11, 0x11, 0x11, 0x11, 0x11, 0x11, 0x11, 0x11, 0x11, 0x10, 0x02, 0x00, 0x00, 0x00, 0x00,
  0x00, 0x00, 0x00, 0x00, 0x00, 0x00, 0x00, 0x00, 0x00, 0x88, 0x88, 0x88, 0x88, 0x88, 0x88, 0x88,
  0x88, 0x88, 0x88, 0x88, 0x88, 0x80, 0x00, 0x08, 0x88, 0x88, 0x00, 0x08, 0x88, 0x00, 0x00, 0x88,
  0x88, 0x88, 0x88, 0x80, 0x88, 0x88, 0x88, 0x88, 0x88, 0x88, 0x88, 0x88, 0x88, 0x88, 0x88, 0x88,
  0x88, 0x88, 0x88, 0x88, 0x88, 0x88, 0x88, 0x88, 0x88, 0x88, 0x88, 0x88, 0x88, 0x88, 0x88, 0x88,
  0x88, 0x88, 0x88, 0x88, 0x88, 0x88, 0x88, 0x88, 0x80, 0x00, 0x00, 0x00, 0x00, 0x00, 0x00, 0x00,
  0x00, 0x00, 0x00, 0x02, 0x20, 0x02, 0x20, 0x22, 0x00, 0x01, 0x11, 0x11, 0x11, 0x11, 0x11, 0x11,
  0x11, 0x11, 0x11, 0x11, 0x11, 0x11, 0x11, 0x11, 0x11, 0x11, 0x11, 0x11, 0x11, 0x11, 0x11, 0x11,
  0x11, 0x11, 0x11, 0x11, 0x11, 0x11, 0x11, 0x11, 0x11, 0x11, 0x11, 0x11, 0x11, 0x11, 0x11, 0x11,
  0x11, 0x11, 0x11, 0x10, 0x11, 0x11, 0x11, 0x11, 0x11, 0x11, 0x11, 0x11, 0x11, 0x11, 0x11, 0x11,
  0x11, 0x11, 0x11, 0x11, 0x11, 0x11, 0x11, 0x11, 0x11, 0x11, 0x11, 0x11, 0x11, 0x11, 0x11, 0x11,
  0x11, 0x11, 0x11, 0x11, 0x11, 0x11, 0x11, 0x11, 0x11, 0x11, 0x11, 0x11, 0x11, 0x12, 0x00, 0x00,
  0x00, 0x00, 0x00, 0x00, 0x00, 0x00, 0x00, 0x00, 0x00, 0x00, 0x00, 0x88, 0x88, 0x88, 0x88, 0x88,
  0x88, 0x80, 0x00, 0x88, 0x88, 0x88, 0x88, 0x80, 0x88, 0x88, 0x88, 0x88, 0x88, 0x88, 0x88, 0x88,
  0x88, 0x00, 0x88, 0x88, 0x88, 0x88, 0x88, 0x88, 0x88, 0x88, 0x88, 0x80, 0x88, 0x80, 0x88, 0x88,
  0x88, 0x88, 0x88, 0x88, 0x88, 0x88, 0x88, 0x88, 0x88, 0x88, 0x88, 0x88, 0x88, 0x88, 0x88, 0x88,
  0x88, 0x88, 0x88, 0x88, 0x88, 0x88, 0x88, 0x88, 0x88, 0x88, 0x88, 0x80, 0x00, 0x00, 0x00, 0x00,
  0x00, 0x00, 0x00, 0x00, 0x00, 0x00, 0x00, 0x00, 0x00, 0x22, 0x00, 0x22, 0x20, 0x01, 0x11, 0x11,
  0x11, 0x11, 0x11, 0x11, 0x11, 0x11, 0x11, 0x11, 0x11, 0x11, 0x11, 0x11, 0x11, 0x11, 0x11, 0x11,
  0x11, 0x11, 0x11, 0x11, 0x11, 0x11, 0x11, 0x11, 0x11, 0x11, 0x11, 0x11, 0x11, 0x11, 0x11, 0x11,
  0x11, 0x11, 0x11, 0x11, 0x11, 0x11, 0x11, 0x10, 0x11, 0x11, 0x11, 0x11, 0x11, 0x11, 0x11, 0x11,
  0x11, 0x11, 0x11, 0x11, 0x11, 0x11, 0x11, 0x11, 0x11, 0x11, 0x11, 0x11, 0x11, 0x11, 0x11, 0x11,
  0x11, 0x11, 0x11, 0x11, 0x11, 0x11, 0x11, 0x11, 0x11, 0x11, 0x11, 0x11, 0x11, 0x11, 0x11, 0x11,
  0x22, 0x20, 0x00, 0x00, 0x00, 0x00, 0x00, 0x00, 0x00, 0x00, 0x00, 0x00, 0x00, 0x00, 0x00, 0x88,
  0x80, 0x00, 0x88, 0x88, 0x88, 0x80, 0x00, 0x00, 0x08, 0x88, 0x88, 0x88, 0x88, 0x88, 0x88, 0x88,
  0x88, 0x88, 0x88, 0x88, 0x00, 0x08, 0x00, 0x08, 0x88, 0x88, 0x88, 0x88, 0x88, 0x88, 0x88, 0x88,
  0x88, 0x88, 0x88, 0x88, 0x88, 0x88, 0x88, 0x88, 0x88, 0x88, 0x88, 0x88, 0x88, 0x88, 0x88, 0x88,
  0x88, 0x88, 0x88, 0x88, 0x88, 0x88, 0x88, 0x88, 0x88, 0x88, 0x88, 0x88, 0x88, 0x88, 0x88, 0x88,
  0x88, 0x88, 0x88, 0x00, 0x00, 0x00, 0x00, 0x00, 0x00, 0x00, 0x00, 0x00, 0x00, 0x00, 0x00, 0x00,
  0x22, 0x22, 0x22, 0x11, 0x11, 0x11, 0x11, 0x11, 0x11, 0x11, 0x11, 0x11, 0x11, 0x11, 0x11, 0x11,
  0x11, 0x11, 0x11, 0x11, 0x11, 0x11, 0x11, 0x11, 0x11, 0x11, 0x11, 0x11, 0x11, 0x11, 0x11, 0x11,
  0x11, 0x11, 0x11, 0x11, 0x11, 0x11, 0x11, 0x11, 0x11, 0x11, 0x11, 0x10, 0x11, 0x11, 0x11, 0x11,
  0x11, 0x11, 0x11, 0x11, 0x11, 0x11, 0x11, 0x11, 0x11, 0x11, 0x11, 0x11, 0x11, 0x11, 0x11, 0x11,
  0x11, 0x11, 0x11, 0x11, 0x11, 0x11, 0x11, 0x11, 0x11, 0x11, 0x11, 0x11, 0x11, 0x11, 0x11, 0x11,
  0x11, 0x11, 0x11, 0x12, 0x00, 0x00, 0x00, 0x00, 0x00, 0x00, 0x00, 0x00, 0x00, 0x00, 0x00, 0x00,
  0x00, 0x00, 0x00, 0x88, 0x80, 0x00, 0x88, 0x88, 0x88, 0x80, 0x00, 0x88, 0x88, 0x88, 0x88, 0x88,
  0x88, 0x88, 0x88, 0x88, 0x88, 0x88, 0x88, 0x88, 0x00, 0x88, 0x00, 0x08, 0x88, 0x88, 0x88, 0x88,
  0x88, 0x88, 0x08, 0x88, 0x88, 0x88, 0x80, 0x88, 0x88, 0x88, 0x88, 0x88, 0x88, 0x88, 0x88, 0x88,
  0x88, 0x88, 0x88, 0x88, 0x88, 0x88, 0x88, 0x88, 0x88, 0x88, 0x88, 0x88, 0x88, 0x88, 0x88, 0x88,
  0x88, 0x88, 0x88, 0x88, 0x88, 0x88, 0x88, 0x00, 0x08, 0x00, 0x00, 0x00, 0x00, 0x00, 0x00, 0x00,
  0x00, 0x00, 0x00, 0x00, 0x00, 0x00, 0x22, 0x11, 0x11, 0x11, 0x11, 0x11, 0x11, 0x11, 0x11, 0x11,
  0x11, 0x11, 0x11, 0x11, 0x11, 0x11, 0x11, 0x11, 0x11, 0x11, 0x11, 0x11, 0x11, 0x11, 0x11, 0x11,
  0x11, 0x11, 0x11, 0x11, 0x11, 0x11, 0x11, 0x11, 0x11, 0x11, 0x11, 0x11, 0x11, 0x11, 0x11, 0x10,
  0x11, 0x11, 0x11, 0x11, 0x11, 0x11, 0x11, 0x11, 0x11, 0x11, 0x11, 0x11, 0x11, 0x11, 0x11, 0x11,
  0x11, 0x11, 0x11, 0x11, 0x11, 0x11, 0x11, 0x11, 0x11, 0x11, 0x11, 0x11, 0x11, 0x11, 0x11, 0x11,
  0x11, 0x11, 0x11, 0x11, 0x11, 0x11, 0x11, 0x11, 0x00, 0x02, 0x00, 0x20, 0x00, 0x00, 0x00, 0x00,
  0x00, 0x00, 0x00, 0x08, 0x08, 0x88, 0x08, 0x88, 0x80, 0x00, 0x00, 0x00, 0x00, 0x88, 0x08, 0x88,
  0x88, 0x88, 0x88, 0x88, 0x88, 0x88, 0x88, 0x80, 0x88, 0x00, 0x08, 0x88, 0x88, 0x88, 0x88, 0x80,
  0x00, 0x88, 0x88, 0x88, 0x88, 0x88, 0x88, 0x88, 0x80, 0x88, 0x88, 0x88, 0x88, 0x88, 0x88, 0x88,
  0x88, 0x88, 0x88, 0x88, 0x88, 0x88, 0x88, 0x88, 0x88, 0x88, 0x88, 0x88, 0x88, 0x88, 0x88, 0x88,
  0x88, 0x88, 0x88, 0x88, 0x88, 0x88, 0x88, 0x88, 0x88, 0x88, 0x88, 0x88, 0x88, 0x88, 0x00, 0x00,
  0x00, 0x00, 0x00, 0x02, 0x00, 0x00, 0x00, 0x00, 0x00, 0x20, 0x22, 0x01, 0x21, 0x11, 0x11, 0x11,
  0x11, 0x11, 0x11, 0x11, 0x11, 0x11, 0x11, 0x11, 0x11, 0x11, 0x11, 0x11, 0x11, 0x11, 0x11, 0x11,
  0x11, 0x11, 0x11, 0x11, 0x11, 0x11, 0x11, 0x11, 0x11, 0x11, 0x11, 0x11, 0x11, 0x11, 0x11, 0x11,
  0x11, 0x11, 0x11, 0x10, 0x11, 0x11, 0x11, 0x11, 0x11, 0x11, 0x11, 0x11, 0x11, 0x11, 0x11, 0x11,
  0x11, 0x11, 0x11, 0x11, 0x11, 0x11, 0x11, 0x11, 0x11, 0x11, 0x11, 0x11, 0x11, 0x11, 0x11, 0x11,
  0x11, 0x11, 0x11, 0x11, 0x11, 0x11, 0x11, 0x11, 0x11, 0x11, 0x11, 0x22, 0x00, 0x00, 0x00, 0x00,
  0x00, 0x00, 0x00, 0x00, 0x00, 0x00, 0x00, 0x08, 0x08, 0x88, 0x80, 0x00, 0x00, 0x08, 0x88, 0x00,
  0x00, 0x88, 0x08, 0x88, 0x88, 0x88, 0x88, 0x88, 0x88, 0x88, 0x88, 0x80, 0x08, 0x00, 0x08, 0x88,
  0x80, 0x88, 0x88, 0x80, 0x00, 0x08, 0x88, 0x88, 0x88, 0x80, 0x08, 0x88, 0x80, 0x88, 0x88, 0x88,
  0x88, 0x88, 0x88, 0x88, 0x88, 0x88, 0x88, 0x88, 0x88, 0x88, 0x88, 0x88, 0x88, 0x88, 0x88, 0x88,
  0x88, 0x88, 0x88, 0x88, 0x88, 0x88, 0x88, 0x88, 0x88, 0x88, 0x88, 0x88, 0x88, 0x88, 0x88, 0x88,
  0x88, 0x88, 0x00, 0x00, 0x00, 0x00, 0x00, 0x00, 0x00, 0x00, 0x00, 0x00, 0x00, 0x00, 0x02, 0x00,
  0x21, 0x11, 0x11, 0x11, 0x11, 0x11, 0x11, 0x11, 0x11, 0x11, 0x11, 0x11, 0x11, 0x11, 0x11, 0x11,
  0x11, 0x11, 0x11, 0x11, 0x11, 0x11, 0x11, 0x11, 0x11, 0x11, 0x11, 0x11, 0x11, 0x11, 0x11, 0x11,
  0x11, 0x11, 0x11, 0x11, 0x11, 0x11, 0x11, 0x10, 0x11, 0x11, 0x11, 0x11, 0x11, 0x11, 0x11, 0x11,
  0x11, 0x11, 0x11, 0x11, 0x11, 0x11, 0x11, 0x11, 0x11, 0x11, 0x11, 0x11, 0x11, 0x11, 0x11, 0x11,
  0x11, 0x11, 0x11, 0x11, 0x11, 0x11, 0x11, 0x11, 0x11, 0x11, 0x11, 0x11, 0x11, 0x12, 0x11, 0x20,
  0x00, 0x00, 0x00, 0x00, 0x00, 0x00, 0x00, 0x00, 0x88, 0x88, 0x88, 0x88, 0x08, 0x08, 0x80, 0x00,
  0x00, 0x00, 0x80, 0x00, 0x00, 0x88, 0x08, 0x88, 0x88, 0x88, 0x88, 0x88, 0x88, 0x88, 0x88, 0x88,
  0x00, 0x88, 0x88, 0x88, 0x88, 0x88, 0x88, 0x80, 0x00, 0x08, 0x80, 0x88, 0x88, 0x88, 0x88, 0x88,
  0x80, 0x88, 0x88, 0x88, 0x88, 0x88, 0x88, 0x88, 0x88, 0x88, 0x88, 0x88, 0x88, 0x88, 0x88, 0x88,
  0x88, 0x88, 0x88, 0x88, 0x88, 0x88, 0x88, 0x88, 0x88, 0x88, 0x88, 0x88, 0x88, 0x88, 0x88, 0x88,
  0x88, 0x88, 0x88, 0x88, 0x88, 0x88, 0x00, 0x00, 0x00, 0x00, 0x00, 0x00, 0x00, 0x00, 0x00, 0x00,
  0x00, 0x00, 0x02, 0x00, 0x00, 0x11, 0x11, 0x11, 0x11, 0x11, 0x11, 0x11, 0x11, 0x11, 0x11, 0x11,
  0x11, 0x11, 0x11, 0x11, 0x11, 0x11, 0x11, 0x11, 0x11, 0x11, 0x11, 0x11, 0x11, 0x11, 0x11, 0x11,
  0x11, 0x11, 0x11, 0x11, 0x11, 0x11, 0x11, 0x11, 0x11, 0x11, 0x11, 0x10, 0x11, 0x11, 0x11, 0x11,
  0x11, 0x11, 0x11, 0x11, 0x11, 0x11, 0x11, 0x11, 0x11, 0x11, 0x11, 0x11, 0x11, 0x11, 0x11, 0x11,
  0x11, 0x11, 0x11, 0x11, 0x11, 0x11, 0x11, 0x11, 0x11, 0x11, 0x11, 0x11, 0x11, 0x11, 0x11, 0x11,
  0x11, 0x12, 0x22, 0x00, 0x00, 0x00, 0x00, 0x00, 0x00, 0x00, 0x08, 0x88, 0x88, 0x88, 0x88, 0x88,
  0x88, 0x80, 0x80, 0x00, 0x08, 0x00, 0x00, 0x08, 0x80, 0x88, 0x88, 0x88, 0x88, 0x88, 0x88, 0x88,
  0x88, 0x80, 0x00, 0x88, 0x00, 0x00, 0x00, 0x00, 0x00, 0x00, 0x00, 0x00, 0x00, 0x88, 0x88, 0x88,
  0x80, 0x08, 0x88, 0x88, 0x88, 0x88, 0x88, 0x88, 0x88, 0x88, 0x88, 0x88, 0x88, 0x88, 0x88, 0x88,
  0x88, 0x88, 0x88, 0x88, 0x88, 0x88, 0x88, 0x88, 0x88, 0x88, 0x88, 0x08, 0x88, 0x88, 0x88, 0x08,
  0x88, 0x88, 0x88, 0x88, 0x88, 0x88, 0x88, 0x88, 0x88, 0x88, 0x88, 0x88, 0x88, 0x88, 0x88, 0x00,
  0x00, 0x00, 0x00, 0x00, 0x00, 0x00, 0x00, 0x00, 0x22, 0x11, 0x11, 0x11, 0x11, 0x11, 0x11, 0x11,
  0x11, 0x11, 0x11, 0x11, 0x11, 0x11, 0x11, 0x11, 0x11, 0x11, 0x11, 0x11, 0x11, 0x11, 0x11, 0x11,
  0x11, 0x11, 0x11, 0x11, 0x11, 0x11, 0x11, 0x11, 0x11, 0x11, 0x11, 0x11, 0x11, 0x11, 0x11, 0x10,
  0x11, 0x11, 0x11, 0x11, 0x11, 0x11, 0x11, 0x11, 0x11, 0x11, 0x11, 0x11, 0x11, 0x11, 0x11, 0x11,
  0x11, 0x11, 0x11, 0x11, 0x11, 0x11, 0x11, 0x11, 0x11, 0x11, 0x11, 0x11, 0x11, 0x11, 0x11, 0x11,
  0x11, 0x11, 0x11, 0x11, 0x10, 0x00, 0x22, 0x00, 0x00, 0x00, 0x00, 0x00, 0x00, 0x00, 0x08, 0x88,
  0x88, 0x88, 0x88, 0x88, 0x88, 0x80, 0x80, 0x00, 0x00, 0x00, 0x00, 0x08, 0x88, 0x88, 0x88, 0x88,
  0x88, 0x88, 0x88, 0x88, 0x88, 0x80, 0x00, 0x88, 0x00, 0x00, 0x00, 0x00, 0x00, 0x88, 0x00, 0x00,
  0x00, 0x88, 0x88, 0x88, 0x80, 0x00, 0x08, 0x88, 0x88, 0x88, 0x88, 0x88, 0x88, 0x88, 0x88, 0x88,
  0x88, 0x88, 0x88, 0x88, 0x88, 0x88, 0x88, 0x88, 0x88, 0x88, 0x88, 0x88, 0x88, 0x88, 0x88, 0x88,
  0x88, 0x88, 0x88, 0x08, 0x88, 0x88, 0x88, 0x88, 0x88, 0x88, 0x88, 0x88, 0x88, 0x88, 0x88, 0x88,
  0x88, 0x80, 0x80, 0x00, 0x00, 0x00, 0x00, 0x00, 0x00, 0x00, 0x00, 0x00, 0x00, 0x02, 0x00, 0x11,
  0x11, 0x11, 0x11, 0x11, 0x11, 0x11, 0x11, 0x11, 0x11, 0x11, 0x11, 0x11, 0x11, 0x11, 0x11, 0x11,
  0x11, 0x11, 0x11, 0x11, 0x11, 0x11, 0x11, 0x11, 0x11, 0x11, 0x11, 0x11, 0x11, 0x11, 0x11, 0x11,
  0x11, 0x11, 0x11, 0x10, 0x11, 0x11, 0x11, 0x11, 0x11, 0x11, 0x11, 0x11, 0x11, 0x11, 0x11, 0x11,
  0x11, 0x11, 0x11, 0x11, 0x11, 0x11, 0x11, 0x11, 0x11, 0x11, 0x11, 0x11, 0x11, 0x11, 0x11, 0x11,
  0x11, 0x11, 0x11, 0x11, 0x11, 0x11, 0x12, 0x00, 0x00, 0x00, 0x20, 0x00, 0x00, 0x00, 0x00, 0x00,
  0x00, 0x88, 0x88, 0x88, 0x88, 0x88, 0x88, 0x88, 0x88, 0x80, 0x88, 0x88, 0x80, 0x00, 0x00, 0x08,
  0x88, 0x88, 0x88, 0x88, 0x88, 0x88, 0x88, 0x88, 0x88, 0x88, 0x88, 0x88, 0x00, 0x00, 0x00, 0x00,
  0x08, 0x88, 0x00, 0x08, 0x00, 0x88, 0x88, 0x88, 0x80, 0x00, 0x08, 0x88, 0x88, 0x88, 0x88, 0x80,
  0x88, 0x88, 0x88, 0x88, 0x88, 0x88, 0x88, 0x88, 0x88, 0x88, 0x88, 0x88, 0x88, 0x88, 0x88, 0x88,
  0x88, 0x88, 0x88, 0x88, 0x88, 0x88, 0x88, 0x88, 0x88, 0x88, 0x88, 0x88, 0x88, 0x88, 0x88, 0x88,
  0x88, 0x88, 0x88, 0x88, 0x88, 0x80, 0x80, 0x00, 0x00, 0x00, 0x00, 0x00, 0x00, 0x00, 0x00, 0x00,
  0x00, 0x02, 0x00, 0x11, 0x11, 0x11, 0x11, 0x11, 0x11, 0x11, 0x11, 0x11, 0x11, 0x11, 0x11, 0x11,
  0x11, 0x11, 0x11, 0x11, 0x11, 0x11, 0x11, 0x11, 0x11, 0x11, 0x11, 0x11, 0x11, 0x11, 0x11, 0x11,
  0x11, 0x11, 0x11, 0x11, 0x11, 0x11, 0x11, 0x10, 0x11, 0x11, 0x11, 0x11, 0x11, 0x11, 0x11, 0x11,
  0x11, 0x11, 0x11, 0x11, 0x11, 0x11, 0x11, 0x11, 0x11, 0x11, 0x11, 0x11, 0x11, 0x11, 0x11, 0x11,
  0x11, 0x11, 0x11, 0x11, 0x11, 0x11, 0x11, 0x11, 0x11, 0x11, 0x10, 0x00, 0x00, 0x00, 0x00, 0x00,
  0x00, 0x00, 0x00, 0x00, 0x08, 0x88, 0x88, 0x84, 0x88, 0x88, 0x88, 0x88, 0x88, 0x80, 0x88, 0x88,
  0x80, 0x00, 0x00, 0x00, 0x08, 0x88, 0x88, 0x88, 0x88, 0x80, 0x80, 0x08, 0x88, 0x88, 0x88, 0x88,
  0x00, 0x00, 0x00, 0x00, 0x00, 0x08, 0x88, 0x88, 0x08, 0x88, 0x88, 0x88, 0x80, 0x00, 0x08, 0x88,
  0x88, 0x88, 0x88, 0x88, 0x88, 0x88, 0x88, 0x88, 0x88, 0x88, 0x88, 0x88, 0x88, 0x88, 0x88, 0x88,
  0x88, 0x88, 0x88, 0x88, 0x08, 0x88, 0x88, 0x88, 0x88, 0x88, 0x88, 0x88, 0x88, 0x88, 0x88, 0x88,
  0x88, 0x88, 0x88, 0x88, 0x88, 0x88, 0x88, 0x88, 0x88, 0x88, 0x88, 0x80, 0x00, 0x00, 0x00, 0x00,
  0x00, 0x00, 0x00, 0x00, 0x00, 0x00, 0x00, 0x22, 0x00, 0x11, 0x11, 0x11, 0x11, 0x11, 0x11, 0x11,
  0x11, 0x11, 0x11, 0x11, 0x11, 0x11, 0x11, 0x11, 0x11, 0x11, 0x11, 0x11, 0x11, 0x11, 0x11, 0x11,
  0x11, 0x11, 0x11, 0x11, 0x11, 0x11, 0x11, 0x11, 0x11, 0x11, 0x11, 0x10, 0x11, 0x11, 0x11, 0x11,
  0x11, 0x11, 0x11, 0x11, 0x11, 0x11, 0x11, 0x11, 0x11, 0x11, 0x11, 0x11, 0x11, 0x11, 0x11, 0x11,
  0x11, 0x11, 0x11, 0x11, 0x11, 0x11, 0x11, 0x11, 0x11, 0x11, 0x11, 0x11, 0x11, 0x11, 0x10, 0x20,
  0x02, 0x22, 0x00, 0x00, 0x00, 0x00, 0x00, 0x00, 0x08, 0x88, 0x88, 0x88, 0x48, 0x88, 0x88, 0x88,
  0x80, 0x80, 0x08, 0x88, 0x88, 0x88, 0x88, 0x88, 0x88, 0x88, 0x88, 0x88, 0x88, 0x00, 0x08, 0x80,
  0x88, 0x00, 0x00, 0x08, 0x88, 0x00, 0x88, 0x00, 0x88, 0x88, 0x88, 0x88, 0x88, 0x88, 0x88, 0x88,
  0x88, 0x88, 0x88, 0x88, 0x88, 0x88, 0x88, 0x88, 0x88, 0x88, 0x88, 0x88, 0x88, 0x88, 0x88, 0x88,
  0x88, 0x88, 0x88, 0x88, 0x88, 0x88, 0x88, 0x88, 0x88, 0x88, 0x88, 0x88, 0x88, 0x88, 0x80, 0x88,
  0x88, 0x80, 0x08, 0x88, 0x88, 0x88, 0x88, 0x88, 0x88, 0x88, 0x88, 0x88, 0x48, 0x88, 0x88, 0x88,
  0x00, 0x08, 0x00, 0x00, 0x00, 0x00, 0x00, 0x00, 0x00, 0x00, 0x00, 0x22, 0x00, 0x01, 0x11, 0x11,
  0x11, 0x11, 0x11, 0x11, 0x11, 0x11, 0x11, 0x11, 0x11, 0x11, 0x11, 0x11, 0x11, 0x11, 0x11, 0x11,
  0x11, 0x11, 0x11, 0x11, 0x11, 0x11, 0x11, 0x11, 0x11, 0x11, 0x11, 0x11, 0x11, 0x11, 0x11, 0x10,
  0x11, 0x11, 0x11, 0x11, 0x11, 0x11, 0x11, 0x11, 0x11, 0x11, 0x11, 0x11, 0x11, 0x11, 0x11, 0x11,
  0x11, 0x11, 0x11, 0x11, 0x11, 0x11, 0x11, 0x11, 0x11, 0x11, 0x11, 0x11, 0x11, 0x11, 0x11, 0x11,
  0x11, 0x22, 0x22, 0x00, 0x00, 0x00, 0x00, 0x00, 0x00, 0x00, 0x00, 0x00, 0x08, 0x88, 0x88, 0x88,
  0x88, 0x88, 0x88, 0x88, 0x88, 0x80, 0x88, 0x88, 0x88, 0x88, 0x88, 0x88, 0x88, 0x88, 0x88, 0x88,
  0x88, 0x00, 0x88, 0x88, 0x88, 0x08, 0x88, 0x88, 0x88, 0x00, 0x80, 0x00, 0x08, 0x88, 0x88, 0x88,
  0x88, 0x88, 0x88, 0x88, 0x88, 0x88, 0x88, 0x88, 0x88, 0x88, 0x88, 0x88, 0x88, 0x88, 0x88, 0x88,
  0x88, 0x88, 0x88, 0x88, 0x88, 0x88, 0x88, 0x88, 0x88, 0x88, 0x88, 0x88, 0x88, 0x88, 0x88, 0x88,
  0x88, 0x88, 0x88, 0x88, 0x88, 0x08, 0x88, 0x88, 0x88, 0x88, 0x88, 0x88, 0x88, 0x88, 0x88, 0x88,
  0x88, 0x88, 0x88, 0x88, 0x00, 0x00, 0x00, 0x00, 0x00, 0x00, 0x00, 0x00, 0x00, 0x00, 0x00, 0x00,
  0x00, 0x01, 0x11, 0x11, 0x11, 0x11, 0x11, 0x11, 0x11, 0x11, 0x11, 0x11, 0x11, 0x11, 0x11, 0x11,
  0x11, 0x11, 0x11, 0x11, 0x11, 0x11, 0x11, 0x11, 0x11, 0x11, 0x11, 0x11, 0x11, 0x11, 0x11, 0x11,
  0x11, 0x11, 0x11, 0x10, 0x11, 0x11, 0x11, 0x11, 0x11, 0x11, 0x11, 0x11, 0x11, 0x11, 0x11, 0x11,
  0x11, 0x11, 0x11, 0x11, 0x11, 0x11, 0x11, 0x11, 0x11, 0x11, 0x11, 0x11, 0x11, 0x11, 0x11, 0x11,
  0x11, 0x11, 0x11, 0x11, 0x12, 0x00, 0x22, 0x00, 0x00, 0x00, 0x00, 0x00, 0x00, 0x00, 0x08, 0x00,
  0x08, 0x88, 0x88, 0x88, 0x88, 0x88, 0x88, 0x88, 0x88, 0x88, 0x88, 0x88, 0x88, 0x88, 0x88, 0x88,
  0x88, 0x88, 0x88, 0x88, 0x88, 0x88, 0x88, 0x88, 0x88, 0x08, 0x88, 0x88, 0x88, 0x00, 0x80, 0x88,
  0x08, 0x88, 0x88, 0x88, 0x88, 0x88, 0x88, 0x88, 0x88, 0x88, 0x88, 0x88, 0x88, 0x88, 0x88, 0x88,
  0x88, 0x88, 0x88, 0x88, 0x88, 0x88, 0x88, 0x88, 0x88, 0x88, 0x88, 0x88, 0x88, 0x88, 0x88, 0x88,
  0x88, 0x88, 0x88, 0x88, 0x88, 0x88, 0x88, 0x88, 0x88, 0x08, 0x88, 0x88, 0x88, 0x88, 0x88, 0x88,
  0x88, 0x88, 0x88, 0x88, 0x88, 0x88, 0x88, 0x88, 0x00, 0x00, 0x00, 0x00, 0x00, 0x00, 0x00, 0x00,
  0x00, 0x00, 0x02, 0x00, 0x20, 0x01, 0x11, 0x11, 0x11, 0x11, 0x11, 0x11, 0x11, 0x11, 0x11, 0x11,
  0x11, 0x11, 0x11, 0x11, 0x11, 0x11, 0x11, 0x11, 0x11, 0x11, 0x11, 0x11, 0x11, 0x11, 0x11, 0x11,
  0x11, 0x11, 0x11, 0x11, 0x11, 0x11, 0x11, 0x10, 0x11, 0x11, 0x11, 0x11, 0x11, 0x11, 0x11, 0x11,
  0x11, 0x11, 0x11, 0x11, 0x11, 0x11, 0x11, 0x11, 0x11, 0x11, 0x11, 0x11, 0x11, 0x11, 0x11, 0x11,
  0x11, 0x11, 0x11, 0x11, 0x11, 0x11, 0x11, 0x01, 0x22, 0x00, 0x00, 0x00, 0x02, 0x00, 0x00, 0x00,
  0x00, 0x00, 0x00, 0x88, 0x88, 0x88, 0x88, 0x88, 0x88, 0x88, 0x88, 0x88, 0x88, 0x80, 0x80, 0x00,
  0x88, 0x88, 0x88, 0x88, 0x88, 0x88, 0x88, 0x08, 0x88, 0x88, 0x88, 0x88, 0x88, 0x88, 0x00, 0x88,
  0x88, 0x08, 0x80, 0x88, 0x00, 0x00, 0x88, 0x88, 0x88, 0x88, 0x88, 0x88, 0x88, 0x88, 0x88, 0x88,
  0x88, 0x88, 0x88, 0x88, 0x88, 0x88, 0x88, 0x88, 0x88, 0x88, 0x88, 0x88, 0x88, 0x88, 0x88, 0x88,
  0x88, 0x88, 0x88, 0x88, 0x88, 0x88, 0x88, 0x88, 0x88, 0x88, 0x88, 0x88, 0x88, 0x88, 0x88, 0x84,
  0x88, 0x88, 0x88, 0x88, 0x88, 0x88, 0x88, 0x88, 0x88, 0x88, 0x88, 0x88, 0x88, 0x88, 0x80, 0x00,
  0x00, 0x00, 0x00, 0x00, 0x00, 0x00, 0x00, 0x00, 0x22, 0x20, 0x11, 0x11, 0x11, 0x11, 0x11, 0x11,
  0x11, 0x11, 0x11, 0x11, 0x11, 0x11, 0x11, 0x11, 0x11, 0x11, 0x11, 0x11, 0x11, 0x11, 0x11, 0x11,
  0x11, 0x11, 0x11, 0x11, 0x11, 0x11, 0x11, 0x11, 0x11, 0x11, 0x11, 0x10, 0x11, 0x11, 0x11, 0x11,
  0x11, 0x11, 0x11, 0x11, 0x11, 0x11, 0x11, 0x11, 0x11, 0x11, 0x11, 0x11, 0x11, 0x11, 0x11, 0x11,
  0x11, 0x11, 0x11, 0x11, 0x11, 0x11, 0x11, 0x11, 0x11, 0x11, 0x11, 0x02, 0x20, 0x00, 0x00, 0x00,
  0x00, 0x00, 0x00, 0x00, 0x00, 0x08, 0x88, 0x88, 0x88, 0x88, 0x88, 0x88, 0x88, 0x88, 0x88, 0x88,
  0x88, 0x88, 0x80, 0x00, 0x00, 0x08, 0x88, 0x88, 0x88, 0x88, 0x88, 0x88, 0x88, 0x00, 0x88, 0x88,
  0x88, 0x88, 0x88, 0x88, 0x88, 0x88, 0x80, 0x00, 0x00, 0x00, 0x88, 0x88, 0x88, 0x88, 0x88, 0x88,
  0x88, 0x88, 0x88, 0x88, 0x88, 0x88, 0x88, 0x88, 0x88, 0x88, 0x88, 0x88, 0x88, 0x88, 0x88, 0x88,
  0x88, 0x88, 0x88, 0x88, 0x88, 0x88, 0x88, 0x88, 0x88, 0x88, 0x88, 0x88, 0x88, 0x88, 0x88, 0x08,
  0x88, 0x88, 0x88, 0x88, 0x88, 0x88, 0x88, 0x88, 0x88, 0x88, 0x88, 0x88, 0x88, 0x88, 0x88, 0x88,
  0x88, 0x88, 0x80, 0x00, 0x88, 0x80, 0x00, 0x00, 0x00, 0x00, 0x02, 0x00, 0x00, 0x00, 0x21, 0x11,
  0x11, 0x11, 0x11, 0x11, 0x11, 0x11, 0x11, 0x11, 0x11, 0x11, 0x11, 0x11, 0x11, 0x11, 0x11, 0x11,
  0x11, 0x11, 0x11, 0x11, 0x11, 0x11, 0x11, 0x11, 0x11, 0x11, 0x11, 0x11, 0x11, 0x11, 0x11, 0x10,
  0x11, 0x11, 0x11, 0x11, 0x11, 0x11, 0x11, 0x11, 0x11, 0x11, 0x11, 0x11, 0x11, 0x11, 0x11, 0x11,
  0x11, 0x11, 0x11, 0x11, 0x11, 0x11, 0x11, 0x11, 0x11, 0x11, 0x11, 0x11, 0x11, 0x11, 0x11, 0x10,
  0x00, 0x00, 0x00, 0x00, 0x00, 0x00, 0x00, 0x00, 0x00, 0x08, 0x88, 0x88, 0x88, 0x88, 0x88, 0x88,
  0x88, 0x88, 0x88, 0x88, 0x88, 0x88, 0x80, 0x00, 0x00, 0x88, 0x88, 0x88, 0x88, 0x88, 0x88, 0x88,
  0x88, 0x80, 0x88, 0x88, 0x88, 0x80, 0x88, 0x08, 0x88, 0x88, 0x80, 0x00, 0x00, 0x00, 0x88, 0x80,
  0x00, 0x08, 0x88, 0x88, 0x88, 0x88, 0x88, 0x88, 0x88, 0x88, 0x88, 0x88, 0x88, 0x88, 0x88, 0x88,
  0x88, 0x88, 0x88, 0x88, 0x88, 0x88, 0x88, 0x88, 0x88, 0x88, 0x88, 0x88, 0x88, 0x88, 0x88, 0x88,
  0x88, 0x88, 0x88, 0x88, 0x88, 0x88, 0x88, 0x88, 0x88, 0x88, 0x88, 0x88, 0x88, 0x88, 0x88, 0x88,
  0x88, 0x88, 0x88, 0x88, 0x88, 0x88, 0x88, 0x88, 0x88, 0x88, 0x88, 0x80, 0x00, 0x00, 0x00, 0x00,
  0x00, 0x00, 0x00, 0x00, 0x11, 0x11, 0x11, 0x11, 0x11, 0x11, 0x11, 0x11, 0x11, 0x11, 0x11, 0x11,
  0x11, 0x11, 0x11, 0x11, 0x11, 0x11, 0x11, 0x11, 0x11, 0x11, 0x11, 0x11, 0x11, 0x11, 0x11, 0x11,
  0x11, 0x11, 0x11, 0x10, 0x11, 0x11, 0x11, 0x11, 0x11, 0x11, 0x11, 0x11, 0x11, 0x11, 0x11, 0x11,
  0x11, 0x11, 0x11, 0x11, 0x11, 0x11, 0x11, 0x11, 0x11, 0x11, 0x11, 0x11, 0x11, 0x11, 0x11, 0x11,
  0x11, 0x11, 0x11, 0x20, 0x00, 0x00, 0x00, 0x00, 0x00, 0x00, 0x00, 0x00, 0x00, 0x08, 0x88, 0x88,
  0x88, 0x88, 0x88, 0x88, 0x88, 0x88, 0x88, 0x88, 0x88, 0x88, 0x88, 0x88, 0x00, 0x88, 0x88, 0x88,
  0x88, 0x88, 0x88, 0x88, 0x08, 0x88, 0x88, 0x88, 0x88, 0x80, 0x00, 0x00, 0x00, 0x88, 0x88, 0x00,
  0x88, 0x00, 0x00, 0x00, 0x08, 0x00, 0x88, 0x88, 0x88, 0x88, 0x88, 0x88, 0x88, 0x88, 0x88, 0x88,
  0x88, 0x88, 0x88, 0x88, 0x88, 0x88, 0x88, 0x88, 0x88, 0x88, 0x88, 0x88, 0x88, 0x88, 0x88, 0x88,
  0x88, 0x88, 0x88, 0x88, 0x88, 0x88, 0x88, 0x88, 0x88, 0x88, 0x88, 0x88, 0x88, 0x88, 0x88, 0x88,
  0x88, 0x88, 0x88, 0x88, 0x88, 0x88, 0x88, 0x88, 0x88, 0x88, 0x88, 0x88, 0x88, 0x88, 0x88, 0x88,
  0x00, 0x00, 0x00, 0x00, 0x00, 0x00, 0x00, 0x22, 0x01, 0x11, 0x11, 0x11, 0x11, 0x11, 0x11, 0x11,
  0x11, 0x11, 0x11, 0x11, 0x11, 0x11, 0x11, 0x11, 0x11, 0x11, 0x11, 0x11, 0x11, 0x11, 0x11, 0x11,
  0x11, 0x11, 0x11, 0x11, 0x11, 0x11, 0x11, 0x10, 0x11, 0x11, 0x11, 0x11, 0x11, 0x11, 0x11, 0x11,
  0x11, 0x11, 0x11, 0x11, 0x11, 0x11, 0x11, 0x11, 0x11, 0x11, 0x11, 0x11, 0x11, 0x11, 0x11, 0x11,
  0x11, 0x11, 0x11, 0x11, 0x11, 0x11, 0x12, 0x00, 0x00, 0x00, 0x00, 0x00, 0x00, 0x00, 0x00, 0x00,
  0x08, 0x88, 0x88, 0x88, 0x88, 0x88, 0x88, 0x88, 0x88, 0x88, 0x88, 0x88, 0x88, 0x88, 0x08, 0x88,
  0x80, 0x80, 0x88, 0x88, 0x88, 0x88, 0x88, 0x88, 0x00, 0x88, 0x88, 0x88, 0x88, 0x80, 0x00, 0x00,
  0x00, 0x88, 0x80, 0x00, 0x08, 0x00, 0x00, 0x00, 0x08, 0x80, 0x88, 0x88, 0x08, 0x88, 0x88, 0x88,
  0x88, 0x88, 0x88, 0x88, 0x88, 0x88, 0x88, 0x88, 0x88, 0x88, 0x88, 0x88, 0x88, 0x88, 0x88, 0x88,
  0x88, 0x88, 0x88, 0x88, 0x88, 0x88, 0x88, 0x88, 0x88, 0x88, 0x88, 0x88, 0x88, 0x88, 0x88, 0x88,
  0x88, 0x88, 0x88, 0x88, 0x88, 0x88, 0x88, 0x88, 0x88, 0x88, 0x88, 0x88, 0x88, 0x88, 0x88, 0x88,
  0x88, 0x88, 0x88, 0x88, 0x88, 0x00, 0x00, 0x00, 0x00, 0x00, 0x00, 0x22, 0x00, 0x11, 0x11, 0x11,
  0x11, 0x11, 0x11, 0x11, 0x11, 0x11, 0x11, 0x11, 0x11, 0x11, 0x11, 0x11, 0x11, 0x11, 0x11, 0x11,
  0x11, 0x11, 0x11, 0x11, 0x11, 0x11, 0x11, 0x11, 0x11, 0x11, 0x11, 0x10, 0x11, 0x11, 0x11, 0x11,
  0x11, 0x11, 0x11, 0x11, 0x11, 0x11, 0x11, 0x11, 0x11, 0x11, 0x11, 0x11, 0x11, 0x11, 0x11, 0x11,
  0x11, 0x11, 0x11, 0x11, 0x11, 0x11, 0x11, 0x11, 0x11, 0x11, 0x20, 0x00, 0x00, 0x00, 0x00, 0x00,
  0x00, 0x00, 0x00, 0x00, 0x08, 0x88, 0x88, 0x88, 0x88, 0x88, 0x88, 0x88, 0x88, 0x88, 0x88, 0x88,
  0x88, 0x88, 0x88, 0x88, 0x88, 0x88, 0x88, 0x88, 0x88, 0x88, 0x88, 0x88, 0x08, 0x88, 0x88, 0x88,
  0x88, 0x80, 0x00, 0x00, 0x00, 0x88, 0x80, 0x00, 0x00, 0x08, 0x00, 0x00, 0x08, 0x80, 0x88, 0x88,
  0x08, 0x88, 0x88, 0x88, 0x88, 0x88, 0x88, 0x88, 0x88, 0x88, 0x88, 0x88, 0x88, 0x88, 0x88, 0x88,
  0x88, 0x88, 0x88, 0x88, 0x88, 0x88, 0x88, 0x88, 0x88, 0x88, 0x88, 0x88, 0x88, 0x88, 0x88, 0x88,
  0x88, 0x88, 0x88, 0x88, 0x88, 0x88, 0x88, 0x88, 0x88, 0x88, 0x88, 0x88, 0x88, 0x88, 0x88, 0x88,
  0x88, 0x88, 0x88, 0x88, 0x88, 0x88, 0x88, 0x88, 0x88, 0x00, 0x00, 0x00, 0x00, 0x00, 0x00, 0x00,
  0x00, 0x20, 0x00, 0x11, 0x11, 0x11, 0x11, 0x11, 0x11, 0x11, 0x11, 0x11, 0x11, 0x11, 0x11, 0x11,
  0x11, 0x11, 0x11, 0x11, 0x11, 0x11, 0x11, 0x11, 0x11, 0x11, 0x11, 0x11, 0x11, 0x11, 0x11, 0x10,
  0x11, 0x11, 0x11, 0x11, 0x11, 0x11, 0x11, 0x11, 0x11, 0x11, 0x11, 0x11, 0x11, 0x11, 0x11, 0x11,
  0x11, 0x11, 0x11, 0x11, 0x11, 0x11, 0x11, 0x11, 0x11, 0x11, 0x11, 0x00, 0x11, 0x00, 0x02, 0x00,
  0x00, 0x00, 0x00, 0x00, 0x00, 0x00, 0x00, 0x88, 0x88, 0x88, 0x88, 0x88, 0x88, 0x88, 0x88, 0x88,
  0x88, 0x88, 0x88, 0x88, 0x88, 0x88, 0x88, 0x88, 0x88, 0x88, 0x88, 0x88, 0x88, 0x88, 0x88, 0x88,
  0x08, 0x88, 0x88, 0x88, 0x08, 0x88, 0x00, 0x00, 0x00, 0x88, 0x80, 0x00, 0x80, 0x88, 0x00, 0x80,
  0x08, 0x80, 0x88, 0x88, 0x08, 0x88, 0x88, 0x88, 0x88, 0x88, 0x88, 0x88, 0x88, 0x88, 0x88, 0x88,
  0x88, 0x88, 0x88, 0x88, 0x88, 0x88, 0x88, 0x88, 0x88, 0x88, 0x88, 0x88, 0x88, 0x88, 0x88, 0x88,
  0x88, 0x88, 0x88, 0x88, 0x88, 0x88, 0x88, 0x88, 0x88, 0x88, 0x88, 0x88, 0x88, 0x88, 0x88, 0x88,
  0x88, 0x88, 0x88, 0x88, 0x88, 0x88, 0x88, 0x88, 0x88, 0x88, 0x88, 0x88, 0x88, 0x80, 0x00, 0x00,
  0x00, 0x00, 0x00, 0x00, 0x00, 0x02, 0x20, 0x11, 0x11, 0x11, 0x11, 0x11, 0x11, 0x11, 0x11, 0x11,
  0x11, 0x11, 0x11, 0x11, 0x11, 0x11, 0x11, 0x11, 0x11, 0x11, 0x11, 0x11, 0x11, 0x11, 0x11, 0x11,
  0x11, 0x11, 0x11, 0x10, 0x11, 0x11, 0x11, 0x11, 0x11, 0x11, 0x11, 0x11, 0x11, 0x11, 0x11, 0x11,
  0x11, 0x11, 0x11, 0x11, 0x11, 0x11, 0x11, 0x11, 0x11, 0x11, 0x11, 0x11, 0x11, 0x11, 0x11, 0x11,
  0x11, 0x20, 0x02, 0x02, 0x20, 0x00, 0x00, 0x00, 0x00, 0x00, 0x00, 0x88, 0x88, 0x88, 0x88, 0x88,
  0x88, 0x88, 0x88, 0x88, 0x88, 0x88, 0x88, 0x88, 0x88, 0x88, 0x88, 0x88, 0x88, 0x88, 0x88, 0x88,
  0x88, 0x88, 0x08, 0x88, 0x00, 0x08, 0x88, 0x88, 0x00, 0x88, 0x00, 0x80, 0x00, 0x00, 0x88, 0x88,
  0x80, 0x00, 0x00, 0x88, 0x88, 0x88, 0x88, 0x88, 0x08, 0x88, 0x88, 0x88, 0x88, 0x88, 0x88, 0x88,
  0x88, 0x88, 0x88, 0x88, 0x88, 0x88, 0x88, 0x88, 0x88, 0x88, 0x88, 0x88, 0x80, 0x88, 0x88, 0x88,
  0x88, 0x88, 0x88, 0x88, 0x88, 0x88, 0x88, 0x88, 0x88, 0x88, 0x88, 0x88, 0x88, 0x88, 0x88, 0x88,
  0x88, 0x88, 0x88, 0x88, 0x88, 0x88, 0x88, 0x88, 0x88, 0x88, 0x88, 0x88, 0x88, 0x88, 0x88, 0x88,
  0x88, 0x00, 0x00, 0x00, 0x00, 0x00, 0x00, 0x00, 0x20, 0x02, 0x20, 0x21, 0x01, 0x11, 0x11, 0x11,
  0x11, 0x11, 0x11, 0x11, 0x11, 0x11, 0x11, 0x11, 0x11, 0x11, 0x11, 0x11, 0x11, 0x11, 0x11, 0x11,
  0x11, 0x11, 0x11, 0x11, 0x11, 0x11, 0x11, 0x10, 0x11, 0x11, 0x11, 0x11, 0x11, 0x11, 0x11, 0x11,
  0x11, 0x11, 0x11, 0x11, 0x11, 0x11, 0x11, 0x11, 0x11, 0x11, 0x11, 0x11, 0x11, 0x11, 0x11, 0x11,
  0x11, 0x11, 0x11, 0x11, 0x00, 0x00, 0x02, 0x00, 0x00, 0x00, 0x00, 0x00, 0x00, 0x00, 0x08, 0x88,
  0x88, 0x88, 0x88, 0x88, 0x88, 0x88, 0x88, 0x88, 0x88, 0x88, 0x88, 0x88, 0x88, 0x88, 0x88, 0x88,
  0x88, 0x88, 0x88, 0x88, 0x88, 0x88, 0x08, 0x88, 0x00, 0x08, 0x88, 0x88, 0x88, 0x00, 0x00, 0x00,
  0x00, 0x00, 0x88, 0x88, 0x80, 0x00, 0x88, 0x00, 0x88, 0x88, 0x88, 0x88, 0x88, 0x88, 0x88, 0x88,
  0x88, 0x88, 0x88, 0x88, 0x88, 0x88, 0x88, 0x88, 0x88, 0x88, 0x88, 0x88, 0x88, 0x88, 0x88, 0x88,
  0x88, 0x88, 0x88, 0x88, 0x88, 0x88, 0x88, 0x88, 0x88, 0x88, 0x88, 0x88, 0x88, 0x88, 0x88, 0x88,
  0x88, 0x88, 0x88, 0x88, 0x88, 0x88, 0x88, 0x88, 0x88, 0x88, 0x88, 0x88, 0x88, 0x88, 0x88, 0x88,
  0x88, 0x88, 0x88, 0x88, 0x88, 0x00, 0x00, 0x00, 0x00, 0x00, 0x00, 0x00, 0x00, 0x00, 0x00, 0x21,
  0x01, 0x11, 0x11, 0x11, 0x11, 0x11, 0x11, 0x11, 0x11, 0x11, 0x11, 0x11, 0x11, 0x11, 0x11, 0x11,
  0x11, 0x11, 0x11, 0x11, 0x11, 0x11, 0x11, 0x11, 0x11, 0x11, 0x11, 0x10, 0x11, 0x11, 0x11, 0x11,
  0x11, 0x11, 0x11, 0x11, 0x11, 0x11, 0x11, 0x11, 0x11, 0x11, 0x11, 0x11, 0x11, 0x11, 0x11, 0x11,
  0x11, 0x11, 0x11, 0x11, 0x11, 0x11, 0x11, 0x00, 0x00, 0x00, 0x02, 0x00, 0x00, 0x00, 0x00, 0x00,
  0x00, 0x00, 0x08, 0x88, 0x88, 0x88, 0x88, 0x88, 0x88, 0x88, 0x88, 0x88, 0x88, 0x88, 0x88, 0x88,
  0x48, 0x88, 0x88, 0x88, 0x88, 0x88, 0x88, 0x88, 0x88, 0x88, 0x08, 0x88, 0x00, 0x08, 0x88, 0x88,
  0x88, 0x80, 0x00, 0x00, 0x00, 0x08, 0x88, 0x88, 0x80, 0x00, 0x80, 0x08, 0x88, 0x88, 0x88, 0x08,
  0x88, 0x88, 0x88, 0x88, 0x88, 0x88, 0x88, 0x88, 0x88, 0x88, 0x88, 0x88, 0x88, 0x88, 0x88, 0x88,
  0x88, 0x88, 0x88, 0x88, 0x88, 0x88, 0x88, 0x88, 0x88, 0x88, 0x88, 0x88, 0x88, 0x88, 0x88, 0x88,
  0x88, 0x88, 0x88, 0x88, 0x88, 0x88, 0x88, 0x88, 0x88, 0x88, 0x88, 0x88, 0x88, 0x88, 0x88, 0x88,
  0x88, 0x88, 0x88, 0x88, 0x88, 0x88, 0x88, 0x88, 0x88, 0x00, 0x08, 0x00, 0x00, 0x00, 0x00, 0x00,
  0x00, 0x00, 0x00, 0x21, 0x01, 0x11, 0x11, 0x11, 0x11, 0x11, 0x11, 0x11, 0x11, 0x11, 0x11, 0x11,
  0x11, 0x11, 0x11, 0x11, 0x11, 0x11, 0x11, 0x11, 0x11, 0x11, 0x11, 0x11, 0x11, 0x11, 0x11, 0x10,
  0x11, 0x11, 0x11, 0x11, 0x11, 0x11, 0x11, 0x11, 0x11, 0x11, 0x11, 0x11, 0x11, 0x11, 0x11, 0x11,
  0x11, 0x11, 0x11, 0x11, 0x11, 0x11, 0x11, 0x11, 0x11, 0x11, 0x11, 0x00, 0x00, 0x00, 0x00, 0x00,
  0x00, 0x00, 0x00, 0x00, 0x00, 0x08, 0x88, 0x88, 0x88, 0x88, 0x88, 0x00, 0x88, 0x88, 0x88, 0x88,
  0x88, 0x88, 0x88, 0x88, 0x88, 0x88, 0x88, 0x88, 0x88, 0x88, 0x88, 0x88, 0x88, 0x88, 0x88, 0x88,
  0x80, 0x08, 0x88, 0x88, 0x88, 0x80, 0x00, 0x00, 0x00, 0x88, 0x88, 0x88, 0x80, 0x08, 0x00, 0x00,
  0x00, 0x88, 0x88, 0x88, 0x08, 0x88, 0x88, 0x88, 0x88, 0x88, 0x88, 0x88, 0x88, 0x88, 0x88, 0x88,
  0x88, 0x88, 0x88, 0x88, 0x88, 0x88, 0x88, 0x88, 0x88, 0x88, 0x88, 0x88, 0x88, 0x88, 0x88, 0x88,
  0x88, 0x88, 0x88, 0x88, 0x88, 0x88, 0x88, 0x88, 0x88, 0x00, 0x00, 0x88, 0x88, 0x88, 0x88, 0x88,
  0x88, 0x88, 0x88, 0x88, 0x88, 0x88, 0x88, 0x88, 0x88, 0x88, 0x88, 0x88, 0x88, 0x88, 0x88, 0x88,
  0x00, 0x00, 0x00, 0x00, 0x00, 0x00, 0x00, 0x00, 0x11, 0x11, 0x11, 0x11, 0x11, 0x11, 0x11, 0x11,
  0x11, 0x11, 0x11, 0x11, 0x11, 0x11, 0x11, 0x11, 0x11, 0x11, 0x11, 0x11, 0x11, 0x11, 0x11, 0x11,
  0x11, 0x11, 0x11, 0x10, 0x11, 0x11, 0x11, 0x11, 0x11, 0x11, 0x11, 0x11, 0x11, 0x11, 0x11, 0x11,
  0x11, 0x11, 0x11, 0x11, 0x11, 0x11, 0x11, 0x11, 0x11, 0x11, 0x11, 0x11, 0x11, 0x11, 0x10, 0x00,
  0x02, 0x00, 0x00, 0x00, 0x00, 0x00, 0x00, 0x00, 0x00, 0x08, 0x88, 0x48, 0x88, 0x88, 0x88, 0x88,
  0x00, 0x88, 0x88, 0x88, 0x88, 0x88, 0x88, 0x88, 0x88, 0x88, 0x88, 0x88, 0x88, 0x88, 0x88, 0x88,
  0x88, 0x88, 0x88, 0x88, 0x80, 0x08, 0x88, 0x88, 0x88, 0x88, 0x88, 0x00, 0x08, 0x88, 0x88, 0x88,
  0x80, 0x88, 0x00, 0x08, 0x00, 0x88, 0x88, 0x88, 0x08, 0x88, 0x88, 0x88, 0x88, 0x88, 0x88, 0x88,
  0x88, 0x88, 0x88, 0x88, 0x88, 0x88, 0x88, 0x88, 0x88, 0x88, 0x88, 0x88, 0x88, 0x88, 0x88, 0x88,
  0x88, 0x88, 0x88, 0x88, 0x88, 0x88, 0x88, 0x88, 0x88, 0x88, 0x88, 0x88, 0x88, 0x00, 0x00, 0x88,
  0x88, 0x88, 0x88, 0x88, 0x88, 0x88, 0x88, 0x88, 0x88, 0x88, 0x88, 0x88, 0x88, 0x88, 0x88, 0x88,
  0x88, 0x88, 0x88, 0x88, 0x80, 0x00, 0x00, 0x00, 0x00, 0x00, 0x00, 0x22, 0x01, 0x11, 0x11, 0x11,
  0x11, 0x11, 0x11, 0x11, 0x11, 0x11, 0x11, 0x11, 0x11, 0x11, 0x11, 0x11, 0x11, 0x11, 0x11, 0x11,
  0x11, 0x11, 0x11, 0x11, 0x11, 0x11, 0x11, 0x10, 0x11, 0x11, 0x11, 0x11, 0x11, 0x11, 0x11, 0x11,
  0x11, 0x11, 0x11, 0x11, 0x11, 0x11, 0x11, 0x11, 0x11, 0x11, 0x11, 0x11, 0x11, 0x11, 0x11, 0x11,
  0x11, 0x11, 0x10, 0x00, 0x00, 0x00, 0x00, 0x00, 0x00, 0x00, 0x00, 0x00, 0x00, 0x08, 0x88, 0x88,
  0x88, 0x88, 0x88, 0x80, 0x00, 0x88, 0x88, 0x88, 0x88, 0x88, 0x88, 0x88, 0x88, 0x88, 0x88, 0x88,
  0x88, 0x88, 0x88, 0x88, 0x88, 0x88, 0x88, 0x88, 0x80, 0x08, 0x88, 0x88, 0x88, 0x88, 0x88, 0x00,
  0x00, 0x88, 0x88, 0x88, 0x00, 0x08, 0x00, 0x08, 0x00, 0x88, 0x88, 0x88, 0x08, 0x88, 0x88, 0x88,
  0x88, 0x88, 0x88, 0x88, 0x88, 0x88, 0x88, 0x88, 0x88, 0x88, 0x88, 0x88, 0x88, 0x88, 0x88, 0x08,
  0x88, 0x88, 0x88, 0x88, 0x88, 0x88, 0x88, 0x88, 0x88, 0x88, 0x88, 0x88, 0x88, 0x88, 0x88, 0x88,
  0x88, 0x00, 0x00, 0x88, 0x88, 0x88, 0x88, 0x88, 0x88, 0x88, 0x88, 0x88, 0x88, 0x88, 0x88, 0x88,
  0x88, 0x88, 0x88, 0x88, 0x88, 0x88, 0x88, 0x88, 0x80, 0x00, 0x00, 0x00, 0x00, 0x00, 0x00, 0x22,
  0x20, 0x01, 0x11, 0x11, 0x11, 0x11, 0x11, 0x11, 0x11, 0x11, 0x11, 0x11, 0x11, 0x11, 0x11, 0x11,
  0x11, 0x11, 0x11, 0x11, 0x11, 0x11, 0x11, 0x11, 0x11, 0x11, 0x11, 0x10, 0x11, 0x11, 0x11, 0x11,
  0x11, 0x11, 0x11, 0x11, 0x11, 0x11, 0x11, 0x11, 0x11, 0x11, 0x11, 0x11, 0x11, 0x11, 0x11, 0x11,
  0x11, 0x11, 0x11, 0x11, 0x11, 0x10, 0x00, 0x00, 0x00, 0x00, 0x00, 0x00, 0x00, 0x00, 0x00, 0x00,
  0x08, 0x88, 0x88, 0x88, 0x88, 0x88, 0x88, 0x88, 0x88, 0x88, 0x88, 0x88, 0x88, 0x88, 0x88, 0x88,
  0x88, 0x88, 0x88, 0x88, 0x88, 0x88, 0x00, 0x08, 0x88, 0x88, 0x88, 0x88, 0x88, 0x88, 0x88, 0x88,
  0x88, 0x08, 0x00, 0x80, 0x80, 0x88, 0x88, 0x88, 0x80, 0x00, 0x88, 0x88, 0x88, 0x88, 0x88, 0x88,
  0x88, 0x88, 0x88, 0x88, 0x88, 0x88, 0x88, 0x88, 0x88, 0x88, 0x88, 0x88, 0x88, 0x88, 0x88, 0x88,
  0x88, 0x88, 0x88, 0x88, 0x88, 0x88, 0x88, 0x88, 0x88, 0x88, 0x88, 0x88, 0x88, 0x88, 0x88, 0x88,
  0x88, 0x88, 0x88, 0x88, 0x88, 0x88, 0x88, 0x88, 0x88, 0x88, 0x88, 0x88, 0x88, 0x88, 0x88, 0x88,
  0x88, 0x88, 0x88, 0x88, 0x88, 0x88, 0x88, 0x88, 0x88, 0x88, 0x88, 0x88, 0x88, 0x00, 0x00, 0x00,
  0x00, 0x00, 0x00, 0x02, 0x22, 0x01, 0x11, 0x11, 0x11, 0x11, 0x11, 0x11, 0x11, 0x11, 0x11, 0x11,
  0x11, 0x11, 0x11, 0x11, 0x11, 0x11, 0x11, 0x11, 0x11, 0x11, 0x11, 0x11, 0x11, 0x11, 0x11, 0x10,
  0x11, 0x11, 0x11, 0x11, 0x11, 0x11, 0x11, 0x11, 0x11, 0x11, 0x11, 0x11, 0x11, 0x11, 0x11, 0x11,
  0x11, 0x11, 0x11, 0x11, 0x11, 0x11, 0x11, 0x11, 0x10, 0x10, 0x00, 0x00, 0x00, 0x00, 0x00, 0x00,
  0x00, 0x00, 0x00, 0x00, 0x08, 0x88, 0x88, 0x88, 0x88, 0x80, 0x00, 0x88, 0x88, 0x88, 0x88, 0x88,
  0x88, 0x88, 0x88, 0x88, 0x88, 0x88, 0x88, 0x88, 0x88, 0x88, 0x00, 0x08, 0x88, 0x88, 0x88, 0x88,
  0x88, 0x88, 0x88, 0x88, 0x88, 0x08, 0x00, 0x80, 0x88, 0x88, 0x88, 0x88, 0x88, 0x88, 0x88, 0x88,
  0x88, 0x88, 0x88, 0x88, 0x88, 0x88, 0x88, 0x88, 0x88, 0x88, 0x88, 0x88, 0x88, 0x88, 0x80, 0x88,
  0x88, 0x08, 0x88, 0x88, 0x88, 0x88, 0x88, 0x88, 0x88, 0x88, 0x88, 0x88, 0x88, 0x88, 0x88, 0x88,
  0x88, 0x88, 0x88, 0x88, 0x88, 0x88, 0x88, 0x88, 0x88, 0x88, 0x88, 0x88, 0x88, 0x88, 0x88, 0x88,
  0x88, 0x88, 0x88, 0x88, 0x88, 0x88, 0x88, 0x88, 0x88, 0x88, 0x88, 0x88, 0x88, 0x88, 0x88, 0x88,
  0x88, 0x88, 0x00, 0x00, 0x00, 0x00, 0x00, 0x00, 0x02, 0x20, 0x11, 0x11, 0x11, 0x11, 0x11, 0x11,
  0x11, 0x11, 0x11, 0x11, 0x11, 0x11, 0x11, 0x11, 0x11, 0x11, 0x11, 0x11, 0x11, 0x11, 0x11, 0x11,
  0x11, 0x11, 0x11, 0x10, 0x11, 0x11, 0x11, 0x11, 0x11, 0x11, 0x11, 0x11, 0x11, 0x11, 0x11, 0x11,
  0x11, 0x11, 0x11, 0x11, 0x11, 0x11, 0x11, 0x11, 0x11, 0x11, 0x11, 0x11, 0x12, 0x20, 0x00, 0x00,
  0x00, 0x00, 0x00, 0x00, 0x00, 0x00, 0x08, 0x88, 0x88, 0x88, 0x88, 0x88, 0x88, 0x88, 0x88, 0x88,
  0x88, 0x88, 0x88, 0x88, 0x88, 0x88, 0x88, 0x88, 0x88, 0x88, 0x88, 0x88, 0x88, 0x88, 0x00, 0x08,
  0x88, 0x88, 0x88, 0x88, 0x88, 0x88, 0x88, 0x88, 0x08, 0x88, 0x00, 0x80, 0x88, 0x88, 0x88, 0x88,
  0x88, 0x88, 0x88, 0x88, 0x88, 0x88, 0x88, 0x88, 0x88, 0x88, 0x88, 0x88, 0x88, 0x88, 0x88, 0x88,
  0x88, 0x88, 0x88, 0x88, 0x88, 0x00, 0x88, 0x88, 0x88, 0x88, 0x88, 0x00, 0x08, 0x80, 0x88, 0x88,
  0x88, 0x88, 0x88, 0x88, 0x88, 0x88, 0x88, 0x88, 0x88, 0x88, 0x88, 0x88, 0x88, 0x88, 0x88, 0x88,
  0x88, 0x88, 0x88, 0x88, 0x88, 0x88, 0x88, 0x88, 0x88, 0x88, 0x88, 0x88, 0x88, 0x88, 0x88, 0x88,
  0x88, 0x88, 0x88, 0x88, 0x08, 0x80, 0x00, 0x00, 0x00, 0x00, 0x00, 0x00, 0x02, 0x20, 0x00, 0x11,
  0x11, 0x11, 0x11, 0x11, 0x11, 0x11, 0x11, 0x11, 0x11, 0x11, 0x11, 0x11, 0x11, 0x11, 0x11, 0x11,
  0x11, 0x11, 0x11, 0x11, 0x11, 0x11, 0x11, 0x10, 0x11, 0x11, 0x11, 0x11, 0x11, 0x11, 0x11, 0x11,
  0x11, 0x11, 0x11, 0x11, 0x11, 0x11, 0x11, 0x11, 0x11, 0x11, 0x11, 0x11, 0x11, 0x11, 0x11, 0x10,
  0x22, 0x20, 0x00, 0x00, 0x00, 0x00, 0x00, 0x00, 0x00, 0x00, 0x08, 0x88, 0x88, 0x88, 0x88, 0x88,
  0x88, 0x88, 0x88, 0x88, 0x88, 0x88, 0x88, 0x88, 0x88, 0x88, 0x88, 0x88, 0x88, 0x88, 0x88, 0x88,
  0x88, 0x88, 0x00, 0x08, 0x88, 0x88, 0x88, 0x88, 0x80, 0x88, 0x88, 0x88, 0x88, 0x88, 0x00, 0x80,
  0x88, 0x88, 0x88, 0x88, 0x88, 0x88, 0x88, 0x88, 0x88, 0x88, 0x88, 0x88, 0x88, 0x88, 0x88, 0x88,
  0x88, 0x88, 0x88, 0x88, 0x88, 0x88, 0x88, 0x88, 0x88, 0x00, 0x88, 0x88, 0x88, 0x88, 0x88, 0x00,
  0x08, 0x80, 0x88, 0x88, 0x88, 0x88, 0x88, 0x88, 0x88, 0x88, 0x88, 0x88, 0x88, 0x88, 0x88, 0x88,
  0x88, 0x88, 0x88, 0x88, 0x88, 0x88, 0x88, 0x88, 0x88, 0x88, 0x88, 0x88, 0x88, 0x88, 0x88, 0x88,
  0x88, 0x88, 0x88, 0x88, 0x88, 0x88, 0x88, 0x88, 0x88, 0x08, 0x80, 0x00, 0x00, 0x00, 0x00, 0x00,
  0x02, 0x00, 0x00, 0x11, 0x11, 0x11, 0x11, 0x11, 0x11, 0x11, 0x11, 0x11, 0x11, 0x11, 0x11, 0x11,
  0x11, 0x11, 0x11, 0x11, 0x11, 0x11, 0x11, 0x11, 0x11, 0x11, 0x11, 0x10, 0x11, 0x11, 0x11, 0x11,
  0x11, 0x11, 0x11, 0x11, 0x11, 0x11, 0x11, 0x11, 0x11, 0x11, 0x11, 0x11, 0x11, 0x11, 0x11, 0x11,
  0x11, 0x11, 0x11, 0x11, 0x22, 0x20, 0x20, 0x00, 0x00, 0x00, 0x00, 0x08, 0x00, 0x88, 0x88, 0x88,
  0x88, 0x88, 0x88, 0x88, 0x88, 0x88, 0x88, 0x84, 0x88, 0x88, 0x88, 0x88, 0x88, 0x88, 0x88, 0x88,
  0x88, 0x88, 0x88, 0x88, 0x88, 0x88, 0x80, 0x08, 0x88, 0x88, 0x88, 0x88, 0x88, 0x88, 0x88, 0x88,
  0x80, 0x88, 0x88, 0x88, 0x88, 0x88, 0x88, 0x88, 0x88, 0x88, 0x88, 0x88, 0x88, 0x88, 0x88, 0x88,
  0x80, 0x88, 0x88, 0x88, 0x88, 0x88, 0x88, 0x88, 0x88, 0x88, 0x88, 0x88, 0x88, 0x88, 0x88, 0x88,
  0x88, 0x88, 0x88, 0x88, 0x88, 0x88, 0x88, 0x88, 0x88, 0x88, 0x88, 0x88, 0x88, 0x88, 0x88, 0x88,
  0x88, 0x88, 0x88, 0x88, 0x88, 0x88, 0x80, 0x88, 0x88, 0x08, 0x88, 0x88, 0x88, 0x88, 0x88, 0x88,
  0x88, 0x88, 0x88, 0x88, 0x88, 0x88, 0x88, 0x88, 0x88, 0x88, 0x88, 0x88, 0x88, 0x88, 0x88, 0x80,
  0x00, 0x00, 0x00, 0x00, 0x02, 0x00, 0x22, 0x11, 0x11, 0x11, 0x11, 0x11, 0x11, 0x11, 0x11, 0x11,
  0x11, 0x11, 0x11, 0x11, 0x11, 0x11, 0x11, 0x11, 0x11, 0x11, 0x11, 0x11, 0x11, 0x11, 0x11, 0x10,
  0x11, 0x11, 0x11, 0x11, 0x11, 0x11, 0x11, 0x11, 0x11, 0x11, 0x11, 0x11, 0x11, 0x11, 0x11, 0x11,
  0x11, 0x11, 0x11, 0x11, 0x11, 0x11, 0x11, 0x22, 0x22, 0x22, 0x00, 0x00, 0x00, 0x00, 0x00, 0x88,
  0x00, 0x88, 0x88, 0x88, 0x88, 0x88, 0x88, 0x88, 0x88, 0x88, 0x88, 0x88, 0x88, 0x88, 0x88, 0x88,
  0x88, 0x88, 0x88, 0x88, 0x88, 0x88, 0x88, 0x88, 0x88, 0x80, 0x00, 0x08, 0x88, 0x88, 0x88, 0x88,
  0x88, 0x88, 0x88, 0x48, 0x80, 0x88, 0x88, 0x80, 0x00, 0x88, 0x88, 0x88, 0x88, 0x88, 0x88, 0x88,
  0x88, 0x88, 0x88, 0x88, 0x80, 0x08, 0x88, 0x88, 0x88, 0x88, 0x88, 0x88, 0x88, 0x88, 0x88, 0x88,
  0x88, 0x88, 0x88, 0x88, 0x88, 0x88, 0x88, 0x80, 0x88, 0x88, 0x88, 0x88, 0x88, 0x88, 0x88, 0x88,
  0x88, 0x88, 0x88, 0x88, 0x88, 0x88, 0x08, 0x88, 0x88, 0x88, 0x88, 0x88, 0x80, 0x00, 0x88, 0x88,
  0x88, 0x88, 0x88, 0x88, 0x88, 0x88, 0x88, 0x88, 0x88, 0x88, 0x88, 0x88, 0x88, 0x88, 0x88, 0x88,
  0x88, 0x88, 0x88, 0x88, 0x00, 0x00, 0x00, 0x00, 0x00, 0x00, 0x00, 0x00, 0x11, 0x11, 0x11, 0x11,
  0x11, 0x11, 0x11, 0x11, 0x11, 0x11, 0x11, 0x11, 0x11, 0x11, 0x11, 0x11, 0x11, 0x11, 0x11, 0x11,
  0x11, 0x11, 0x11, 0x10, 0x11, 0x11, 0x11, 0x11, 0x11, 0x11, 0x11, 0x11, 0x11, 0x11, 0x11, 0x11,
  0x11, 0x11, 0x11, 0x11, 0x11, 0x11, 0x11, 0x11, 0x11, 0x10, 0x11, 0x20, 0x00, 0x02, 0x00, 0x00,
  0x00, 0x08, 0x08, 0x88, 0x00, 0x88, 0x88, 0x88, 0x88, 0x88, 0x88, 0x88, 0x88, 0x88, 0x88, 0x88,
  0x88, 0x88, 0x48, 0x88, 0x88, 0x88, 0x88, 0x88, 0x88, 0x88, 0x88, 0x88, 0x88, 0x88, 0x00, 0x08,
  0x00, 0x08, 0x88, 0x88, 0x88, 0x88, 0x88, 0x88, 0x80, 0x88, 0x88, 0x80, 0x00, 0x88, 0x88, 0x88,
  0x88, 0x88, 0x88, 0x88, 0x88, 0x88, 0x88, 0x80, 0x88, 0x88, 0x80, 0x00, 0x88, 0x88, 0x88, 0x88,
  0x88, 0x88, 0x88, 0x88, 0x88, 0x88, 0x88, 0x88, 0x88, 0x88, 0x88, 0x80, 0x88, 0x88, 0x88, 0x88,
  0x88, 0x88, 0x88, 0x88, 0x88, 0x88, 0x88, 0x88, 0x88, 0x88, 0x88, 0x88, 0x88, 0x88, 0x88, 0x88,
  0x88, 0x88, 0x88, 0x88, 0x88, 0x88, 0x88, 0x88, 0x88, 0x88, 0x88, 0x88, 0x88, 0x88, 0x88, 0x88,
  0x88, 0x88, 0x88, 0x88, 0x88, 0x88, 0x88, 0x88, 0x00, 0x00, 0x00, 0x00, 0x00, 0x22, 0x02, 0x00,
  0x11, 0x11, 0x11, 0x11, 0x11, 0x11, 0x11, 0x11, 0x11, 0x11, 0x11, 0x11, 0x11, 0x11, 0x11, 0x11,
  0x11, 0x11, 0x11, 0x11, 0x11, 0x11, 0x11, 0x10, 0x11, 0x11, 0x11, 0x11, 0x11, 0x11, 0x11, 0x11,
  0x11, 0x11, 0x11, 0x11, 0x11, 0x11, 0x11, 0x11, 0x11, 0x11, 0x11, 0x11, 0x11, 0x10, 0x00, 0x22,
  0x22, 0x00, 0x00, 0x00, 0x00, 0x00, 0x88, 0x88, 0x88, 0x88, 0x88, 0x88, 0x88, 0x88, 0x88, 0x88,
  0x88, 0x88, 0x88, 0x88, 0x88, 0x88, 0x88, 0x88, 0x88, 0x88, 0x88, 0x88, 0x88, 0x88, 0x88, 0x88,
  0x88, 0x88, 0x88, 0x00, 0x00, 0x08, 0x88, 0x88, 0x88, 0x88, 0x88, 0x88, 0x80, 0x00, 0x00, 0x08,
  0x88, 0x88, 0x08, 0x88, 0x88, 0x80, 0x88, 0x88, 0x88, 0x88, 0x88, 0x80, 0x88, 0x88, 0x00, 0x88,
  0x88, 0x88, 0x88, 0x88, 0x88, 0x88, 0x88, 0x88, 0x80, 0x88, 0x88, 0x88, 0x88, 0x88, 0x88, 0x08,
  0x88, 0x88, 0x88, 0x88, 0x88, 0x88, 0x88, 0x88, 0x88, 0x88, 0x88, 0x88, 0x88, 0x88, 0x88, 0x88,
  0x88, 0x88, 0x88, 0x88, 0x88, 0x80, 0x88, 0x88, 0x88, 0x88, 0x88, 0x88, 0x88, 0x88, 0x88, 0x88,
  0x88, 0x88, 0x88, 0x88, 0x88, 0x88, 0x88, 0x88, 0x88, 0x88, 0x48, 0x88, 0x88, 0x80, 0x00, 0x00,
  0x00, 0x00, 0x00, 0x21, 0x01, 0x11, 0x11, 0x11, 0x11, 0x11, 0x11, 0x11, 0x11, 0x11, 0x11, 0x11,
  0x11, 0x11, 0x11, 0x11, 0x11, 0x11, 0x11, 0x11, 0x11, 0x11, 0x11, 0x10, 0x11, 0x11, 0x11, 0x11,
  0x11, 0x11, 0x11, 0x11, 0x11, 0x11, 0x11, 0x11, 0x11, 0x11, 0x11, 0x11, 0x11, 0x11, 0x11, 0x11,
  0x11, 0x02, 0x22, 0x22, 0x20, 0x00, 0x00, 0x00, 0x00, 0x00, 0x88, 0x88, 0x88, 0x88, 0x88, 0x88,
  0x88, 0x88, 0x88, 0x88, 0x88, 0x88, 0x88, 0x88, 0x88, 0x88, 0x88, 0x88, 0x88, 0x88, 0x88, 0x88,
  0x88, 0x88, 0x88, 0x88, 0x88, 0x88, 0x88, 0x00, 0x00, 0x08, 0x88, 0x88, 0x80, 0x00, 0x88, 0x88,
  0x80, 0x00, 0x00, 0x08, 0x88, 0x88, 0x88, 0x88, 0x88, 0x88, 0x88, 0x88, 0x88, 0x88, 0x88, 0x88,
  0x88, 0x88, 0x88, 0x88, 0x88, 0x88, 0x88, 0x88, 0x88, 0x88, 0x88, 0x88, 0x88, 0x88, 0x88, 0x80,
  0x88, 0x88, 0x88, 0x08, 0x88, 0x88, 0x88, 0x88, 0x88, 0x88, 0x88, 0x88, 0x88, 0x88, 0x88, 0x88,
  0x88, 0x88, 0x88, 0x88, 0x88, 0x88, 0x88, 0x88, 0x80, 0x08, 0x88, 0x88, 0x88, 0x88, 0x88, 0x88,
  0x88, 0x88, 0x88, 0x88, 0x88, 0x88, 0x88, 0x88, 0x88, 0x88, 0x88, 0x88, 0x88, 0x88, 0x88, 0x88,
  0x88, 0x88, 0x00, 0x00, 0x00, 0x00, 0x02, 0x22, 0x01, 0x11, 0x11, 0x11, 0x11, 0x11, 0x11, 0x11,
  0x11, 0x11, 0x11, 0x11, 0x11, 0x11, 0x11, 0x11, 0x11, 0x11, 0x11, 0x11, 0x11, 0x11, 0x11, 0x10,
  0x11, 0x11, 0x11, 0x11, 0x11, 0x11, 0x11, 0x11, 0x11, 0x11, 0x11, 0x11, 0x11, 0x11, 0x11, 0x11,
  0x11, 0x11, 0x11, 0x11, 0x10, 0x00, 0x02, 0x00, 0x00, 0x00, 0x00, 0x00, 0x00, 0x00, 0x88, 0x88,
  0x88, 0x88, 0x88, 0x88, 0x88, 0x88, 0x88, 0x88, 0x88, 0x88, 0x88, 0x88, 0x88, 0x88, 0x88, 0x88,
  0x88, 0x88, 0x88, 0x88, 0x88, 0x88, 0x88, 0x88, 0x88, 0x88, 0x80, 0x00, 0x00, 0x08, 0x88, 0x88,
  0x80, 0x00, 0x88, 0x88, 0x80, 0x08, 0x88, 0x88, 0x88, 0x88, 0x88, 0x88, 0x88, 0x88, 0x88, 0x88,
  0x88, 0x88, 0x88, 0x88, 0x88, 0x88, 0x88, 0x88, 0x88, 0x88, 0x88, 0x88, 0x88, 0x88, 0x88, 0x88,
  0x88, 0x88, 0x88, 0x88, 0x88, 0x88, 0x88, 0x08, 0x88, 0x88, 0x88, 0x88, 0x88, 0x88, 0x88, 0x88,
  0x88, 0x88, 0x88, 0x88, 0x88, 0x88, 0x88, 0x80, 0x00, 0x88, 0x88, 0x88, 0x80, 0x08, 0x88, 0x88,
  0x88, 0x88, 0x88, 0x88, 0x88, 0x88, 0x88, 0x88, 0x88, 0x88, 0x88, 0x88, 0x88, 0x88, 0x88, 0x88,
  0x88, 0x88, 0x88, 0x88, 0x00, 0x00, 0x00, 0x00, 0x00, 0x00, 0x00, 0x00, 0x20, 0x21, 0x11, 0x11,
  0x11, 0x11, 0x11, 0x11, 0x11, 0x11, 0x11, 0x11, 0x11, 0x11, 0x11, 0x11, 0x11, 0x11, 0x11, 0x11,
  0x11, 0x11, 0x11, 0x10, 0x11, 0x11, 0x11, 0x11, 0x11, 0x11, 0x11, 0x11, 0x11, 0x11, 0x11, 0x11,
  0x11, 0x11, 0x11, 0x11, 0x11, 0x11, 0x11, 0x10, 0x02, 0x20, 0x00, 0x00, 0x00, 0x20, 0x00, 0x00,
  0x00, 0x00, 0x88, 0x88, 0x88, 0x88, 0x88, 0x88, 0x88, 0x88, 0x88, 0x88, 0x88, 0x88, 0x88, 0x88,
  0x88, 0x88, 0x88, 0x88, 0x88, 0x88, 0x88, 0x88, 0x88, 0x80, 0x88, 0x88, 0x88, 0x88, 0x88, 0x00,
  0x00, 0x88, 0x88, 0x88, 0x88, 0x00, 0x80, 0x88, 0x80, 0x88, 0x88, 0x88, 0x88, 0x08, 0x88, 0x88,
  0x80, 0x08, 0x88, 0x88, 0x88, 0x88, 0x88, 0x88, 0x88, 0x88, 0x00, 0x88, 0x88, 0x88, 0x88, 0x88,
  0x88, 0x88, 0x88, 0x88, 0x88, 0x88, 0x88, 0x88, 0x80, 0x08, 0x88, 0x08, 0x88, 0x88, 0x88, 0x88,
  0x88, 0x88, 0x88, 0x08, 0x88, 0x88, 0x08, 0x88, 0x88, 0x88, 0x88, 0x80, 0x00, 0x88, 0x88, 0x88,
  0x88, 0x00, 0x88, 0x88, 0x88, 0x88, 0x88, 0x88, 0x88, 0x88, 0x88, 0x80, 0x88, 0x88, 0x88, 0x88,
  0x88, 0x88, 0x88, 0x88, 0x88, 0x88, 0x88, 0x88, 0x88, 0x00, 0x00, 0x00, 0x00, 0x00, 0x00, 0x00,
  0x20, 0x21, 0x11, 0x11, 0x11, 0x11, 0x11, 0x11, 0x11, 0x11, 0x11, 0x11, 0x11, 0x11, 0x11, 0x11,
  0x11, 0x11, 0x11, 0x11, 0x11, 0x11, 0x11, 0x10, 0x11, 0x11, 0x11, 0x11, 0x11, 0x11, 0x11, 0x11,
  0x11, 0x11, 0x11, 0x11, 0x11, 0x11, 0x11, 0x11, 0x11, 0x11, 0x11, 0x11, 0x02, 0x02, 0x00, 0x00,
  0x00, 0x00, 0x00, 0x00, 0x08, 0x00, 0x88, 0x88, 0x88, 0x88, 0x88, 0x88, 0x88, 0x88, 0x88, 0x88,
  0x80, 0x08, 0x88, 0x88, 0x88, 0x88, 0x88, 0x88, 0x88, 0x88, 0x88, 0x88, 0x88, 0x80, 0x88, 0x88,
  0x88, 0x88, 0x88, 0x00, 0x08, 0x88, 0x88, 0x88, 0x88, 0x00, 0x88, 0x88, 0x88, 0x88, 0x88, 0x88,
  0x88, 0x88, 0x88, 0x88, 0x88, 0x08, 0x88, 0x88, 0x88, 0x88, 0x88, 0x88, 0x88, 0x88, 0x88, 0x88,
  0x80, 0x88, 0x88, 0x88, 0x88, 0x88, 0x88, 0x88, 0x88, 0x88, 0x88, 0x88, 0x80, 0x00, 0x88, 0x08,
  0x88, 0x88, 0x88, 0x88, 0x88, 0x88, 0x88, 0x08, 0x88, 0x88, 0x08, 0x88, 0x88, 0x88, 0x88, 0x80,
  0x00, 0x88, 0x88, 0x88, 0x88, 0x88, 0x88, 0x88, 0x88, 0x88, 0x88, 0x88, 0x88, 0x88, 0x88, 0x88,
  0x88, 0x88, 0x88, 0x88, 0x88, 0x88, 0x88, 0x88, 0x88, 0x88, 0x88, 0x88, 0x88, 0x88, 0x88, 0x00,
  0x00, 0x00, 0x00, 0x02, 0x20, 0x01, 0x11, 0x11, 0x11, 0x11, 0x11, 0x11, 0x11, 0x11, 0x11, 0x11,
  0x11, 0x11, 0x11, 0x11, 0x11, 0x11, 0x11, 0x11, 0x11, 0x11, 0x11, 0x10, 0x11, 0x11, 0x11, 0x11,
  0x11, 0x11, 0x11, 0x11, 0x11, 0x11, 0x11, 0x11, 0x11, 0x11, 0x11, 0x11, 0x11, 0x11, 0x11, 0x10,
  0x02, 0x22, 0x00, 0x00, 0x00, 0x00, 0x00, 0x00, 0x08, 0x00, 0x88, 0x88, 0x88, 0x88, 0x88, 0x88,
  0x88, 0x88, 0x88, 0x88, 0x80, 0x88, 0x88, 0x88, 0x88, 0x88, 0x88, 0x88, 0x88, 0x88, 0x88, 0x88,
  0x00, 0x88, 0x88, 0x88, 0x88, 0x88, 0x80, 0x00, 0x08, 0x88, 0x88, 0x88, 0x88, 0x88, 0x88, 0x88,
  0x88, 0x88, 0x88, 0x88, 0x88, 0x88, 0x88, 0x88, 0x88, 0x88, 0x88, 0x88, 0x88, 0x88, 0x88, 0x88,
  0x88, 0x88, 0x88, 0x88, 0x88, 0x88, 0x88, 0x88, 0x88, 0x88, 0x88, 0x88, 0x88, 0x88, 0x88, 0x88,
  0x80, 0x00, 0x88, 0x08, 0x88, 0x88, 0x88, 0x88, 0x88, 0x88, 0x88, 0x08, 0x88, 0x08, 0x88, 0x88,
  0x88, 0x88, 0x88, 0x80, 0x00, 0x88, 0x88, 0x88, 0x88, 0x88, 0x88, 0x88, 0x88, 0x88, 0x88, 0x88,
  0x88, 0x88, 0x88, 0x88, 0x88, 0x88, 0x88, 0x88, 0x88, 0x88, 0x88, 0x88, 0x88, 0x88, 0x88, 0x88,
  0x88, 0x88, 0x88, 0x00, 0x00, 0x00, 0x00, 0x00, 0x02, 0x00, 0x11, 0x11, 0x11, 0x11, 0x11, 0x11,
  0x11, 0x11, 0x11, 0x11, 0x11, 0x11, 0x11, 0x11, 0x11, 0x11, 0x11, 0x11, 0x11, 0x11, 0x11, 0x10,
  0x11, 0x11, 0x11, 0x11, 0x11, 0x11, 0x11, 0x11, 0x11, 0x11, 0x11, 0x11, 0x11, 0x11, 0x11, 0x11,
  0x11, 0x11, 0x11, 0x10, 0x02, 0x22, 0x00, 0x00, 0x00, 0x00, 0x00, 0x00, 0x08, 0x08, 0x88, 0x88,
  0x88, 0x88, 0x88, 0x88, 0x88, 0x88, 0x88, 0x88, 0x80, 0x88, 0x88, 0x88, 0x88, 0x88, 0x88, 0x88,
  0x88, 0x88, 0x88, 0x88, 0x00, 0x08, 0x88, 0x88, 0x88, 0x88, 0x88, 0x00, 0x08, 0x88, 0x88, 0x88,
  0x88, 0x88, 0x88, 0x88, 0x88, 0x88, 0x88, 0x88, 0x88, 0x88, 0x88, 0x88, 0x88, 0x88, 0x88, 0x88,
  0x88, 0x88, 0x88, 0x88, 0x88, 0x88, 0x88, 0x88, 0x88, 0x88, 0x88, 0x88, 0x88, 0x88, 0x88, 0x88,
  0x88, 0x88, 0x88, 0x88, 0x80, 0x00, 0x00, 0x08, 0x88, 0x88, 0x88, 0x88, 0x88, 0x88, 0x88, 0x88,
  0x88, 0x08, 0x88, 0x88, 0x88, 0x88, 0x88, 0x80, 0x80, 0x08, 0x88, 0x88, 0x88, 0x88, 0x88, 0x88,
  0x88, 0x88, 0x88, 0x08, 0x88, 0x88, 0x88, 0x88, 0x88, 0x88, 0x88, 0x88, 0x88, 0x88, 0x88, 0x88,
  0x88, 0x88, 0x88, 0x88, 0x88, 0x88, 0x88, 0x80, 0x00, 0x00, 0x00, 0x00, 0x02, 0x00, 0x21, 0x00,
  0x01, 0x11, 0x11, 0x11, 0x11, 0x11, 0x11, 0x11, 0x11, 0x11, 0x11, 0x11, 0x11, 0x11, 0x11, 0x11,
  0x11, 0x11, 0x11, 0x10, 0x11, 0x11, 0x11, 0x11, 0x11, 0x11, 0x11, 0x11, 0x11, 0x11, 0x11, 0x11,
  0x11, 0x11, 0x11, 0x11, 0x11, 0x11, 0x11, 0x12, 0x00, 0x00, 0x00, 0x00, 0x00, 0x00, 0x00, 0x00,
  0x00, 0x88, 0x88, 0x88, 0x88, 0x88, 0x08, 0x80, 0x88, 0x08, 0x88, 0x88, 0x88, 0x88, 0x88, 0x88,
  0x88, 0x88, 0x88, 0x88, 0x00, 0x08, 0x88, 0x88, 0x88, 0x88, 0x88, 0x88, 0x88, 0x88, 0x88, 0x80,
  0x88, 0x88, 0x88, 0x08, 0x88, 0x88, 0x88, 0x88, 0x88, 0x88, 0x88, 0x88, 0x88, 0x88, 0x88, 0x88,
  0x88, 0x88, 0x88, 0x88, 0x88, 0x88, 0x88, 0x88, 0x88, 0x80, 0x08, 0x88, 0x88, 0x88, 0x88, 0x80,
  0x88, 0x88, 0x88, 0x88, 0x88, 0x88, 0x88, 0x88, 0x88, 0x88, 0x88, 0x88, 0x08, 0x88, 0x88, 0x88,
  0x88, 0x88, 0x88, 0x88, 0x88, 0x88, 0x88, 0x88, 0x88, 0x88, 0x88, 0x88, 0x88, 0x00, 0x00, 0x00,
  0x08, 0x88, 0x88, 0x80, 0x00, 0x00, 0x80, 0x88, 0x88, 0x88, 0x88, 0x88, 0x88, 0x88, 0x88, 0x88,
  0x88, 0x88, 0x88, 0x88, 0x88, 0x88, 0x88, 0x88, 0x88, 0x88, 0x88, 0x88, 0x80, 0x00, 0x00, 0x00,
  0x00, 0x22, 0x00, 0x01, 0x11, 0x11, 0x11, 0x11, 0x11, 0x11, 0x11, 0x11, 0x11, 0x11, 0x11, 0x11,
  0x11, 0x11, 0x11, 0x11, 0x11, 0x11, 0x11, 0x10, 0x11, 0x11, 0x11, 0x11, 0x11, 0x11, 0x11, 0x11,
  0x11, 0x11, 0x11, 0x11, 0x11, 0x11, 0x11, 0x11, 0x11, 0x11, 0x12, 0x00, 0x00, 0x00, 0x00, 0x00,
  0x00, 0x00, 0x00, 0x00, 0x88, 0x88, 0x88, 0x88, 0x88, 0x88, 0x00, 0x00, 0x08, 0x08, 0x88, 0x88,
  0x88, 0x88, 0x88, 0x88, 0x00, 0x88, 0x88, 0x88, 0x00, 0x00, 0x88, 0x88, 0x88, 0x88, 0x00, 0x88,
  0x8e, 0x88, 0x88, 0x88, 0x88, 0x88, 0x88, 0x88, 0x88, 0x88, 0x88, 0x88, 0x88, 0x88, 0x88, 0x88,
  0x88, 0x88, 0x88, 0x88, 0x88, 0x88, 0x88, 0x88, 0x88, 0x88, 0x88, 0x88, 0x88, 0x80, 0x08, 0x88,
  0x88, 0x88, 0x88, 0x00, 0x88, 0x88, 0x88, 0x88, 0x88, 0x88, 0x88, 0x88, 0x88, 0x88, 0x88, 0x88,
  0x88, 0x88, 0x88, 0x88, 0x88, 0x88, 0x88, 0x88, 0x88, 0x88, 0x88, 0x88, 0x88, 0x88, 0x88, 0x80,
  0x80, 0x00, 0x00, 0x00, 0x08, 0x88, 0x88, 0x80, 0x00, 0x00, 0x00, 0x88, 0x88, 0x88, 0x88, 0x88,
  0x88, 0x08, 0x88, 0x80, 0x88, 0x88, 0x88, 0x88, 0x88, 0x88, 0x88, 0x48, 0x88, 0x88, 0x88, 0x88,
  0x80, 0x00, 0x00, 0x00, 0x20, 0x02, 0x00, 0x01, 0x11, 0x11, 0x11, 0x11, 0x11, 0x11, 0x11, 0x11,
  0x11, 0x11, 0x11, 0x11, 0x11, 0x11, 0x11, 0x11, 0x11, 0x11, 0x11, 0x10, 0x11, 0x11, 0x11, 0x11,
  0x11, 0x11, 0x11, 0x11, 0x11, 0x11, 0x11, 0x11, 0x11, 0x11, 0x11, 0x11, 0x11, 0x10, 0x00, 0x00,
  0x00, 0x00, 0x00, 0x00, 0x00, 0x00, 0x00, 0x00, 0x00, 0x88, 0x88, 0x88, 0x88, 0x88, 0x00, 0x00,
  0x08, 0x08, 0x88, 0x88, 0x88, 0x88, 0x88, 0x88, 0x88, 0x88, 0x88, 0x88, 0x00, 0x00, 0x00, 0x08,
  0x88, 0x88, 0x88, 0x88, 0x80, 0x88, 0x88, 0x88, 0x88, 0x88, 0x88, 0x88, 0x08, 0x88, 0x88, 0x88,
  0x88, 0x88, 0x88, 0x88, 0x88, 0x88, 0x88, 0x88, 0x88, 0x88, 0x88, 0x88, 0x88, 0x88, 0x88, 0x88,
  0x88, 0x80, 0x08, 0x88, 0x88, 0x88, 0x88, 0x80, 0x88, 0x88, 0x88, 0x88, 0x08, 0x88, 0x88, 0x88,
  0x88, 0x88, 0x88, 0x80, 0x88, 0x88, 0x88, 0x88, 0x88, 0x88, 0x88, 0x88, 0x88, 0x88, 0x88, 0x88,
  0x88, 0x88, 0x88, 0x88, 0x88, 0x88, 0x88, 0x00, 0x08, 0x88, 0x88, 0x80, 0x00, 0x00, 0x80, 0x88,
  0x88, 0x88, 0x88, 0x88, 0x88, 0x88, 0x88, 0x88, 0x88, 0x88, 0x88, 0x88, 0x88, 0x88, 0x88, 0x88,
  0x88, 0x88, 0x88, 0x88, 0x88, 0x00, 0x00, 0x00, 0x00, 0x22, 0x00, 0x01, 0x11, 0x11, 0x11, 0x11,
  0x11, 0x11, 0x11, 0x11, 0x11, 0x11, 0x11, 0x11, 0x11, 0x11, 0x11, 0x11, 0x11, 0x11, 0x11, 0x10,
  0x11, 0x11, 0x11, 0x11, 0x11, 0x11, 0x11, 0x11, 0x11, 0x11, 0x11, 0x11, 0x11, 0x11, 0x11, 0x11,
  0x11, 0x00, 0x00, 0x20, 0x00, 0x00, 0x00, 0x00, 0x00, 0x00, 0x00, 0x00, 0x08, 0x88, 0x88, 0x88,
  0x80, 0x88, 0x88, 0x00, 0x08, 0x80, 0x08, 0x88, 0x88, 0x08, 0x88, 0x88, 0x88, 0x88, 0x88, 0x88,
  0x08, 0x80, 0x00, 0x08, 0x88, 0x88, 0x88, 0x88, 0x88, 0x88, 0x88, 0x88, 0x88, 0x88, 0x88, 0x88,
  0x88, 0x88, 0x88, 0x88, 0x88, 0x88, 0x88, 0x88, 0x88, 0x88, 0x88, 0x88, 0x88, 0x88, 0x88, 0x88,
  0x88, 0x88, 0x88, 0x88, 0x80, 0x08, 0x88, 0x88, 0x88, 0x88, 0x88, 0x88, 0x88, 0x88, 0x88, 0x88,
  0x88, 0x88, 0x88, 0x88, 0x88, 0x88, 0x88, 0x88, 0x88, 0x88, 0x88, 0x88, 0x88, 0x88, 0x88, 0x88,
  0x88, 0x88, 0x80, 0x80, 0x88, 0x88, 0x88, 0x88, 0x88, 0x00, 0x00, 0x00, 0x08, 0x88, 0x88, 0x88,
  0x88, 0x80, 0x00, 0x88, 0x80, 0x00, 0x08, 0x88, 0x08, 0x88, 0x88, 0x88, 0x88, 0x88, 0x88, 0x88,
  0x88, 0x88, 0x88, 0x88, 0x88, 0x88, 0x88, 0x88, 0x88, 0x80, 0x00, 0x00, 0x00, 0x00, 0x00, 0x00,
  0x21, 0x11, 0x11, 0x11, 0x11, 0x11, 0x11, 0x11, 0x11, 0x11, 0x11, 0x11, 0x11, 0x11, 0x11, 0x11,
  0x11, 0x11, 0x11, 0x10, 0x11, 0x11, 0x11, 0x11, 0x11, 0x11, 0x11, 0x11, 0x11, 0x11, 0x11, 0x11,
  0x11, 0x11, 0x11, 0x11, 0x11, 0x22, 0x22, 0x00, 0x00, 0x00, 0x00, 0x00, 0x00, 0x00, 0x00, 0x00,
  0x88, 0x88, 0x88, 0x88, 0x80, 0x88, 0x00, 0x00, 0x08, 0x88, 0x08, 0x88, 0x80, 0x08, 0x88, 0x88,
  0x88, 0x88, 0x88, 0x88, 0x88, 0x80, 0x00, 0x08, 0x88, 0x88, 0x88, 0x88, 0x88, 0x88, 0x88, 0x88,
  0x88, 0x08, 0x88, 0x88, 0x88, 0x88, 0x88, 0x88, 0x88, 0x80, 0x08, 0x88, 0x88, 0x88, 0x88, 0x88,
  0x88, 0x88, 0x88, 0x88, 0x88, 0x88, 0x88, 0x88, 0x88, 0x08, 0x88, 0x88, 0x80, 0x08, 0x88, 0x88,
  0x88, 0x88, 0x88, 0x88, 0x88, 0x88, 0x88, 0x88, 0x88, 0x88, 0x88, 0x88, 0x88, 0x88, 0x88, 0x88,
  0x88, 0x88, 0x88, 0x88, 0x88, 0x88, 0x80, 0x80, 0x88, 0x88, 0x08, 0x88, 0x88, 0x00, 0x00, 0x00,
  0x08, 0x88, 0x88, 0x80, 0x88, 0x80, 0x00, 0x88, 0x88, 0x00, 0x08, 0x88, 0x08, 0x8e, 0x08, 0x08,
  0x88, 0x88, 0x88, 0x88, 0x88, 0x88, 0x88, 0x88, 0x88, 0x88, 0x88, 0x88, 0x88, 0x80, 0x00, 0x00,
  0x00, 0x00, 0x00, 0x00, 0x22, 0x11, 0x11, 0x11, 0x11, 0x11, 0x11, 0x11, 0x11, 0x11, 0x11, 0x11,
  0x11, 0x11, 0x11, 0x11, 0x11, 0x11, 0x11, 0x10, 0x11, 0x11, 0x11, 0x11, 0x11, 0x11, 0x11, 0x11,
  0x11, 0x11, 0x11, 0x11, 0x11, 0x11, 0x11, 0x11, 0x11, 0x22, 0x20, 0x00, 0x02, 0x00, 0x00, 0x00,
  0x00, 0x00, 0x00, 0x08, 0x88, 0x88, 0x88, 0x88, 0x80, 0x88, 0x88, 0x00, 0x08, 0x88, 0x08, 0x88,
  0x88, 0x08, 0x88, 0x88, 0x88, 0x00, 0x08, 0x88, 0x88, 0x80, 0x00, 0x08, 0x88, 0x88, 0x88, 0x88,
  0x88, 0x88, 0x88, 0x88, 0x88, 0x88, 0x88, 0x88, 0x88, 0x88, 0x88, 0x88, 0x88, 0x88, 0x88, 0x88,
  0x88, 0x88, 0x88, 0x88, 0x88, 0x88, 0x88, 0x88, 0x88, 0x88, 0x88, 0x88, 0x88, 0x00, 0x88, 0x88,
  0x80, 0x88, 0x88, 0x88, 0x88, 0x88, 0x88, 0x88, 0x88, 0x88, 0x88, 0x88, 0x88, 0x88, 0x88, 0x88,
  0x88, 0x88, 0x88, 0x88, 0x88, 0x88, 0x88, 0x88, 0x88, 0x88, 0x88, 0x88, 0x88, 0x88, 0x88, 0x88,
  0x88, 0x00, 0x00, 0x00, 0x00, 0x80, 0x00, 0x08, 0x88, 0x80, 0x00, 0x88, 0x88, 0x88, 0x88, 0x88,
  0x08, 0x88, 0x88, 0x88, 0x88, 0x08, 0x88, 0x88, 0x88, 0x88, 0x88, 0x88, 0x88, 0x88, 0x88, 0x88,
  0x88, 0x80, 0x80, 0x00, 0x00, 0x00, 0x00, 0x00, 0x00, 0x01, 0x11, 0x11, 0x11, 0x11, 0x11, 0x11,
  0x11, 0x11, 0x11, 0x11, 0x11, 0x11, 0x11, 0x11, 0x11, 0x11, 0x11, 0x10, 0x11, 0x11, 0x11, 0x11,
  0x11, 0x11, 0x11, 0x11, 0x11, 0x11, 0x11, 0x11, 0x11, 0x11, 0x11, 0x11, 0x11, 0x22, 0x20, 0x00,
  0x00, 0x00, 0x00, 0x00, 0x00, 0x00, 0x00, 0x88, 0x88, 0x88, 0x88, 0x88, 0x80, 0x00, 0x88, 0x00,
  0x00, 0x88, 0x08, 0x88, 0x88, 0x88, 0x88, 0x88, 0x88, 0x00, 0x08, 0x88, 0x88, 0x88, 0x88, 0x88,
  0x88, 0x88, 0x88, 0x08, 0x88, 0x88, 0x88, 0x88, 0x88, 0x88, 0x88, 0x88, 0x88, 0x88, 0x88, 0x88,
  0x88, 0x88, 0x88, 0x88, 0x88, 0x88, 0x88, 0x88, 0x88, 0x88, 0x88, 0x88, 0x88, 0x88, 0x88, 0x88,
  0x88, 0x88, 0x88, 0x88, 0x80, 0x88, 0x88, 0x88, 0x88, 0x88, 0x88, 0x88, 0x88, 0x88, 0x88, 0x88,
  0x88, 0x88, 0x88, 0x88, 0x88, 0x88, 0x88, 0x88, 0x88, 0x88, 0x88, 0x88, 0x88, 0x88, 0x88, 0x88,
  0x88, 0x88, 0x88, 0x88, 0x88, 0x88, 0x00, 0x00, 0x00, 0x00, 0x00, 0x08, 0x88, 0x80, 0x00, 0x88,
  0x88, 0x88, 0x88, 0x88, 0x08, 0x88, 0x88, 0x88, 0x88, 0x08, 0x88, 0x88, 0x88, 0x88, 0x88, 0x88,
  0x88, 0x88, 0x88, 0x88, 0x88, 0x88, 0x88, 0x00, 0x00, 0x00, 0x00, 0x00, 0x02, 0x20, 0x11, 0x11,
  0x11, 0x11, 0x11, 0x11, 0x11, 0x11, 0x11, 0x11, 0x11, 0x11, 0x11, 0x11, 0x11, 0x11, 0x11, 0x10,
  0x11, 0x11, 0x11, 0x11, 0x11, 0x11, 0x11, 0x11, 0x11, 0x11, 0x11, 0x11, 0x11, 0x11, 0x11, 0x10,
  0x12, 0x22, 0x00, 0x00, 0x00, 0x00, 0x00, 0x00, 0x00, 0x00, 0x88, 0x88, 0x88, 0x88, 0x88, 0x88,
  0x88, 0x88, 0x88, 0x00, 0x88, 0x88, 0x88, 0x88, 0x88, 0x88, 0x88, 0x80, 0x88, 0x88, 0x88, 0x88,
  0x88, 0x88, 0x88, 0x88, 0x88, 0x80, 0x88, 0x08, 0x88, 0x08, 0x88, 0x88, 0x88, 0x88, 0x88, 0x88,
  0x88, 0x88, 0x88, 0x88, 0x88, 0x88, 0x88, 0x88, 0x88, 0x88, 0x88, 0x88, 0x88, 0x88, 0x88, 0x88,
  0x88, 0x88, 0x88, 0x08, 0x88, 0x88, 0x88, 0x88, 0x80, 0x88, 0x88, 0x88, 0x88, 0x88, 0x88, 0x88,
  0x88, 0x88, 0x88, 0x88, 0x88, 0x88, 0x88, 0x88, 0x88, 0x88, 0x88, 0x88, 0x88, 0x88, 0x88, 0x88,
  0x88, 0x88, 0x88, 0x88, 0x88, 0x88, 0x88, 0x88, 0x88, 0x88, 0x80, 0x00, 0x08, 0x08, 0x80, 0x08,
  0x88, 0x88, 0x88, 0x88, 0x08, 0x88, 0x80, 0x00, 0x08, 0x88, 0x88, 0x88, 0x88, 0x88, 0x88, 0x88,
  0x88, 0x88, 0x88, 0x88, 0x88, 0x88, 0x88, 0x88, 0x88, 0x88, 0x88, 0x80, 0x00, 0x00, 0x00, 0x00,
  0x02, 0x20, 0x11, 0x11, 0x11, 0x11, 0x11, 0x11, 0x11, 0x11, 0x11, 0x11, 0x11, 0x11, 0x11, 0x11,
  0x11, 0x11, 0x11, 0x10, 0x11, 0x11, 0x11, 0x11, 0x11, 0x11, 0x11, 0x11, 0x11, 0x11, 0x11, 0x11,
  0x11, 0x11, 0x11, 0x12, 0x00, 0x00, 0x00, 0x00, 0x00, 0x00, 0x00, 0x00, 0x00, 0x08, 0x88, 0x88,
  0x88, 0x88, 0x88, 0x88, 0x88, 0x88, 0x88, 0x88, 0x88, 0x88, 0x88, 0x88, 0x88, 0x88, 0x88, 0x88,
  0x88, 0x88, 0x88, 0x88, 0x88, 0x88, 0x88, 0x88, 0x88, 0x88, 0x88, 0x88, 0x88, 0x08, 0x88, 0x88,
  0x88, 0x88, 0x88, 0x88, 0x08, 0x88, 0x88, 0x88, 0x88, 0x88, 0x88, 0x88, 0x88, 0x88, 0x88, 0x88,
  0x88, 0x88, 0x88, 0x88, 0x88, 0x88, 0x88, 0x88, 0x88, 0x88, 0x88, 0x88, 0x88, 0x88, 0x88, 0x88,
  0x88, 0x88, 0x88, 0x88, 0x88, 0x88, 0x88, 0x88, 0x88, 0x88, 0x88, 0x88, 0x88, 0x88, 0x88, 0x88,
  0x88, 0x88, 0x88, 0x88, 0x88, 0x88, 0x88, 0x88, 0x88, 0x88, 0x88, 0x88, 0x88, 0x88, 0x88, 0x00,
  0x00, 0x00, 0x00, 0x08, 0x88, 0x88, 0x88, 0x88, 0x88, 0x88, 0x80, 0x00, 0x08, 0x88, 0x88, 0x88,
  0x88, 0x88, 0x88, 0x88, 0x88, 0x88, 0x88, 0x88, 0x88, 0x88, 0x88, 0x88, 0x88, 0x88, 0x88, 0x88,
  0x00, 0x00, 0x00, 0x00, 0x00, 0x00, 0x21, 0x11, 0x11, 0x11, 0x11, 0x11, 0x11, 0x11, 0x11, 0x11,
  0x11, 0x11, 0x11, 0x11, 0x11, 0x11, 0x11, 0x10, 0x11, 0x11, 0x11, 0x11, 0x11, 0x11, 0x11, 0x11,
  0x11, 0x11, 0x11, 0x11, 0x11, 0x11, 0x11, 0x12, 0x20, 0x00, 0x00, 0x00, 0x00, 0x00, 0x00, 0x00,
  0x00, 0x08, 0x88, 0x88, 0x88, 0x88, 0x88, 0x88, 0x88, 0x88, 0x88, 0x88, 0x88, 0x88, 0x88, 0x88,
  0x88, 0x88, 0x88, 0x88, 0x88, 0x88, 0x88, 0x88, 0x88, 0x88, 0x88, 0x88, 0x88, 0x88, 0x88, 0x88,
  0x08, 0x08, 0x88, 0x88, 0x88, 0x88, 0x88, 0x88, 0x08, 0x80, 0x88, 0x88, 0x88, 0x88, 0x88, 0x88,
  0x88, 0x88, 0x88, 0x88, 0x88, 0x88, 0x88, 0x88, 0x88, 0x88, 0x88, 0x80, 0x88, 0x88, 0x88, 0x88,
  0x88, 0x88, 0x88, 0x88, 0x88, 0x80, 0x88, 0x88, 0x88, 0x88, 0x88, 0x88, 0x88, 0x88, 0x88, 0x88,
  0x88, 0x88, 0x88, 0x88, 0x88, 0x88, 0x88, 0x88, 0x88, 0x88, 0x88, 0x88, 0x88, 0x88, 0x88, 0x88,
  0x88, 0x88, 0x88, 0x00, 0x00, 0x80, 0x00, 0x08, 0x88, 0x88, 0x88, 0x88, 0x88, 0x88, 0x80, 0x00,
  0x08, 0x88, 0x88, 0x88, 0x88, 0x88, 0x80, 0x88, 0x88, 0x88, 0x88, 0x88, 0x88, 0x88, 0x88, 0x88,
  0x88, 0x88, 0x88, 0x88, 0x80, 0x00, 0x00, 0x00, 0x00, 0x02, 0x00, 0x11, 0x11, 0x11, 0x11, 0x11,
  0x11, 0x11, 0x11, 0x11, 0x11, 0x11, 0x11, 0x11, 0x11, 0x11, 0x11, 0x10, 0x11, 0x11, 0x11, 0x11,
  0x11, 0x11, 0x11, 0x11, 0x11, 0x11, 0x11, 0x11, 0x11, 0x11, 0x10, 0x02, 0x22, 0x20, 0x00, 0x00,
  0x00, 0x00, 0x00, 0x00, 0x00, 0x88, 0x88, 0x88, 0x88, 0x88, 0x88, 0x88, 0x88, 0x88, 0x88, 0x88,
  0x88, 0x88, 0x88, 0x88, 0x88, 0x88, 0x88, 0x88, 0x88, 0x88, 0x88, 0x88, 0x88, 0x88, 0x88, 0x88,
  0x88, 0x08, 0x00, 0x88, 0x80, 0x08, 0x88, 0x88, 0x88, 0x88, 0x88, 0x88, 0x88, 0x88, 0x88, 0x00,
  0x88, 0x88, 0x88, 0x88, 0x88, 0x88, 0x88, 0x88, 0x88, 0x88, 0x88, 0x88, 0x80, 0x08, 0x88, 0x88,
  0x88, 0x88, 0x00, 0x88, 0x88, 0x88, 0x88, 0x88, 0x88, 0x80, 0x88, 0x80, 0x00, 0x88, 0x08, 0x88,
  0x88, 0x88, 0x88, 0x88, 0x88, 0x88, 0x88, 0x88, 0x88, 0x88, 0x88, 0x88, 0x88, 0x88, 0x88, 0x88,
  0x80, 0x88, 0x88, 0x88, 0x88, 0x88, 0x88, 0x88, 0x88, 0x00, 0x08, 0x88, 0x88, 0x00, 0x00, 0x08,
  0x88, 0x88, 0x80, 0x00, 0x88, 0x88, 0x88, 0x88, 0x88, 0x88, 0x88, 0x88, 0x88, 0x88, 0x88, 0x88,
  0x88, 0x88, 0x88, 0x88, 0x88, 0x88, 0x88, 0x88, 0x88, 0x00, 0x00, 0x00, 0x00, 0x00, 0x22, 0x22,
  0x11, 0x11, 0x11, 0x11, 0x11, 0x11, 0x11, 0x11, 0x11, 0x11, 0x11, 0x11, 0x11, 0x11, 0x11, 0x10,
  0x11, 0x11, 0x11, 0x11, 0x11, 0x11, 0x11, 0x11, 0x11, 0x11, 0x11, 0x11, 0x11, 0x11, 0x10, 0x02,
  0x00, 0x02, 0x20, 0x00, 0x00, 0x00, 0x00, 0x00, 0x00, 0x88, 0xe8, 0x88, 0x88, 0x88, 0x88, 0x88,
  0x88, 0x88, 0x88, 0x00, 0x08, 0x88, 0x88, 0x88, 0x88, 0x88, 0x88, 0x88, 0x88, 0x88, 0x88, 0x88,
  0x88, 0x88, 0x88, 0x88, 0x88, 0x00, 0x00, 0x00, 0x00, 0x88, 0x88, 0x88, 0x88, 0x88, 0x88, 0x88,
  0x88, 0x88, 0x88, 0x88, 0x88, 0x88, 0x88, 0x88, 0x88, 0x88, 0x88, 0x88, 0x88, 0x88, 0x88, 0x80,
  0x08, 0x88, 0x88, 0x88, 0x80, 0x08, 0x88, 0x88, 0x88, 0x88, 0x88, 0x88, 0x88, 0x80, 0x80, 0x88,
  0x88, 0x88, 0x88, 0x00, 0x88, 0x88, 0x88, 0x88, 0x88, 0x88, 0x88, 0x88, 0x88, 0x88, 0x88, 0x88,
  0x88, 0x88, 0x88, 0x88, 0x88, 0x88, 0x88, 0x88, 0x88, 0x88, 0x88, 0x88, 0x88, 0x88, 0x80, 0x88,
  0x88, 0x00, 0x00, 0x88, 0x88, 0x80, 0x08, 0x88, 0x88, 0x88, 0x88, 0x88, 0x88, 0x88, 0x88, 0x88,
  0x00, 0x88, 0x88, 0x88, 0x88, 0x88, 0x88, 0x88, 0x88, 0x88, 0x88, 0x88, 0x88, 0x00, 0x00, 0x00,
  0x00, 0x00, 0x00, 0x00, 0x01, 0x11, 0x11, 0x11, 0x11, 0x11, 0x11, 0x11, 0x11, 0x11, 0x11, 0x11,
  0x11, 0x11, 0x11, 0x10, 0x11, 0x11, 0x11, 0x11, 0x11, 0x11, 0x11, 0x11, 0x11, 0x11, 0x11, 0x11,
  0x11, 0x11, 0x00, 0x02, 0x20, 0x00, 0x00, 0x00, 0x00, 0x00, 0x00, 0x00, 0x00, 0x88, 0x88, 0x88,
  0x88, 0x88, 0x88, 0x88, 0x88, 0x88, 0x88, 0x88, 0x88, 0x88, 0x88, 0x88, 0x88, 0x88, 0x88, 0x88,
  0x88, 0x88, 0x88, 0x88, 0x88, 0x88, 0x88, 0x88, 0x88, 0x80, 0x00, 0x00, 0x00, 0x88, 0x88, 0x88,
  0x88, 0x88, 0x88, 0x88, 0x88, 0x88, 0x80, 0x08, 0x88, 0x88, 0x88, 0x88, 0x88, 0x88, 0x88, 0x88,
  0x88, 0x88, 0x88, 0x88, 0x80, 0x88, 0x88, 0x88, 0x88, 0x88, 0x00, 0x88, 0x88, 0x88, 0x88, 0x88,
  0x88, 0x80, 0x88, 0x80, 0x00, 0x88, 0x08, 0x88, 0x00, 0x88, 0x88, 0x88, 0x88, 0x88, 0x88, 0x88,
  0x88, 0x88, 0x88, 0x88, 0x88, 0x88, 0x88, 0x88, 0x88, 0x88, 0x88, 0x88, 0x88, 0x88, 0x88, 0x88,
  0x88, 0x88, 0x00, 0x88, 0x88, 0x00, 0x00, 0x88, 0x00, 0x88, 0x88, 0x88, 0x88, 0x88, 0x88, 0x88,
  0x88, 0x88, 0x88, 0x88, 0x88, 0x88, 0x00, 0x08, 0x88, 0x88, 0x88, 0x88, 0x88, 0x88, 0x88, 0x88,
  0x80, 0x00, 0x00, 0x00, 0x00, 0x00, 0x00, 0x22, 0x11, 0x11, 0x11, 0x11, 0x11, 0x11, 0x11, 0x11,
  0x11, 0x11, 0x11, 0x11, 0x11, 0x11, 0x11, 0x10, 0x11, 0x11, 0x11, 0x11, 0x11, 0x11, 0x11, 0x11,
  0x11, 0x11, 0x11, 0x11, 0x11, 0x11, 0x10, 0x22, 0x00, 0x20, 0x00, 0x00, 0x00, 0x00, 0x08, 0x88,
  0x88, 0x88, 0x88, 0x88, 0x88, 0x88, 0x88, 0x88, 0x88, 0x88, 0x88, 0x88, 0x80, 0x08, 0x88, 0x08,
  0x00, 0x08, 0x88, 0x80, 0x08, 0x88, 0x88, 0x88, 0x80, 0x08, 0x88, 0x88, 0x88, 0x80, 0x08, 0x00,
  0x00, 0x88, 0x88, 0x88, 0x88, 0x88, 0x88, 0x00, 0x08, 0x88, 0x88, 0x88, 0x88, 0x88, 0x00, 0x00,
  0x00, 0x08, 0x88, 0x88, 0x88, 0x88, 0x88, 0x88, 0x88, 0x88, 0x88, 0x88, 0x88, 0x88, 0x80, 0x00,
  0x88, 0x88, 0x88, 0x88, 0x88, 0x08, 0x88, 0x08, 0x88, 0x88, 0x00, 0x88, 0x00, 0x88, 0x88, 0x88,
  0x88, 0x88, 0x88, 0x88, 0x88, 0x88, 0x88, 0x88, 0x88, 0x88, 0x88, 0x88, 0x88, 0x88, 0x88, 0x88,
  0x88, 0x88, 0x88, 0x88, 0x88, 0x88, 0x88, 0x88, 0x80, 0x00, 0x00, 0x88, 0x88, 0x88, 0x88, 0x88,
  0x88, 0x88, 0x88, 0x08, 0x88, 0x88, 0x88, 0x80, 0x08, 0x88, 0x80, 0x88, 0x88, 0x88, 0x88, 0x88,
  0x88, 0x88, 0x88, 0x88, 0x80, 0x88, 0x00, 0x00, 0x02, 0x00, 0x00, 0x22, 0x11, 0x11, 0x11, 0x11,
  0x11, 0x11, 0x11, 0x11, 0x11, 0x11, 0x11, 0x11, 0x11, 0x11, 0x11, 0x10, 0x11, 0x11, 0x11, 0x11,
  0x11, 0x11, 0x11, 0x11, 0x11, 0x11, 0x11, 0x11, 0x11, 0x11, 0x10, 0x20, 0x00, 0x20, 0x00, 0x00,
  0x00, 0x00, 0x08, 0x88, 0x88, 0x88, 0x88, 0x88, 0x88, 0x88, 0x88, 0x88, 0x88, 0x88, 0x88, 0x88,
  0x80, 0x00, 0x88, 0x08, 0x00, 0x00, 0x00, 0x00, 0x08, 0x88, 0x88, 0x88, 0x88, 0x08, 0x88, 0x88,
  0x88, 0x88, 0x88, 0x00, 0x88, 0x88, 0x88, 0x88, 0x88, 0x88, 0x08, 0x00, 0x08, 0x88, 0x88, 0x88,
  0x88, 0x88, 0x00, 0x00, 0x00, 0x88, 0x88, 0x88, 0x88, 0x88, 0x88, 0x88, 0x88, 0x88, 0x88, 0x88,
  0x88, 0x88, 0x80, 0x00, 0x88, 0x88, 0x88, 0x88, 0x88, 0x08, 0x80, 0x08, 0x88, 0x88, 0x00, 0x00,
  0x00, 0x88, 0x88, 0x88, 0x88, 0x88, 0x88, 0x88, 0x88, 0x88, 0x88, 0x88, 0x88, 0x88, 0x88, 0x88,
  0x88, 0x88, 0x88, 0x88, 0x88, 0x88, 0x88, 0x88, 0x88, 0x88, 0x88, 0x80, 0x00, 0x00, 0x00, 0x88,
  0x88, 0x88, 0x88, 0x88, 0x88, 0x88, 0x88, 0x88, 0x88, 0x88, 0x88, 0x80, 0x08, 0x88, 0x88, 0x88,
  0x88, 0x88, 0x88, 0x88, 0x88, 0x88, 0x88, 0x88, 0x88, 0x88, 0x00, 0x00, 0x00, 0x00, 0x00, 0x00,
  0x21, 0x11, 0x11, 0x11, 0x11, 0x11, 0x11, 0x11, 0x11, 0x11, 0x11, 0x11, 0x11, 0x11, 0x11, 0x10,
  0x11, 0x11, 0x11, 0x11, 0x11, 0x11, 0x11, 0x11, 0x11, 0x11, 0x11, 0x11, 0x11, 0x11, 0x11, 0x00,
  0x22, 0x00, 0x20, 0x00, 0x00, 0x80, 0x00, 0x88, 0x88, 0x88, 0x88, 0x88, 0x88, 0x88, 0x88, 0x88,
  0x88, 0x88, 0x88, 0x88, 0x80, 0x00, 0x88, 0x80, 0x00, 0x00, 0x00, 0x00, 0x00, 0x88, 0x88, 0x88,
  0x88, 0x88, 0x88, 0x88, 0x88, 0x88, 0x88, 0x88, 0x88, 0x88, 0x88, 0x88, 0x88, 0x88, 0x08, 0x00,
  0x08, 0x88, 0x88, 0x88, 0x88, 0x80, 0x00, 0x00, 0x00, 0x88, 0x88, 0x88, 0x88, 0x88, 0x88, 0x88,
  0x88, 0x84, 0x88, 0x88, 0x08, 0x88, 0x80, 0x08, 0x84, 0x88, 0x88, 0x88, 0x88, 0x88, 0x08, 0x00,
  0x00, 0x00, 0x00, 0x00, 0x00, 0x00, 0x88, 0x88, 0x88, 0x88, 0x88, 0x88, 0x88, 0x88, 0x88, 0x88,
  0x88, 0x88, 0x88, 0x88, 0x88, 0x88, 0x88, 0x88, 0x88, 0x88, 0x88, 0x88, 0x88, 0x88, 0x88, 0x80,
  0x08, 0x80, 0x00, 0x88, 0x88, 0x88, 0x88, 0x88, 0x88, 0x88, 0x88, 0x88, 0x88, 0x88, 0x80, 0x08,
  0x88, 0x88, 0x88, 0x88, 0x88, 0x88, 0x88, 0x88, 0x88, 0x88, 0x88, 0x88, 0x88, 0x88, 0x00, 0x00,
  0x00, 0x00, 0x00, 0x00, 0x00, 0x11, 0x11, 0x11, 0x11, 0x11, 0x11, 0x11, 0x11, 0x11, 0x11, 0x11,
  0x11, 0x11, 0x11, 0x10, 0x11, 0x11, 0x11, 0x11, 0x11, 0x11, 0x11, 0x11, 0x11, 0x11, 0x11, 0x11,
  0x11, 0x11, 0x22, 0x00, 0x22, 0x00, 0x00, 0x00, 0x00, 0x00, 0x08, 0x88, 0x88, 0x88, 0x88, 0x88,
  0x88, 0x88, 0x88, 0x88, 0x88, 0x88, 0x88, 0x88, 0x88, 0x88, 0x88, 0x80, 0x00, 0x00, 0x00, 0x08,
  0x80, 0x88, 0x88, 0x88, 0x88, 0x88, 0x88, 0x08, 0x88, 0x08, 0x88, 0x88, 0x88, 0x88, 0x88, 0x00,
  0x88, 0x88, 0x08, 0x00, 0x08, 0x88, 0x88, 0x88, 0x88, 0x80, 0x00, 0x08, 0x00, 0x88, 0x88, 0x88,
  0x88, 0x88, 0x88, 0x88, 0x88, 0x88, 0x88, 0x88, 0x88, 0x88, 0x88, 0x88, 0x84, 0x88, 0x88, 0x08,
  0x88, 0x00, 0x08, 0x80, 0x88, 0x00, 0x80, 0x00, 0x00, 0x00, 0x88, 0x88, 0x88, 0x88, 0x88, 0x88,
  0x88, 0x88, 0x88, 0x88, 0x88, 0x88, 0x88, 0x88, 0x88, 0x88, 0x88, 0x88, 0x88, 0x88, 0x88, 0x88,
  0x88, 0x88, 0x88, 0x80, 0x08, 0x80, 0x00, 0x88, 0x88, 0x88, 0x88, 0x88, 0x88, 0x88, 0x88, 0x80,
  0x88, 0x08, 0x80, 0x08, 0x88, 0x88, 0x88, 0x88, 0x88, 0x88, 0x88, 0x88, 0x88, 0x88, 0x88, 0x88,
  0x88, 0x88, 0x00, 0x00, 0x00, 0x00, 0x00, 0x00, 0x00, 0x11, 0x11, 0x11, 0x11, 0x11, 0x11, 0x11,
  0x11, 0x11, 0x11, 0x11, 0x11, 0x11, 0x11, 0x10, 0x11, 0x11, 0x11, 0x11, 0x11, 0x11, 0x11, 0x11,
  0x11, 0x11, 0x11, 0x11, 0x11, 0x11, 0x20, 0x00, 0x00, 0x00, 0x00, 0x00, 0x00, 0x00, 0x08, 0x88,
  0x88, 0x88, 0x88, 0x88, 0x88, 0x88, 0x88, 0x88, 0x88, 0x88, 0x88, 0x88, 0x88, 0x88, 0x88, 0x88,
  0x00, 0x00, 0x00, 0x08, 0x88, 0x88, 0x80, 0x00, 0x88, 0x88, 0x00, 0x00, 0x00, 0x00, 0x08, 0x88,
  0x88, 0x00, 0x00, 0x08, 0x88, 0x88, 0x08, 0x00, 0x00, 0x00, 0x08, 0x88, 0x88, 0x80, 0x00, 0x88,
  0x88, 0x88, 0x88, 0x88, 0x88, 0x88, 0x88, 0x88, 0x88, 0x88, 0x88, 0x88, 0x88, 0x88, 0x88, 0x88,
  0x88, 0x88, 0x80, 0x08, 0x88, 0x00, 0x08, 0x88, 0x88, 0x00, 0x80, 0x00, 0x88, 0x88, 0x88, 0x88,
  0x88, 0x88, 0x88, 0x88, 0x88, 0x88, 0x88, 0x88, 0x88, 0x88, 0x88, 0x88, 0x88, 0x88, 0x88, 0x88,
  0x88, 0x88, 0x88, 0x88, 0x88, 0x88, 0x88, 0x88, 0x88, 0x80, 0x80, 0x00, 0x00, 0x00, 0x00, 0x88,
  0x88, 0x88, 0x88, 0x80, 0x88, 0x08, 0x00, 0x00, 0x00, 0x88, 0x88, 0x88, 0x88, 0x88, 0x88, 0x88,
  0x88, 0x88, 0x88, 0x88, 0x88, 0x88, 0x00, 0x00, 0x00, 0x00, 0x00, 0x00, 0x00, 0x11, 0x11, 0x11,
  0x11, 0x11, 0x11, 0x11, 0x11, 0x11, 0x11, 0x11, 0x11, 0x11, 0x11, 0x10, 0x11, 0x11, 0x11, 0x11,
  0x11, 0x11, 0x11, 0x11, 0x11, 0x11, 0x11, 0x11, 0x11, 0x11, 0x20, 0x00, 0x00, 0x00, 0x00, 0x00,
  0x00, 0x00, 0x00, 0x88, 0x88, 0x88, 0x88, 0x88, 0x88, 0x88, 0x88, 0x88, 0x88, 0x88, 0x88, 0x88,
  0x88, 0x88, 0x88, 0x88, 0x00, 0x00, 0x00, 0x88, 0x88, 0x88, 0x80, 0x00, 0x88, 0x80, 0x00, 0x00,
  0x00, 0x00, 0x08, 0x88, 0x88, 0x00, 0x00, 0x08, 0x88, 0x88, 0x08, 0x00, 0x00, 0x00, 0x08, 0x88,
  0x88, 0x88, 0x88, 0x80, 0x88, 0x88, 0x88, 0x88, 0x88, 0x88, 0x88, 0x88, 0x88, 0x80, 0x88, 0x88,
  0x88, 0x88, 0x88, 0x88, 0x88, 0x88, 0x80, 0x08, 0x88, 0x88, 0x88, 0x88, 0x88, 0x00, 0x00, 0x00,
  0x88, 0x88, 0x88, 0x88, 0x88, 0x88, 0x88, 0x88, 0x88, 0x88, 0x88, 0x88, 0x88, 0x88, 0x88, 0x88,
  0x88, 0x88, 0x88, 0x88, 0x80, 0x88, 0x88, 0x88, 0x88, 0x88, 0x88, 0x88, 0x88, 0x80, 0x80, 0x00,
  0x00, 0x00, 0x00, 0x88, 0x88, 0x88, 0x88, 0x80, 0x88, 0x00, 0x00, 0x00, 0x00, 0x88, 0x88, 0x88,
  0x88, 0x88, 0x88, 0x88, 0x88, 0x88, 0x88, 0x88, 0x88, 0x80, 0x00, 0x00, 0x00, 0x00, 0x00, 0x00,
  0x00, 0x21, 0x11, 0x11, 0x11, 0x11, 0x11, 0x11, 0x11, 0x11, 0x11, 0x11, 0x11, 0x11, 0x11, 0x10,
  0x11, 0x11, 0x11, 0x11, 0x11, 0x11, 0x11, 0x11, 0x11, 0x11, 0x11, 0x11, 0x11, 0x11, 0x22, 0x00,
  0x00, 0x00, 0x00, 0x00, 0x00, 0x00, 0x08, 0x88, 0x88, 0x88, 0x88, 0x88, 0x88, 0x88, 0x88, 0x88,
  0x88, 0x88, 0x88, 0x88, 0x88, 0x88, 0x88, 0x88, 0x80, 0x08, 0x88, 0x88, 0x88, 0x88, 0x80, 0x00,
  0x00, 0x00, 0x00, 0x80, 0x00, 0x00, 0x00, 0x88, 0x88, 0x00, 0x00, 0x08, 0x88, 0x88, 0x08, 0x80,
  0x00, 0x00, 0x00, 0x88, 0x88, 0x88, 0x88, 0x88, 0x88, 0x88, 0x88, 0x88, 0x88, 0x88, 0x88, 0x88,
  0x88, 0x88, 0x88, 0x88, 0x88, 0x88, 0x88, 0x88, 0x88, 0x88, 0x80, 0x08, 0x88, 0x88, 0x88, 0x88,
  0x88, 0x80, 0x00, 0x80, 0x88, 0x88, 0x88, 0x88, 0x88, 0x88, 0x88, 0x88, 0x88, 0x88, 0x88, 0x88,
  0x88, 0x88, 0x88, 0x88, 0x08, 0x88, 0x88, 0x88, 0x00, 0x88, 0x88, 0x88, 0x88, 0x88, 0x88, 0x88,
  0x88, 0x80, 0x80, 0x00, 0x00, 0x00, 0x00, 0x88, 0x88, 0x88, 0x88, 0x80, 0x88, 0x80, 0x88, 0x00,
  0x00, 0x88, 0x88, 0x88, 0x88, 0x88, 0x88, 0x88, 0x88, 0x88, 0x88, 0x88, 0x88, 0x80, 0x80, 0x00,
  0x00, 0x00, 0x00, 0x00, 0x00, 0x21, 0x11, 0x11, 0x11, 0x11, 0x11, 0x11, 0x11, 0x11, 0x11, 0x11,
  0x11, 0x11, 0x11, 0x10, 0x11, 0x11, 0x11, 0x11, 0x11, 0x11, 0x11, 0x11, 0x11, 0x11, 0x11, 0x11,
  0x11, 0x11, 0x22, 0x00, 0x00, 0x00, 0x00, 0x00, 0x00, 0x00, 0x88, 0x88, 0x88, 0x88, 0x88, 0x88,
  0x88, 0x88, 0x88, 0x88, 0x88, 0x88, 0x88, 0x88, 0x88, 0x00, 0x08, 0x80, 0x88, 0x88, 0x88, 0x00,
  0x88, 0x88, 0x88, 0x88, 0x08, 0x80, 0x00, 0x00, 0x00, 0x00, 0x00, 0x00, 0x00, 0x00, 0x00, 0x00,
  0x00, 0x08, 0x88, 0x80, 0x00, 0x00, 0x08, 0x88, 0x88, 0x88, 0x88, 0x88, 0x88, 0x88, 0x88, 0x88,
  0x88, 0x88, 0x88, 0x88, 0x88, 0x88, 0x88, 0x88, 0x88, 0x88, 0x88, 0x88, 0x88, 0x88, 0x88, 0x88,
  0x88, 0x88, 0x88, 0x88, 0x00, 0x00, 0x80, 0x88, 0x88, 0x88, 0x88, 0x88, 0x88, 0x88, 0x80, 0x00,
  0x88, 0x88, 0x88, 0x88, 0x88, 0x88, 0x88, 0x88, 0x88, 0x08, 0x88, 0x88, 0x88, 0x88, 0x88, 0x88,
  0x88, 0x88, 0x88, 0x88, 0x88, 0x80, 0x00, 0x00, 0x80, 0x00, 0x08, 0x80, 0x88, 0x88, 0x88, 0x88,
  0x88, 0x88, 0x88, 0x00, 0x88, 0x80, 0x88, 0x88, 0x88, 0x88, 0x88, 0x88, 0x88, 0x88, 0x88, 0x88,
  0x88, 0x88, 0x88, 0x00, 0x00, 0x00, 0x00, 0x00, 0x00, 0x00, 0x01, 0x11, 0x11, 0x11, 0x11, 0x11,
  0x11, 0x11, 0x11, 0x11, 0x11, 0x11, 0x11, 0x10, 0x11, 0x11, 0x11, 0x11, 0x11, 0x11, 0x11, 0x11,
  0x11, 0x11, 0x11, 0x11, 0x11, 0x11, 0x00, 0x00, 0x00, 0x00, 0x00, 0x00, 0x00, 0x08, 0x88, 0x88,
  0x88, 0x88, 0x88, 0x88, 0x88, 0x88, 0x88, 0x48, 0x88, 0x88, 0x88, 0x88, 0x88, 0x80, 0x08, 0x80,
  0x88, 0x08, 0x88, 0x88, 0x88, 0x88, 0x88, 0x88, 0x08, 0x80, 0x00, 0x00, 0x00, 0x00, 0x00, 0x00,
  0x00, 0x00, 0x00, 0x00, 0x00, 0x08, 0x88, 0x80, 0x00, 0x00, 0x08, 0x88, 0x88, 0x80, 0x08, 0x88,
  0x88, 0x88, 0x88, 0x88, 0x88, 0x88, 0x88, 0x8e, 0xe8, 0x88, 0x88, 0x88, 0x88, 0x88, 0x88, 0x88,
  0x88, 0x88, 0x88, 0x88, 0x88, 0x88, 0x80, 0x88, 0x80, 0x08, 0x80, 0x00, 0x00, 0x88, 0x88, 0x88,
  0x88, 0x88, 0x88, 0x88, 0x88, 0x08, 0x88, 0x88, 0x88, 0x88, 0x88, 0x88, 0x88, 0x08, 0x88, 0x08,
  0x88, 0x88, 0x88, 0x88, 0x88, 0x88, 0x88, 0x88, 0x80, 0x08, 0x88, 0x88, 0x80, 0x00, 0x08, 0x88,
  0x88, 0x80, 0x88, 0x08, 0x88, 0x88, 0x80, 0x00, 0x88, 0x88, 0x88, 0x88, 0x88, 0x88, 0x88, 0x88,
  0x88, 0x88, 0x88, 0x88, 0x88, 0x88, 0x88, 0x00, 0x00, 0x00, 0x00, 0x00, 0x00, 0x00, 0x01, 0x11,
  0x11, 0x11, 0x11, 0x11, 0x11, 0x11, 0x11, 0x11, 0x11, 0x11, 0x11, 0x10, 0x11, 0x11, 0x11, 0x11,
  0x11, 0x11, 0x11, 0x11, 0x11, 0x11, 0x11, 0x11, 0x11, 0x12, 0x20, 0x00, 0x00, 0x00, 0x00, 0x00,
  0x08, 0x88, 0x88, 0x88, 0x88, 0x88, 0x88, 0x88, 0x88, 0x88, 0x88, 0x88, 0x88, 0x88, 0x88, 0x88,
  0x88, 0x88, 0x88, 0x80, 0x88, 0x88, 0x88, 0x88, 0x88, 0x88, 0x88, 0x88, 0x88, 0x80, 0x00, 0x00,
  0x00, 0x00, 0x00, 0x00, 0x00, 0x00, 0x00, 0x00, 0x00, 0x08, 0x88, 0x80, 0x00, 0x00, 0x08, 0x88,
  0x88, 0x88, 0x88, 0x88, 0x88, 0x88, 0x88, 0x88, 0x88, 0x88, 0x88, 0x88, 0x88, 0x88, 0x88, 0x88,
  0x88, 0x88, 0x88, 0x88, 0x88, 0x88, 0x88, 0x88, 0x88, 0x88, 0x88, 0x88, 0x00, 0x00, 0x80, 0x88,
  0x88, 0x88, 0x88, 0x88, 0x88, 0x88, 0x88, 0x88, 0x88, 0x88, 0x88, 0x88, 0x88, 0x88, 0x88, 0x88,
  0x88, 0x08, 0x88, 0x88, 0x88, 0x88, 0x88, 0x88, 0x88, 0x88, 0x88, 0x88, 0x88, 0x88, 0x88, 0x88,
  0x88, 0x00, 0x00, 0x88, 0x88, 0x88, 0x88, 0x88, 0x88, 0x88, 0x88, 0x00, 0x00, 0x88, 0x88, 0x88,
  0x88, 0x88, 0x88, 0x88, 0x88, 0x88, 0x80, 0x88, 0x88, 0x88, 0x88, 0x80, 0x00, 0x00, 0x00, 0x00,
  0x00, 0x00, 0x01, 0x11, 0x11, 0x11, 0x11, 0x11, 0x11, 0x11, 0x11, 0x11, 0x11, 0x11, 0x11, 0x10,
  0x11, 0x11, 0x11, 0x11, 0x11, 0x11, 0x11, 0x11, 0x11, 0x11, 0x11, 0x11, 0x11, 0x00, 0x00, 0x00,
  0x00, 0x00, 0x00, 0x00, 0x08, 0x88, 0x88, 0x88, 0x88, 0x88, 0x88, 0x88, 0x88, 0x88, 0x88, 0x88,
  0x88, 0x88, 0x88, 0x88, 0x88, 0x88, 0x88, 0x88, 0x88, 0x88, 0x88, 0x88, 0x88, 0x88, 0x88, 0x88,
  0x88, 0x88, 0x00, 0x00, 0x00, 0x88, 0x80, 0x00, 0x08, 0x88, 0x00, 0x00, 0x00, 0x08, 0x88, 0x00,
  0x80, 0x08, 0x08, 0x08, 0x00, 0x08, 0x80, 0x08, 0x88, 0x88, 0x88, 0x88, 0x88, 0x88, 0x08, 0x88,
  0x88, 0x88, 0x88, 0x88, 0x88, 0x88, 0x88, 0x88, 0x88, 0x88, 0x88, 0x88, 0x80, 0x08, 0x88, 0x88,
  0x88, 0x88, 0x88, 0x88, 0x88, 0x88, 0x80, 0x08, 0x08, 0x88, 0x88, 0x88, 0x88, 0x88, 0x88, 0x88,
  0x88, 0x88, 0x88, 0x88, 0x88, 0x88, 0x88, 0x88, 0x88, 0x88, 0x08, 0x88, 0x88, 0x88, 0x88, 0x88,
  0x88, 0x88, 0x88, 0x88, 0x88, 0x80, 0x88, 0x88, 0x88, 0x88, 0x88, 0x88, 0x88, 0x88, 0x88, 0x88,
  0x88, 0x88, 0x88, 0x88, 0x88, 0x88, 0x88, 0x88, 0x88, 0x88, 0x88, 0x88, 0x88, 0x88, 0x88, 0x88,
  0x80, 0x00, 0x00, 0x00, 0x00, 0x00, 0x02, 0x11, 0x11, 0x11, 0x11, 0x11, 0x11, 0x11, 0x11, 0x11,
  0x11, 0x11, 0x11, 0x10, 0x11, 0x11, 0x11, 0x11, 0x11, 0x11, 0x11, 0x11, 0x11, 0x11, 0x11, 0x11,
  0x12, 0x22, 0x00, 0x00, 0x00, 0x00, 0x00, 0x00, 0x08, 0x88, 0x88, 0x88, 0x88, 0x88, 0x88, 0x88,
  0x88, 0x88, 0x88, 0x88, 0x88, 0x88, 0x88, 0x88, 0x88, 0x80, 0x88, 0x88, 0x88, 0x88, 0x88, 0x88,
  0x88, 0x88, 0x88, 0x88, 0x88, 0x88, 0x00, 0x00, 0x00, 0x88, 0x88, 0x00, 0x08, 0x88, 0x00, 0x00,
  0x00, 0x08, 0x88, 0x00, 0x80, 0x08, 0x88, 0x08, 0x00, 0x00, 0x00, 0x08, 0x88, 0x88, 0x88, 0x88,
  0x88, 0x88, 0x88, 0x88, 0x88, 0x88, 0x88, 0x88, 0x80, 0x88, 0x88, 0x88, 0x88, 0x88, 0x08, 0x88,
  0x88, 0x88, 0x88, 0x88, 0x88, 0x88, 0x88, 0x88, 0x88, 0x88, 0x80, 0x08, 0x08, 0x88, 0x88, 0x88,
  0x88, 0x88, 0x88, 0x88, 0x88, 0x88, 0x88, 0x88, 0x88, 0x88, 0x88, 0x88, 0x88, 0x88, 0x88, 0x88,
  0x88, 0x88, 0x88, 0x88, 0x88, 0x88, 0x88, 0x88, 0x88, 0x88, 0x88, 0x88, 0x88, 0x88, 0x88, 0x88,
  0x88, 0x88, 0x88, 0x88, 0x88, 0x88, 0x88, 0x88, 0x88, 0x88, 0x88, 0x88, 0x88, 0x88, 0x88, 0x88,
  0x88, 0x88, 0x88, 0x88, 0x88, 0x00, 0x00, 0x00, 0x00, 0x00, 0x02, 0x11, 0x11, 0x11, 0x11, 0x11,
  0x11, 0x11, 0x11, 0x11, 0x11, 0x11, 0x11, 0x10, 0x11, 0x11, 0x11, 0x11, 0x11, 0x11, 0x11, 0x11,
  0x11, 0x11, 0x11, 0x12, 0x20, 0x22, 0x00, 0x00, 0x00, 0x00, 0x00, 0x00, 0x08, 0x88, 0x88, 0x88,
  0x88, 0x88, 0x88, 0x88, 0x88, 0x88, 0x88, 0x88, 0x88, 0x88, 0x88, 0x88, 0x88, 0x80, 0x88, 0x88,
  0x88, 0x88, 0x88, 0x88, 0x88, 0x88, 0x88, 0x88, 0x88, 0x88, 0x00, 0x00, 0x00, 0x88, 0x88, 0x00,
  0x08, 0x88, 0x00, 0x00, 0x00, 0x08, 0x88, 0x80, 0x00, 0x00, 0x88, 0x08, 0x00, 0x00, 0x00, 0x08,
  0x88, 0x88, 0x88, 0x88, 0x88, 0x88, 0x88, 0x88, 0x88, 0x88, 0x88, 0x88, 0x88, 0x08, 0x88, 0x80,
  0x88, 0x88, 0x08, 0x88, 0x88, 0x88, 0x88, 0x88, 0x88, 0x88, 0x88, 0x88, 0x88, 0x88, 0x88, 0x88,
  0x88, 0x88, 0x88, 0x88, 0x88, 0x88, 0x88, 0x88, 0x88, 0x88, 0x88, 0x88, 0x88, 0x88, 0x88, 0x88,
  0x88, 0x88, 0x88, 0x88, 0x88, 0x88, 0x88, 0x88, 0x88, 0x88, 0x88, 0x80, 0x08, 0x88, 0x88, 0x88,
  0x88, 0x88, 0x00, 0x88, 0x88, 0x88, 0x88, 0x88, 0x88, 0x88, 0x88, 0x88, 0x88, 0x88, 0x88, 0x88,
  0x88, 0x88, 0x88, 0x80, 0x08, 0x88, 0x88, 0x88, 0x88, 0x80, 0x00, 0x00, 0x00, 0x00, 0x02, 0x11,
  0x11, 0x11, 0x11, 0x11, 0x11, 0x11, 0x11, 0x11, 0x11, 0x11, 0x11, 0x10, 0x11, 0x11, 0x11, 0x11,
  0x11, 0x11, 0x11, 0x11, 0x11, 0x11, 0x11, 0x11, 0x20, 0x00, 0x00, 0x02, 0x00, 0x00, 0x00, 0x00,
  0x88, 0x88, 0x88, 0x88, 0x88, 0x88, 0x88, 0x88, 0x88, 0x88, 0x88, 0x88, 0x88, 0x88, 0x88, 0x88,
  0x88, 0x80, 0x88, 0x88, 0x88, 0x88, 0x88, 0x88, 0x88, 0x88, 0x88, 0x88, 0x88, 0x88, 0x00, 0x00,
  0x00, 0x88, 0x88, 0x80, 0x08, 0x88, 0x00, 0x00, 0x00, 0x08, 0x88, 0x88, 0x80, 0x00, 0x80, 0x08,
  0x00, 0x88, 0x00, 0x00, 0x88, 0x88, 0x88, 0x88, 0x88, 0x88, 0x88, 0x88, 0x88, 0x88, 0x88, 0x88,
  0x88, 0x08, 0x88, 0x80, 0x88, 0x88, 0x08, 0x88, 0x88, 0x88, 0x88, 0x88, 0x88, 0x88, 0x88, 0x88,
  0x88, 0x88, 0x88, 0x80, 0x88, 0x88, 0x88, 0x88, 0x88, 0x88, 0x88, 0x88, 0x88, 0x88, 0x88, 0x88,
  0x80, 0x00, 0x88, 0x88, 0x88, 0x88, 0x88, 0x88, 0x88, 0x80, 0x00, 0x08, 0x88, 0x88, 0x88, 0x80,
  0x00, 0x88, 0x08, 0x88, 0x88, 0x88, 0x00, 0x88, 0x88, 0x88, 0x88, 0x88, 0x88, 0x88, 0x88, 0x88,
  0x88, 0x88, 0x88, 0x88, 0x88, 0x88, 0x88, 0x88, 0x88, 0x88, 0x88, 0x88, 0x88, 0x88, 0x00, 0x00,
  0x00, 0x00, 0x02, 0x11, 0x11, 0x11, 0x11, 0x11, 0x11, 0x11, 0x11, 0x11, 0x11, 0x11, 0x11, 0x10,
  0x11, 0x11, 0x11, 0x11, 0x11, 0x11, 0x11, 0x11, 0x11, 0x11, 0x11, 0x11, 0x00, 0x00, 0x00, 0x02,
  0x00, 0x00, 0x00, 0x00, 0x88, 0x88, 0x88, 0x88, 0x88, 0x88, 0x88, 0x88, 0x88, 0x88, 0x88, 0x88,
  0x88, 0x88, 0x88, 0x88, 0x08, 0x88, 0x00, 0x00, 0x88, 0x88, 0x88, 0x88, 0x88, 0x00, 0x08, 0x88,
  0x88, 0x88, 0x00, 0x00, 0x00, 0x00, 0x00, 0x08, 0x88, 0x88, 0x00, 0x00, 0x00, 0x08, 0x88, 0x88,
  0x88, 0x08, 0x02, 0x22, 0x88, 0x88, 0x88, 0x80, 0x88, 0x88, 0x88, 0x88, 0x88, 0x88, 0x88, 0x88,
  0x88, 0x88, 0x88, 0x88, 0x88, 0x88, 0x88, 0x88, 0x88, 0x88, 0x88, 0x88, 0x88, 0x80, 0x88, 0x88,
  0x88, 0x88, 0x88, 0x88, 0x88, 0x88, 0x88, 0x80, 0x00, 0x00, 0x08, 0x88, 0x88, 0x80, 0x00, 0x88,
  0x02, 0x00, 0x88, 0x88, 0x88, 0x88, 0x00, 0x08, 0x88, 0x88, 0x88, 0x08, 0x80, 0x88, 0x88, 0x88,
  0x88, 0x88, 0x88, 0x88, 0x80, 0x08, 0x00, 0x80, 0x88, 0x88, 0x88, 0x88, 0x88, 0x88, 0x88, 0x88,
  0x88, 0x88, 0x88, 0x88, 0x88, 0x88, 0x88, 0x88, 0x88, 0x88, 0x88, 0x88, 0x88, 0x88, 0x88, 0x88,
  0x88, 0x88, 0x80, 0x00, 0x00, 0x00, 0x00, 0x11, 0x11, 0x11, 0x11, 0x11, 0x11, 0x11, 0x11, 0x11,
  0x11, 0x11, 0x11, 0x10, 0x11, 0x11, 0x11, 0x11, 0x11, 0x11, 0x11, 0x11, 0x11, 0x11, 0x11, 0x11,
  0x00, 0x00, 0x00, 0x00, 0x00, 0x00, 0x88, 0x88, 0x88, 0x88, 0x88, 0x88, 0x88, 0x08, 0x48, 0x88,
  0x88, 0x88, 0x88, 0x88, 0x88, 0x88, 0x88, 0x08, 0x00, 0x00, 0x00, 0x00, 0x00, 0x08, 0x88, 0x88,
  0x88, 0x00, 0x08, 0x88, 0x88, 0x88, 0x00, 0x00, 0x00, 0x00, 0x00, 0x00, 0x08, 0x88, 0x00, 0x00,
  0x00, 0x08, 0x88, 0x88, 0x88, 0x00, 0x05, 0x55, 0x00, 0x88, 0x88, 0x88, 0x88, 0x88, 0x88, 0x88,
  0x88, 0x88, 0x88, 0x88, 0x88, 0x88, 0x88, 0x88, 0x88, 0x88, 0x88, 0x88, 0x88, 0x88, 0x88, 0x88,
  0x88, 0x80, 0x80, 0x08, 0x88, 0x88, 0x88, 0x88, 0x88, 0x88, 0x88, 0x80, 0x05, 0xd0, 0x08, 0x88,
  0x88, 0x88, 0x88, 0x80, 0xd5, 0xd0, 0x08, 0x88, 0x88, 0x88, 0x88, 0x88, 0x88, 0x88, 0x88, 0x88,
  0x00, 0x08, 0x88, 0x88, 0x88, 0x88, 0x88, 0x88, 0x88, 0x88, 0x08, 0x08, 0x88, 0x88, 0x88, 0x88,
  0x88, 0x88, 0x88, 0x88, 0x88, 0x88, 0x88, 0x88, 0x88, 0x88, 0x88, 0x88, 0x88, 0x88, 0x88, 0x88,
  0x88, 0x88, 0x88, 0x88, 0x88, 0x88, 0x80, 0x00, 0x00, 0x00, 0x00, 0x22, 0x11, 0x11, 0x11, 0x11,
  0x11, 0x11, 0x11, 0x11, 0x11, 0x11, 0x11, 0x10, 0x11, 0x11, 0x11, 0x11, 0x11, 0x11, 0x11, 0x11,
  0x11, 0x11, 0x11, 0x11, 0x00, 0x00, 0x00, 0x00, 0x00, 0x00, 0x00, 0x00, 0x88, 0x88, 0x88, 0x88,
  0x88, 0x88, 0x88, 0x88, 0x88, 0x88, 0x88, 0x88, 0x88, 0x88, 0x88, 0x88, 0x80, 0x00, 0x00, 0x00,
  0x00, 0x00, 0x00, 0x00, 0x00, 0x00, 0x08, 0x88, 0x88, 0x88, 0x00, 0x00, 0x00, 0x00, 0x08, 0x88,
  0x80, 0x08, 0x00, 0x00, 0x00, 0x08, 0x88, 0x88, 0x88, 0x82, 0xc7, 0xb7, 0xc0, 0x08, 0x88, 0x88,
  0x88, 0x88, 0x88, 0x88, 0x88, 0x88, 0x88, 0x88, 0x88, 0x88, 0x88, 0x88, 0x88, 0x88, 0x08, 0x88,
  0x88, 0x88, 0x88, 0x88, 0x88, 0x80, 0x88, 0x80, 0x88, 0x88, 0x88, 0x88, 0x88, 0x88, 0x88, 0x0d,
  0xc7, 0x7c, 0xd0, 0x80, 0x80, 0x08, 0x88, 0x25, 0x77, 0x7c, 0x28, 0x88, 0x88, 0x88, 0x88, 0x88,
  0x88, 0x88, 0x88, 0x88, 0x88, 0x08, 0x00, 0x00, 0x00, 0x88, 0x08, 0x08, 0x80, 0x08, 0x00, 0x00,
  0x08, 0x88, 0x88, 0x88, 0x88, 0x88, 0x88, 0x88, 0x88, 0x88, 0x88, 0x88, 0x88, 0x88, 0x88, 0x88,
  0x88, 0x88, 0x88, 0x88, 0x88, 0x88, 0x88, 0x88, 0x88, 0x88, 0x88, 0x00, 0x00, 0x00, 0x00, 0x00,
  0x21, 0x11, 0x11, 0x11, 0x11, 0x11, 0x11, 0x11, 0x11, 0x11, 0x11, 0x10, 0x11, 0x11, 0x11, 0x11,
  0x11, 0x11, 0x11, 0x11, 0x11, 0x11, 0x11, 0x10, 0x00, 0x00, 0x00, 0x00, 0x00, 0x00, 0x00, 0x08,
  0x88, 0x88, 0x88, 0x88, 0x88, 0x88, 0x88, 0x88, 0x88, 0x88, 0x88, 0x80, 0x00, 0x88, 0x88, 0x88,
  0x80, 0x00, 0x88, 0x00, 0x00, 0x00, 0x00, 0x00, 0x00, 0x00, 0x08, 0x88, 0x80, 0x08, 0x88, 0x88,
  0x08, 0x80, 0x00, 0x00, 0x00, 0x08, 0x80, 0x00, 0x00, 0x00, 0x08, 0x80, 0x08, 0x25, 0x6c, 0x05,
  0x75, 0x12, 0x22, 0x22, 0x22, 0x20, 0x00, 0x00, 0x08, 0x88, 0x88, 0x88, 0x88, 0x88, 0x88, 0x88,
  0x88, 0x88, 0x88, 0x88, 0x88, 0x88, 0x88, 0x88, 0x88, 0x88, 0x00, 0x88, 0x88, 0x88, 0x88, 0x88,
  0x88, 0x88, 0x84, 0x0c, 0x65, 0xdb, 0xc2, 0x22, 0x22, 0x20, 0x80, 0xd6, 0xcd, 0x57, 0x51, 0x22,
  0x12, 0x20, 0x88, 0x88, 0x88, 0x88, 0x88, 0x88, 0x02, 0x22, 0x20, 0x00, 0x02, 0x22, 0x00, 0x00,
  0x22, 0x12, 0x20, 0x20, 0x00, 0x02, 0x88, 0x88, 0x88, 0x88, 0x88, 0x88, 0x88, 0x88, 0x88, 0x88,
  0x88, 0x88, 0x88, 0x88, 0x88, 0x88, 0x88, 0x88, 0x88, 0x88, 0x88, 0x88, 0x88, 0x88, 0x88, 0x00,
  0x00, 0x00, 0x00, 0x00, 0x21, 0x11, 0x11, 0x11, 0x11, 0x11, 0x11, 0x11, 0x11, 0x11, 0x11, 0x10,
  0x11, 0x11, 0x11, 0x11, 0x11, 0x11, 0x11, 0x11, 0x11, 0x11, 0x11, 0x20, 0x00, 0x00, 0x00, 0x00,
  0x00, 0x00, 0x00, 0x00, 0x08, 0x88, 0x88, 0x88, 0x88, 0x88, 0x88, 0x88, 0x88, 0x88, 0x08, 0x08,
  0x88, 0x00, 0x00, 0x88, 0x80, 0x00, 0x08, 0x88, 0x00, 0x00, 0x00, 0x00, 0x00, 0x00, 0x00, 0x08,
  0x00, 0x00, 0x88, 0x88, 0x88, 0x80, 0x00, 0x00, 0x00, 0x08, 0x88, 0x88, 0x22, 0x22, 0x08, 0x80,
  0x08, 0x0c, 0xc0, 0x10, 0xbc, 0x55, 0x55, 0xcc, 0xc5, 0x55, 0xd2, 0x08, 0x88, 0x84, 0x88, 0x88,
  0x88, 0x88, 0x88, 0x88, 0x88, 0x88, 0x88, 0x80, 0x88, 0x88, 0x88, 0x88, 0x88, 0x88, 0x88, 0x88,
  0x88, 0x88, 0x88, 0x88, 0x88, 0x88, 0x80, 0xd6, 0xc1, 0x15, 0x75, 0x55, 0x55, 0x5d, 0x02, 0xcb,
  0x01, 0x1c, 0xb5, 0x55, 0x55, 0x5d, 0x08, 0x88, 0x88, 0x88, 0x88, 0x00, 0xd5, 0xcc, 0xcc, 0xcc,
  0xcc, 0xc5, 0x00, 0x08, 0x55, 0xcc, 0xcc, 0xcc, 0xcc, 0xc5, 0x00, 0x88, 0x88, 0x88, 0x88, 0x88,
  0x88, 0x88, 0x88, 0x88, 0x88, 0x88, 0x88, 0x88, 0x88, 0x88, 0x88, 0x88, 0x88, 0x88, 0x88, 0x88,
  0x88, 0x88, 0x88, 0x00, 0x00, 0x00, 0x00, 0x00, 0x21, 0x11, 0x11, 0x11, 0x11, 0x11, 0x11, 0x11,
  0x11, 0x11, 0x11, 0x10, 0x11, 0x11, 0x11, 0x11, 0x11, 0x11, 0x11, 0x11, 0x11, 0x11, 0x01, 0x22,
  0x00, 0x00, 0x00, 0x00, 0x00, 0x00, 0x00, 0x00, 0x08, 0x88, 0x88, 0x00, 0x00, 0x88, 0x80, 0x00,
  0x88, 0x80, 0x00, 0x00, 0x00, 0x00, 0x00, 0x00, 0x00, 0x00, 0x88, 0x80, 0x00, 0x00, 0x00, 0x00,
  0x00, 0x00, 0x00, 0x00, 0x00, 0x00, 0x88, 0x88, 0x08, 0x88, 0x00, 0x00, 0x00, 0x08, 0x88, 0x80,
  0x55, 0x5d, 0x02, 0x08, 0x80, 0x56, 0x51, 0x0d, 0xb7, 0x77, 0x7b, 0xbb, 0xbb, 0xb7, 0x7c, 0xd0,
  0x08, 0x88, 0x88, 0x88, 0x88, 0x88, 0x00, 0x88, 0x88, 0x88, 0x88, 0x88, 0x8e, 0x88, 0x88, 0x80,
  0x08, 0x84, 0x88, 0x88, 0x88, 0x88, 0x8e, 0x88, 0x88, 0x88, 0x80, 0xcb, 0x00, 0x1d, 0xb7, 0x77,
  0xbb, 0x77, 0xc5, 0x65, 0x10, 0x0c, 0x67, 0x7b, 0xbb, 0x77, 0xc8, 0x88, 0x88, 0x88, 0x80, 0xdc,
  0x7b, 0xbc, 0xcc, 0xcc, 0xcc, 0xc6, 0xc0, 0x5c, 0xbb, 0xcc, 0xcc, 0xcc, 0xcc, 0xb6, 0xc0, 0x88,
  0x88, 0x88, 0x88, 0x88, 0x88, 0x88, 0x88, 0x88, 0x88, 0x88, 0x88, 0x88, 0x88, 0x88, 0x88, 0x88,
  0x88, 0x88, 0x88, 0x88, 0x88, 0x88, 0x08, 0x00, 0x00, 0x00, 0x02, 0x00, 0x21, 0x11, 0x11, 0x11,
  0x11, 0x11, 0x11, 0x11, 0x11, 0x11, 0x11, 0x10, 0x11, 0x11, 0x11, 0x11, 0x11, 0x11, 0x11, 0x11,
  0x11, 0x11, 0x12, 0x20, 0x00, 0x00, 0x00, 0x00, 0x00, 0x00, 0x00, 0x00, 0x00, 0x00, 0x00, 0x00,
  0x00, 0x00, 0x00, 0x00, 0x00, 0x08, 0x00, 0x08, 0x88, 0x00, 0x00, 0x80, 0x80, 0x00, 0x08, 0x00,
  0x00, 0x00, 0x00, 0x00, 0x88, 0x88, 0x80, 0x00, 0x00, 0x00, 0x08, 0x00, 0x00, 0x00, 0x00, 0x08,
  0x88, 0x88, 0x80, 0x0c, 0x7b, 0x77, 0xcc, 0xd2, 0x00, 0xcc, 0x00, 0x00, 0xdd, 0xdd, 0xdd, 0xdd,
  0xdd, 0xdd, 0x57, 0xcd, 0x08, 0x88, 0x88, 0x88, 0x88, 0x02, 0x0d, 0x00, 0x88, 0x88, 0x88, 0x88,
  0x88, 0x88, 0x80, 0x04, 0x00, 0x88, 0x88, 0x88, 0x88, 0x88, 0x80, 0x80, 0x88, 0x88, 0x0d, 0x65,
  0x10, 0x00, 0xdd, 0xdd, 0xdd, 0xd5, 0xbb, 0xc0, 0x00, 0x0d, 0xdd, 0xdd, 0xdd, 0xdc, 0x75, 0x08,
  0x88, 0x88, 0x88, 0xcb, 0x5d, 0x00, 0x11, 0x11, 0x11, 0x0c, 0x75, 0xcc, 0xdd, 0x01, 0x11, 0x11,
  0x11, 0x0c, 0x65, 0x08, 0x88, 0x88, 0x88, 0x88, 0x88, 0x88, 0x88, 0x88, 0x88, 0x88, 0x88, 0x88,
  0x88, 0x88, 0x88, 0x88, 0x88, 0x88, 0x88, 0x88, 0x88, 0x88, 0x88, 0x00, 0x00, 0x00, 0x00, 0x00,
  0x02, 0x20, 0x11, 0x11, 0x11, 0x11, 0x11, 0x11, 0x11, 0x11, 0x11, 0x10, 0x11, 0x11, 0x11, 0x11,
  0x11, 0x11, 0x11, 0x11, 0x11, 0x11, 0x12, 0x00, 0x20, 0x00, 0x00, 0x00, 0x00, 0x00, 0x00, 0x00,
  0x00, 0x00, 0x00, 0x00, 0x00, 0x00, 0x00, 0x00, 0x00, 0x00, 0x00, 0x08, 0x88, 0x00, 0x08, 0x80,
  0x80, 0x00, 0x00, 0x00, 0x00, 0x00, 0x00, 0x00, 0x88, 0x88, 0x88, 0x88, 0x80, 0x00, 0x08, 0x00,
  0x00, 0x00, 0x00, 0x08, 0x88, 0x88, 0x00, 0x57, 0x50, 0xd5, 0xc7, 0x6c, 0x8d, 0x75, 0x10, 0x00,
  0x11, 0x11, 0x11, 0x11, 0x11, 0x11, 0x1d, 0x75, 0x08, 0x88, 0x88, 0x88, 0x88, 0x05, 0xcb, 0xc5,
  0x00, 0xd8, 0x88, 0x88, 0x88, 0x88, 0x0d, 0xcb, 0xc5, 0x08, 0x88, 0x88, 0x88, 0x88, 0x88, 0x80,
  0x88, 0x88, 0x0c, 0xb0, 0x20, 0x00, 0x11, 0x11, 0x11, 0x11, 0xca, 0x51, 0x00, 0x00, 0x11, 0x11,
  0x11, 0x10, 0xbc, 0x08, 0x88, 0x88, 0x05, 0x75, 0x10, 0x01, 0x11, 0x11, 0x10, 0x01, 0xc7, 0xbd,
  0x10, 0x11, 0x11, 0x11, 0x10, 0x10, 0xbc, 0x08, 0x88, 0x88, 0x88, 0x88, 0x88, 0x88, 0x88, 0x88,
  0x88, 0x88, 0x88, 0x88, 0x88, 0x88, 0x88, 0x88, 0x88, 0x88, 0x88, 0x88, 0x88, 0x88, 0x08, 0x80,
  0x00, 0x00, 0x00, 0x00, 0x00, 0x21, 0x11, 0x11, 0x11, 0x11, 0x11, 0x11, 0x11, 0x11, 0x11, 0x10,
  0x11, 0x11, 0x11, 0x11, 0x11, 0x11, 0x11, 0x11, 0x11, 0x11, 0x20, 0x00, 0x20, 0x00, 0x00, 0x00,
  0x00, 0x00, 0x80, 0x00, 0x00, 0x00, 0x00, 0x00, 0x00, 0x00, 0x00, 0x00, 0x00, 0x00, 0x00, 0x08,
  0x88, 0x88, 0x88, 0x88, 0x08, 0x88, 0x88, 0x00, 0x88, 0x80, 0x00, 0x88, 0x00, 0x88, 0x88, 0x88,
  0x80, 0x00, 0x08, 0x88, 0x00, 0x00, 0x00, 0x08, 0x88, 0x88, 0x82, 0x5b, 0x01, 0x11, 0x1d, 0xc7,
  0xcc, 0xc0, 0x00, 0x11, 0x11, 0x01, 0x11, 0x11, 0x11, 0x00, 0x01, 0xcc, 0x08, 0x88, 0x88, 0x88,
  0x80, 0xc7, 0xc5, 0xc6, 0xcd, 0x08, 0x88, 0x88, 0x88, 0x80, 0xdc, 0xc5, 0xc7, 0x50, 0x88, 0x88,
  0x88, 0x88, 0x88, 0x88, 0x88, 0x80, 0xd6, 0x51, 0x00, 0x01, 0x10, 0x00, 0x10, 0xd5, 0x7b, 0x01,
  0x00, 0x11, 0x10, 0x00, 0x10, 0xdc, 0x75, 0x08, 0x88, 0x88, 0x05, 0x7d, 0x00, 0x0d, 0x55, 0x55,
  0xd0, 0x01, 0xca, 0xc1, 0x00, 0xd5, 0x55, 0x55, 0xd0, 0x00, 0xcc, 0x08, 0x88, 0x88, 0x88, 0x88,
  0x88, 0x88, 0x88, 0x88, 0x88, 0x88, 0x88, 0x88, 0x88, 0x88, 0x88, 0x88, 0x88, 0x48, 0x88, 0x88,
  0x88, 0x88, 0x08, 0x80, 0x00, 0x00, 0x00, 0x00, 0x00, 0x21, 0x11, 0x11, 0x11, 0x11, 0x11, 0x11,
  0x11, 0x11, 0x11, 0x10, 0x11, 0x11, 0x11, 0x11, 0x11, 0x11, 0x11, 0x11, 0x11, 0x11, 0x22, 0x00,
  0x00, 0x00, 0x00, 0x00, 0x00, 0x00, 0x00, 0x00, 0x00, 0x00, 0x00, 0x00, 0x00, 0x08, 0x00, 0x00,
  0x00, 0x00, 0x08, 0x08, 0x88, 0x88, 0x88, 0x88, 0x08, 0x88, 0x88, 0x88, 0x88, 0x80, 0x00, 0x00,
  0x00, 0x00, 0x00, 0x00, 0x20, 0x02, 0x22, 0x00, 0x00, 0x08, 0x00, 0x08, 0x88, 0x88, 0x80, 0x56,
  0xc0, 0x11, 0x11, 0x1d, 0xca, 0x51, 0x00, 0xdc, 0xcc, 0xcc, 0xcc, 0xcc, 0xc5, 0x00, 0x00, 0xcc,
  0x08, 0x88, 0x88, 0x88, 0x88, 0xbc, 0x11, 0x15, 0x7c, 0xd0, 0x88, 0x88, 0x88, 0x82, 0x57, 0xd1,
  0x0b, 0xc0, 0x08, 0x88, 0x88, 0x88, 0x08, 0x88, 0x88, 0x82, 0xcb, 0x01, 0x01, 0xdc, 0xcd, 0x05,
  0xcc, 0xcb, 0x65, 0x10, 0x2d, 0xcc, 0xcd, 0xdc, 0xcc, 0xbb, 0x50, 0x88, 0x88, 0x88, 0x05, 0xbd,
  0x00, 0xdc, 0x66, 0x76, 0xc0, 0x01, 0xca, 0xc1, 0x01, 0x56, 0x77, 0x7a, 0x51, 0x01, 0xcc, 0x80,
  0x88, 0x88, 0x88, 0x88, 0x88, 0x88, 0x88, 0x88, 0x88, 0x88, 0x88, 0x88, 0x88, 0x88, 0x88, 0x88,
  0x88, 0x88, 0x88, 0x88, 0x88, 0x88, 0x88, 0x00, 0x00, 0x00, 0x00, 0x02, 0x20, 0x01, 0x11, 0x11,
  0x11, 0x11, 0x11, 0x11, 0x11, 0x11, 0x11, 0x10, 0x11, 0x11, 0x11, 0x11, 0x11, 0x11, 0x11, 0x11,
  0x11, 0x11, 0x00, 0x00, 0x00, 0x00, 0x00, 0x00, 0x00, 0x80, 0x00, 0x00, 0x00, 0x00, 0x00, 0x00,
  0x00, 0x00, 0x88, 0x80, 0x88, 0x88, 0x08, 0x08, 0x88, 0x80, 0x08, 0x88, 0x88, 0x00, 0x08, 0x88,
  0x00, 0x02, 0x20, 0x08, 0xdd, 0xdd, 0xdd, 0xdd, 0x55, 0x55, 0x55, 0x55, 0xd0, 0x08, 0x00, 0x08,
  0x88, 0x80, 0x00, 0x0c, 0x6b, 0x5d, 0x11, 0x11, 0xc7, 0xd0, 0x00, 0xcb, 0x67, 0xc5, 0xba, 0xcc,
  0x7b, 0x00, 0x00, 0xbc, 0x28, 0x88, 0x88, 0x88, 0x08, 0xbc, 0x10, 0x01, 0x56, 0xc0, 0x84, 0x88,
  0x88, 0x82, 0xcc, 0x00, 0x1c, 0xb8, 0x08, 0x88, 0x88, 0x88, 0x80, 0x88, 0x88, 0x0d, 0xbc, 0x10,
  0x00, 0xca, 0xc0, 0x1d, 0xb6, 0x5c, 0xc0, 0x12, 0x1c, 0xa7, 0xd1, 0x25, 0x6b, 0x5d, 0x08, 0x88,
  0x88, 0x88, 0x0c, 0xbd, 0x00, 0x0b, 0xcd, 0xdc, 0xc0, 0x01, 0xca, 0xc1, 0x01, 0xd6, 0x50, 0xd7,
  0x51, 0x01, 0xcb, 0x80, 0x88, 0x88, 0x88, 0x88, 0x88, 0x88, 0x88, 0x88, 0x88, 0x88, 0x88, 0x88,
  0x88, 0x88, 0x88, 0x80, 0x88, 0x88, 0x88, 0x88, 0x88, 0x88, 0x88, 0x80, 0x08, 0x00, 0x02, 0x00,
  0x00, 0x02, 0x11, 0x11, 0x11, 0x11, 0x11, 0x11, 0x11, 0x11, 0x11, 0x10, 0x11, 0x11, 0x11, 0x11,
  0x11, 0x11, 0x11, 0x11, 0x11, 0x11, 0x00, 0x00, 0x00, 0x00, 0x00, 0x00, 0x00, 0x88, 0x00, 0x00,
  0x08, 0x00, 0x00, 0x80, 0x00, 0x00, 0x88, 0x88, 0x88, 0x80, 0x08, 0x08, 0x88, 0x88, 0x00, 0x88,
  0x88, 0x08, 0x88, 0x80, 0xd5, 0xcc, 0xcc, 0xcb, 0xbb, 0xb7, 0x77, 0x77, 0x77, 0x77, 0x77, 0x77,
  0xbc, 0x00, 0x08, 0x08, 0x88, 0x88, 0x88, 0x80, 0xdc, 0x67, 0xc5, 0x0d, 0x7c, 0x12, 0x15, 0xb5,
  0x7c, 0x11, 0xdb, 0xc1, 0xcc, 0x10, 0x1d, 0x75, 0x28, 0x88, 0x88, 0x88, 0x00, 0xcb, 0x01, 0x00,
  0x1c, 0x7d, 0x08, 0x88, 0x88, 0x00, 0xcc, 0x10, 0x15, 0x7d, 0x04, 0x88, 0x88, 0x88, 0x8e, 0x00,
  0x00, 0x05, 0xbd, 0x10, 0x15, 0x77, 0xc1, 0x01, 0xdb, 0xcc, 0xc1, 0x11, 0xdb, 0xcb, 0xd1, 0x21,
  0x57, 0x50, 0x84, 0x48, 0x88, 0x88, 0x0c, 0xb0, 0x00, 0x0b, 0x51, 0x1c, 0xc0, 0x01, 0xca, 0xc1,
  0x01, 0x57, 0xd1, 0xd7, 0x51, 0x01, 0xcb, 0x80, 0x88, 0x88, 0x00, 0x88, 0x88, 0x88, 0x88, 0x88,
  0x88, 0x88, 0x88, 0x88, 0x88, 0x88, 0x88, 0x88, 0x88, 0x88, 0x88, 0x88, 0x88, 0x88, 0x88, 0x80,
  0x88, 0x00, 0x02, 0x00, 0x00, 0x02, 0x11, 0x11, 0x11, 0x11, 0x11, 0x11, 0x11, 0x11, 0x11, 0x10,
  0x11, 0x11, 0x11, 0x11, 0x11, 0x11, 0x11, 0x11, 0x11, 0x12, 0x20, 0x00, 0x00, 0x00, 0x00, 0x00,
  0x00, 0x00, 0x00, 0x00, 0x88, 0x80, 0x00, 0x00, 0x00, 0x00, 0x80, 0x88, 0x88, 0x88, 0x88, 0x88,
  0x88, 0x00, 0x88, 0x88, 0x80, 0x08, 0x80, 0x0d, 0xc7, 0xcc, 0xcc, 0xcc, 0xcc, 0x55, 0x55, 0x55,
  0xdd, 0xdd, 0xdd, 0xd5, 0xc6, 0xc2, 0x80, 0x08, 0x88, 0x88, 0x88, 0x80, 0x02, 0xdc, 0xb7, 0xb7,
  0x6d, 0x11, 0xd7, 0xcc, 0xc0, 0x12, 0x1c, 0xcd, 0x75, 0x12, 0x1c, 0xbd, 0x08, 0x88, 0x88, 0x88,
  0x80, 0xd7, 0xc1, 0x10, 0x15, 0x75, 0x08, 0x88, 0x88, 0x08, 0xcc, 0x10, 0x15, 0x7d, 0x08, 0x88,
  0x88, 0x88, 0x88, 0x88, 0x88, 0x2c, 0xc1, 0x11, 0xd7, 0xc5, 0x7d, 0x10, 0x15, 0x66, 0x51, 0x10,
  0xcc, 0x1c, 0xc1, 0x11, 0x1c, 0xc0, 0x88, 0x84, 0x44, 0x88, 0x0c, 0xb0, 0x00, 0x0b, 0x7b, 0x76,
  0xc1, 0x01, 0xca, 0xc1, 0x01, 0x56, 0xbc, 0x76, 0x51, 0x21, 0xcc, 0x00, 0x88, 0x88, 0x88, 0x88,
  0x88, 0x88, 0x88, 0x88, 0x88, 0x88, 0x88, 0x88, 0x88, 0x88, 0x88, 0x88, 0x88, 0x88, 0x88, 0x88,
  0x88, 0x88, 0x88, 0x80, 0x80, 0x00, 0x00, 0x02, 0x00, 0x01, 0x11, 0x11, 0x11, 0x11, 0x11, 0x11,
  0x11, 0x11, 0x11, 0x10, 0x11, 0x11, 0x11, 0x11, 0x11, 0x11, 0x11, 0x11, 0x11, 0x10, 0x00, 0x00,
  0x00, 0x00, 0x00, 0x00, 0x00, 0x00, 0x00, 0x00, 0x00, 0x08, 0x88, 0x80, 0x08, 0x80, 0x88, 0x88,
  0x88, 0x88, 0x88, 0x80, 0x88, 0x88, 0x88, 0x80, 0x88, 0x88, 0x88, 0x0c, 0xcd, 0x01, 0x11, 0x11,
  0x11, 0x11, 0x11, 0x11, 0x11, 0x11, 0x11, 0x11, 0x1c, 0xb0, 0x08, 0x88, 0x88, 0x88, 0x88, 0x08,
  0x00, 0x00, 0x85, 0x55, 0xb5, 0x10, 0xcc, 0xc6, 0xd1, 0x01, 0xd7, 0x5d, 0x75, 0x11, 0xd7, 0xc2,
  0x88, 0x88, 0x88, 0x88, 0x88, 0x05, 0x6c, 0x11, 0x15, 0x7d, 0x08, 0x88, 0x84, 0x0d, 0xbc, 0x10,
  0x15, 0x7d, 0x08, 0x80, 0x00, 0x00, 0x88, 0x88, 0x88, 0x2c, 0x7d, 0x1d, 0xcc, 0x02, 0xcc, 0x01,
  0x1c, 0x7c, 0x7c, 0x5c, 0x65, 0xdd, 0xbc, 0x11, 0xd7, 0xc0, 0x88, 0x84, 0x88, 0x88, 0x0c, 0xb0,
  0x00, 0x0c, 0xcc, 0xc5, 0xd0, 0x01, 0xca, 0xc1, 0x00, 0xdc, 0xcc, 0xc5, 0x01, 0x01, 0xcc, 0x08,
  0x88, 0x88, 0x88, 0x88, 0x88, 0x88, 0x88, 0x88, 0x88, 0x88, 0x88, 0x88, 0x88, 0x88, 0x88, 0x88,
  0x88, 0x88, 0x88, 0x88, 0x88, 0x88, 0x88, 0x88, 0x00, 0x00, 0x00, 0x00, 0x00, 0x02, 0x11, 0x11,
  0x11, 0x11, 0x11, 0x11, 0x11, 0x11, 0x11, 0x10, 0x11, 0x11, 0x11, 0x11, 0x11, 0x11, 0x11, 0x11,
  0x11, 0x20, 0x00, 0x00, 0x00, 0x00, 0x00, 0x00, 0x00, 0x00, 0x00, 0x00, 0x00, 0x00, 0x88, 0x00,
  0x00, 0x80, 0x08, 0x88, 0x88, 0x88, 0x88, 0x80, 0x88, 0x88, 0x88, 0x88, 0x88, 0x88, 0x80, 0xd7,
  0x51, 0x11, 0x02, 0x10, 0x00, 0x00, 0x00, 0x11, 0x11, 0x11, 0x11, 0x11, 0xdc, 0xc0, 0x08, 0x88,
  0x88, 0x88, 0x88, 0x88, 0x80, 0x80, 0x2d, 0x55, 0xcb, 0xcb, 0xb5, 0x7c, 0x10, 0x00, 0xca, 0x50,
  0xcb, 0x5d, 0xcb, 0xd0, 0x88, 0x88, 0x88, 0x88, 0x88, 0x00, 0x56, 0xc5, 0xc7, 0xc0, 0x08, 0x88,
  0x88, 0x0d, 0xbc, 0x10, 0x15, 0x7d, 0x08, 0x00, 0x00, 0x00, 0x88, 0x88, 0x88, 0x0d, 0xbb, 0xcb,
  0xcd, 0x1d, 0xca, 0xbc, 0xb6, 0x7b, 0x77, 0x77, 0xb7, 0xbc, 0xb6, 0xcc, 0x7c, 0xd0, 0x88, 0x84,
  0x88, 0x8d, 0x05, 0xb0, 0x00, 0x01, 0x11, 0x11, 0x20, 0x00, 0xcb, 0xc1, 0x00, 0x01, 0x11, 0x11,
  0x10, 0x11, 0xcc, 0x08, 0x88, 0x88, 0x88, 0x88, 0x88, 0x88, 0x88, 0x88, 0x88, 0x88, 0x88, 0x88,
  0x88, 0x88, 0x88, 0x88, 0x88, 0x88, 0x88, 0x88, 0x88, 0x88, 0x88, 0x88, 0x08, 0x00, 0x00, 0x00,
  0x00, 0x02, 0x11, 0x11, 0x11, 0x11, 0x11, 0x11, 0x11, 0x11, 0x11, 0x10, 0x11, 0x11, 0x11, 0x11,
  0x11, 0x11, 0x11, 0x10, 0x12, 0x00, 0x00, 0x00, 0x00, 0x00, 0x00, 0x08, 0x00, 0x00, 0x00, 0x00,
  0x00, 0x00, 0x08, 0x80, 0x00, 0x88, 0x08, 0x88, 0x88, 0x88, 0x88, 0x80, 0x88, 0x88, 0x88, 0x88,
  0x08, 0x88, 0x80, 0xdc, 0xcd, 0x01, 0x11, 0x11, 0x10, 0x00, 0x00, 0xdd, 0xdd, 0x55, 0x55, 0xcc,
  0xbb, 0xd0, 0x88, 0x88, 0x88, 0x88, 0x00, 0x88, 0x80, 0x05, 0xc7, 0xbb, 0xcc, 0xcc, 0xdc, 0xb0,
  0x10, 0x0d, 0xb7, 0x6c, 0x5c, 0xb7, 0xc5, 0x08, 0x88, 0x88, 0x88, 0x88, 0x88, 0x00, 0x2d, 0xcc,
  0xcc, 0x00, 0x88, 0x88, 0x88, 0x0d, 0xb5, 0x10, 0x1d, 0x7d, 0x08, 0x00, 0x00, 0x00, 0x88, 0x88,
  0x88, 0x80, 0xdc, 0xcc, 0xd0, 0xdc, 0xbc, 0xcc, 0xc5, 0xdd, 0xdd, 0xdd, 0xdd, 0x55, 0xc7, 0xac,
  0x5d, 0x08, 0x88, 0x88, 0x88, 0x88, 0x05, 0x7d, 0x10, 0x11, 0x11, 0x11, 0x11, 0x15, 0x7b, 0xc1,
  0x11, 0x11, 0x11, 0x11, 0x11, 0x15, 0x75, 0x08, 0x88, 0x88, 0x80, 0x88, 0x08, 0x88, 0x88, 0x88,
  0x88, 0x88, 0x88, 0x88, 0x88, 0x88, 0x88, 0x88, 0x88, 0x88, 0x88, 0x88, 0x88, 0x88, 0x88, 0x88,
  0x88, 0x80, 0x00, 0x00, 0x00, 0x02, 0x21, 0x11, 0x11, 0x11, 0x11, 0x11, 0x11, 0x11, 0x11, 0x10,
  0x11, 0x11, 0x11, 0x11, 0x11, 0x11, 0x11, 0x11, 0x12, 0x00, 0x00, 0x00, 0x00, 0x00, 0x00, 0x08,
  0x00, 0x00, 0x00, 0x00, 0x00, 0x08, 0x88, 0x88, 0x88, 0x08, 0x08, 0x88, 0x88, 0x88, 0x88, 0x88,
  0x88, 0x88, 0x80, 0x08, 0x08, 0x88, 0x80, 0x05, 0xb7, 0xbc, 0xcc, 0xcc, 0xc5, 0x10, 0x1d, 0xc7,
  0x77, 0x77, 0x77, 0xbc, 0xcd, 0x08, 0x88, 0x88, 0x88, 0x88, 0x88, 0x80, 0x05, 0xc6, 0xb5, 0xdd,
  0xcc, 0x11, 0x56, 0x51, 0x00, 0x1d, 0xdd, 0xcb, 0x7c, 0xc5, 0x02, 0x88, 0x88, 0x88, 0x88, 0x88,
  0x80, 0x22, 0x21, 0x10, 0x21, 0x08, 0x88, 0x88, 0x88, 0x0d, 0xb5, 0x10, 0x0d, 0xbd, 0x20, 0x00,
  0x00, 0x08, 0x88, 0x88, 0x88, 0x88, 0x02, 0x00, 0x00, 0xc7, 0xd1, 0x11, 0x11, 0x11, 0x11, 0x11,
  0x11, 0x11, 0x1d, 0xbc, 0x10, 0x88, 0x88, 0x88, 0x84, 0x48, 0x8d, 0xbc, 0xdd, 0xdd, 0xd5, 0x55,
  0x5c, 0xc7, 0xbb, 0x75, 0x55, 0x55, 0x55, 0x55, 0x55, 0xc7, 0xcd, 0x08, 0x88, 0x88, 0x88, 0x88,
  0x88, 0x80, 0x88, 0x88, 0x88, 0x88, 0x88, 0x88, 0x88, 0x88, 0x88, 0x88, 0x88, 0x88, 0x88, 0x88,
  0x88, 0x88, 0x88, 0x88, 0x88, 0x88, 0x00, 0x00, 0x00, 0x00, 0x20, 0x11, 0x11, 0x11, 0x11, 0x11,
  0x11, 0x11, 0x11, 0x10, 0x11, 0x11, 0x11, 0x11, 0x11, 0x11, 0x11, 0x11, 0x12, 0x00, 0x00, 0x00,
  0x00, 0x00, 0x00, 0x08, 0x00, 0x88, 0x00, 0x00, 0x00, 0x08, 0x88, 0x88, 0x88, 0x08, 0x08, 0x88,
  0x88, 0x88, 0x88, 0x88, 0x88, 0x88, 0x80, 0x08, 0x08, 0x88, 0x88, 0x80, 0xd5, 0xcc, 0xcc, 0xcc,
  0x6c, 0x10, 0x1d, 0xbc, 0x55, 0x55, 0xdd, 0xd8, 0x00, 0xd8, 0x88, 0x88, 0x88, 0x88, 0x88, 0x0d,
  0xc6, 0xb5, 0x01, 0x11, 0xcc, 0x10, 0xbc, 0x10, 0x00, 0xd0, 0x11, 0x10, 0x5c, 0x7b, 0x50, 0x88,
  0x88, 0x88, 0x88, 0x00, 0xdd, 0x55, 0xcc, 0xcc, 0x58, 0x00, 0x80, 0x00, 0x22, 0x20, 0xb5, 0x10,
  0x0d, 0xb5, 0x0d, 0xdd, 0xdd, 0x02, 0x08, 0x88, 0x88, 0x88, 0x88, 0x88, 0x8d, 0x7c, 0x10, 0x01,
  0x11, 0x11, 0x11, 0x11, 0x11, 0x10, 0x01, 0x57, 0xd0, 0x88, 0x88, 0x88, 0x88, 0x88, 0x82, 0x5b,
  0x7b, 0x77, 0x77, 0x77, 0xb7, 0xac, 0x0d, 0xc6, 0xbb, 0xb7, 0x6b, 0xba, 0x6b, 0xcc, 0xd0, 0x88,
  0x88, 0x88, 0x88, 0x88, 0x88, 0x80, 0x88, 0x88, 0x88, 0x88, 0x88, 0x88, 0x88, 0x88, 0x88, 0x88,
  0x88, 0x88, 0x88, 0x88, 0x88, 0x88, 0x88, 0x88, 0x88, 0x88, 0x00, 0x00, 0x00, 0x00, 0x00, 0x01,
  0x11, 0x11, 0x11, 0x11, 0x11, 0x11, 0x11, 0x10, 0x11, 0x11, 0x11, 0x11, 0x11, 0x11, 0x11, 0x11,
  0x22, 0x00, 0x00, 0x00, 0x00, 0x00, 0x00, 0x08, 0x08, 0x88, 0x80, 0x00, 0x00, 0x08, 0x88, 0x88,
  0x88, 0x08, 0x08, 0x88, 0x88, 0x88, 0x88, 0x88, 0x88, 0x88, 0x88, 0x88, 0x88, 0x88, 0x88, 0x80,
  0x02, 0x22, 0x20, 0x2d, 0x75, 0x10, 0x0d, 0xb5, 0x10, 0x00, 0x00, 0x08, 0x88, 0x88, 0x88, 0x88,
  0x88, 0x88, 0x80, 0xdc, 0x75, 0x01, 0x11, 0x1d, 0x7c, 0x1c, 0x7d, 0x10, 0x1d, 0x6c, 0x01, 0x11,
  0x11, 0xdc, 0x6c, 0x08, 0x88, 0x88, 0x80, 0xdc, 0x77, 0x7b, 0xcc, 0xcb, 0x6c, 0xd0, 0x08, 0x55,
  0xcc, 0xcc, 0x65, 0x10, 0x1d, 0x7b, 0xbb, 0xbb, 0xbb, 0xc5, 0x08, 0x88, 0x88, 0x88, 0x88, 0x88,
  0x05, 0x65, 0x10, 0x05, 0xcc, 0xcc, 0xcc, 0xcc, 0xcc, 0xcd, 0x00, 0xdb, 0x52, 0x88, 0x88, 0x88,
  0x88, 0x88, 0x88, 0x0d, 0x55, 0x55, 0xdd, 0xdd, 0x0c, 0xb0, 0x01, 0xdb, 0xd0, 0x56, 0xc0, 0x05,
  0x6c, 0xd0, 0x00, 0x88, 0x88, 0x88, 0x88, 0x88, 0x00, 0x88, 0x88, 0x88, 0x88, 0x88, 0x88, 0x88,
  0x88, 0x88, 0x88, 0x88, 0x88, 0x88, 0x88, 0x88, 0x88, 0x88, 0x88, 0x88, 0x88, 0x88, 0x00, 0x00,
  0x00, 0x00, 0x00, 0x01, 0x11, 0x11, 0x11, 0x11, 0x11, 0x11, 0x11, 0x10, 0x11, 0x11, 0x11, 0x11,
  0x11, 0x11, 0x11, 0x11, 0x20, 0x00, 0x00, 0x00, 0x00, 0x00, 0x00, 0x08, 0x88, 0x08, 0x80, 0x00,
  0x00, 0x08, 0x88, 0x88, 0x88, 0x08, 0x88, 0x88, 0x88, 0x88, 0x88, 0x88, 0x88, 0x88, 0x88, 0x08,
  0x88, 0x88, 0x80, 0x88, 0x88, 0x88, 0x88, 0x05, 0x75, 0x10, 0x2d, 0xb5, 0x0d, 0xd8, 0x88, 0x88,
  0x88, 0x88, 0x88, 0x88, 0x88, 0x88, 0x80, 0xcb, 0xd1, 0x11, 0x11, 0x57, 0xc0, 0xd6, 0x51, 0x01,
  0x0c, 0x77, 0xb5, 0x01, 0x11, 0x11, 0xcb, 0xd0, 0x88, 0x88, 0x0d, 0xb7, 0xc5, 0xdd, 0x01, 0x10,
  0xdb, 0xc0, 0xdc, 0x7b, 0xcc, 0xcc, 0xcd, 0x20, 0x0d, 0x5c, 0x55, 0x55, 0x55, 0xc6, 0xc0, 0x88,
  0x88, 0x88, 0x88, 0x88, 0x05, 0x7d, 0x02, 0xdc, 0x7b, 0xbc, 0xcc, 0xcc, 0xc7, 0x6d, 0x10, 0x0c,
  0xc0, 0x84, 0x44, 0x84, 0x84, 0x88, 0x44, 0x82, 0x11, 0x0d, 0xdd, 0xdd, 0x5b, 0x51, 0x01, 0x5b,
  0x55, 0xca, 0x51, 0x11, 0xc6, 0xbb, 0xc5, 0x08, 0x88, 0x88, 0x88, 0x88, 0x80, 0x88, 0x88, 0x88,
  0x88, 0x88, 0x88, 0x88, 0x88, 0x88, 0x88, 0x88, 0x88, 0x88, 0x88, 0x88, 0x88, 0x88, 0x88, 0x88,
  0x88, 0x88, 0x80, 0x00, 0x00, 0x00, 0x00, 0x01, 0x11, 0x11, 0x11, 0x11, 0x11, 0x11, 0x11, 0x10,
  0x11, 0x11, 0x11, 0x11, 0x11, 0x11, 0x11, 0x11, 0x10, 0x00, 0x00, 0x00, 0x00, 0x00, 0x00, 0x88,
  0x80, 0x08, 0x80, 0x00, 0x00, 0x00, 0x00, 0x88, 0x88, 0x88, 0x88, 0x88, 0x88, 0x88, 0x08, 0x80,
  0x00, 0x88, 0x88, 0x88, 0x88, 0x88, 0x88, 0x08, 0x88, 0x88, 0x88, 0x05, 0x7d, 0x20, 0x0d, 0x75,
  0x28, 0xd8, 0x88, 0x88, 0x48, 0x84, 0x88, 0x88, 0x88, 0x88, 0x80, 0xcc, 0x11, 0x11, 0xdc, 0x6c,
  0xd2, 0xcc, 0x11, 0x11, 0xc7, 0xdd, 0xc6, 0xb5, 0x01, 0x11, 0x5b, 0xd8, 0x88, 0x88, 0x0c, 0x7d,
  0x11, 0x11, 0x00, 0x00, 0x15, 0x75, 0xcc, 0xd0, 0x02, 0x00, 0x00, 0x00, 0x00, 0x11, 0x11, 0x11,
  0x11, 0x15, 0x7d, 0x08, 0x88, 0x88, 0x88, 0x88, 0x0c, 0xbd, 0x00, 0x0d, 0xd0, 0x11, 0x11, 0x11,
  0x15, 0x75, 0x10, 0x1c, 0xc0, 0x84, 0x48, 0x88, 0x88, 0x88, 0x88, 0x2d, 0xcc, 0x77, 0x77, 0x76,
  0x6c, 0x00, 0x01, 0xc6, 0x77, 0x7b, 0xc0, 0x11, 0xdc, 0x55, 0xbb, 0xd0, 0x88, 0x88, 0x88, 0x88,
  0x80, 0x88, 0x88, 0x88, 0x88, 0x88, 0x88, 0x88, 0x88, 0x88, 0x88, 0x88, 0x88, 0x88, 0x88, 0x88,
  0x88, 0x88, 0x88, 0x88, 0x88, 0x88, 0x80, 0x00, 0x00, 0x00, 0x02, 0x20, 0x11, 0x11, 0x11, 0x11,
  0x11, 0x11, 0x11, 0x10, 0x11, 0x11, 0x11, 0x11, 0x11, 0x11, 0x10, 0x01, 0x20, 0x00, 0x00, 0x00,
  0x00, 0x00, 0x00, 0x88, 0x00, 0x08, 0x80, 0x00, 0x00, 0x08, 0x88, 0x88, 0x88, 0x88, 0x08, 0x88,
  0x88, 0x88, 0x88, 0x08, 0x88, 0x88, 0x88, 0x88, 0x08, 0x88, 0x88, 0x88, 0x88, 0x88, 0x88, 0x25,
  0x7d, 0x20, 0x0d, 0x75, 0x28, 0x88, 0x88, 0x88, 0x88, 0x88, 0x88, 0x88, 0x88, 0x88, 0x80, 0xc7,
  0xc5, 0xcc, 0x7c, 0x51, 0x12, 0xbc, 0x01, 0xdc, 0x75, 0x12, 0x1d, 0xcb, 0xbc, 0xdd, 0xbc, 0x08,
  0x88, 0x88, 0x0c, 0xb0, 0x11, 0x11, 0x11, 0x00, 0x0d, 0xcc, 0x6d, 0x11, 0x00, 0x00, 0x00, 0x00,
  0x00, 0x00, 0x00, 0x00, 0x00, 0x15, 0x7d, 0x08, 0x88, 0x88, 0x88, 0x88, 0x2c, 0xb0, 0x00, 0x01,
  0x11, 0x11, 0x11, 0x02, 0x1d, 0x75, 0x10, 0x1c, 0xc0, 0x88, 0x88, 0x88, 0x88, 0x88, 0x80, 0x57,
  0xbc, 0xc5, 0x55, 0x55, 0xdd, 0x00, 0x02, 0xdd, 0xdd, 0xd0, 0x00, 0x10, 0x00, 0x11, 0xd7, 0x52,
  0x88, 0x88, 0x88, 0x88, 0x00, 0x88, 0x88, 0x88, 0x88, 0x88, 0x88, 0x88, 0x88, 0x88, 0x88, 0x88,
  0x88, 0x88, 0x88, 0x88, 0x88, 0x88, 0x88, 0x88, 0x88, 0x88, 0x88, 0x00, 0x00, 0x00, 0x02, 0x02,
  0x11, 0x11, 0x11, 0x11, 0x11, 0x11, 0x11, 0x10, 0x11, 0x11, 0x11, 0x11, 0x11, 0x11, 0x11, 0x11,
  0x00, 0x00, 0x00, 0x00, 0x00, 0x00, 0x00, 0x08, 0x80, 0x08, 0x80, 0x00, 0x00, 0x00, 0x00, 0x88,
  0x88, 0x08, 0x88, 0x88, 0x88, 0x80, 0x08, 0x00, 0x00, 0x88, 0x88, 0x08, 0x88, 0x88, 0x88, 0x84,
  0x88, 0x88, 0x88, 0x25, 0x7d, 0x00, 0x25, 0x75, 0x08, 0x88, 0x88, 0x88, 0x48, 0x88, 0x88, 0x88,
  0x88, 0x88, 0x80, 0x85, 0xcb, 0xcc, 0xd0, 0xd5, 0x55, 0xc6, 0xcc, 0xba, 0x7c, 0xbb, 0xcc, 0xcc,
  0xcb, 0x77, 0xcd, 0x08, 0x44, 0x88, 0x25, 0x6c, 0xdd, 0xdd, 0x5d, 0x00, 0x0d, 0xbc, 0x65, 0x11,
  0x10, 0x00, 0x00, 0x00, 0x00, 0x01, 0x11, 0x11, 0x11, 0xdb, 0xc0, 0x88, 0x88, 0x88, 0x88, 0x88,
  0x0c, 0xc0, 0x00, 0xdc, 0xcc, 0xcc, 0xcc, 0xcc, 0xcb, 0x7d, 0x10, 0x1c, 0xc0, 0x88, 0x44, 0x84,
  0x84, 0x48, 0x80, 0xcc, 0x01, 0x11, 0x11, 0x11, 0x11, 0x00, 0x00, 0x01, 0x10, 0x00, 0x11, 0x01,
  0x01, 0x11, 0x0b, 0xc0, 0x88, 0x88, 0x88, 0x88, 0x80, 0x88, 0x88, 0x88, 0x88, 0x88, 0x88, 0x88,
  0x88, 0x88, 0x88, 0x88, 0x88, 0x88, 0x88, 0x88, 0x88, 0x88, 0x88, 0x88, 0x88, 0x88, 0x88, 0x80,
  0x00, 0x00, 0x02, 0x02, 0x10, 0x11, 0x11, 0x11, 0x11, 0x11, 0x11, 0x10, 0x11, 0x11, 0x11, 0x11,
  0x11, 0x11, 0x10, 0x12, 0x00, 0x00, 0x00, 0x00, 0x00, 0x00, 0x00, 0x88, 0x80, 0x00, 0x00, 0x88,
  0x88, 0x88, 0x80, 0x08, 0x88, 0x80, 0x88, 0x88, 0x88, 0x88, 0x88, 0x88, 0x00, 0x08, 0x88, 0x88,
  0x88, 0x88, 0x88, 0x88, 0x88, 0x88, 0x88, 0x2c, 0xbd, 0x00, 0x05, 0x75, 0x08, 0x88, 0x88, 0x88,
  0x88, 0x88, 0x88, 0x88, 0x88, 0x88, 0x88, 0x00, 0x08, 0x01, 0xdc, 0x67, 0x7b, 0xbc, 0xcc, 0xcc,
  0xcc, 0xcc, 0xcc, 0xc7, 0xc5, 0x55, 0x80, 0x88, 0x88, 0x88, 0x80, 0xc7, 0x77, 0x77, 0x6c, 0x00,
  0x0d, 0xb5, 0xcb, 0x5d, 0xdd, 0xdd, 0xdd, 0x00, 0x00, 0xd5, 0x55, 0xcc, 0xcc, 0x7c, 0xd0, 0x88,
  0x88, 0x88, 0x88, 0x88, 0x0c, 0xc0, 0x01, 0x57, 0x7b, 0xbb, 0xbb, 0xbc, 0xcb, 0x7d, 0x10, 0x1c,
  0xcd, 0x88, 0x48, 0x88, 0x88, 0x88, 0x80, 0xcc, 0x11, 0x11, 0x11, 0x00, 0x00, 0x00, 0x11, 0x11,
  0x00, 0x00, 0x0d, 0x00, 0x00, 0x0d, 0xc7, 0x50, 0x88, 0x88, 0x88, 0x88, 0x88, 0x88, 0x88, 0x88,
  0x88, 0x88, 0x88, 0x88, 0x88, 0x88, 0x88, 0x88, 0x88, 0x88, 0x88, 0x88, 0x88, 0x88, 0x88, 0x88,
  0x88, 0x88, 0x88, 0x80, 0x00, 0x00, 0x00, 0x02, 0x11, 0x11, 0x11, 0x11, 0x11, 0x11, 0x11, 0x10,
  0x11, 0x11, 0x11, 0x11, 0x11, 0x11, 0x11, 0x12, 0x00, 0x00, 0x00, 0x00, 0x00, 0x00, 0x00, 0x00,
  0x00, 0x00, 0x88, 0x88, 0x88, 0x88, 0x80, 0x08, 0x88, 0x88, 0x88, 0x88, 0x88, 0x88, 0x88, 0x88,
  0x00, 0x08, 0x88, 0x88, 0x88, 0x88, 0x88, 0x88, 0x88, 0x88, 0x88, 0x2c, 0xbd, 0x00, 0x15, 0x75,
  0x08, 0x88, 0x88, 0x88, 0x88, 0x88, 0x88, 0x88, 0x88, 0x88, 0x88, 0x88, 0x00, 0x0d, 0xbb, 0x5d,
  0xdd, 0xd0, 0x00, 0x11, 0x11, 0x11, 0x11, 0x0d, 0xbb, 0x02, 0x08, 0x88, 0x88, 0x88, 0x88, 0x0d,
  0x55, 0x55, 0x7c, 0x10, 0x15, 0x7d, 0xdc, 0xbb, 0xbb, 0xbb, 0x75, 0x20, 0x00, 0xc7, 0xbb, 0xcc,
  0xcc, 0x5d, 0x08, 0x88, 0x88, 0x88, 0x88, 0x88, 0x0c, 0xc0, 0x00, 0x0d, 0xdd, 0x00, 0x00, 0x01,
  0x1d, 0x7d, 0x10, 0x1c, 0xc8, 0x88, 0x88, 0x88, 0x88, 0x88, 0x80, 0x56, 0xcc, 0x55, 0x55, 0xd0,
  0x00, 0x10, 0x5c, 0x5d, 0x01, 0x01, 0xdc, 0xbc, 0xcc, 0xcb, 0xb5, 0x08, 0x88, 0x88, 0x88, 0x88,
  0x88, 0x88, 0x88, 0x88, 0x88, 0x88, 0x88, 0x88, 0x88, 0x88, 0x88, 0x88, 0x88, 0x88, 0x88, 0x88,
  0x88, 0x88, 0x88, 0x88, 0x88, 0x88, 0x88, 0x80, 0x00, 0x00, 0x00, 0x00, 0x21, 0x11, 0x11, 0x11,
  0x11, 0x11, 0x11, 0x10, 0x11, 0x11, 0x11, 0x11, 0x11, 0x11, 0x12, 0x12, 0x00, 0x00, 0x00, 0x00,
  0x00, 0x00, 0x00, 0x00, 0x00, 0x00, 0x88, 0x88, 0x88, 0x88, 0x80, 0x08, 0x88, 0x08, 0x08, 0x88,
  0x88, 0x80, 0x88, 0x88, 0x00, 0x08, 0x88, 0x88, 0x88, 0x88, 0x88, 0x88, 0x88, 0x88, 0x88, 0x2c,
  0xbd, 0x00, 0x15, 0x75, 0x08, 0x88, 0x88, 0x88, 0x88, 0x88, 0x88, 0x88, 0x88, 0x88, 0x88, 0x88,
  0x80, 0x25, 0x6d, 0x11, 0x10, 0x11, 0x00, 0x02, 0x00, 0x00, 0x00, 0x01, 0xd7, 0x50, 0x88, 0x88,
  0x88, 0x88, 0x88, 0x80, 0x00, 0x2d, 0x75, 0x10, 0x15, 0x7d, 0x10, 0xdd, 0x55, 0x55, 0x75, 0x10,
  0x00, 0xcc, 0xdd, 0xd8, 0x00, 0x08, 0x88, 0x88, 0x88, 0x88, 0x88, 0x48, 0x2c, 0xc0, 0x00, 0x01,
  0x11, 0x11, 0x11, 0x11, 0x15, 0x7d, 0x10, 0x1c, 0xc0, 0x84, 0x88, 0x84, 0x44, 0x88, 0x88, 0x05,
  0xcc, 0x6a, 0x6c, 0x00, 0x01, 0x1c, 0x66, 0x66, 0xc0, 0x12, 0x0d, 0xcb, 0x67, 0xc5, 0xd1, 0x88,
  0x88, 0x88, 0x88, 0x88, 0x88, 0x88, 0x88, 0x08, 0x88, 0x88, 0x88, 0x88, 0x88, 0x88, 0x88, 0x88,
  0x80, 0x88, 0x88, 0x88, 0x88, 0x88, 0x88, 0x88, 0x88, 0x88, 0x88, 0x80, 0x00, 0x00, 0x02, 0x20,
  0x01, 0x11, 0x11, 0x11, 0x11, 0x11, 0x11, 0x10, 0x11, 0x11, 0x11, 0x11, 0x11, 0x11, 0x11, 0x22,
  0x00, 0x00, 0x00, 0x00, 0x00, 0x00, 0x00, 0x00, 0x08, 0x00, 0x88, 0x88, 0x88, 0x88, 0x88, 0x00,
  0x88, 0x88, 0x88, 0x00, 0x88, 0x88, 0x88, 0x80, 0x00, 0x00, 0x08, 0x88, 0x88, 0x84, 0x88, 0x88,
  0x88, 0x88, 0x88, 0x2c, 0xbd, 0x00, 0x15, 0x7d, 0x08, 0x88, 0x88, 0x88, 0x88, 0x88, 0x88, 0x88,
  0x88, 0x88, 0x88, 0x88, 0x80, 0x2c, 0xb0, 0x10, 0x01, 0x00, 0x0d, 0xdd, 0xdd, 0xdd, 0x20, 0x00,
  0x1c, 0xc0, 0x88, 0x88, 0x88, 0x88, 0x88, 0x88, 0x88, 0x25, 0x7d, 0x00, 0x1c, 0xc0, 0x00, 0x02,
  0x00, 0x2d, 0x75, 0x10, 0x00, 0xcc, 0x10, 0x88, 0x88, 0x88, 0x88, 0x88, 0x88, 0x88, 0x88, 0x88,
  0x2c, 0xc0, 0x00, 0xdc, 0xcc, 0xcc, 0xcc, 0xcc, 0xb6, 0x7d, 0x10, 0x1c, 0xc0, 0x84, 0x88, 0x88,
  0x88, 0x88, 0x88, 0x81, 0xdc, 0x7c, 0xd1, 0x00, 0x11, 0xc7, 0x5d, 0x5c, 0x6b, 0x51, 0x11, 0x10,
  0x5c, 0xcc, 0xcd, 0x08, 0x88, 0x88, 0x88, 0x88, 0x88, 0x80, 0x88, 0x88, 0x88, 0x88, 0x88, 0x88,
  0x88, 0x88, 0x88, 0x88, 0x88, 0x88, 0x88, 0x88, 0x88, 0x88, 0x88, 0x88, 0x88, 0x88, 0x88, 0x08,
  0x00, 0x00, 0x00, 0x02, 0x01, 0x11, 0x11, 0x11, 0x11, 0x11, 0x11, 0x10, 0x11, 0x11, 0x11, 0x11,
  0x11, 0x11, 0x11, 0x22, 0x00, 0x00, 0x00, 0x00, 0x00, 0x00, 0x00, 0x00, 0x00, 0x00, 0x00, 0x88,
  0x08, 0x08, 0x88, 0x88, 0x00, 0x88, 0x88, 0x80, 0x88, 0x88, 0x08, 0x00, 0x00, 0x00, 0x00, 0x88,
  0x88, 0x88, 0x80, 0x88, 0x88, 0x88, 0x80, 0x1c, 0xbd, 0x00, 0x15, 0x7d, 0x20, 0x00, 0x00, 0x00,
  0x00, 0x00, 0x88, 0x88, 0x88, 0x88, 0x88, 0x88, 0x80, 0x0c, 0xc1, 0x01, 0x0c, 0xcb, 0xbb, 0x77,
  0xb7, 0x77, 0xcd, 0x10, 0x1c, 0xb0, 0x88, 0x88, 0x88, 0x88, 0x88, 0x88, 0x88, 0x2c, 0xb0, 0x00,
  0x0c, 0xc1, 0xd8, 0x00, 0x88, 0x0d, 0x75, 0x10, 0x00, 0xcc, 0x08, 0x88, 0x88, 0x88, 0x84, 0x88,
  0x88, 0x88, 0x88, 0x88, 0x0c, 0xc0, 0x00, 0xd7, 0x67, 0x77, 0x77, 0xbc, 0xcc, 0x50, 0x00, 0x0c,
  0xc0, 0x84, 0x44, 0x88, 0x88, 0x88, 0x88, 0x05, 0x77, 0x50, 0x10, 0x01, 0x0c, 0x65, 0x11, 0x21,
  0xdc, 0x6c, 0x01, 0x11, 0x11, 0xdc, 0x7b, 0xd0, 0x88, 0x88, 0x88, 0x88, 0x88, 0x80, 0x08, 0x88,
  0x88, 0x88, 0x88, 0x88, 0x88, 0x88, 0x88, 0x88, 0x88, 0x88, 0x88, 0x88, 0x88, 0x88, 0x88, 0x88,
  0x88, 0x88, 0x88, 0x88, 0x00, 0x00, 0x00, 0x02, 0x01, 0x11, 0x11, 0x11, 0x11, 0x11, 0x11, 0x10,
  0x11, 0x11, 0x11, 0x11, 0x11, 0x11, 0x11, 0x22, 0x00, 0x00, 0x00, 0x00, 0x00, 0x00, 0x00, 0x00,
  0x00, 0x00, 0x00, 0x00, 0x08, 0x08, 0x88, 0x88, 0x00, 0x88, 0x88, 0x88, 0x88, 0x80, 0x08, 0x00,
  0x00, 0x00, 0x00, 0x88, 0x88, 0x88, 0x00, 0x00, 0x00, 0x02, 0x22, 0x15, 0xbd, 0x00, 0x15, 0x7d,
  0x8d, 0xdd, 0xdd, 0xdd, 0xdd, 0xdd, 0x00, 0x88, 0x88, 0x88, 0x88, 0x88, 0x80, 0xdb, 0xc1, 0x01,
  0xd7, 0xcc, 0xc6, 0xb7, 0x7c, 0x5c, 0xad, 0x10, 0x1c, 0xb0, 0x88, 0x88, 0x88, 0x88, 0x88, 0x88,
  0x88, 0x0c, 0xc0, 0x00, 0xdb, 0xcc, 0xbc, 0x50, 0x88, 0x0d, 0x75, 0x10, 0x01, 0xcc, 0x08, 0x88,
  0x88, 0x88, 0x84, 0x88, 0x88, 0x88, 0x88, 0x88, 0x0c, 0xbd, 0x00, 0x0d, 0xdd, 0xdd, 0xd0, 0x01,
  0x11, 0x11, 0x11, 0xd7, 0x50, 0x88, 0x44, 0x88, 0x88, 0x88, 0x88, 0x0c, 0xcd, 0x10, 0x01, 0x1d,
  0xc7, 0x51, 0x20, 0x00, 0x10, 0x5b, 0xc5, 0x01, 0x11, 0x11, 0xd6, 0xc2, 0x88, 0x88, 0x88, 0x88,
  0x88, 0x88, 0x08, 0x88, 0x88, 0x88, 0x88, 0x88, 0x88, 0x88, 0x88, 0x88, 0x88, 0x88, 0x88, 0x88,
  0x88, 0x88, 0x88, 0x88, 0x88, 0x88, 0x88, 0x88, 0x00, 0x00, 0x00, 0x00, 0x01, 0x11, 0x11, 0x11,
  0x11, 0x11, 0x11, 0x10, 0x11, 0x11, 0x11, 0x11, 0x11, 0x11, 0x11, 0x22, 0x00, 0x00, 0x00, 0x00,
  0x00, 0x00, 0x00, 0x00, 0x00, 0x08, 0x80, 0x88, 0x88, 0x88, 0x88, 0x88, 0x88, 0x88, 0x80, 0x88,
  0x88, 0x88, 0x88, 0x80, 0x00, 0x00, 0x08, 0x88, 0x88, 0x00, 0x0d, 0xdd, 0x55, 0x55, 0x55, 0xcc,
  0x7d, 0x00, 0x1d, 0x6b, 0xbb, 0xb7, 0x7b, 0xbb, 0xbb, 0xbb, 0xc5, 0x0d, 0x88, 0x88, 0x88, 0x88,
  0x80, 0xd7, 0x51, 0x01, 0xd7, 0x51, 0xc7, 0xdd, 0xcc, 0x15, 0x7d, 0x10, 0x1c, 0xb8, 0x08, 0x88,
  0x88, 0x88, 0x88, 0x88, 0x88, 0x8c, 0xc1, 0x00, 0xd6, 0x7c, 0x5c, 0xcd, 0x88, 0x0d, 0x75, 0x10,
  0x01, 0xcc, 0x08, 0x88, 0x88, 0x88, 0x88, 0x88, 0x88, 0x88, 0x88, 0x88, 0x05, 0x7d, 0x11, 0x11,
  0x11, 0x11, 0x11, 0x11, 0x11, 0x01, 0x10, 0xcb, 0xd0, 0x88, 0x88, 0x88, 0x84, 0x88, 0x88, 0x8b,
  0xc1, 0x11, 0x1d, 0xc7, 0x6c, 0xd0, 0x10, 0x00, 0x11, 0x1d, 0xc7, 0xbc, 0xd1, 0x11, 0x0b, 0xc0,
  0x88, 0x88, 0x88, 0x88, 0x88, 0x88, 0x08, 0x88, 0x88, 0x88, 0x88, 0x88, 0x88, 0x88, 0x88, 0x88,
  0x88, 0x88, 0x88, 0x88, 0x88, 0x88, 0x88, 0x88, 0x88, 0x88, 0x88, 0x88, 0x00, 0x00, 0x00, 0x00,
  0x21, 0x11, 0x11, 0x11, 0x11, 0x11, 0x11, 0x10, 0x11, 0x11, 0x11, 0x11, 0x11, 0x11, 0x11, 0x22,
  0x00, 0x00, 0x00, 0x00, 0x00, 0x00, 0x00, 0x00, 0x88, 0x88, 0x88, 0x88, 0x88, 0x80, 0x88, 0x88,
  0x88, 0x8e, 0x88, 0x88, 0x88, 0x88, 0x80, 0x88, 0x88, 0x88, 0x88, 0x08, 0x80, 0x85, 0xcb, 0x77,
  0x77, 0x77, 0xbb, 0xbc, 0xcd, 0x00, 0x2d, 0xcc, 0xcc, 0x55, 0x55, 0x55, 0x55, 0x5c, 0xb7, 0x50,
  0x88, 0x88, 0x88, 0x88, 0x80, 0xd7, 0x51, 0x01, 0xd7, 0xdd, 0x65, 0x11, 0x57, 0xd5, 0x7d, 0x10,
  0x1c, 0xb8, 0x84, 0x88, 0x88, 0x88, 0x88, 0x88, 0x88, 0xdb, 0x51, 0x00, 0xdc, 0x51, 0x15, 0x65,
  0x08, 0x0d, 0x75, 0x10, 0x00, 0xcc, 0x08, 0x88, 0x88, 0x88, 0x88, 0x88, 0x88, 0x88, 0x88, 0x88,
  0x8d, 0xbc, 0xd5, 0x55, 0x55, 0x55, 0xcc, 0xcc, 0xcc, 0xcc, 0xcb, 0x75, 0x10, 0x88, 0xd4, 0x88,
  0x88, 0x88, 0x88, 0x05, 0xbc, 0x5c, 0xc7, 0x6b, 0xbb, 0x77, 0xcd, 0x10, 0x5c, 0xcb, 0xb7, 0x77,
  0x7c, 0xc5, 0xc7, 0x50, 0x88, 0x88, 0x88, 0x88, 0x88, 0x88, 0x88, 0x88, 0x88, 0x88, 0x88, 0x88,
  0x88, 0x88, 0x88, 0x88, 0x88, 0x88, 0x88, 0x88, 0x88, 0x88, 0x88, 0x88, 0x88, 0x88, 0x88, 0x88,
  0x00, 0x00, 0x00, 0x00, 0x22, 0x01, 0x11, 0x11, 0x11, 0x11, 0x11, 0x10, 0x11, 0x11, 0x11, 0x11,
  0x11, 0x11, 0x11, 0x22, 0x00, 0x00, 0x00, 0x00, 0x00, 0x00, 0x00, 0x08, 0x88, 0x88, 0x88, 0x88,
  0x88, 0x80, 0x88, 0x88, 0x88, 0x88, 0x88, 0x88, 0x88, 0x88, 0x00, 0x08, 0x88, 0x88, 0x88, 0x08,
  0x00, 0xc7, 0xc5, 0x55, 0xdd, 0xdd, 0xd0, 0x00, 0x00, 0x00, 0x00, 0x11, 0x11, 0x11, 0x11, 0x11,
  0x11, 0x11, 0xdb, 0xc0, 0x88, 0x88, 0x88, 0x88, 0x80, 0xdb, 0x51, 0x01, 0x5b, 0xdc, 0xc1, 0x11,
  0x56, 0xd5, 0x7d, 0x10, 0x1c, 0xc0, 0x88, 0x88, 0x88, 0x88, 0x88, 0x88, 0x80, 0xdb, 0x51, 0x00,
  0x00, 0x10, 0x1d, 0x75, 0x08, 0x0d, 0x75, 0x10, 0x00, 0xcc, 0x08, 0x88, 0x88, 0x88, 0x88, 0x88,
  0x88, 0x88, 0x84, 0x02, 0x01, 0xdb, 0x6b, 0xcc, 0xc7, 0x6b, 0xcc, 0xba, 0xc5, 0xd5, 0x67, 0x50,
  0xdd, 0x00, 0x08, 0x84, 0x88, 0x88, 0x44, 0x80, 0x5a, 0xbc, 0xc5, 0xdd, 0xdd, 0x5c, 0x7c, 0x8c,
  0x7c, 0xc5, 0x5d, 0xdd, 0xdc, 0xca, 0x75, 0x08, 0x88, 0x88, 0x88, 0x88, 0x88, 0x88, 0x88, 0x88,
  0x88, 0x88, 0x88, 0x88, 0x88, 0x88, 0x88, 0x08, 0x88, 0x88, 0x88, 0x88, 0x88, 0x88, 0x88, 0x88,
  0x88, 0x88, 0x88, 0x80, 0x00, 0x00, 0x20, 0x00, 0x00, 0x11, 0x11, 0x11, 0x11, 0x11, 0x11, 0x10,
  0x11, 0x11, 0x11, 0x11, 0x11, 0x11, 0x10, 0x00, 0x00, 0x00, 0x00, 0x00, 0x00, 0x00, 0x00, 0x08,
  0x88, 0x80, 0x08, 0x88, 0x88, 0x80, 0x88, 0x88, 0x88, 0x88, 0x80, 0x00, 0x88, 0x88, 0x88, 0x80,
  0x00, 0x88, 0x88, 0x08, 0x0d, 0x75, 0x11, 0x11, 0x11, 0x11, 0x10, 0x00, 0x00, 0x00, 0x00, 0x00,
  0x00, 0x00, 0x11, 0x11, 0x11, 0x11, 0x1c, 0xc0, 0x88, 0x88, 0x88, 0x88, 0x80, 0xdb, 0x51, 0x01,
  0x5c, 0xc7, 0xd1, 0x01, 0xc7, 0x0d, 0x7d, 0x10, 0x0b, 0xc2, 0x88, 0x88, 0x88, 0x88, 0x88, 0x88,
  0x80, 0xd7, 0x51, 0x00, 0x00, 0x00, 0x15, 0x65, 0x08, 0x0d, 0x75, 0x10, 0x00, 0xcc, 0x08, 0x88,
  0x88, 0x88, 0x88, 0x88, 0x88, 0x88, 0x00, 0xd5, 0x5c, 0xcb, 0xa5, 0x11, 0x1c, 0x6c, 0xcc, 0xca,
  0x51, 0x11, 0xc6, 0xcb, 0xbb, 0xbc, 0xd8, 0x88, 0x84, 0x88, 0x88, 0x80, 0xcc, 0xd1, 0x11, 0x11,
  0x11, 0x11, 0xd7, 0xc7, 0x51, 0x11, 0x11, 0x11, 0x11, 0x0c, 0x7d, 0x0d, 0x88, 0x88, 0x88, 0x88,
  0x88, 0x88, 0x88, 0x88, 0x88, 0x88, 0x88, 0x88, 0x88, 0x88, 0x88, 0x08, 0x88, 0x88, 0x88, 0x88,
  0x88, 0x88, 0x88, 0x88, 0x88, 0x88, 0x88, 0x80, 0x00, 0x00, 0x00, 0x00, 0x00, 0x11, 0x00, 0x01,
  0x11, 0x11, 0x11, 0x10, 0x11, 0x11, 0x11, 0x11, 0x11, 0x11, 0x20, 0x20, 0x00, 0x00, 0x00, 0x00,
  0x00, 0x00, 0x00, 0x08, 0x80, 0x80, 0x08, 0x88, 0x88, 0x88, 0x88, 0x88, 0x88, 0x88, 0x88, 0x88,
  0x88, 0x88, 0x88, 0x80, 0x00, 0x88, 0x88, 0x88, 0x0d, 0x75, 0x11, 0x11, 0x00, 0x00, 0x00, 0x00,
  0x00, 0x11, 0x11, 0x11, 0x11, 0x11, 0x11, 0x11, 0x10, 0xdd, 0xc6, 0x50, 0x88, 0x88, 0x88, 0x88,
  0x80, 0xdb, 0x51, 0x01, 0xcb, 0x7c, 0x10, 0x20, 0xbc, 0x10, 0x7c, 0x11, 0xc6, 0xd0, 0x88, 0x88,
  0x88, 0x88, 0x88, 0x88, 0x80, 0x57, 0xd1, 0x00, 0x00, 0x01, 0xdb, 0xc4, 0x88, 0x0d, 0x75, 0x10,
  0x00, 0xcc, 0x28, 0x88, 0x88, 0x88, 0x88, 0x88, 0x88, 0x80, 0xdc, 0x7b, 0xbb, 0xcc, 0xcd, 0x00,
  0x15, 0xcc, 0xcc, 0xcc, 0xd0, 0x01, 0xdc, 0x55, 0x55, 0xc7, 0xcd, 0x88, 0x88, 0x88, 0x88, 0x0d,
  0x75, 0x10, 0x01, 0x11, 0x11, 0x00, 0x0c, 0x6c, 0x10, 0x01, 0x11, 0x11, 0x10, 0x1d, 0x75, 0x08,
  0x88, 0x88, 0x88, 0x88, 0x88, 0x88, 0x88, 0x88, 0x88, 0x88, 0x88, 0x88, 0x88, 0x88, 0x88, 0x88,
  0x88, 0x88, 0x88, 0x88, 0x88, 0x88, 0x88, 0x88, 0x88, 0x88, 0x88, 0x80, 0x00, 0x00, 0x00, 0x02,
  0x02, 0x20, 0x01, 0x11, 0x11, 0x11, 0x11, 0x10, 0x11, 0x11, 0x11, 0x11, 0x11, 0x11, 0x12, 0x00,
  0x00, 0x00, 0x00, 0x00, 0x00, 0x00, 0x00, 0x08, 0x00, 0x00, 0x08, 0x88, 0x88, 0x88, 0x88, 0x88,
  0x88, 0x88, 0x88, 0x88, 0x88, 0x88, 0x88, 0x80, 0x00, 0x88, 0x88, 0x88, 0x00, 0xcb, 0x5d, 0x00,
  0x00, 0x00, 0x00, 0x00, 0xdd, 0xdd, 0xdd, 0xd5, 0x55, 0x55, 0xcc, 0xcc, 0xcb, 0x77, 0x75, 0x88,
  0x88, 0x88, 0x88, 0x88, 0x80, 0x8c, 0xc1, 0x1d, 0xb6, 0xbd, 0x00, 0x15, 0x66, 0xcd, 0x57, 0xcc,
  0x65, 0x08, 0x88, 0x88, 0x88, 0x88, 0x88, 0x88, 0x80, 0xd7, 0x51, 0x00, 0x00, 0x1d, 0xc7, 0x50,
  0x88, 0x0d, 0x75, 0x10, 0x00, 0xcc, 0x28, 0x88, 0x88, 0x88, 0x88, 0x88, 0x88, 0x80, 0xcb, 0x5d,
  0x00, 0x00, 0x00, 0x00, 0x00, 0x11, 0x11, 0x11, 0x00, 0x00, 0x01, 0x11, 0x11, 0x1d, 0x75, 0x08,
  0x88, 0x88, 0x88, 0x05, 0x7d, 0x10, 0xdc, 0xcc, 0xc5, 0x10, 0x0c, 0xac, 0x11, 0x05, 0xcc, 0xcc,
  0xd0, 0x00, 0xbc, 0x08, 0x88, 0x88, 0x88, 0x88, 0x88, 0x88, 0x88, 0x88, 0x88, 0x88, 0x88, 0x88,
  0x88, 0x88, 0x88, 0x88, 0x88, 0x88, 0x88, 0x88, 0x88, 0x88, 0x88, 0x88, 0x88, 0x88, 0x88, 0x80,
  0x00, 0x00, 0x00, 0x02, 0x02, 0x20, 0x01, 0x11, 0x11, 0x11, 0x11, 0x10, 0x11, 0x11, 0x11, 0x11,
  0x11, 0x11, 0x12, 0x00, 0x00, 0x00, 0x00, 0x00, 0x00, 0x00, 0x00, 0x88, 0x00, 0x00, 0x88, 0x88,
  0x00, 0x08, 0x88, 0x88, 0x88, 0x88, 0x88, 0x88, 0x88, 0x88, 0x88, 0x80, 0x00, 0x88, 0x88, 0x88,
  0x80, 0xdc, 0x7b, 0xbc, 0xcc, 0xcc, 0xcc, 0xbb, 0xbb, 0xbb, 0xbb, 0x7b, 0xbb, 0xbb, 0xbc, 0xcc,
  0xcc, 0x55, 0xd0, 0x88, 0x88, 0x88, 0x88, 0x88, 0x88, 0x05, 0x7c, 0xcb, 0x76, 0x51, 0x00, 0x2d,
  0xd5, 0xc7, 0xcc, 0xcc, 0x50, 0x88, 0x88, 0x84, 0x88, 0x88, 0x88, 0x88, 0x88, 0x8b, 0xc1, 0x11,
  0x10, 0x5b, 0xb5, 0x08, 0x88, 0x0d, 0x75, 0x10, 0x00, 0xcc, 0x28, 0x88, 0x88, 0x88, 0x88, 0x88,
  0x88, 0x8d, 0xbc, 0x11, 0x11, 0x11, 0x00, 0x00, 0x01, 0x11, 0x11, 0x11, 0x00, 0x00, 0x01, 0x11,
  0x11, 0x1d, 0x75, 0x08, 0x88, 0x88, 0x88, 0x05, 0x7d, 0x11, 0x5a, 0xcc, 0x6c, 0x12, 0x0c, 0x6c,
  0x11, 0x07, 0x7c, 0xb6, 0x51, 0x00, 0xbc, 0x08, 0x88, 0x88, 0x88, 0x88, 0x88, 0x88, 0x88, 0x88,
  0x88, 0x88, 0x88, 0x88, 0x88, 0x88, 0x88, 0x88, 0x88, 0x88, 0x88, 0x88, 0x88, 0x88, 0x88, 0x88,
  0x88, 0x88, 0x88, 0x80, 0x00, 0x00, 0x00, 0x02, 0x02, 0x20, 0x01, 0x11, 0x11, 0x11, 0x11, 0x10,
  0x11, 0x11, 0x11, 0x11, 0x11, 0x11, 0x22, 0x00, 0x00, 0x00, 0x00, 0x08, 0x80, 0x80, 0x00, 0x00,
  0x08, 0x08, 0x00, 0x08, 0x80, 0x88, 0x08, 0x88, 0x88, 0x88, 0x88, 0x88, 0x88, 0x88, 0x88, 0x88,
  0x88, 0x88, 0x88, 0x88, 0x88, 0x08, 0x55, 0x55, 0xcc, 0xcc, 0xcc, 0x55, 0x55, 0x55, 0x55, 0x5d,
  0xdd, 0xdd, 0xd8, 0x00, 0x20, 0x22, 0x08, 0x88, 0x88, 0x88, 0x88, 0x88, 0x88, 0x80, 0x5c, 0xcc,
  0xcc, 0x02, 0x00, 0x10, 0x11, 0x15, 0xcb, 0xbc, 0xd2, 0x0d, 0x88, 0x88, 0x88, 0x88, 0x88, 0x88,
  0x88, 0x05, 0x7c, 0x55, 0xcc, 0x7c, 0xd0, 0x88, 0x88, 0x0d, 0x75, 0x10, 0x00, 0xbc, 0x28, 0x88,
  0x88, 0x88, 0x88, 0x88, 0x88, 0x80, 0xcb, 0xdd, 0x00, 0x00, 0x00, 0x00, 0x00, 0x0d, 0xdd, 0xdd,
  0x00, 0x00, 0xdd, 0xd5, 0x55, 0xc7, 0xcd, 0x88, 0x48, 0x88, 0x88, 0x05, 0x7d, 0x11, 0x56, 0xc5,
  0x6c, 0x10, 0x0c, 0x6c, 0x11, 0x0b, 0xc5, 0xc6, 0x51, 0x0d, 0xbc, 0x28, 0x48, 0x88, 0x88, 0x88,
  0x88, 0x88, 0x88, 0x88, 0x88, 0x88, 0x88, 0x88, 0x88, 0x88, 0x88, 0x88, 0x88, 0x88, 0x88, 0x88,
  0x00, 0x88, 0x88, 0x88, 0x88, 0x88, 0x88, 0x88, 0x00, 0x00, 0x00, 0x00, 0x02, 0x22, 0x10, 0x11,
  0x11, 0x11, 0x11, 0x10, 0x11, 0x11, 0x11, 0x11, 0x11, 0x11, 0x00, 0x00, 0x00, 0x00, 0x00, 0x08,
  0x88, 0x80, 0x00, 0x00, 0x08, 0x88, 0x00, 0x00, 0x88, 0x88, 0x88, 0x88, 0x88, 0x88, 0x88, 0x88,
  0x88, 0x88, 0x88, 0x88, 0x88, 0x88, 0x88, 0x00, 0x00, 0x00, 0x22, 0x00, 0x22, 0x22, 0x22, 0x22,
  0x22, 0x20, 0x00, 0x00, 0x20, 0x00, 0x08, 0x88, 0x88, 0x88, 0x88, 0x88, 0x88, 0x88, 0x88, 0x88,
  0x88, 0x88, 0x00, 0x15, 0x75, 0x10, 0x0d, 0x5d, 0x10, 0x11, 0x1d, 0xc7, 0x6c, 0x88, 0x88, 0x88,
  0x88, 0x88, 0x88, 0x88, 0x88, 0x80, 0x5c, 0x77, 0xbc, 0x50, 0x08, 0x88, 0x88, 0x0d, 0xbc, 0x10,
  0x1d, 0x75, 0x08, 0x88, 0x88, 0x88, 0x88, 0x88, 0x88, 0x80, 0xdc, 0x7b, 0xbc, 0xbc, 0x10, 0x00,
  0xcb, 0xbb, 0xbb, 0xbb, 0x51, 0x01, 0x56, 0x66, 0x77, 0xbc, 0xd0, 0x88, 0x48, 0x88, 0x88, 0x05,
  0x7d, 0x11, 0x5b, 0xbb, 0xb5, 0x11, 0x0c, 0x6c, 0x11, 0x0c, 0xcc, 0xcc, 0xd0, 0x0d, 0xbc, 0x28,
  0x88, 0x88, 0x88, 0x88, 0x88, 0x88, 0x88, 0x88, 0x88, 0x88, 0x88, 0x88, 0x88, 0x88, 0x88, 0x88,
  0x88, 0x88, 0x88, 0x88, 0x88, 0x88, 0x88, 0x88, 0x88, 0x88, 0x88, 0x88, 0x00, 0x00, 0x00, 0x00,
  0x00, 0x00, 0x10, 0x01, 0x11, 0x11, 0x11, 0x10, 0x11, 0x11, 0x11, 0x11, 0x11, 0x11, 0x00, 0x00,
  0x00, 0x00, 0x00, 0x08, 0x88, 0x00, 0x00, 0x00, 0x08, 0x88, 0x00, 0x00, 0x88, 0x88, 0x88, 0x88,
  0x88, 0x88, 0x88, 0x88, 0x88, 0x80, 0x08, 0x08, 0x88, 0x88, 0x88, 0x00, 0x00, 0x00, 0x00, 0x88,
  0x88, 0x80, 0x88, 0x88, 0x88, 0x88, 0x88, 0x88, 0x08, 0x88, 0x88, 0x88, 0x88, 0x88, 0x88, 0x88,
  0x88, 0x88, 0x88, 0x88, 0x88, 0x88, 0x02, 0x0c, 0xc1, 0x00, 0x15, 0xab, 0x51, 0x11, 0x01, 0x1d,
  0xc6, 0x50, 0x88, 0x88, 0x88, 0x88, 0x88, 0x88, 0x48, 0x88, 0x0d, 0xdd, 0xd0, 0x08, 0x88, 0x88,
  0x88, 0x80, 0xcc, 0x01, 0x1c, 0x7d, 0x08, 0x88, 0x88, 0x88, 0x84, 0x88, 0x88, 0x88, 0x08, 0xd5,
  0x5c, 0x65, 0x10, 0x1d, 0x6c, 0x55, 0x55, 0x57, 0x51, 0x01, 0x57, 0x55, 0x5d, 0xd0, 0x08, 0x88,
  0x88, 0x88, 0x88, 0x05, 0x75, 0x12, 0x0d, 0xdd, 0xd0, 0x00, 0x0c, 0xbc, 0x10, 0x00, 0x00, 0x00,
  0x00, 0x0d, 0x75, 0x08, 0x88, 0x88, 0x88, 0x88, 0x88, 0x88, 0x88, 0x88, 0x88, 0x88, 0x88, 0x88,
  0x88, 0x88, 0x88, 0x88, 0x88, 0x88, 0x88, 0x88, 0x88, 0x88, 0x88, 0x88, 0x88, 0x88, 0x88, 0x80,
  0x00, 0x00, 0x00, 0x00, 0x00, 0x00, 0x01, 0x11, 0x11, 0x11, 0x11, 0x10, 0x11, 0x11, 0x11, 0x11,
  0x11, 0x11, 0x22, 0x00, 0x00, 0x00, 0x00, 0x08, 0x88, 0x00, 0x00, 0x00, 0x88, 0x88, 0x00, 0x00,
  0x88, 0x80, 0x88, 0x88, 0x88, 0x88, 0x88, 0x88, 0x88, 0x88, 0x08, 0x08, 0x88, 0x88, 0x88, 0x80,
  0x80, 0x00, 0x00, 0x00, 0x08, 0x88, 0x88, 0x88, 0x08, 0x88, 0x08, 0x88, 0xe8, 0x88, 0x88, 0x88,
  0xe8, 0x88, 0x88, 0x88, 0x84, 0x88, 0x88, 0x88, 0x88, 0x80, 0x42, 0x57, 0xd1, 0x11, 0xd7, 0xcc,
  0x6c, 0x51, 0x10, 0x21, 0x1c, 0xc0, 0x88, 0x88, 0x88, 0x88, 0x88, 0x88, 0x48, 0x88, 0x80, 0x00,
  0x08, 0x88, 0x88, 0x88, 0x88, 0x82, 0x57, 0xc5, 0xc6, 0xc0, 0x88, 0x88, 0x88, 0x88, 0x84, 0x88,
  0x88, 0x44, 0x88, 0x00, 0x1c, 0xbd, 0x10, 0x1c, 0xbd, 0x20, 0x02, 0xdb, 0x51, 0x01, 0xcb, 0x02,
  0x20, 0x88, 0x88, 0x88, 0x88, 0x48, 0x88, 0x0d, 0xb5, 0x10, 0x11, 0x11, 0x11, 0x11, 0xdc, 0xcc,
  0x11, 0x11, 0x11, 0x10, 0x11, 0x15, 0x75, 0x08, 0x88, 0x88, 0x88, 0x88, 0x88, 0x88, 0x88, 0x88,
  0x88, 0x88, 0x88, 0x88, 0x88, 0x88, 0x88, 0x88, 0x88, 0x88, 0x88, 0x88, 0x88, 0x88, 0x88, 0x88,
  0x88, 0x88, 0x88, 0x80, 0x00, 0x00, 0x00, 0x00, 0x02, 0x22, 0x00, 0x11, 0x11, 0x11, 0x11, 0x10,
  0x11, 0x11, 0x11, 0x11, 0x11, 0x11, 0x00, 0x00, 0x00, 0x00, 0x00, 0x08, 0x88, 0x80, 0x00, 0x88,
  0x88, 0x88, 0x00, 0x88, 0x08, 0x88, 0x88, 0x88, 0x88, 0x80, 0x88, 0x88, 0x88, 0x88, 0x88, 0x88,
  0x88, 0x88, 0x88, 0x88, 0x88, 0x88, 0x88, 0x80, 0x00, 0x08, 0x88, 0x88, 0x88, 0x88, 0x88, 0x88,
  0x88, 0x88, 0x88, 0x88, 0x08, 0x88, 0x88, 0x88, 0x80, 0x88, 0x88, 0x88, 0x88, 0x88, 0x80, 0xcc,
  0x11, 0x1d, 0xbc, 0x00, 0x5c, 0x6c, 0x50, 0x11, 0x1c, 0xc0, 0x88, 0x88, 0x88, 0x88, 0x88, 0x88,
  0x88, 0x88, 0x88, 0x88, 0x88, 0x88, 0x88, 0x88, 0x88, 0x88, 0x05, 0xcb, 0xbc, 0x88, 0x88, 0x88,
  0x88, 0x88, 0x88, 0x88, 0x88, 0x88, 0x88, 0x88, 0x0c, 0xc1, 0x11, 0x56, 0xc0, 0x88, 0x80, 0xdb,
  0xc1, 0x01, 0xcc, 0x08, 0x84, 0x88, 0x88, 0x88, 0x88, 0x88, 0x88, 0x80, 0xcb, 0xd1, 0x00, 0x0d,
  0xdd, 0xd5, 0xbc, 0x5b, 0x50, 0xee, 0xdd, 0xdd, 0x55, 0xc7, 0xc8, 0x88, 0x88, 0x88, 0x88, 0x88,
  0x88, 0x88, 0x88, 0x88, 0x88, 0x88, 0x88, 0x88, 0x88, 0x88, 0x88, 0x88, 0x88, 0x88, 0x88, 0x88,
  0x88, 0x88, 0x88, 0x88, 0x88, 0x88, 0x88, 0x88, 0x00, 0x00, 0x00, 0x00, 0x00, 0x00, 0x11, 0x11,
  0x11, 0x11, 0x11, 0x10, 0x11, 0x11, 0x11, 0x11, 0x11, 0x12, 0x00, 0x00, 0x00, 0x00, 0x00, 0x08,
  0x88, 0x80, 0x00, 0x88, 0x88, 0x88, 0x80, 0x00, 0x08, 0x88, 0x88, 0x88, 0x88, 0x88, 0x88, 0x88,
  0x88, 0x88, 0x88, 0x88, 0x88, 0x88, 0x88, 0x88, 0x88, 0x88, 0x88, 0x00, 0x00, 0x08, 0x88, 0x00,
  0x88, 0x88, 0x88, 0x88, 0x88, 0x88, 0x88, 0x88, 0x08, 0x00, 0x88, 0x88, 0x88, 0x88, 0x88, 0x88,
  0x88, 0x88, 0x84, 0xbc, 0x11, 0xdb, 0xbd, 0x08, 0x00, 0x5c, 0x6c, 0x5d, 0x57, 0xc0, 0x88, 0x88,
  0x88, 0x88, 0x88, 0x88, 0x88, 0x88, 0x88, 0x88, 0x88, 0x88, 0x88, 0x88, 0x88, 0x88, 0x80, 0x0d,
  0xd0, 0x88, 0x88, 0x88, 0x88, 0x88, 0x88, 0x88, 0x88, 0x88, 0x88, 0x88, 0x0c, 0xbd, 0x1d, 0x7c,
  0x88, 0x48, 0x88, 0x0c, 0x75, 0x05, 0x65, 0x08, 0x88, 0x88, 0x88, 0x48, 0x88, 0x44, 0x48, 0x80,
  0xdb, 0x7c, 0xbb, 0xbb, 0x77, 0x76, 0xcd, 0x0c, 0x7b, 0xbb, 0xb7, 0x77, 0x77, 0x7c, 0xd8, 0x88,
  0x88, 0x88, 0x88, 0x88, 0x88, 0x88, 0x88, 0x88, 0x88, 0x88, 0x88, 0x88, 0x88, 0x88, 0x88, 0x88,
  0x88, 0x88, 0x88, 0x88, 0x88, 0x88, 0x88, 0x88, 0x88, 0x88, 0x88, 0x88, 0x00, 0x00, 0x00, 0x00,
  0x00, 0x00, 0x11, 0x11, 0x11, 0x11, 0x11, 0x10, 0x11, 0x11, 0x11, 0x11, 0x11, 0x12, 0x00, 0x00,
  0x00, 0x00, 0x00, 0x08, 0x88, 0x80, 0x00, 0x88, 0x88, 0x88, 0x88, 0x00, 0x08, 0x80, 0x08, 0x88,
  0x88, 0x08, 0x08, 0x88, 0x88, 0x88, 0x88, 0x88, 0x88, 0x88, 0x88, 0x88, 0x88, 0x88, 0x80, 0x00,
  0x00, 0x08, 0x88, 0x88, 0x88, 0x88, 0x88, 0x88, 0x88, 0x88, 0x88, 0x88, 0x08, 0x88, 0x88, 0x88,
  0x88, 0x88, 0x88, 0x88, 0x88, 0x88, 0x80, 0xc6, 0xcc, 0xbb, 0xd0, 0x88, 0x88, 0x20, 0x5c, 0x77,
  0x7c, 0xd8, 0x88, 0x88, 0x88, 0x88, 0x88, 0x88, 0x88, 0x88, 0x88, 0x88, 0x88, 0x88, 0x88, 0x88,
  0x88, 0x88, 0x80, 0x00, 0x08, 0x84, 0x88, 0x88, 0x88, 0x88, 0x88, 0x88, 0x88, 0x88, 0x88, 0x88,
  0x05, 0xbb, 0xc7, 0xcd, 0x08, 0x48, 0x88, 0x8d, 0xc7, 0xc7, 0xc0, 0x88, 0x88, 0x88, 0x88, 0x88,
  0x88, 0x88, 0x88, 0x88, 0x0d, 0x5c, 0xcc, 0xcc, 0xc5, 0x55, 0xd0, 0x80, 0x55, 0xc5, 0x55, 0x55,
  0x5d, 0xd0, 0x88, 0x88, 0x88, 0x88, 0x88, 0x88, 0x88, 0x88, 0x88, 0x88, 0x88, 0x88, 0x88, 0x88,
  0x88, 0x88, 0x88, 0x88, 0x88, 0x88, 0x88, 0x88, 0x88, 0x88, 0x88, 0x88, 0x88, 0x88, 0x88, 0x88,
  0x80, 0x00, 0x00, 0x00, 0x00, 0x00, 0x21, 0x11, 0x11, 0x11, 0x11, 0x10, 0x11, 0x11, 0x11, 0x11,
  0x11, 0x10, 0x00, 0x00, 0x00, 0x00, 0x00, 0x88, 0x88, 0x88, 0x88, 0x88, 0x80, 0x00, 0x00, 0x00,
  0x88, 0x80, 0x88, 0x88, 0x88, 0x88, 0x88, 0x80, 0x88, 0x88, 0x88, 0x88, 0x88, 0x88, 0x88, 0x88,
  0x88, 0x80, 0x88, 0x88, 0x88, 0x88, 0x88, 0x88, 0x88, 0x88, 0x88, 0x88, 0x88, 0x88, 0x88, 0x88,
  0x88, 0x88, 0x88, 0x88, 0x88, 0x08, 0x88, 0x88, 0x88, 0x88, 0x88, 0x05, 0xbb, 0xcd, 0x04, 0x88,
  0x88, 0x88, 0x20, 0xd5, 0xd0, 0x88, 0x88, 0x88, 0x88, 0x88, 0x88, 0x88, 0x88, 0x88, 0x88, 0x88,
  0x88, 0x88, 0x80, 0x88, 0x00, 0x88, 0x88, 0x88, 0x08, 0x88, 0x88, 0x88, 0x88, 0x88, 0x88, 0x88,
  0x88, 0x88, 0x88, 0x88, 0x80, 0xdc, 0xc5, 0xd0, 0x88, 0x88, 0x88, 0x80, 0xd5, 0xc5, 0x88, 0x88,
  0x48, 0x88, 0x88, 0x88, 0x88, 0x88, 0x88, 0x88, 0x80, 0x00, 0x00, 0x00, 0x22, 0x20, 0x88, 0x88,
  0x00, 0x02, 0x00, 0x20, 0x00, 0x08, 0x88, 0x88, 0x88, 0x88, 0x88, 0x88, 0x88, 0x88, 0x88, 0x88,
  0x88, 0x88, 0x88, 0x88, 0x88, 0x88, 0x88, 0x88, 0x88, 0x88, 0x88, 0x88, 0x88, 0x88, 0x88, 0x88,
  0x88, 0x88, 0x88, 0x88, 0x88, 0x00, 0x00, 0x00, 0x00, 0x00, 0x11, 0x00, 0x11, 0x11, 0x11, 0x10,
  0x11, 0x11, 0x11, 0x11, 0x11, 0x10, 0x00, 0x00, 0x00, 0x00, 0x00, 0x88, 0x88, 0x88, 0x88, 0x88,
  0x80, 0x88, 0x00, 0x00, 0x08, 0x00, 0x88, 0x88, 0x88, 0x88, 0x88, 0x88, 0x00, 0x00, 0x88, 0x88,
  0x88, 0x88, 0x88, 0x88, 0x88, 0x88, 0x88, 0x88, 0x88, 0x88, 0x88, 0x88, 0x88, 0x88, 0x88, 0x88,
  0x88, 0x88, 0x88, 0x88, 0x88, 0x88, 0x88, 0x88, 0x88, 0x88, 0x88, 0x88, 0x88, 0x88, 0x88, 0x00,
  0x8d, 0x08, 0xd8, 0x88, 0x88, 0x88, 0x88, 0x00, 0x08, 0x88, 0x88, 0x88, 0x88, 0x88, 0x88, 0x88,
  0x88, 0x88, 0x88, 0x88, 0x88, 0x88, 0x88, 0x88, 0x88, 0x88, 0x88, 0x88, 0x88, 0x88, 0x88, 0x88,
  0x88, 0x88, 0x88, 0x88, 0x88, 0x88, 0x88, 0x88, 0x88, 0x02, 0x00, 0x88, 0x88, 0x88, 0x88, 0x88,
  0x80, 0x00, 0x88, 0x88, 0x88, 0x88, 0x88, 0x88, 0x88, 0x88, 0x88, 0x88, 0x88, 0x88, 0x88, 0x88,
  0x48, 0x88, 0x88, 0x88, 0x88, 0x88, 0x88, 0x88, 0x88, 0x88, 0x88, 0x88, 0x88, 0x88, 0x88, 0x88,
  0x88, 0x88, 0x88, 0x88, 0x88, 0x88, 0x88, 0x88, 0x88, 0x88, 0x88, 0x88, 0x88, 0x88, 0x88, 0x88,
  0x88, 0x88, 0x88, 0x88, 0x88, 0x88, 0x88, 0x88, 0x88, 0x00, 0x00, 0x00, 0x00, 0x00, 0x11, 0x01,
  0x11, 0x11, 0x11, 0x10, 0x11, 0x11, 0x11, 0x11, 0x11, 0x10, 0x00, 0x00, 0x00, 0x00, 0x00, 0x88,
  0x88, 0x88, 0x88, 0x88, 0x88, 0x88, 0x88, 0x88, 0x08, 0x00, 0x88, 0x88, 0x88, 0x88, 0x88, 0x88,
  0x88, 0x88, 0x08, 0x08, 0x88, 0x88, 0x88, 0x88, 0x88, 0x88, 0x88, 0x88, 0x88, 0x88, 0x88, 0x88,
  0x88, 0x88, 0x88, 0x88, 0x88, 0x88, 0x88, 0x88, 0x88, 0x88, 0x88, 0x88, 0x88, 0x88, 0x88, 0x80,
  0x08, 0x88, 0x88, 0x88, 0x88, 0x88, 0x88, 0x84, 0x88, 0x88, 0x48, 0x88, 0x88, 0x88, 0x88, 0x00,
  0x88, 0x88, 0x88, 0x88, 0x88, 0x88, 0x88, 0x88, 0x88, 0x88, 0x88, 0x88, 0x88, 0x88, 0x88, 0x88,
  0x88, 0x88, 0x88, 0x88, 0x88, 0x88, 0x88, 0x88, 0x88, 0x88, 0x88, 0x88, 0x88, 0x88, 0x84, 0x88,
  0x88, 0x44, 0x88, 0x88, 0x84, 0x88, 0x88, 0x88, 0x88, 0x88, 0x88, 0x88, 0x88, 0x88, 0x88, 0x88,
  0x88, 0x88, 0x88, 0x88, 0x88, 0x88, 0x88, 0x88, 0x88, 0x88, 0x88, 0x88, 0x88, 0x88, 0x88, 0x88,
  0x80, 0x88, 0x88, 0x88, 0x88, 0x88, 0x88, 0x88, 0x88, 0x88, 0x88, 0x88, 0x88, 0x88, 0x88, 0x88,
  0x88, 0x88, 0x88, 0x88, 0x88, 0x88, 0x88, 0x88, 0x88, 0x88, 0x88, 0x88, 0x88, 0x00, 0x00, 0x00,
  0x00, 0x00, 0x21, 0x11, 0x11, 0x11, 0x11, 0x10, 0x11, 0x11, 0x11, 0x11, 0x11, 0x20, 0x00, 0x00,
  0x00, 0x00, 0x00, 0x88, 0x08, 0x08, 0x88, 0x80, 0x88, 0x88, 0x88, 0x88, 0x88, 0x80, 0x08, 0x88,
  0x88, 0x88, 0x88, 0x88, 0x88, 0x88, 0x88, 0x88, 0x88, 0x88, 0x88, 0x88, 0x88, 0x88, 0x88, 0x88,
  0x88, 0x80, 0x00, 0x80, 0x88, 0x88, 0x88, 0x88, 0x88, 0x88, 0x88, 0x88, 0x88, 0x80, 0x08, 0x88,
  0x88, 0x88, 0x00, 0x08, 0x88, 0x88, 0x88, 0x88, 0x88, 0x88, 0x88, 0x88, 0x88, 0x88, 0x80, 0x88,
  0x88, 0x88, 0x88, 0x88, 0x88, 0x88, 0x88, 0x88, 0x88, 0x88, 0x88, 0x88, 0x88, 0x88, 0x88, 0x88,
  0x88, 0x88, 0x80, 0x88, 0x88, 0x88, 0x88, 0x88, 0x88, 0x88, 0x88, 0x88, 0x88, 0x88, 0x88, 0x88,
  0x88, 0x88, 0x88, 0x88, 0x48, 0x88, 0x88, 0x88, 0x88, 0x88, 0x88, 0x88, 0x88, 0x88, 0x88, 0x88,
  0x88, 0x88, 0x88, 0x88, 0x88, 0x88, 0x88, 0x88, 0x88, 0x88, 0x88, 0x88, 0x88, 0x88, 0x88, 0x88,
  0x88, 0x88, 0x88, 0x88, 0x88, 0x88, 0x88, 0x88, 0x88, 0x88, 0x88, 0x88, 0x88, 0x88, 0x88, 0x88,
  0x88, 0x88, 0x88, 0x88, 0x88, 0x88, 0x88, 0x88, 0x88, 0x88, 0x88, 0x88, 0x88, 0x88, 0x88, 0x88,
  0x88, 0x88, 0x00, 0x00, 0x00, 0x00, 0x21, 0x11, 0x11, 0x11, 0x11, 0x10, 0x11, 0x11, 0x11, 0x11,
  0x10, 0x20, 0x00, 0x00, 0x00, 0x00, 0x00, 0x80, 0x00, 0x08, 0x88, 0x80, 0x88, 0x88, 0x88, 0x88,
  0x88, 0x80, 0x00, 0x88, 0x88, 0x88, 0x88, 0x88, 0x88, 0x88, 0x88, 0x88, 0x88, 0x88, 0x88, 0x88,
  0x88, 0x88, 0x88, 0x88, 0x88, 0x88, 0x88, 0x80, 0x88, 0x88, 0x88, 0x88, 0x88, 0x88, 0x88, 0x88,
  0x88, 0x80, 0x08, 0x88, 0x88, 0x88, 0x00, 0x08, 0x88, 0x88, 0x88, 0x88, 0x88, 0x88, 0x88, 0x88,
  0x88, 0x88, 0x88, 0x88, 0x88, 0x88, 0x88, 0x88, 0x88, 0x88, 0x88, 0x88, 0x88, 0x88, 0x88, 0x88,
  0x80, 0x00, 0x88, 0x88, 0x88, 0x80, 0x88, 0x88, 0x88, 0x88, 0x88, 0x88, 0x88, 0x88, 0x88, 0x88,
  0x88, 0x88, 0x84, 0x88, 0x88, 0x88, 0x88, 0x88, 0x88, 0x88, 0x88, 0x88, 0x88, 0x88, 0x88, 0x88,
  0x88, 0x88, 0x88, 0x88, 0x88, 0x88, 0x88, 0x88, 0x88, 0x88, 0x88, 0x88, 0x88, 0x88, 0x88, 0x88,
  0x88, 0x88, 0x88, 0x88, 0x88, 0x88, 0x88, 0x88, 0x88, 0x88, 0x88, 0x88, 0x88, 0x88, 0x88, 0x88,
  0x88, 0x88, 0x88, 0x88, 0x88, 0x88, 0x88, 0x88, 0x88, 0x88, 0x88, 0x88, 0x88, 0x88, 0x88, 0x88,
  0x88, 0x88, 0x88, 0x88, 0x88, 0x88, 0x80, 0x00, 0x00, 0x00, 0x02, 0x11, 0x11, 0x11, 0x11, 0x10,
  0x11, 0x11, 0x11, 0x11, 0x10, 0x20, 0x00, 0x00, 0x00, 0x00, 0x00, 0x80, 0x00, 0x88, 0x88, 0x00,
  0x08, 0x80, 0x88, 0x88, 0x88, 0x80, 0x00, 0x88, 0x88, 0x88, 0x88, 0x88, 0x00, 0x00, 0x88, 0x88,
  0x88, 0x88, 0x88, 0x88, 0x88, 0x88, 0x88, 0x88, 0x88, 0x88, 0x88, 0x80, 0x88, 0x88, 0x88, 0x88,
  0x88, 0x88, 0x88, 0x88, 0x88, 0x80, 0x08, 0x48, 0x88, 0x88, 0x88, 0x88, 0x88, 0x88, 0x88, 0x88,
  0x88, 0x88, 0x88, 0x88, 0x88, 0x88, 0x88, 0x88, 0x88, 0x88, 0x88, 0x88, 0x88, 0x88, 0x88, 0x88,
  0x88, 0x88, 0x88, 0x08, 0x00, 0x00, 0x88, 0x88, 0x88, 0x80, 0x08, 0x88, 0x88, 0x88, 0x88, 0x88,
  0x88, 0x88, 0x88, 0x88, 0x88, 0x88, 0x84, 0x88, 0x88, 0x88, 0x88, 0x88, 0x88, 0x88, 0x88, 0x88,
  0x88, 0x88, 0x88, 0x88, 0x88, 0x88, 0x88, 0x88, 0x88, 0x88, 0x88, 0x88, 0x88, 0x88, 0x88, 0x88,
  0x88, 0x88, 0x88, 0x88, 0x88, 0x88, 0x88, 0x88, 0x88, 0x88, 0x88, 0x88, 0x88, 0x88, 0x88, 0x88,
  0x88, 0x88, 0x88, 0x88, 0x88, 0x88, 0x88, 0x88, 0x88, 0x88, 0x88, 0x88, 0x88, 0x88, 0x88, 0x88,
  0x88, 0x88, 0x88, 0x88, 0x88, 0x88, 0x88, 0x88, 0x88, 0x88, 0x80, 0x00, 0x00, 0x00, 0x02, 0x11,
  0x11, 0x11, 0x11, 0x10, 0x11, 0x11, 0x11, 0x11, 0x11, 0x20, 0x00, 0x00, 0x00, 0x00, 0x00, 0x88,
  0x00, 0x00, 0x88, 0x00, 0x00, 0x00, 0x08, 0x88, 0x88, 0x80, 0x00, 0x08, 0x88, 0x88, 0x88, 0x88,
  0x00, 0x00, 0x88, 0x88, 0x88, 0x88, 0x88, 0x88, 0x88, 0x88, 0x88, 0x88, 0x88, 0x80, 0x00, 0x80,
  0x88, 0x88, 0x88, 0x88, 0x88, 0x88, 0x88, 0x88, 0x88, 0x88, 0x88, 0x88, 0x88, 0x88, 0x88, 0x88,
  0x88, 0x88, 0x88, 0x88, 0x88, 0x88, 0x88, 0x88, 0x88, 0x88, 0x88, 0x88, 0x88, 0x88, 0x88, 0x88,
  0x88, 0x88, 0x00, 0x08, 0x88, 0x88, 0x88, 0x88, 0x08, 0x88, 0x88, 0x88, 0x88, 0x88, 0x88, 0x88,
  0x88, 0x88, 0x88, 0x88, 0x88, 0x88, 0x88, 0x88, 0x80, 0x88, 0x88, 0x88, 0x88, 0x88, 0x88, 0x88,
  0x88, 0x88, 0x88, 0x88, 0x88, 0x88, 0x88, 0x88, 0x88, 0x88, 0x88, 0x88, 0x88, 0x88, 0x88, 0x88,
  0x88, 0x88, 0x88, 0x88, 0x88, 0x88, 0x88, 0x88, 0x88, 0x88, 0x80, 0x80, 0x88, 0x88, 0x88, 0x88,
  0x88, 0x88, 0x88, 0x88, 0x88, 0x88, 0x88, 0x88, 0x88, 0x88, 0x88, 0x88, 0x88, 0x88, 0x88, 0x88,
  0x88, 0x88, 0x88, 0x88, 0x88, 0x88, 0x88, 0x88, 0x88, 0x48, 0x88, 0x88, 0x88, 0x88, 0x00, 0x00,
  0x00, 0x00, 0x00, 0x11, 0x11, 0x11, 0x11, 0x10, 0x11, 0x11, 0x11, 0x11, 0x10, 0x00, 0x20, 0x00,
  0x00, 0x00, 0x00, 0x00, 0x00, 0x00, 0x00, 0x88, 0x80, 0x88, 0x00, 0x88, 0x88, 0x80, 0x00, 0x00,
  0x00, 0x88, 0x88, 0x00, 0x88, 0x88, 0x88, 0x88, 0x88, 0x88, 0x88, 0x88, 0x88, 0x88, 0x88, 0x00,
  0x80, 0x88, 0x88, 0x88, 0x88, 0x88, 0x88, 0x88, 0x88, 0x88, 0x88, 0x88, 0x88, 0x88, 0x88, 0x88,
  0x88, 0x88, 0x88, 0x88, 0x88, 0x88, 0x88, 0x88, 0x88, 0x88, 0x88, 0x88, 0x88, 0x88, 0x88, 0x88,
  0x88, 0x88, 0x88, 0x00, 0x88, 0x88, 0x88, 0x88, 0x88, 0x88, 0x88, 0x88, 0x88, 0x88, 0x88, 0x88,
  0x88, 0x88, 0x88, 0x88, 0x88, 0x88, 0x88, 0x88, 0x88, 0x88, 0x88, 0x88, 0x88, 0x88, 0x88, 0x88,
  0x88, 0x88, 0x88, 0x88, 0x88, 0x88, 0x88, 0x88, 0x88, 0x88, 0x88, 0x88, 0x88, 0x88, 0x88, 0x88,
  0x88, 0x88, 0x88, 0x88, 0x80, 0x88, 0x80, 0x88, 0x88, 0x88, 0x88, 0x88, 0x88, 0x88, 0x88, 0x88,
  0x88, 0x88, 0x88, 0x88, 0x88, 0x88, 0x88, 0x88, 0x88, 0x88, 0x88, 0x88, 0x88, 0x88, 0x88, 0x88,
  0x88, 0x88, 0x88, 0x88, 0x88, 0x88, 0x88, 0x88, 0x88, 0x88, 0x88, 0x88, 0x88, 0x88, 0x88, 0x88,
  0x88, 0x88, 0x00, 0x00, 0x00, 0x00, 0x20, 0x11, 0x11, 0x11, 0x11, 0x10, 0x11, 0x11, 0x11, 0x11,
  0x10, 0x00, 0x20, 0x00, 0x00, 0x00, 0x00, 0x00, 0x00, 0x00, 0x00, 0x88, 0x88, 0x88, 0x80, 0x88,
  0x88, 0x80, 0x00, 0x00, 0x00, 0x88, 0x80, 0x00, 0x88, 0x88, 0x88, 0x88, 0x88, 0x88, 0x88, 0x88,
  0x88, 0x88, 0x88, 0x00, 0x80, 0x88, 0x88, 0x88, 0x88, 0x88, 0x88, 0x88, 0x88, 0x88, 0x88, 0x88,
  0x88, 0x88, 0x88, 0x88, 0x88, 0x88, 0x88, 0x88, 0x88, 0x88, 0x88, 0x88, 0x88, 0x88, 0x88, 0x88,
  0x88, 0x88, 0x88, 0x88, 0x88, 0x88, 0x88, 0x08, 0x88, 0x88, 0x88, 0x88, 0x88, 0x88, 0x88, 0x88,
  0x88, 0x88, 0x88, 0x88, 0x88, 0x88, 0x88, 0x88, 0x88, 0x88, 0x88, 0x88, 0x88, 0x88, 0x88, 0x08,
  0x88, 0x88, 0x88, 0x88, 0x88, 0x88, 0x88, 0x88, 0x88, 0x88, 0x88, 0x88, 0x88, 0x88, 0x88, 0x88,
  0x88, 0x88, 0x88, 0x88, 0x88, 0x88, 0x88, 0x88, 0x88, 0x88, 0x88, 0x88, 0x88, 0x88, 0x88, 0x88,
  0x88, 0x88, 0x88, 0x88, 0x88, 0x88, 0x88, 0x88, 0x88, 0x88, 0x88, 0x88, 0x88, 0x88, 0x88, 0x88,
  0x88, 0x88, 0x88, 0x88, 0x88, 0x88, 0x88, 0x88, 0x88, 0x88, 0x88, 0x88, 0x88, 0x88, 0x88, 0x88,
  0x88, 0x88, 0x88, 0x88, 0x88, 0x88, 0x80, 0x00, 0x00, 0x00, 0x02, 0x11, 0x11, 0x11, 0x11, 0x10,
  0x11, 0x11, 0x11, 0x11, 0x10, 0x00, 0x20, 0x02, 0x00, 0x00, 0x00, 0x00, 0x00, 0x00, 0x00, 0x88,
  0x88, 0x88, 0x88, 0x88, 0x88, 0x80, 0x00, 0x00, 0x00, 0x88, 0x80, 0x08, 0x88, 0x88, 0x88, 0x88,
  0x88, 0x88, 0x88, 0x00, 0x08, 0x88, 0x88, 0x00, 0x80, 0x88, 0x88, 0x88, 0x88, 0x88, 0x88, 0x88,
  0x88, 0x88, 0x88, 0x88, 0x88, 0x08, 0x80, 0x88, 0x88, 0x88, 0x88, 0x88, 0x88, 0x88, 0x88, 0x88,
  0x88, 0x88, 0x88, 0x88, 0x88, 0x88, 0x88, 0x88, 0x88, 0x88, 0x88, 0x08, 0x80, 0x00, 0x88, 0x88,
  0x88, 0x88, 0x88, 0x88, 0x88, 0x88, 0x88, 0x88, 0x88, 0x88, 0x88, 0x88, 0x88, 0x88, 0x88, 0x88,
  0x88, 0x88, 0x88, 0x08, 0x88, 0x00, 0x08, 0x88, 0x88, 0x88, 0x88, 0x88, 0x88, 0x88, 0x88, 0x88,
  0x88, 0x88, 0x88, 0x88, 0x88, 0x88, 0x88, 0x88, 0x88, 0x88, 0x88, 0x88, 0x88, 0x88, 0x88, 0x88,
  0x88, 0x88, 0x88, 0x88, 0x88, 0x88, 0x88, 0x88, 0x88, 0x88, 0x88, 0x88, 0x88, 0x88, 0x88, 0x88,
  0x88, 0x88, 0x88, 0x88, 0x88, 0x88, 0x88, 0x88, 0x88, 0x88, 0x88, 0x88, 0x88, 0x88, 0x88, 0x88,
  0x88, 0x88, 0x88, 0x88, 0x88, 0x88, 0x88, 0x88, 0x88, 0x88, 0x80, 0x00, 0x00, 0x02, 0x02, 0x10,
  0x11, 0x11, 0x11, 0x10, 0x11, 0x11, 0x11, 0x11, 0x20, 0x00, 0x00, 0x00, 0x00, 0x00, 0x00, 0x08,
  0x00, 0x88, 0x88, 0x08, 0x08, 0x88, 0x88, 0x88, 0x80, 0x88, 0x00, 0x88, 0x88, 0x88, 0x80, 0x00,
  0x88, 0x88, 0x88, 0x88, 0x88, 0x88, 0x88, 0x00, 0x08, 0x88, 0x00, 0x00, 0x00, 0x00, 0x00, 0x08,
  0x88, 0x88, 0x88, 0x88, 0x88, 0x88, 0x88, 0x88, 0x88, 0x88, 0x88, 0x88, 0x88, 0x88, 0x88, 0x88,
  0x88, 0x88, 0x88, 0x88, 0x88, 0x88, 0x88, 0x88, 0x88, 0x88, 0x88, 0x88, 0x88, 0x88, 0x88, 0x88,
  0x88, 0x88, 0x88, 0x88, 0x88, 0x88, 0x88, 0x88, 0x88, 0x00, 0x08, 0x88, 0x88, 0x88, 0x88, 0x08,
  0x88, 0x88, 0x88, 0x00, 0x88, 0x88, 0x00, 0x08, 0x00, 0x08, 0x88, 0x88, 0x88, 0x80, 0x88, 0x88,
  0x88, 0x88, 0x80, 0x88, 0x88, 0x88, 0x88, 0x88, 0x88, 0x88, 0x88, 0x88, 0x88, 0x88, 0x88, 0x88,
  0x88, 0x88, 0x88, 0x88, 0x88, 0x88, 0x88, 0x88, 0x88, 0x88, 0x88, 0x80, 0x88, 0x88, 0x88, 0x88,
  0x88, 0x88, 0x88, 0x88, 0x88, 0x88, 0x88, 0x88, 0x88, 0x88, 0x88, 0x88, 0x88, 0x88, 0x88, 0x88,
  0x88, 0x88, 0x88, 0x88, 0x88, 0x88, 0x88, 0x88, 0x88, 0x88, 0x88, 0x88, 0x88, 0x00, 0x80, 0x00,
  0x02, 0x02, 0x00, 0x11, 0x11, 0x11, 0x11, 0x10, 0x11, 0x11, 0x11, 0x11, 0x20, 0x00, 0x00, 0x00,
  0x00, 0x00, 0x00, 0x00, 0x00, 0x08, 0x88, 0x00, 0x08, 0x88, 0x88, 0x88, 0x88, 0x88, 0x88, 0x88,
  0x88, 0x88, 0x88, 0x88, 0x88, 0x88, 0x88, 0x88, 0x88, 0x88, 0x88, 0x00, 0x08, 0x88, 0x00, 0x00,
  0x00, 0x00, 0x00, 0x88, 0x88, 0x88, 0x88, 0x88, 0x88, 0x88, 0x88, 0x88, 0x88, 0x88, 0x88, 0x80,
  0x08, 0x88, 0x88, 0x88, 0x88, 0x88, 0x88, 0x88, 0x88, 0x88, 0x88, 0x88, 0x88, 0x88, 0x88, 0x88,
  0x88, 0x88, 0x88, 0x88, 0x88, 0x88, 0x88, 0x88, 0x88, 0x88, 0x88, 0x88, 0x80, 0x00, 0x08, 0x88,
  0x88, 0x88, 0x88, 0x88, 0x88, 0x88, 0x80, 0x00, 0x88, 0x88, 0x88, 0x80, 0x00, 0x88, 0x88, 0x88,
  0x80, 0x88, 0x88, 0x88, 0x88, 0x88, 0x88, 0x88, 0x88, 0x88, 0x88, 0x88, 0x88, 0x88, 0x88, 0x88,
  0x88, 0x88, 0x88, 0x88, 0x88, 0x88, 0x88, 0x88, 0x88, 0x88, 0x88, 0x88, 0x88, 0x88, 0x88, 0x88,
  0x88, 0x88, 0x88, 0x88, 0x88, 0x88, 0x88, 0x88, 0x88, 0x88, 0x88, 0x88, 0x88, 0x88, 0x88, 0x88,
  0x88, 0x88, 0x88, 0x88, 0x88, 0x88, 0x88, 0x88, 0x88, 0x88, 0x88, 0x88, 0x88, 0x88, 0x88, 0x88,
  0x88, 0x00, 0x00, 0x00, 0x00, 0x00, 0x22, 0x00, 0x11, 0x11, 0x11, 0x10, 0x11, 0x11, 0x11, 0x01,
  0x20, 0x00, 0x00, 0x00, 0x00, 0x00, 0x00, 0x00, 0x80, 0x08, 0x88, 0x00, 0x08, 0x88, 0x88, 0x88,
  0x08, 0x00, 0x88, 0x08, 0x88, 0x88, 0x88, 0x88, 0x88, 0x88, 0x88, 0x88, 0x88, 0x88, 0x88, 0x00,
  0x08, 0x88, 0x88, 0x88, 0x00, 0x00, 0x00, 0x88, 0x88, 0x88, 0x88, 0x88, 0x88, 0x88, 0x88, 0x88,
  0x88, 0x88, 0x88, 0x88, 0x08, 0x88, 0x88, 0x88, 0x88, 0x88, 0x88, 0x88, 0x88, 0x88, 0x88, 0x88,
  0x88, 0x88, 0x08, 0x88, 0x88, 0x88, 0x88, 0x88, 0x88, 0x88, 0x88, 0x88, 0x08, 0x88, 0x88, 0x00,
  0x08, 0x80, 0x08, 0x88, 0x88, 0x80, 0x88, 0x88, 0x88, 0x88, 0x88, 0x00, 0x00, 0x00, 0x88, 0x80,
  0x00, 0x88, 0x88, 0x88, 0x80, 0x88, 0x88, 0x88, 0x88, 0x80, 0x88, 0x88, 0x88, 0x88, 0x88, 0x88,
  0x88, 0x88, 0x88, 0x80, 0x80, 0x88, 0x88, 0x88, 0x88, 0x88, 0x88, 0x88, 0x88, 0x88, 0x88, 0x88,
  0x88, 0x88, 0x88, 0x88, 0x88, 0x88, 0x88, 0x88, 0x88, 0x88, 0x88, 0x88, 0x88, 0x88, 0x88, 0x88,
  0x88, 0x88, 0x88, 0x88, 0x88, 0x88, 0x88, 0x88, 0x88, 0x88, 0x88, 0x88, 0x88, 0x88, 0x88, 0x88,
  0x88, 0x88, 0x88, 0x88, 0x88, 0x80, 0x08, 0x00, 0x00, 0x00, 0x00, 0x00, 0x11, 0x11, 0x11, 0x10,
  0x11, 0x11, 0x11, 0x11, 0x10, 0x00, 0x00, 0x00, 0x00, 0x00, 0x08, 0x80, 0x00, 0x08, 0x88, 0x00,
  0x08, 0x88, 0x88, 0x88, 0x88, 0x88, 0x80, 0x88, 0x88, 0x88, 0x88, 0x88, 0x88, 0x88, 0x88, 0x88,
  0x80, 0x00, 0x88, 0x88, 0x88, 0x88, 0x88, 0x88, 0x88, 0x80, 0x80, 0x88, 0x88, 0x88, 0x88, 0x88,
  0x88, 0x88, 0x88, 0x88, 0x88, 0x88, 0x88, 0x88, 0x88, 0x88, 0x88, 0x08, 0x88, 0x88, 0x88, 0x88,
  0x88, 0x88, 0x88, 0x88, 0x88, 0x88, 0x88, 0x80, 0x08, 0x88, 0x88, 0x88, 0x88, 0x88, 0x08, 0x88,
  0x88, 0x88, 0x88, 0x88, 0x80, 0x00, 0x08, 0x88, 0x88, 0x88, 0x88, 0x88, 0x88, 0x88, 0x88, 0x80,
  0x00, 0x88, 0x88, 0x80, 0x88, 0x88, 0x88, 0x88, 0x88, 0x88, 0x88, 0x88, 0x88, 0x88, 0x88, 0x88,
  0x88, 0x88, 0x88, 0x88, 0x88, 0x88, 0x88, 0x80, 0x80, 0x88, 0x88, 0x88, 0x88, 0x88, 0x88, 0x88,
  0x88, 0x88, 0x88, 0x88, 0x88, 0x88, 0x88, 0x88, 0x88, 0x88, 0x88, 0x88, 0x88, 0x88, 0x88, 0x88,
  0x88, 0x88, 0x88, 0x88, 0x88, 0x88, 0x88, 0x88, 0x88, 0x88, 0x88, 0x88, 0x88, 0x88, 0x88, 0x88,
  0x88, 0x88, 0x88, 0x88, 0x88, 0x88, 0x88, 0x88, 0x88, 0x80, 0x08, 0x00, 0x00, 0x02, 0x00, 0x22,
  0x11, 0x11, 0x11, 0x10, 0x11, 0x11, 0x11, 0x11, 0x10, 0x00, 0x00, 0x00, 0x00, 0x00, 0x88, 0x08,
  0x00, 0x08, 0x88, 0x88, 0x88, 0x88, 0x88, 0x88, 0x88, 0x88, 0x88, 0x88, 0x88, 0x88, 0x88, 0x88,
  0x88, 0x88, 0x88, 0x88, 0x88, 0x00, 0x88, 0x88, 0x88, 0x88, 0x88, 0x88, 0x88, 0x88, 0x88, 0x88,
  0x88, 0x88, 0x08, 0x88, 0x88, 0x88, 0x80, 0x08, 0x88, 0x88, 0x88, 0x88, 0x88, 0x88, 0x88, 0x88,
  0x88, 0x88, 0x88, 0x88, 0x88, 0x88, 0x88, 0x88, 0x88, 0x88, 0x88, 0x88, 0x00, 0x08, 0x88, 0x88,
  0x88, 0x88, 0x08, 0x88, 0x88, 0x88, 0x88, 0x88, 0x80, 0x08, 0x88, 0x88, 0x88, 0x88, 0x88, 0x88,
  0x88, 0x88, 0x88, 0x88, 0x88, 0x88, 0x88, 0x88, 0x88, 0x88, 0x88, 0x88, 0x88, 0x88, 0x88, 0x88,
  0x80, 0x88, 0x88, 0x88, 0x88, 0x88, 0x88, 0x88, 0x88, 0x88, 0x88, 0x88, 0x88, 0x88, 0x88, 0x88,
  0x88, 0x88, 0x88, 0x88, 0x88, 0x88, 0x88, 0x88, 0x88, 0x88, 0x88, 0x88, 0x88, 0x88, 0x88, 0x88,
  0x88, 0x88, 0x88, 0x88, 0x88, 0x88, 0x88, 0x88, 0x88, 0x88, 0x88, 0x88, 0x88, 0x88, 0x88, 0x88,
  0x88, 0x88, 0x88, 0x88, 0x88, 0x88, 0x88, 0x88, 0x88, 0x88, 0x88, 0x88, 0x88, 0x80, 0x00, 0x00,
  0x00, 0x02, 0x00, 0x22, 0x11, 0x11, 0x11, 0x10, 0x11, 0x11, 0x11, 0x11, 0x10, 0x00, 0x00, 0x00,
  0x00, 0x00, 0x00, 0x08, 0x80, 0x08, 0x88, 0x88, 0x88, 0x88, 0x88, 0x88, 0x88, 0x88, 0x88, 0x88,
  0x88, 0x88, 0x88, 0x88, 0x88, 0x88, 0x88, 0x88, 0x88, 0x00, 0x88, 0x88, 0x88, 0x88, 0x88, 0x88,
  0x88, 0x88, 0x88, 0x00, 0x88, 0x88, 0x08, 0x88, 0x88, 0x88, 0x80, 0x08, 0x88, 0x88, 0x88, 0x88,
  0x88, 0x88, 0x08, 0x88, 0x88, 0x88, 0x88, 0x48, 0x88, 0x88, 0x88, 0x88, 0x88, 0x88, 0x88, 0x88,
  0x88, 0x08, 0x88, 0x88, 0x88, 0x88, 0x88, 0x08, 0x88, 0x88, 0x88, 0x88, 0x88, 0x88, 0x88, 0x88,
  0x08, 0x08, 0x88, 0x88, 0x88, 0x88, 0x88, 0x88, 0x88, 0x08, 0x88, 0x88, 0x88, 0x88, 0x88, 0x88,
  0x88, 0x88, 0x88, 0x88, 0x80, 0x08, 0x88, 0x88, 0x88, 0x88, 0x88, 0x88, 0x88, 0x88, 0x88, 0x88,
  0x88, 0x88, 0x88, 0x88, 0x88, 0x88, 0x88, 0x88, 0x88, 0x88, 0x88, 0x88, 0x88, 0x88, 0x88, 0x88,
  0x88, 0x88, 0x88, 0x88, 0x88, 0x88, 0x88, 0x88, 0x88, 0x88, 0x88, 0x88, 0x88, 0x88, 0x88, 0x88,
  0x88, 0x88, 0x88, 0x88, 0x88, 0x88, 0x88, 0x88, 0x88, 0x88, 0x88, 0x88, 0x88, 0x88, 0x88, 0x88,
  0x88, 0x80, 0x00, 0x00, 0x00, 0x02, 0x00, 0x22, 0x11, 0x11, 0x11, 0x10, 0x11, 0x11, 0x11, 0x11,
  0x10, 0x00, 0x00, 0x00, 0x00, 0x00, 0x00, 0x00, 0x00, 0x08, 0x88, 0x88, 0x88, 0x88, 0x88, 0x88,
  0x88, 0x88, 0x80, 0x88, 0x88, 0x88, 0x88, 0x88, 0x88, 0x88, 0x88, 0x88, 0x80, 0x00, 0x88, 0x88,
  0x88, 0x88, 0x88, 0x88, 0x88, 0x80, 0x80, 0x88, 0x08, 0x88, 0x08, 0x80, 0x88, 0x88, 0x80, 0x08,
  0x88, 0x88, 0x88, 0x88, 0x88, 0x88, 0x88, 0x80, 0x88, 0x88, 0x88, 0x88, 0x88, 0x88, 0x88, 0x88,
  0x88, 0x88, 0x88, 0x88, 0x88, 0x88, 0x88, 0x88, 0x88, 0x88, 0x88, 0x08, 0x08, 0x80, 0x88, 0x88,
  0x88, 0x88, 0x88, 0x88, 0x08, 0x08, 0x88, 0x88, 0x88, 0x88, 0x88, 0x80, 0x88, 0x88, 0x88, 0x88,
  0x88, 0x00, 0x88, 0x88, 0x88, 0x88, 0x88, 0x88, 0x88, 0x88, 0x88, 0x88, 0x88, 0x88, 0x88, 0x88,
  0x88, 0x88, 0x88, 0x88, 0x88, 0x88, 0x88, 0x88, 0x88, 0x88, 0x88, 0x88, 0x88, 0x88, 0x88, 0x88,
  0x88, 0x88, 0x88, 0x88, 0x88, 0x88, 0x88, 0x88, 0x88, 0x88, 0x88, 0x88, 0x88, 0x88, 0x88, 0x88,
  0x88, 0x88, 0x88, 0x88, 0x88, 0x88, 0x88, 0x88, 0x88, 0x88, 0x88, 0x88, 0x88, 0x88, 0x88, 0x88,
  0x88, 0x88, 0x88, 0x88, 0x88, 0x80, 0x00, 0x00, 0x00, 0x00, 0x00, 0x22, 0x11, 0x11, 0x11, 0x10,
  0x11, 0x11, 0x11, 0x11, 0x10, 0x00, 0x00, 0x00, 0x00, 0x00, 0x00, 0x00, 0x80, 0x00, 0x00, 0x88,
  0x80, 0x88, 0x08, 0x88, 0x88, 0x88, 0x88, 0x88, 0x00, 0x88, 0x88, 0x80, 0x88, 0x88, 0x88, 0x88,
  0x88, 0x88, 0x88, 0x88, 0x88, 0x88, 0x88, 0x88, 0x88, 0x88, 0x88, 0x88, 0x88, 0x80, 0x00, 0x00,
  0x88, 0x88, 0x88, 0x80, 0x00, 0x88, 0x88, 0x88, 0x88, 0x88, 0x88, 0x80, 0x00, 0x08, 0x88, 0x88,
  0x88, 0x88, 0x80, 0x88, 0x08, 0x88, 0x88, 0x80, 0x00, 0x88, 0x88, 0x88, 0x88, 0x88, 0x00, 0x88,
  0x00, 0x00, 0x00, 0x88, 0x88, 0x88, 0x80, 0x88, 0x00, 0x88, 0x88, 0x88, 0x88, 0x88, 0x00, 0x00,
  0x88, 0x80, 0x00, 0x02, 0x00, 0x22, 0x20, 0x08, 0x08, 0x88, 0x00, 0x80, 0x88, 0x08, 0x88, 0x88,
  0x88, 0x88, 0x88, 0x88, 0x88, 0x88, 0x88, 0x88, 0x88, 0x88, 0x88, 0x88, 0x88, 0x88, 0x88, 0x88,
  0x88, 0x88, 0x88, 0x88, 0x88, 0x88, 0x88, 0x88, 0x80, 0x88, 0x88, 0x88, 0x88, 0x88, 0x88, 0x88,
  0x88, 0x88, 0x88, 0x88, 0x88, 0x88, 0x88, 0x88, 0x88, 0x88, 0x88, 0x88, 0x88, 0x88, 0x88, 0x88,
  0x88, 0x88, 0x88, 0x88, 0x88, 0x88, 0x88, 0x88, 0x88, 0x88, 0x00, 0x00, 0x00, 0x00, 0x00, 0x02,
  0x11, 0x11, 0x11, 0x10, 0x11, 0x11, 0x11, 0x11, 0x10, 0x00, 0x00, 0x00, 0x00, 0x00, 0x00, 0x00,
  0x80, 0x00, 0x00, 0x88, 0x88, 0x88, 0x88, 0x88, 0x88, 0x88, 0x88, 0x88, 0x00, 0x88, 0x88, 0x88,
  0x88, 0x88, 0x08, 0x08, 0x88, 0x88, 0x88, 0x88, 0x88, 0x88, 0x88, 0x88, 0x88, 0x88, 0x88, 0x88,
  0x88, 0x80, 0x08, 0x80, 0x88, 0x88, 0x88, 0x00, 0x00, 0x88, 0x88, 0x88, 0x88, 0x80, 0x88, 0x80,
  0x00, 0x08, 0x88, 0x88, 0x88, 0x88, 0x88, 0x88, 0x88, 0x88, 0x88, 0x80, 0x00, 0x88, 0x88, 0x00,
  0x88, 0x88, 0x88, 0x00, 0x00, 0x00, 0x00, 0x88, 0x88, 0x48, 0x88, 0x80, 0x88, 0x08, 0x88, 0x88,
  0x88, 0x88, 0x00, 0x00, 0x88, 0x88, 0x02, 0xd5, 0xcc, 0xcc, 0x50, 0x08, 0x00, 0x88, 0x88, 0x88,
  0x88, 0x08, 0x88, 0x88, 0x88, 0x88, 0x88, 0x88, 0x88, 0x88, 0x88, 0x88, 0x88, 0x88, 0x88, 0x88,
  0x88, 0x88, 0x88, 0x88, 0x88, 0x88, 0x88, 0x88, 0x88, 0x88, 0x88, 0x88, 0x80, 0x88, 0x88, 0x88,
  0x88, 0x88, 0x88, 0x88, 0x88, 0x88, 0x88, 0x88, 0x88, 0x88, 0x88, 0x88, 0x88, 0x88, 0x88, 0x88,
  0x88, 0x88, 0x88, 0x88, 0x88, 0x88, 0x88, 0x88, 0x88, 0x88, 0x88, 0x88, 0x88, 0x88, 0x00, 0x00,
  0x00, 0x00, 0x00, 0x02, 0x11, 0x11, 0x11, 0x10, 0x11, 0x11, 0x11, 0x11, 0x10, 0x00, 0x00, 0x00,
  0x00, 0x00, 0x00, 0x00, 0x80, 0x00, 0x00, 0x88, 0x88, 0x88, 0x88, 0x88, 0x88, 0x88, 0x88, 0x88,
  0x00, 0x88, 0x88, 0x88, 0x88, 0x88, 0x08, 0x08, 0x88, 0x88, 0x88, 0x88, 0x88, 0x88, 0x88, 0x88,
  0x88, 0x88, 0x88, 0x88, 0x88, 0x80, 0x08, 0x80, 0x88, 0x88, 0x80, 0x00, 0x00, 0x88, 0x88, 0x88,
  0x88, 0x80, 0x88, 0x80, 0x00, 0x08, 0x88, 0x88, 0x80, 0x00, 0x88, 0x80, 0x88, 0x08, 0x00, 0x80,
  0x00, 0x88, 0x80, 0x00, 0x88, 0x88, 0x88, 0x00, 0x08, 0x80, 0x00, 0x08, 0x88, 0x48, 0x88, 0x00,
  0x80, 0x00, 0x80, 0x88, 0x88, 0x88, 0x00, 0x08, 0x00, 0x80, 0x05, 0xb6, 0x6a, 0xaa, 0x7c, 0xd0,
  0x88, 0x88, 0x88, 0x88, 0x88, 0x08, 0x88, 0x88, 0x88, 0x88, 0x88, 0x88, 0x88, 0x88, 0x88, 0x88,
  0x88, 0x88, 0x88, 0x88, 0x88, 0x88, 0x88, 0x88, 0x88, 0x88, 0x88, 0x88, 0x88, 0x88, 0x88, 0x88,
  0x80, 0x88, 0x88, 0x88, 0x88, 0x88, 0x88, 0x88, 0x88, 0x88, 0x88, 0x88, 0x88, 0x88, 0x88, 0x88,
  0x88, 0x88, 0x88, 0x88, 0x88, 0x88, 0x88, 0x88, 0x88, 0x88, 0x88, 0x88, 0x88, 0x88, 0x88, 0x88,
  0x88, 0x88, 0x00, 0x00, 0x00, 0x00, 0x20, 0x00, 0x11, 0x11, 0x11, 0x10, 0x11, 0x11, 0x11, 0x11,
  0x10, 0x22, 0x00, 0x00, 0x00, 0x00, 0x00, 0x00, 0x08, 0x88, 0x88, 0x80, 0x80, 0x08, 0x88, 0x88,
  0x88, 0x80, 0x88, 0x88, 0x88, 0x88, 0x88, 0x88, 0x88, 0x88, 0x88, 0x88, 0x88, 0x88, 0x88, 0x88,
  0x88, 0x88, 0x88, 0x88, 0x88, 0x88, 0x88, 0x88, 0x88, 0x88, 0x88, 0x88, 0x88, 0x88, 0x88, 0x00,
  0x80, 0x88, 0x88, 0x88, 0x80, 0x00, 0x00, 0x08, 0x88, 0x80, 0x80, 0x00, 0x00, 0x00, 0x08, 0x88,
  0x80, 0x00, 0x00, 0x00, 0x00, 0x88, 0x88, 0x88, 0x88, 0x88, 0x08, 0x00, 0x00, 0x00, 0x00, 0x02,
  0x00, 0x00, 0x00, 0x00, 0x08, 0x00, 0x08, 0x08, 0x88, 0x00, 0x00, 0x00, 0x88, 0x00, 0xc6, 0x67,
  0xcc, 0xcb, 0x6a, 0xb5, 0x10, 0x08, 0x88, 0x88, 0x88, 0x80, 0x00, 0x88, 0x88, 0x80, 0x88, 0x88,
  0x88, 0x88, 0x88, 0x88, 0x88, 0x88, 0x88, 0x88, 0x88, 0x88, 0x88, 0x88, 0x88, 0x88, 0x88, 0x88,
  0x88, 0x88, 0x80, 0x88, 0x88, 0x88, 0x88, 0x88, 0x88, 0x88, 0x88, 0x88, 0x88, 0x88, 0x88, 0x88,
  0x88, 0x88, 0x88, 0x88, 0x88, 0x88, 0x88, 0x88, 0x88, 0x88, 0x88, 0x88, 0x88, 0x88, 0x88, 0x88,
  0x88, 0x88, 0x88, 0x88, 0x88, 0x80, 0x80, 0x00, 0x00, 0x00, 0x00, 0x01, 0x10, 0x11, 0x11, 0x10,
  0x11, 0x11, 0x11, 0x11, 0x00, 0x00, 0x00, 0x00, 0x00, 0x00, 0x00, 0x00, 0x08, 0x88, 0x88, 0x80,
  0x88, 0x88, 0x88, 0x88, 0x88, 0x80, 0x88, 0x88, 0x88, 0x88, 0x88, 0x88, 0x88, 0x88, 0x08, 0x08,
  0x88, 0x88, 0x88, 0x88, 0x88, 0x88, 0x88, 0x88, 0x88, 0x88, 0x88, 0x88, 0x88, 0x88, 0x88, 0x88,
  0x88, 0x88, 0x00, 0x00, 0x80, 0x80, 0x88, 0x08, 0x80, 0x00, 0x00, 0x00, 0x00, 0x00, 0x80, 0x00,
  0x00, 0x00, 0x08, 0x88, 0x00, 0x00, 0x00, 0x00, 0x00, 0x88, 0x80, 0x00, 0x00, 0x00, 0x00, 0x00,
  0x0d, 0xdd, 0xdd, 0x55, 0x55, 0x55, 0xdd, 0xdd, 0x80, 0x22, 0x00, 0x00, 0x00, 0x88, 0x00, 0x00,
  0x00, 0x05, 0x66, 0xc5, 0x44, 0x45, 0xc7, 0x67, 0x52, 0x88, 0x88, 0x80, 0x08, 0x00, 0x00, 0x88,
  0x88, 0x80, 0x88, 0x88, 0x88, 0x88, 0x88, 0x88, 0x88, 0x88, 0x44, 0x88, 0x88, 0x88, 0x88, 0x88,
  0x88, 0x88, 0x88, 0x88, 0x88, 0x88, 0x88, 0x88, 0x88, 0x88, 0x88, 0x88, 0x88, 0x88, 0x88, 0x88,
  0x88, 0x88, 0x88, 0x88, 0x88, 0x88, 0x88, 0x88, 0x88, 0x88, 0x88, 0x88, 0x88, 0x88, 0x88, 0x88,
  0x88, 0x88, 0x88, 0x88, 0x88, 0x88, 0x88, 0x88, 0x88, 0x80, 0x80, 0x00, 0x00, 0x00, 0x00, 0x01,
  0x10, 0x11, 0x11, 0x10, 0x11, 0x11, 0x11, 0x11, 0x00, 0x00, 0x00, 0x00, 0x00, 0x00, 0x00, 0x00,
  0x08, 0x88, 0x88, 0x80, 0x88, 0x80, 0x08, 0x88, 0x88, 0x80, 0x88, 0x88, 0x88, 0x88, 0x88, 0x88,
  0x88, 0x80, 0x08, 0x08, 0x88, 0x88, 0x88, 0x88, 0x88, 0x88, 0x88, 0x88, 0x88, 0x88, 0x88, 0x88,
  0x88, 0x88, 0x80, 0x00, 0x88, 0x88, 0x00, 0x00, 0x80, 0x00, 0x08, 0x88, 0x80, 0x00, 0x00, 0x00,
  0x00, 0x00, 0x80, 0x00, 0x00, 0x00, 0x08, 0x88, 0x00, 0x00, 0x00, 0x00, 0x00, 0x88, 0x00, 0x02,
  0x10, 0xd5, 0x55, 0xcc, 0xcc, 0xcb, 0x77, 0x77, 0x77, 0x77, 0x7b, 0xbc, 0xcc, 0xc5, 0xdd, 0x21,
  0x20, 0x88, 0x00, 0x00, 0x80, 0x0c, 0xac, 0xd4, 0x33, 0x34, 0x85, 0xb6, 0xcd, 0x00, 0x88, 0x8d,
  0xd0, 0x80, 0x00, 0x88, 0x88, 0x80, 0x88, 0x88, 0x88, 0x88, 0x88, 0x88, 0x88, 0x88, 0x88, 0x88,
  0x88, 0x88, 0x88, 0x88, 0x88, 0x88, 0x88, 0x88, 0x88, 0x88, 0x88, 0x88, 0x88, 0x88, 0x88, 0x88,
  0x88, 0x88, 0x88, 0x88, 0x88, 0x88, 0x88, 0x88, 0x88, 0x88, 0x88, 0x88, 0x88, 0x88, 0x88, 0x88,
  0x88, 0x88, 0x88, 0x88, 0x88, 0x88, 0x88, 0x88, 0x88, 0x88, 0x88, 0x88, 0x88, 0x88, 0x80, 0x00,
  0x00, 0x00, 0x00, 0x01, 0x10, 0x11, 0x11, 0x10, 0x11, 0x11, 0x11, 0x11, 0x12, 0x20, 0x00, 0x00,
  0x00, 0x00, 0x00, 0x00, 0x08, 0x88, 0x88, 0x88, 0x00, 0x88, 0x00, 0x00, 0x88, 0x88, 0x88, 0x88,
  0x88, 0x88, 0x88, 0x88, 0x00, 0x00, 0x88, 0x88, 0x88, 0x88, 0x88, 0x08, 0x08, 0x80, 0x88, 0x88,
  0x88, 0x88, 0x88, 0x88, 0x88, 0x00, 0x08, 0x88, 0x80, 0x88, 0x80, 0x00, 0x00, 0x08, 0x88, 0x88,
  0x00, 0x00, 0x00, 0x00, 0x00, 0x00, 0x00, 0x00, 0x00, 0x00, 0x00, 0x00, 0x00, 0x00, 0x80, 0x08,
  0x00, 0x02, 0x08, 0xd5, 0xcc, 0xb7, 0x66, 0xaa, 0x66, 0x66, 0x77, 0x77, 0x77, 0x77, 0x76, 0x66,
  0xaa, 0xa6, 0x7b, 0xcc, 0x5d, 0x00, 0x00, 0x00, 0x00, 0xd7, 0x65, 0x43, 0x33, 0x33, 0x38, 0x57,
  0x6c, 0x00, 0x80, 0xdb, 0xcd, 0x00, 0x08, 0x88, 0x88, 0x88, 0x88, 0x88, 0x88, 0x88, 0x88, 0x88,
  0x88, 0x88, 0x88, 0x88, 0x88, 0x88, 0x88, 0x88, 0x88, 0x88, 0x88, 0x88, 0x88, 0x88, 0x08, 0x80,
  0x88, 0x88, 0x88, 0x88, 0x88, 0x88, 0x88, 0x88, 0x88, 0x88, 0x88, 0x88, 0x88, 0x88, 0x88, 0x88,
  0x88, 0x88, 0x88, 0x88, 0x88, 0x88, 0x88, 0x88, 0x88, 0x88, 0x88, 0x88, 0x88, 0x88, 0x88, 0x88,
  0x88, 0x80, 0x00, 0x00, 0x00, 0x00, 0x00, 0x02, 0x11, 0x11, 0x11, 0x10, 0x11, 0x11, 0x11, 0x11,
  0x10, 0x00, 0x00, 0x02, 0x00, 0x00, 0x00, 0x00, 0x08, 0x88, 0x88, 0x08, 0x80, 0x88, 0x00, 0x00,
  0x88, 0x88, 0x88, 0x88, 0x88, 0x88, 0x88, 0x88, 0x00, 0x00, 0x88, 0x88, 0x88, 0x88, 0x88, 0x08,
  0x08, 0x88, 0x88, 0x88, 0x88, 0x88, 0x88, 0x88, 0x88, 0x00, 0x08, 0x88, 0x80, 0x88, 0x80, 0x00,
  0x00, 0x08, 0x80, 0x88, 0x00, 0x00, 0x00, 0x00, 0x00, 0x00, 0x00, 0x00, 0x00, 0x00, 0x00, 0x00,
  0x00, 0x00, 0x00, 0x00, 0x20, 0xd5, 0xcc, 0x76, 0x6a, 0x67, 0xbc, 0xcc, 0xc5, 0x55, 0x55, 0x55,
  0x55, 0x55, 0x55, 0x5c, 0xcc, 0xcb, 0x76, 0xaa, 0x6b, 0xc5, 0xd2, 0x00, 0x00, 0x56, 0x75, 0x43,
  0x33, 0x33, 0x33, 0x4c, 0x6c, 0xd0, 0x80, 0xdc, 0xac, 0x20, 0x88, 0x88, 0x88, 0x88, 0x88, 0x88,
  0x88, 0x88, 0x88, 0x88, 0x88, 0x88, 0x88, 0x88, 0x88, 0x88, 0x88, 0x88, 0x88, 0x88, 0x88, 0x88,
  0x88, 0x88, 0x08, 0x88, 0x88, 0x88, 0x88, 0x88, 0x88, 0x88, 0x88, 0x88, 0x88, 0x88, 0x88, 0x88,
  0x88, 0x88, 0x88, 0x88, 0x88, 0x88, 0x88, 0x88, 0x88, 0x88, 0x88, 0x88, 0x88, 0x88, 0x88, 0x88,
  0x88, 0x88, 0x88, 0x88, 0x88, 0x80, 0x00, 0x00, 0x00, 0x00, 0x00, 0x02, 0x11, 0x11, 0x11, 0x10,
  0x11, 0x11, 0x11, 0x11, 0x10, 0x00, 0x00, 0x00, 0x00, 0x00, 0x00, 0x00, 0x88, 0x88, 0x88, 0x08,
  0x88, 0x08, 0x88, 0x88, 0x88, 0x88, 0x88, 0x88, 0x88, 0x08, 0x88, 0x88, 0x88, 0x88, 0x88, 0x88,
  0x88, 0x88, 0x88, 0x08, 0x08, 0x88, 0x88, 0x88, 0x88, 0x88, 0x88, 0x88, 0x88, 0x00, 0x08, 0x88,
  0x88, 0x88, 0x88, 0x80, 0x00, 0x08, 0x80, 0x88, 0x00, 0x80, 0x00, 0x00, 0x00, 0x00, 0x00, 0x00,
  0x00, 0x00, 0x00, 0x00, 0x00, 0x00, 0x22, 0x0d, 0xcc, 0x76, 0xa6, 0x6b, 0xcc, 0x55, 0x53, 0x44,
  0x44, 0x44, 0x44, 0x44, 0x44, 0x44, 0x44, 0x44, 0x44, 0x35, 0x55, 0xcb, 0x6a, 0xa6, 0xbc, 0xd0,
  0x21, 0x56, 0x75, 0x43, 0x33, 0x55, 0x33, 0x85, 0x66, 0x52, 0x00, 0x25, 0x6c, 0x00, 0x88, 0x80,
  0x88, 0x88, 0x88, 0x88, 0x88, 0x88, 0x88, 0x88, 0x88, 0x88, 0x88, 0x88, 0x88, 0x88, 0x88, 0x88,
  0x88, 0x88, 0x88, 0x88, 0x88, 0x88, 0x88, 0x88, 0x88, 0x88, 0x88, 0x88, 0x88, 0x88, 0x88, 0x88,
  0x88, 0x88, 0x88, 0x88, 0x88, 0x88, 0x88, 0x88, 0x88, 0x88, 0x88, 0x88, 0x88, 0x88, 0x88, 0x88,
  0x88, 0x88, 0x88, 0x88, 0x88, 0x88, 0x88, 0x88, 0x88, 0x80, 0x00, 0x00, 0x00, 0x00, 0x00, 0x20,
  0x11, 0x11, 0x11, 0x10, 0x11, 0x11, 0x11, 0x11, 0x10, 0x20, 0x00, 0x00, 0x00, 0x00, 0x00, 0x08,
  0x88, 0x88, 0x88, 0x88, 0x08, 0x88, 0x88, 0x88, 0x88, 0x88, 0x88, 0x88, 0x88, 0x88, 0x88, 0x88,
  0x88, 0x88, 0x88, 0x88, 0x88, 0x88, 0x88, 0x88, 0x08, 0x88, 0x88, 0x88, 0x88, 0x88, 0x88, 0x88,
  0x88, 0x88, 0x08, 0x88, 0x88, 0x88, 0x88, 0x80, 0x00, 0x08, 0x80, 0x08, 0x00, 0x80, 0x00, 0x00,
  0x00, 0x00, 0x00, 0x00, 0x00, 0x00, 0x00, 0x00, 0x00, 0x20, 0xd5, 0xc7, 0xaa, 0x67, 0xcc, 0x55,
  0x48, 0x44, 0x44, 0x95, 0x55, 0x53, 0x55, 0x55, 0x53, 0x55, 0x33, 0x55, 0x33, 0x34, 0x48, 0x83,
  0x5c, 0xc7, 0xaa, 0x7c, 0x58, 0xd7, 0x75, 0x43, 0x33, 0x33, 0x53, 0x45, 0xb6, 0xc2, 0x00, 0x2d,
  0x6b, 0xd0, 0x88, 0x80, 0x88, 0x88, 0x88, 0x88, 0x88, 0x88, 0x88, 0x88, 0x88, 0x88, 0x88, 0x88,
  0x88, 0x88, 0x88, 0x88, 0x88, 0x88, 0x88, 0x88, 0x88, 0x88, 0x88, 0x88, 0x88, 0x88, 0x88, 0x88,
  0x88, 0x88, 0x88, 0x88, 0x88, 0x88, 0x88, 0x88, 0x88, 0x88, 0x88, 0x88, 0x88, 0x88, 0x88, 0x88,
  0x88, 0x88, 0x88, 0x88, 0x88, 0x88, 0x88, 0x88, 0x88, 0x88, 0x88, 0x88, 0x88, 0x88, 0x00, 0x00,
  0x00, 0x00, 0x02, 0x20, 0x11, 0x11, 0x11, 0x10, 0x11, 0x11, 0x11, 0x11, 0x10, 0x20, 0x00, 0x00,
  0x00, 0x00, 0x00, 0x88, 0x08, 0x88, 0x88, 0x88, 0x88, 0x88, 0x88, 0x08, 0x88, 0x88, 0x88, 0x88,
  0x88, 0x88, 0x88, 0x88, 0x88, 0x88, 0x88, 0x80, 0x00, 0x88, 0x88, 0x88, 0x88, 0x88, 0x88, 0x88,
  0x88, 0x88, 0x08, 0x88, 0x88, 0x88, 0x80, 0x00, 0x00, 0x88, 0x88, 0x80, 0x00, 0x88, 0x80, 0x00,
  0x00, 0x00, 0x00, 0x00, 0x00, 0x08, 0x88, 0x00, 0x00, 0x00, 0x00, 0x80, 0x2d, 0x5c, 0x76, 0xa6,
  0xbc, 0x55, 0x34, 0x44, 0x44, 0x33, 0x55, 0x55, 0x33, 0x53, 0x34, 0x44, 0x44, 0x44, 0x55, 0x55,
  0x55, 0x33, 0x35, 0x33, 0x44, 0x35, 0xcc, 0x6a, 0x6c, 0x5c, 0x65, 0x83, 0x35, 0x53, 0x33, 0x44,
  0xc6, 0xc0, 0x88, 0x2d, 0x6b, 0xd0, 0x88, 0x88, 0x88, 0x88, 0x88, 0x80, 0x88, 0x88, 0x88, 0x88,
  0x88, 0x88, 0x88, 0x88, 0x88, 0x80, 0x88, 0x88, 0x88, 0x88, 0x88, 0x88, 0x88, 0x88, 0x88, 0x88,
  0x88, 0x88, 0x88, 0x88, 0x88, 0x88, 0x88, 0x88, 0x88, 0x88, 0x88, 0x88, 0x88, 0x88, 0x88, 0x88,
  0x88, 0x88, 0x88, 0x88, 0x88, 0x88, 0x88, 0x88, 0x88, 0x88, 0x88, 0x88, 0x88, 0x88, 0x88, 0x88,
  0x88, 0x88, 0x80, 0x00, 0x00, 0x00, 0x00, 0x00, 0x22, 0x11, 0x11, 0x10, 0x11, 0x11, 0x11, 0x11,
  0x10, 0x20, 0x00, 0x00, 0x00, 0x00, 0x00, 0x88, 0x88, 0x88, 0x88, 0x88, 0x88, 0x88, 0x88, 0x08,
  0x88, 0x88, 0x88, 0x88, 0x88, 0x88, 0x88, 0x88, 0x88, 0x88, 0x88, 0x88, 0x88, 0x88, 0x88, 0x88,
  0x08, 0x88, 0x88, 0x88, 0x88, 0x88, 0x08, 0x88, 0x88, 0x88, 0x88, 0x88, 0x88, 0x88, 0x88, 0x80,
  0x00, 0x88, 0x80, 0x00, 0x00, 0x00, 0x00, 0x00, 0x00, 0x08, 0x88, 0x00, 0x00, 0x00, 0x00, 0x0d,
  0xcc, 0x6a, 0x6b, 0xc5, 0x58, 0x44, 0x33, 0x33, 0x33, 0x33, 0x44, 0x44, 0x44, 0x44, 0x55, 0x55,
  0x55, 0x55, 0x54, 0x44, 0x44, 0x33, 0x33, 0x33, 0x33, 0x54, 0x84, 0x5c, 0x7a, 0x6b, 0x6c, 0x04,
  0x33, 0x33, 0x33, 0x48, 0xca, 0xc0, 0x08, 0x25, 0x6c, 0xd0, 0x88, 0x88, 0x88, 0x88, 0x88, 0x88,
  0x88, 0x88, 0x88, 0x88, 0x88, 0x88, 0x88, 0x88, 0x88, 0x88, 0x88, 0x88, 0x88, 0x88, 0x88, 0x88,
  0x88, 0x88, 0x88, 0x88, 0x88, 0x88, 0x88, 0x88, 0x88, 0x88, 0x88, 0x88, 0x88, 0x88, 0x88, 0x88,
  0x88, 0x88, 0x88, 0x88, 0x88, 0x88, 0x88, 0x88, 0x88, 0x88, 0x88, 0x88, 0x88, 0x88, 0x88, 0x88,
  0x88, 0x88, 0x88, 0x88, 0x88, 0x88, 0x88, 0x00, 0x00, 0x00, 0x00, 0x00, 0x22, 0x11, 0x11, 0x10,
  0x11, 0x11, 0x11, 0x11, 0x10, 0x20, 0x02, 0x00, 0x00, 0x00, 0x00, 0x88, 0x88, 0x88, 0x88, 0x88,
  0x88, 0x88, 0x88, 0x08, 0x88, 0x88, 0x88, 0x88, 0x88, 0x88, 0x88, 0x88, 0x88, 0x88, 0x88, 0x88,
  0x88, 0x88, 0x88, 0x88, 0x08, 0x88, 0x88, 0x88, 0x88, 0x88, 0x88, 0x88, 0x88, 0x88, 0x88, 0x88,
  0x88, 0x00, 0x88, 0x80, 0x00, 0x88, 0x80, 0x00, 0x00, 0x00, 0x00, 0x00, 0x00, 0x08, 0x88, 0x00,
  0x00, 0x80, 0x2d, 0xc7, 0x6a, 0x7c, 0x55, 0x88, 0x43, 0x33, 0x33, 0x34, 0x44, 0x88, 0x45, 0x55,
  0xcc, 0xcc, 0xcc, 0xbb, 0xbb, 0xbc, 0xcc, 0xcc, 0x55, 0x38, 0x84, 0x33, 0x33, 0x55, 0x33, 0x44,
  0x5c, 0x76, 0x7b, 0x58, 0x43, 0x33, 0x33, 0x44, 0xca, 0xc0, 0x00, 0x2c, 0xac, 0x08, 0x88, 0x88,
  0x88, 0x88, 0x80, 0x88, 0x88, 0x88, 0x88, 0x88, 0x88, 0x88, 0x88, 0x88, 0x00, 0x88, 0x88, 0x88,
  0x88, 0x88, 0x88, 0x88, 0x88, 0x88, 0x88, 0x88, 0x88, 0x88, 0x88, 0x88, 0x88, 0x88, 0x88, 0x88,
  0x88, 0x88, 0x88, 0x88, 0x88, 0x88, 0x88, 0x88, 0x88, 0x88, 0x88, 0x88, 0x88, 0x88, 0x88, 0x88,
  0x88, 0x88, 0x88, 0x88, 0x88, 0x88, 0x88, 0x88, 0x88, 0x88, 0x88, 0x00, 0x00, 0x00, 0x00, 0x00,
  0x22, 0x11, 0x11, 0x10, 0x11, 0x11, 0x11, 0x11, 0x10, 0x20, 0x02, 0x00, 0x00, 0x00, 0x00, 0x88,
  0x88, 0x88, 0x88, 0x88, 0x88, 0x88, 0x00, 0x88, 0x08, 0x80, 0x00, 0x88, 0x88, 0x88, 0x88, 0x88,
  0x08, 0x88, 0x88, 0x80, 0x00, 0x88, 0x88, 0x88, 0x88, 0x88, 0x88, 0x88, 0x88, 0x88, 0x88, 0x88,
  0x88, 0x00, 0x08, 0x88, 0x88, 0x84, 0x88, 0x00, 0x00, 0x00, 0x00, 0x88, 0x80, 0x88, 0x00, 0x00,
  0x00, 0x00, 0x00, 0x00, 0x00, 0x2d, 0xc7, 0x66, 0x7c, 0x54, 0x84, 0x44, 0x44, 0x43, 0x44, 0x44,
  0x55, 0x5c, 0xc7, 0x6a, 0xaa, 0xa6, 0x66, 0x66, 0x66, 0x66, 0x66, 0xaa, 0x66, 0xbc, 0x55, 0x44,
  0x33, 0x33, 0x53, 0x35, 0x44, 0x5c, 0x76, 0x7c, 0x54, 0x33, 0x33, 0x44, 0xca, 0xc2, 0x02, 0x57,
  0x65, 0x28, 0x88, 0x88, 0x88, 0x88, 0x88, 0x88, 0x88, 0x88, 0x88, 0x88, 0x88, 0x88, 0x88, 0x88,
  0x88, 0x88, 0x88, 0x88, 0x88, 0x88, 0x88, 0x88, 0x88, 0x88, 0x88, 0x88, 0x88, 0x88, 0x88, 0x88,
  0x88, 0x88, 0x88, 0x88, 0x88, 0x88, 0x88, 0x88, 0x88, 0x88, 0x88, 0x88, 0x88, 0x88, 0x88, 0x88,
  0x88, 0x88, 0x88, 0x88, 0x88, 0x88, 0x88, 0x88, 0x88, 0x88, 0x88, 0x88, 0x88, 0x88, 0x88, 0x00,
  0x00, 0x00, 0x00, 0x22, 0x02, 0x11, 0x11, 0x10, 0x11, 0x11, 0x11, 0x11, 0x20, 0x20, 0x00, 0x00,
  0x20, 0x00, 0x00, 0x88, 0x88, 0x88, 0x88, 0x88, 0x88, 0x88, 0x88, 0x88, 0x88, 0x88, 0x88, 0x88,
  0x88, 0x88, 0x88, 0x88, 0x88, 0x88, 0x88, 0x88, 0x80, 0x88, 0x88, 0x88, 0x88, 0x88, 0x88, 0x88,
  0x88, 0x88, 0x88, 0x88, 0x88, 0x00, 0x00, 0x08, 0x88, 0x88, 0x88, 0x00, 0x00, 0x00, 0x08, 0x88,
  0x88, 0x80, 0x00, 0x00, 0x00, 0x00, 0x00, 0x00, 0x2d, 0xcb, 0xa6, 0xbc, 0x54, 0x43, 0x33, 0x33,
  0x44, 0x80, 0x45, 0xcc, 0xb6, 0xaa, 0x67, 0xbc, 0xcc, 0xcc, 0x55, 0x55, 0x55, 0x55, 0x5c, 0xcc,
  0xcb, 0x7a, 0xab, 0xc5, 0x45, 0x33, 0x55, 0x55, 0x33, 0x44, 0x5c, 0x66, 0xb5, 0x44, 0x44, 0x4d,
  0xb6, 0x52, 0x2d, 0xca, 0xc0, 0x08, 0x88, 0x88, 0x88, 0x88, 0x88, 0x88, 0x88, 0x88, 0x88, 0x88,
  0x88, 0x88, 0x88, 0x88, 0x88, 0x88, 0x88, 0x88, 0x88, 0x88, 0x88, 0x88, 0x88, 0x88, 0x88, 0x88,
  0x88, 0x88, 0x88, 0x88, 0x88, 0x88, 0x88, 0x88, 0x88, 0x88, 0x88, 0x88, 0x88, 0x88, 0x88, 0x88,
  0x88, 0x88, 0x88, 0x88, 0x88, 0x88, 0x88, 0x88, 0x80, 0x08, 0x88, 0x88, 0x88, 0x88, 0x88, 0x88,
  0x88, 0x88, 0x88, 0x00, 0x00, 0x00, 0x00, 0x00, 0x02, 0x11, 0x11, 0x10, 0x11, 0x11, 0x11, 0x11,
  0x00, 0x20, 0x02, 0x00, 0x00, 0x00, 0x00, 0x88, 0x88, 0x88, 0x88, 0x88, 0x88, 0x88, 0x88, 0x80,
  0x88, 0x08, 0x88, 0x88, 0x88, 0x88, 0x88, 0x88, 0x88, 0x88, 0x88, 0x88, 0x80, 0x08, 0x88, 0x88,
  0x88, 0x88, 0x88, 0x88, 0x88, 0x88, 0x88, 0x88, 0x88, 0x00, 0x00, 0x00, 0x88, 0x88, 0x88, 0x00,
  0x00, 0x00, 0x08, 0x88, 0x80, 0x88, 0x80, 0x00, 0x00, 0x00, 0x00, 0x20, 0x5b, 0x66, 0x7c, 0x54,
  0x43, 0x53, 0x33, 0x34, 0x44, 0x5c, 0xc6, 0xaa, 0x67, 0xcc, 0x55, 0x55, 0x55, 0x55, 0x55, 0x55,
  0x55, 0x55, 0x55, 0x55, 0x55, 0x55, 0xc7, 0x6b, 0x53, 0x33, 0x53, 0x35, 0x55, 0x53, 0x49, 0xc7,
  0xa6, 0xcd, 0x84, 0x85, 0x77, 0xd1, 0xdc, 0x67, 0x52, 0x88, 0x88, 0x88, 0x88, 0x88, 0x88, 0x88,
  0x88, 0x88, 0x88, 0x88, 0x88, 0x88, 0x88, 0x88, 0x88, 0x88, 0x88, 0x88, 0x88, 0x88, 0x88, 0x88,
  0x88, 0x88, 0x88, 0x88, 0x88, 0x88, 0x88, 0x88, 0x88, 0x88, 0x88, 0x88, 0x88, 0x88, 0x88, 0x88,
  0x88, 0x88, 0x88, 0x88, 0x88, 0x88, 0x88, 0x88, 0x88, 0x88, 0x88, 0x88, 0x80, 0x88, 0x88, 0x88,
  0x88, 0x88, 0x88, 0x88, 0x88, 0x88, 0x88, 0x00, 0x00, 0x00, 0x00, 0x02, 0x02, 0x11, 0x11, 0x10,
  0x11, 0x11, 0x11, 0x12, 0x00, 0x20, 0x00, 0x00, 0x00, 0x00, 0x00, 0x88, 0x88, 0x88, 0x88, 0x88,
  0x80, 0x88, 0x88, 0x80, 0x88, 0x08, 0x88, 0x88, 0x88, 0x88, 0x80, 0x00, 0x88, 0x88, 0x88, 0x88,
  0x80, 0x88, 0x08, 0x88, 0x88, 0x88, 0x88, 0x88, 0x88, 0x08, 0x80, 0x88, 0x88, 0x88, 0x80, 0x00,
  0x88, 0x48, 0x80, 0x00, 0x00, 0x00, 0x00, 0x00, 0x00, 0x08, 0x80, 0x00, 0x00, 0x00, 0x02, 0xdc,
  0x6a, 0x7c, 0x54, 0x43, 0x53, 0x33, 0x34, 0x44, 0x5c, 0x7a, 0x67, 0xcc, 0x55, 0x55, 0x55, 0x55,
  0x55, 0x55, 0x55, 0x55, 0x55, 0x55, 0x55, 0x55, 0x55, 0x55, 0x55, 0xba, 0xc8, 0x55, 0x53, 0x35,
  0x55, 0x53, 0x55, 0x45, 0xc6, 0x6c, 0x58, 0x0c, 0x6c, 0x05, 0xb6, 0x65, 0x08, 0x00, 0x88, 0x88,
  0x88, 0x88, 0x88, 0x80, 0x88, 0x88, 0x88, 0x88, 0x88, 0x88, 0x88, 0x88, 0x88, 0x88, 0x88, 0x88,
  0x88, 0x88, 0x88, 0x88, 0x88, 0x88, 0x88, 0x88, 0x88, 0x88, 0x88, 0x88, 0x88, 0x88, 0x88, 0x88,
  0x88, 0x88, 0x88, 0x88, 0x88, 0x88, 0x88, 0x88, 0x80, 0x08, 0x88, 0x88, 0x88, 0x88, 0x88, 0x88,
  0x80, 0x08, 0x88, 0x88, 0x88, 0x88, 0x88, 0x88, 0x88, 0x88, 0x88, 0x00, 0x00, 0x00, 0x00, 0x02,
  0x01, 0x11, 0x11, 0x10, 0x11, 0x11, 0x11, 0x12, 0x02, 0x20, 0x00, 0x00, 0x00, 0x00, 0x00, 0x88,
  0x88, 0x88, 0x88, 0x88, 0x80, 0x88, 0x08, 0x80, 0x88, 0x88, 0x88, 0x88, 0x00, 0x88, 0x80, 0x00,
  0x88, 0x00, 0x88, 0x88, 0x88, 0x88, 0x08, 0x88, 0x88, 0x88, 0x88, 0x88, 0x88, 0x08, 0x80, 0x88,
  0x88, 0x88, 0x80, 0x00, 0x00, 0x88, 0x88, 0x80, 0x00, 0x00, 0x00, 0x00, 0x08, 0x08, 0x00, 0x00,
  0x00, 0x00, 0x05, 0xb6, 0x6c, 0x54, 0x43, 0x55, 0x55, 0x53, 0x44, 0x5c, 0x76, 0x7c, 0xc5, 0x55,
  0x55, 0x55, 0x5c, 0xcc, 0xcb, 0xbb, 0x77, 0x77, 0x77, 0x77, 0x77, 0xbc, 0xcc, 0x55, 0x5c, 0x6b,
  0x54, 0x55, 0x55, 0x55, 0x55, 0x55, 0x55, 0x53, 0x3c, 0x76, 0x75, 0x57, 0x6c, 0xc6, 0x67, 0x50,
  0x88, 0x80, 0x88, 0x88, 0x88, 0x88, 0x80, 0x80, 0x08, 0x88, 0x88, 0x88, 0x88, 0x88, 0x88, 0x88,
  0x88, 0x88, 0x88, 0x88, 0x88, 0x88, 0x88, 0x88, 0x88, 0x88, 0x88, 0x88, 0x88, 0x88, 0x88, 0x88,
  0x88, 0x88, 0x88, 0x88, 0x88, 0x88, 0x88, 0x88, 0x88, 0x88, 0x88, 0x88, 0x80, 0x08, 0x88, 0x88,
  0x88, 0x88, 0x88, 0x88, 0x80, 0x08, 0x88, 0x88, 0x88, 0x88, 0x88, 0x88, 0x88, 0x88, 0x88, 0x00,
  0x00, 0x00, 0x00, 0x00, 0x01, 0x11, 0x11, 0x10, 0x11, 0x11, 0x11, 0x12, 0x02, 0x20, 0x00, 0x00,
  0x00, 0x00, 0x00, 0x88, 0x88, 0x88, 0x88, 0x88, 0x80, 0x88, 0x00, 0x88, 0x00, 0x08, 0x88, 0x88,
  0x00, 0x88, 0x88, 0x80, 0x88, 0x88, 0x08, 0x08, 0x88, 0x80, 0x88, 0x88, 0x88, 0x88, 0x88, 0x88,
  0x88, 0x08, 0x80, 0x00, 0x00, 0x00, 0x00, 0x00, 0x08, 0x88, 0x88, 0x80, 0x00, 0x00, 0x00, 0x00,
  0x88, 0x00, 0x00, 0x00, 0x80, 0x2d, 0xc6, 0x67, 0xc5, 0x43, 0x33, 0x55, 0x55, 0x54, 0x5c, 0x6a,
  0xbc, 0x55, 0x55, 0x55, 0x5c, 0xcb, 0x76, 0x66, 0x66, 0x67, 0x77, 0x77, 0x77, 0x77, 0x77, 0x66,
  0x66, 0x6c, 0xba, 0xb5, 0x43, 0x55, 0x55, 0x53, 0x55, 0x55, 0x55, 0x55, 0x54, 0x5c, 0x67, 0xb7,
  0x76, 0x67, 0xc5, 0x00, 0x88, 0x80, 0x88, 0x88, 0x88, 0x88, 0x00, 0x80, 0x80, 0x88, 0x88, 0x88,
  0x88, 0x88, 0x88, 0x88, 0x88, 0x88, 0x88, 0x88, 0x88, 0x88, 0x88, 0x88, 0x88, 0x88, 0x88, 0x88,
  0x88, 0x88, 0x88, 0x88, 0x88, 0x88, 0x88, 0x88, 0x88, 0x88, 0x88, 0x88, 0x88, 0x88, 0x88, 0x80,
  0x00, 0x08, 0x88, 0x88, 0x88, 0x88, 0x88, 0x88, 0x80, 0x88, 0x88, 0x88, 0x88, 0x88, 0x88, 0x88,
  0x88, 0x80, 0x00, 0x00, 0x00, 0x00, 0x20, 0x00, 0x21, 0x11, 0x11, 0x10, 0x11, 0x11, 0x11, 0x11,
  0x02, 0x20, 0x00, 0x00, 0x00, 0x00, 0x00, 0x88, 0x88, 0x88, 0x88, 0x88, 0x80, 0x88, 0x00, 0x88,
  0x00, 0x00, 0x88, 0x88, 0x00, 0x88, 0x88, 0x88, 0x88, 0x88, 0x08, 0x08, 0x88, 0x88, 0x08, 0x88,
  0x88, 0x88, 0x88, 0x88, 0x88, 0x08, 0x80, 0x00, 0x00, 0x00, 0x00, 0x00, 0x00, 0x80, 0x08, 0x00,
  0x00, 0x00, 0x08, 0x80, 0x08, 0x80, 0x00, 0x00, 0x02, 0x5c, 0x66, 0xc5, 0x44, 0x53, 0x33, 0x55,
  0x33, 0x45, 0xba, 0x7c, 0x55, 0x55, 0x5c, 0xcb, 0x76, 0x66, 0x77, 0x77, 0x77, 0x77, 0x77, 0x77,
  0x77, 0x77, 0x77, 0x77, 0x77, 0x6a, 0x6c, 0x54, 0x33, 0x55, 0x55, 0x53, 0x55, 0x55, 0x55, 0x55,
  0x55, 0x45, 0xc6, 0x67, 0x7b, 0xc5, 0x00, 0x08, 0x08, 0x80, 0x88, 0x88, 0x88, 0x88, 0x80, 0x80,
  0x80, 0x88, 0x88, 0x88, 0x88, 0x88, 0x88, 0x88, 0x88, 0x88, 0x88, 0x88, 0x88, 0x88, 0x88, 0x88,
  0x88, 0x88, 0x88, 0x88, 0x88, 0x88, 0x88, 0x88, 0x88, 0x88, 0x88, 0x88, 0x88, 0x88, 0x88, 0x88,
  0x88, 0x88, 0x88, 0x80, 0x00, 0x08, 0x88, 0x88, 0x88, 0x88, 0x88, 0x88, 0x88, 0x88, 0x88, 0x88,
  0x88, 0x88, 0x88, 0x88, 0x88, 0x80, 0x00, 0x00, 0x00, 0x00, 0x20, 0x00, 0x21, 0x11, 0x11, 0x10,
  0x11, 0x11, 0x11, 0x11, 0x22, 0x20, 0x00, 0x00, 0x00, 0x00, 0x08, 0x88, 0x88, 0x88, 0x88, 0x88,
  0x80, 0x08, 0x88, 0x88, 0x88, 0x80, 0x00, 0x00, 0x88, 0x80, 0x80, 0x08, 0x88, 0x88, 0x88, 0x88,
  0x88, 0x88, 0x88, 0x88, 0x88, 0x88, 0x88, 0x88, 0x88, 0x88, 0x88, 0x80, 0x00, 0x00, 0x00, 0x00,
  0x00, 0x00, 0x00, 0x00, 0x00, 0x20, 0x02, 0x00, 0x00, 0x08, 0x00, 0x00, 0x0c, 0x76, 0x7c, 0x34,
  0x35, 0x55, 0x53, 0x55, 0x34, 0x57, 0x6c, 0x55, 0x55, 0x5c, 0x76, 0x66, 0x77, 0x77, 0x77, 0x77,
  0x77, 0x77, 0x77, 0x77, 0x77, 0x77, 0x77, 0x77, 0x76, 0x6c, 0x53, 0x33, 0x55, 0x53, 0x55, 0x55,
  0x55, 0x55, 0x55, 0x55, 0x55, 0x54, 0x3c, 0x76, 0x75, 0x10, 0x00, 0x08, 0x88, 0x80, 0x88, 0x88,
  0x88, 0x88, 0x88, 0x88, 0x80, 0x88, 0x88, 0x88, 0x88, 0x88, 0x88, 0x88, 0x88, 0x88, 0x88, 0x88,
  0x88, 0x88, 0x88, 0x88, 0x88, 0x88, 0x88, 0x88, 0x88, 0x88, 0x88, 0x88, 0x88, 0x88, 0x88, 0x88,
  0x88, 0x88, 0x88, 0x88, 0x88, 0x88, 0x88, 0x88, 0x88, 0x88, 0x88, 0x88, 0x88, 0x88, 0x88, 0x88,
  0x88, 0x88, 0x88, 0x88, 0x88, 0x88, 0x88, 0x88, 0x88, 0x88, 0x88, 0x00, 0x00, 0x00, 0x00, 0x00,
  0x01, 0x10, 0x01, 0x10, 0x11, 0x11, 0x11, 0x11, 0x00, 0x20, 0x00, 0x00, 0x00, 0x00, 0x00, 0x88,
  0x88, 0x88, 0x80, 0x88, 0x88, 0x88, 0x88, 0x88, 0x08, 0x00, 0x88, 0x88, 0x88, 0x80, 0x88, 0x00,
  0x88, 0x88, 0x08, 0x08, 0x88, 0x88, 0x88, 0x88, 0x88, 0x88, 0x88, 0x88, 0x88, 0x88, 0x88, 0x80,
  0x00, 0x00, 0x00, 0x00, 0x00, 0x00, 0x00, 0x0d, 0xd5, 0x55, 0x5d, 0xd0, 0x20, 0x00, 0x08, 0x0d,
  0xc6, 0x6c, 0x54, 0x35, 0x35, 0x55, 0x55, 0x55, 0x35, 0xb6, 0xc5, 0x55, 0xcb, 0x66, 0x67, 0x77,
  0x77, 0x77, 0x77, 0x77, 0x77, 0x77, 0x77, 0x77, 0x77, 0x77, 0x77, 0x76, 0x6b, 0xcd, 0x45, 0x53,
  0x55, 0x53, 0x55, 0x55, 0x55, 0x55, 0x55, 0x55, 0x55, 0x55, 0x34, 0xc7, 0x6c, 0xd2, 0x00, 0x08,
  0x88, 0x80, 0x88, 0x88, 0x88, 0x88, 0x88, 0x88, 0x88, 0x88, 0x88, 0x88, 0x88, 0x88, 0x88, 0x88,
  0x88, 0x88, 0x88, 0x88, 0x88, 0x88, 0x88, 0x88, 0x88, 0x88, 0x88, 0x88, 0x88, 0x88, 0x88, 0x88,
  0x88, 0x88, 0x88, 0x88, 0x88, 0x88, 0x88, 0x88, 0x88, 0x88, 0x88, 0x88, 0x88, 0x88, 0x88, 0x88,
  0x88, 0x88, 0x88, 0x88, 0x88, 0x88, 0x88, 0x88, 0x88, 0x88, 0x88, 0x88, 0x88, 0x88, 0x88, 0x00,
  0x00, 0x00, 0x00, 0x00, 0x01, 0x10, 0x01, 0x10, 0x11, 0x11, 0x11, 0x12, 0x00, 0x20, 0x00, 0x00,
  0x00, 0x00, 0x00, 0x88, 0x88, 0x88, 0x00, 0x88, 0x88, 0x80, 0x08, 0x88, 0x08, 0x08, 0x88, 0x88,
  0x00, 0x80, 0x88, 0x00, 0x88, 0x88, 0x08, 0x08, 0x88, 0x88, 0x88, 0x88, 0x88, 0x88, 0x00, 0x00,
  0x88, 0x08, 0x88, 0x80, 0x00, 0x00, 0x00, 0x00, 0x00, 0x00, 0x00, 0x5c, 0x77, 0x66, 0x77, 0xbc,
  0x5d, 0x00, 0x00, 0xdc, 0x66, 0xc5, 0x45, 0x55, 0x55, 0x55, 0x55, 0x53, 0x45, 0x6c, 0x55, 0xc7,
  0x66, 0x67, 0x77, 0x77, 0x77, 0x77, 0x77, 0x77, 0x77, 0x77, 0x77, 0x77, 0x77, 0x77, 0x76, 0x67,
  0xc5, 0x43, 0x55, 0x53, 0x55, 0x53, 0x55, 0x55, 0x55, 0x55, 0x55, 0x55, 0x55, 0x33, 0x55, 0x45,
  0x76, 0xcd, 0x28, 0x08, 0x88, 0x80, 0x88, 0x88, 0x88, 0x88, 0x88, 0x88, 0x88, 0x80, 0x88, 0x88,
  0x88, 0x88, 0x88, 0x88, 0x88, 0x88, 0x88, 0x88, 0x88, 0x88, 0x88, 0x88, 0x88, 0x88, 0x88, 0x88,
  0x88, 0x88, 0x88, 0x88, 0x88, 0x88, 0x88, 0x88, 0x88, 0x88, 0x88, 0x88, 0x88, 0x88, 0x88, 0x88,
  0x88, 0x88, 0x88, 0x88, 0x88, 0x88, 0x88, 0x00, 0x00, 0x88, 0x88, 0x88, 0x88, 0x88, 0x88, 0x88,
  0x88, 0x88, 0x88, 0x00, 0x00, 0x00, 0x00, 0x00, 0x01, 0x10, 0x01, 0x10, 0x11, 0x11, 0x11, 0x11,
  0x20, 0x22, 0x00, 0x00, 0x00, 0x00, 0x00, 0x88, 0x88, 0x88, 0x88, 0x88, 0x08, 0x80, 0x00, 0x00,
  0x88, 0x88, 0x88, 0x88, 0x88, 0x88, 0x08, 0x00, 0x08, 0x88, 0x88, 0x80, 0x00, 0x88, 0x88, 0x88,
  0x88, 0x00, 0x00, 0x00, 0x00, 0x08, 0x88, 0x88, 0x80, 0x00, 0x00, 0x00, 0x00, 0x00, 0x0c, 0x66,
  0x67, 0x77, 0x76, 0x6a, 0x67, 0xcc, 0xdd, 0xc6, 0x7c, 0x44, 0x55, 0x55, 0x55, 0x55, 0x55, 0x53,
  0x45, 0x77, 0xcc, 0x66, 0x77, 0x77, 0x77, 0x77, 0x77, 0x77, 0x77, 0x77, 0x77, 0x77, 0x77, 0x77,
  0x77, 0x66, 0x6c, 0xc5, 0x43, 0x55, 0x55, 0x55, 0x55, 0x55, 0x55, 0x55, 0x55, 0x55, 0x55, 0x53,
  0x55, 0x55, 0x55, 0x54, 0x57, 0x6c, 0xd2, 0x84, 0x88, 0x80, 0x88, 0x88, 0x88, 0x88, 0x88, 0x88,
  0x08, 0x80, 0x88, 0x88, 0x88, 0x88, 0x88, 0x88, 0x88, 0x88, 0x88, 0x88, 0x88, 0x88, 0x88, 0x88,
  0x88, 0x88, 0x08, 0x88, 0x88, 0x88, 0x88, 0x88, 0x88, 0x88, 0x88, 0x88, 0x88, 0x88, 0x88, 0x88,
  0x88, 0x88, 0x88, 0x88, 0x88, 0x88, 0x88, 0x88, 0x88, 0x88, 0x88, 0x88, 0x88, 0x88, 0x88, 0x88,
  0x88, 0x88, 0x88, 0x88, 0x88, 0x80, 0x00, 0x00, 0x00, 0x00, 0x00, 0x02, 0x11, 0x11, 0x11, 0x10,
  0x11, 0x11, 0x11, 0x11, 0x20, 0x02, 0x20, 0x00, 0x00, 0x00, 0x00, 0x88, 0x88, 0x88, 0x88, 0x08,
  0x88, 0x88, 0x00, 0x00, 0x88, 0x88, 0x88, 0x88, 0x80, 0x08, 0x88, 0x80, 0x88, 0x88, 0x88, 0x80,
  0x00, 0x88, 0x88, 0x88, 0x88, 0x80, 0x00, 0x00, 0x00, 0x08, 0x88, 0x88, 0x88, 0x00, 0x00, 0x00,
  0x00, 0x00, 0xc6, 0x6c, 0x55, 0x55, 0x55, 0xcc, 0xb6, 0xa6, 0xbb, 0x6b, 0x58, 0x45, 0x55, 0x55,
  0x53, 0x35, 0x35, 0x53, 0x34, 0x5c, 0x66, 0x67, 0x77, 0x77, 0x77, 0x77, 0x77, 0x77, 0x77, 0x77,
  0x77, 0x77, 0x77, 0x66, 0x66, 0xbc, 0x55, 0x43, 0x55, 0x55, 0x55, 0x55, 0x55, 0x55, 0x53, 0x35,
  0x55, 0x55, 0x55, 0x53, 0x55, 0x55, 0x55, 0x55, 0x85, 0x76, 0xcd, 0x08, 0x88, 0x88, 0x88, 0x88,
  0x88, 0x88, 0x88, 0x88, 0x88, 0x88, 0x88, 0x88, 0x88, 0x88, 0x88, 0x08, 0x88, 0x88, 0x88, 0x88,
  0x88, 0x88, 0x88, 0x88, 0x88, 0x88, 0x88, 0x88, 0x88, 0x88, 0x88, 0x88, 0x88, 0x88, 0x88, 0x88,
  0x88, 0x88, 0x88, 0x88, 0x88, 0x88, 0x88, 0x88, 0x88, 0x88, 0x00, 0x88, 0x88, 0x88, 0x88, 0x88,
  0x88, 0x88, 0x88, 0x88, 0x88, 0x88, 0x88, 0x88, 0x88, 0x80, 0x00, 0x00, 0x00, 0x00, 0x00, 0x00,
  0x11, 0x11, 0x11, 0x10, 0x11, 0x11, 0x11, 0x11, 0x20, 0x02, 0x20, 0x00, 0x00, 0x00, 0x00, 0x88,
  0x88, 0x88, 0x88, 0x88, 0x88, 0x88, 0x00, 0x00, 0x88, 0x88, 0x88, 0x88, 0x88, 0x88, 0x80, 0x88,
  0x88, 0x88, 0x88, 0x80, 0x00, 0x88, 0x88, 0x88, 0x88, 0x88, 0x80, 0x00, 0x00, 0x08, 0x88, 0x00,
  0x00, 0x00, 0x00, 0x00, 0x00, 0x2d, 0x76, 0xc3, 0x44, 0x53, 0x34, 0x44, 0x55, 0xcb, 0x66, 0x6c,
  0x04, 0x33, 0x33, 0x55, 0x53, 0x55, 0x55, 0x35, 0x33, 0x8d, 0x5c, 0xb7, 0x66, 0x66, 0x67, 0x77,
  0x77, 0x77, 0x77, 0x77, 0x76, 0x66, 0x66, 0x7c, 0xc5, 0x54, 0x43, 0x55, 0x55, 0x55, 0x53, 0x35,
  0x55, 0x55, 0x55, 0x55, 0x55, 0x55, 0x55, 0x55, 0x53, 0x55, 0x55, 0x55, 0x54, 0x57, 0x6c, 0x00,
  0x88, 0x88, 0x88, 0x88, 0x88, 0x88, 0x88, 0x88, 0x88, 0x88, 0x88, 0x88, 0x88, 0x88, 0x88, 0x08,
  0x88, 0x88, 0x88, 0x88, 0x88, 0x88, 0x88, 0x88, 0x88, 0x88, 0x88, 0x88, 0x88, 0x88, 0x88, 0x88,
  0x88, 0x88, 0x88, 0x88, 0x88, 0x88, 0x88, 0x88, 0x88, 0x88, 0x88, 0x88, 0x88, 0x88, 0x00, 0x88,
  0x88, 0x88, 0x88, 0x88, 0x88, 0x88, 0x88, 0x88, 0x88, 0x88, 0x88, 0x88, 0x88, 0x00, 0x00, 0x00,
  0x00, 0x00, 0x02, 0x20, 0x11, 0x11, 0x11, 0x10, 0x11, 0x11, 0x11, 0x11, 0x20, 0x22, 0x00, 0x00,
  0x00, 0x00, 0x00, 0x88, 0x88, 0x88, 0x00, 0x88, 0x00, 0x88, 0x00, 0x00, 0x00, 0x08, 0x88, 0x88,
  0x88, 0x88, 0x00, 0x08, 0x88, 0x88, 0x00, 0x00, 0x00, 0x00, 0x00, 0x88, 0x08, 0x88, 0x00, 0x00,
  0x00, 0x00, 0x00, 0x00, 0x00, 0x00, 0x00, 0x00, 0x00, 0x0c, 0x6b, 0x54, 0x55, 0x55, 0x55, 0x55,
  0x54, 0x45, 0xc7, 0x67, 0xc5, 0x43, 0x33, 0x55, 0x55, 0x55, 0x55, 0x35, 0x53, 0x34, 0x84, 0x55,
  0xcc, 0xcb, 0x77, 0x66, 0x66, 0x66, 0x66, 0x66, 0x7b, 0xcc, 0xc5, 0x55, 0x44, 0x55, 0x55, 0x55,
  0x55, 0x55, 0x53, 0x35, 0x55, 0x55, 0x55, 0x55, 0x55, 0x55, 0x55, 0x55, 0x55, 0x55, 0x55, 0x55,
  0x55, 0x4c, 0x66, 0xc2, 0x00, 0x88, 0x88, 0x08, 0x88, 0x88, 0x88, 0x88, 0x88, 0x88, 0x88, 0x88,
  0x08, 0x88, 0x88, 0x80, 0x88, 0x88, 0x88, 0x88, 0x88, 0x88, 0x88, 0x88, 0x88, 0x88, 0x88, 0x88,
  0x88, 0x88, 0x88, 0x88, 0x88, 0x88, 0x88, 0x88, 0x88, 0x88, 0x88, 0x88, 0x88, 0x88, 0x88, 0x88,
  0x88, 0x88, 0x88, 0x88, 0x88, 0x88, 0x88, 0x88, 0x88, 0x88, 0x88, 0x88, 0x88, 0x88, 0x88, 0x88,
  0x88, 0x00, 0x00, 0x00, 0x00, 0x00, 0x02, 0x20, 0x11, 0x11, 0x11, 0x10, 0x11, 0x11, 0x11, 0x11,
  0x20, 0x02, 0x22, 0x00, 0x00, 0x00, 0x00, 0x88, 0x88, 0x88, 0x80, 0x88, 0x80, 0x00, 0x00, 0x00,
  0x00, 0x00, 0x00, 0x88, 0x88, 0x88, 0x80, 0x00, 0x88, 0x88, 0x00, 0x00, 0x00, 0x00, 0x00, 0x00,
  0x08, 0x88, 0x00, 0x00, 0x00, 0x00, 0x00, 0x00, 0x00, 0x00, 0x00, 0x00, 0x00, 0xd7, 0x6c, 0x45,
  0x55, 0x55, 0x55, 0x55, 0x55, 0x53, 0x45, 0xc6, 0x6c, 0x54, 0x33, 0x55, 0x55, 0x55, 0x55, 0x55,
  0x55, 0x33, 0x33, 0x34, 0x43, 0x35, 0x55, 0x55, 0xcc, 0xcc, 0xcc, 0x55, 0x55, 0x54, 0x44, 0x35,
  0x55, 0x55, 0x55, 0x55, 0x55, 0x55, 0x33, 0x53, 0x33, 0x44, 0x44, 0x45, 0x55, 0x55, 0x55, 0x55,
  0x55, 0x55, 0x55, 0x55, 0x35, 0x35, 0xc6, 0x75, 0x00, 0x88, 0x88, 0x08, 0x88, 0x88, 0x88, 0x88,
  0x88, 0x88, 0x88, 0x88, 0x08, 0x88, 0x88, 0x80, 0x88, 0x88, 0x88, 0x88, 0x88, 0x88, 0x88, 0x88,
  0x88, 0x88, 0x88, 0x88, 0x88, 0x88, 0x88, 0x88, 0x88, 0x88, 0x88, 0x88, 0x88, 0x88, 0x88, 0x88,
  0x88, 0x88, 0x88, 0x88, 0x88, 0x88, 0x88, 0x88, 0x88, 0x88, 0x88, 0x88, 0x00, 0x88, 0x88, 0x88,
  0x88, 0x88, 0x88, 0x88, 0x88, 0x80, 0x00, 0x00, 0x00, 0x00, 0x00, 0x00, 0x11, 0x11, 0x11, 0x10,
  0x11, 0x11, 0x11, 0x11, 0x20, 0x02, 0x20, 0x00, 0x00, 0x00, 0x00, 0x88, 0x88, 0x88, 0x88, 0x88,
  0x80, 0x00, 0x00, 0x00, 0x00, 0x00, 0x00, 0x88, 0x88, 0x88, 0x80, 0x00, 0x88, 0x88, 0x00, 0x08,
  0x88, 0x88, 0x88, 0x00, 0x08, 0x88, 0x00, 0x00, 0x00, 0x00, 0x00, 0x00, 0x00, 0x00, 0x00, 0x00,
  0x01, 0x56, 0x75, 0x45, 0x55, 0x33, 0x55, 0x55, 0x55, 0x55, 0x54, 0x45, 0xba, 0xb5, 0x43, 0x55,
  0x55, 0x55, 0x55, 0x55, 0x55, 0x33, 0x55, 0x55, 0x33, 0x55, 0x34, 0x44, 0x44, 0x44, 0x44, 0x44,
  0x33, 0x55, 0x33, 0x55, 0x55, 0x55, 0x55, 0x55, 0x55, 0x55, 0x34, 0x44, 0x45, 0x55, 0x55, 0x54,
  0x83, 0x55, 0x55, 0x55, 0x55, 0x55, 0x55, 0x55, 0x35, 0x53, 0x5c, 0x6b, 0xd0, 0x88, 0x88, 0x08,
  0x88, 0x88, 0x88, 0x88, 0x88, 0x88, 0x88, 0x88, 0x88, 0x88, 0x88, 0x80, 0x88, 0x88, 0x88, 0x88,
  0x88, 0x88, 0x88, 0x88, 0x88, 0x88, 0x88, 0x88, 0x88, 0x88, 0x88, 0x88, 0x88, 0x88, 0x88, 0x88,
  0x88, 0x88, 0x88, 0x88, 0x88, 0x88, 0x88, 0x88, 0x88, 0x88, 0x88, 0x88, 0x88, 0x88, 0x88, 0x88,
  0x00, 0x88, 0x88, 0x88, 0x88, 0x88, 0x88, 0x88, 0x88, 0x80, 0x00, 0x00, 0x00, 0x00, 0x00, 0x00,
  0x11, 0x11, 0x11, 0x10, 0x11, 0x11, 0x11, 0x11, 0x20, 0x02, 0x20, 0x00, 0x00, 0x00, 0x00, 0x88,
  0x88, 0x88, 0x88, 0x88, 0x80, 0x00, 0x00, 0x00, 0x00, 0x00, 0x00, 0x88, 0x88, 0x88, 0x80, 0x00,
  0x88, 0x88, 0x00, 0x08, 0x88, 0x88, 0x88, 0x00, 0x08, 0x88, 0x00, 0x00, 0x00, 0x00, 0x00, 0x00,
  0x00, 0x00, 0x00, 0x00, 0x00, 0xc6, 0xcd, 0x35, 0x55, 0x55, 0x55, 0x55, 0x35, 0x55, 0x55, 0x38,
  0x5c, 0xa7, 0x53, 0x55, 0x55, 0x55, 0x55, 0x55, 0x55, 0x53, 0x35, 0x55, 0x53, 0x55, 0x55, 0x55,
  0x33, 0x55, 0x55, 0x55, 0x55, 0x55, 0x53, 0x55, 0x55, 0x55, 0x55, 0x55, 0x55, 0x34, 0x35, 0x5c,
  0xcb, 0x77, 0x77, 0x7c, 0x54, 0x43, 0x55, 0x55, 0x55, 0x55, 0x55, 0x55, 0x35, 0x55, 0x45, 0xb6,
  0xc0, 0x88, 0x88, 0x08, 0x88, 0x88, 0x88, 0x88, 0x88, 0x88, 0x88, 0x88, 0x88, 0x88, 0x88, 0x80,
  0x88, 0x88, 0x88, 0x88, 0x88, 0x88, 0x88, 0x88, 0x88, 0x88, 0x88, 0x88, 0x88, 0x88, 0x88, 0x88,
  0x88, 0x88, 0x88, 0x88, 0x88, 0x88, 0x88, 0x88, 0x88, 0x88, 0x88, 0x88, 0x88, 0x88, 0x88, 0x88,
  0x88, 0x88, 0x88, 0x88, 0x88, 0x88, 0x88, 0x88, 0x88, 0x88, 0x88, 0x88, 0x88, 0x88, 0x88, 0x00,
  0x00, 0x00, 0x00, 0x22, 0x11, 0x11, 0x11, 0x10, 0x11, 0x11, 0x11, 0x11, 0x22, 0x00, 0x00, 0x00,
  0x00, 0x00, 0x00, 0x88, 0x88, 0x88, 0x88, 0x00, 0x08, 0x08, 0x00, 0x00, 0x00, 0x80, 0x00, 0x00,
  0x00, 0x88, 0x80, 0x00, 0x00, 0x00, 0x08, 0x80, 0x00, 0x88, 0x80, 0x00, 0x08, 0x80, 0x00, 0x00,
  0x00, 0x00, 0x00, 0x00, 0x00, 0x00, 0x00, 0x00, 0x0d, 0xc6, 0xc8, 0x35, 0x45, 0x55, 0x55, 0x55,
  0x55, 0x53, 0x33, 0x55, 0x45, 0xc6, 0x54, 0x55, 0x55, 0x55, 0x55, 0x55, 0x55, 0x55, 0x55, 0x55,
  0x55, 0x55, 0x55, 0x55, 0x55, 0x55, 0x55, 0x55, 0x55, 0x55, 0x55, 0x55, 0x55, 0x35, 0x55, 0x33,
  0x44, 0x5c, 0xc7, 0x6a, 0xaa, 0x66, 0x77, 0x6a, 0x6c, 0x43, 0x55, 0x35, 0x55, 0x55, 0x55, 0x55,
  0x53, 0x55, 0x34, 0x56, 0x65, 0x28, 0x88, 0x88, 0x88, 0x88, 0x88, 0x88, 0x80, 0x88, 0x88, 0x88,
  0x88, 0x88, 0x88, 0x88, 0x88, 0x88, 0x88, 0x88, 0x88, 0x88, 0x88, 0x88, 0x88, 0x88, 0x88, 0x88,
  0x88, 0x88, 0x88, 0x88, 0x88, 0x88, 0x88, 0x88, 0x88, 0x88, 0x88, 0x88, 0x88, 0x88, 0x88, 0x88,
  0x88, 0x88, 0x88, 0x88, 0x08, 0x88, 0x88, 0x88, 0x88, 0x88, 0x88, 0x88, 0x88, 0x88, 0x88, 0x88,
  0x88, 0x88, 0x88, 0x00, 0x00, 0x00, 0x00, 0x22, 0x11, 0x11, 0x11, 0x10, 0x11, 0x11, 0x11, 0x11,
  0x22, 0x00, 0x00, 0x00, 0x00, 0x00, 0x00, 0x88, 0x88, 0x88, 0x88, 0x00, 0x08, 0x00, 0x80, 0x00,
  0x00, 0x80, 0x00, 0x00, 0x00, 0x88, 0x80, 0x00, 0x00, 0x00, 0x08, 0x80, 0x00, 0x88, 0x80, 0x00,
  0x08, 0x80, 0x00, 0x00, 0x00, 0x00, 0x00, 0x00, 0x00, 0x00, 0x00, 0x00, 0x0d, 0x76, 0x58, 0x34,
  0x55, 0x55, 0x55, 0x55, 0x55, 0x54, 0x33, 0x55, 0x34, 0x55, 0x55, 0x55, 0x55, 0x55, 0x53, 0x55,
  0x55, 0x55, 0x55, 0x55, 0x55, 0x55, 0x55, 0x55, 0x55, 0x55, 0x55, 0x55, 0x55, 0x55, 0x55, 0x55,
  0x55, 0x35, 0x55, 0x44, 0x5c, 0x76, 0xa6, 0xbc, 0xc5, 0x55, 0x55, 0x5c, 0x66, 0x54, 0x55, 0x55,
  0x55, 0x55, 0x55, 0x55, 0x55, 0x55, 0x33, 0x4c, 0x6b, 0xd0, 0x88, 0x88, 0x88, 0x88, 0x88, 0x88,
  0x88, 0x88, 0x88, 0x88, 0x88, 0x88, 0x88, 0x88, 0x88, 0x88, 0x88, 0x88, 0x88, 0x88, 0x88, 0x88,
  0x88, 0x88, 0x88, 0x88, 0x88, 0x88, 0x88, 0x88, 0x88, 0x88, 0x88, 0x88, 0x88, 0x88, 0x88, 0x88,
  0x88, 0x88, 0x88, 0x88, 0x88, 0x88, 0x88, 0x88, 0x88, 0x88, 0x88, 0x88, 0x88, 0x88, 0x88, 0x88,
  0x88, 0x88, 0x88, 0x88, 0x88, 0x88, 0x88, 0x00, 0x00, 0x00, 0x00, 0x00, 0x11, 0x11, 0x11, 0x10,
  0x11, 0x11, 0x11, 0x11, 0x22, 0x00, 0x00, 0x00, 0x00, 0x00, 0x00, 0x88, 0x88, 0x88, 0x88, 0x00,
  0x08, 0x00, 0x88, 0x80, 0x00, 0x80, 0x00, 0x00, 0x00, 0x88, 0x80, 0x00, 0x00, 0x00, 0x08, 0x80,
  0x00, 0x88, 0x80, 0x00, 0x08, 0x80, 0x00, 0x00, 0x00, 0x00, 0x00, 0x00, 0x00, 0x00, 0x00, 0x00,
  0x25, 0x67, 0x54, 0x34, 0x55, 0x55, 0x55, 0x55, 0x55, 0x55, 0x33, 0x55, 0x55, 0x44, 0x35, 0x55,
  0x55, 0x55, 0x55, 0x55, 0x55, 0x55, 0x55, 0x55, 0x55, 0x55, 0x55, 0x33, 0x55, 0x55, 0x55, 0x55,
  0x55, 0x55, 0x55, 0x55, 0x55, 0x35, 0x54, 0x5c, 0x6a, 0x6b, 0xc5, 0x53, 0x44, 0x44, 0x44, 0x83,
  0xc6, 0xc3, 0x55, 0x55, 0x55, 0x55, 0x55, 0x55, 0x53, 0x55, 0x53, 0x35, 0xba, 0xc0, 0x08, 0x88,
  0x88, 0x88, 0x88, 0x88, 0x88, 0x88, 0x88, 0x88, 0x88, 0x88, 0x88, 0x88, 0x88, 0x88, 0x88, 0x88,
  0x88, 0x88, 0x88, 0x88, 0x88, 0x88, 0x88, 0x88, 0x88, 0x88, 0x88, 0x88, 0x88, 0x88, 0x88, 0x88,
  0x88, 0x88, 0x88, 0x88, 0x88, 0x88, 0x88, 0x88, 0x88, 0x88, 0x88, 0x88, 0x88, 0x88, 0x88, 0x88,
  0x88, 0x88, 0x88, 0x88, 0x88, 0x88, 0x88, 0x88, 0x88, 0x88, 0x88, 0x00, 0x00, 0x00, 0x00, 0x22,
  0x11, 0x11, 0x11, 0x10, 0x11, 0x11, 0x11, 0x11, 0x20, 0x00, 0x00, 0x00, 0x00, 0x00, 0x00, 0x00,
  0x88, 0x00, 0x00, 0x08, 0x88, 0x88, 0x88, 0x80, 0x00, 0x08, 0x80, 0x00, 0x00, 0x00, 0x00, 0x00,
  0x00, 0x00, 0x08, 0x80, 0x00, 0x88, 0x00, 0x00, 0x08, 0x88, 0x80, 0x00, 0x00, 0x00, 0x00, 0x80,
  0x00, 0x80, 0x00, 0x00, 0x25, 0xab, 0x53, 0x33, 0x55, 0x55, 0x55, 0x55, 0x55, 0x55, 0x55, 0x55,
  0x55, 0x55, 0x55, 0x55, 0x55, 0x55, 0x55, 0x53, 0x55, 0x55, 0x55, 0x35, 0x55, 0x55, 0x53, 0x55,
  0x55, 0x33, 0x55, 0x55, 0x55, 0x55, 0x55, 0x55, 0x55, 0x34, 0x5c, 0x7a, 0x6c, 0x55, 0x44, 0x55,
  0x55, 0x55, 0x55, 0x54, 0x57, 0x75, 0x45, 0x55, 0x55, 0x55, 0x35, 0x55, 0x35, 0x55, 0x55, 0x54,
  0x56, 0x75, 0x28, 0x48, 0x88, 0x88, 0x80, 0x88, 0x88, 0x88, 0x88, 0x88, 0x88, 0x88, 0x88, 0x88,
  0x88, 0x88, 0x88, 0x88, 0x88, 0x88, 0x88, 0x88, 0x88, 0x88, 0x88, 0x88, 0x88, 0x88, 0x88, 0x88,
  0x88, 0x88, 0x88, 0x88, 0x88, 0x88, 0x88, 0x88, 0x88, 0x08, 0x88, 0x88, 0x88, 0x88, 0x88, 0x88,
  0x88, 0x88, 0x88, 0x88, 0x88, 0x88, 0x88, 0x88, 0x88, 0x88, 0x88, 0x88, 0x88, 0x88, 0x88, 0x00,
  0x00, 0x00, 0x00, 0x22, 0x01, 0x11, 0x11, 0x10, 0x11, 0x11, 0x11, 0x11, 0x10, 0x00, 0x00, 0x00,
  0x00, 0x00, 0x00, 0x88, 0x88, 0x00, 0x00, 0x08, 0x88, 0x88, 0x88, 0x88, 0x88, 0x88, 0x00, 0x00,
  0x08, 0x00, 0x00, 0x00, 0x00, 0x00, 0x88, 0x80, 0x00, 0x00, 0x88, 0x00, 0x08, 0x80, 0x00, 0x00,
  0x00, 0x00, 0x00, 0x00, 0x08, 0x80, 0x00, 0x00, 0x1c, 0xac, 0x33, 0x33, 0x55, 0x55, 0x55, 0x55,
  0x55, 0x55, 0x55, 0x53, 0x35, 0x55, 0x53, 0x55, 0x55, 0x55, 0x35, 0x55, 0x55, 0x53, 0x35, 0x55,
  0x55, 0x55, 0x53, 0x55, 0x55, 0x55, 0x55, 0x53, 0x55, 0x35, 0x55, 0x55, 0x55, 0x45, 0xca, 0x6c,
  0x54, 0x45, 0x55, 0x55, 0x55, 0x55, 0x55, 0x55, 0x5c, 0x6c, 0x43, 0x33, 0x53, 0x55, 0x35, 0x55,
  0x55, 0x53, 0x55, 0x55, 0x4c, 0x6c, 0x80, 0x88, 0x88, 0x88, 0xe0, 0x88, 0x88, 0x88, 0x88, 0x88,
  0x88, 0x88, 0x88, 0x88, 0x88, 0x88, 0x88, 0x88, 0x88, 0x88, 0x88, 0x88, 0x88, 0x88, 0x88, 0x88,
  0x88, 0x88, 0x88, 0x88, 0x88, 0x88, 0x88, 0x88, 0x88, 0x88, 0x88, 0x88, 0x88, 0x88, 0x88, 0x88,
  0x88, 0x88, 0x88, 0x88, 0x88, 0x88, 0x88, 0x88, 0x88, 0x88, 0x88, 0x88, 0x88, 0x88, 0x88, 0x88,
  0x88, 0x88, 0x88, 0x00, 0x00, 0x00, 0x00, 0x02, 0x01, 0x11, 0x11, 0x10, 0x11, 0x11, 0x11, 0x11,
  0x10, 0x00, 0x00, 0x00, 0x00, 0x00, 0x00, 0x08, 0x88, 0x00, 0x00, 0x08, 0x88, 0x88, 0x88, 0x88,
  0x08, 0x08, 0x00, 0x00, 0x00, 0x00, 0x00, 0x00, 0x00, 0x00, 0x08, 0x80, 0x00, 0x80, 0x00, 0x00,
  0x00, 0x00, 0x00, 0x00, 0x00, 0x00, 0x00, 0x80, 0x08, 0x80, 0x00, 0x00, 0x1c, 0xac, 0x43, 0x33,
  0x55, 0x55, 0x55, 0x55, 0x55, 0x55, 0x55, 0x55, 0x55, 0x53, 0x53, 0x55, 0x55, 0x55, 0x33, 0x55,
  0x55, 0x53, 0x55, 0x35, 0x55, 0x55, 0x55, 0x55, 0x33, 0x55, 0x55, 0x55, 0x55, 0x55, 0x53, 0x55,
  0x54, 0xc6, 0x6b, 0x55, 0x35, 0x55, 0x55, 0x55, 0x55, 0x55, 0x55, 0x55, 0x4c, 0xac, 0xd3, 0x55,
  0x55, 0x55, 0x35, 0x53, 0x55, 0x55, 0x55, 0x55, 0x45, 0x76, 0x52, 0x88, 0x84, 0x88, 0x00, 0x88,
  0x88, 0x88, 0x88, 0x88, 0x88, 0x88, 0x88, 0x88, 0x88, 0x88, 0x88, 0x88, 0x88, 0x88, 0x88, 0x88,
  0x88, 0x88, 0x88, 0x88, 0x88, 0x88, 0x88, 0x88, 0x88, 0x88, 0x88, 0x88, 0x88, 0x88, 0x88, 0x88,
  0x88, 0x88, 0x88, 0x88, 0x88, 0x88, 0x88, 0x88, 0x88, 0x88, 0x88, 0x88, 0x88, 0x88, 0x88, 0x88,
  0x88, 0x88, 0x88, 0x88, 0x88, 0x80, 0x08, 0x00, 0x00, 0x00, 0x00, 0x00, 0x01, 0x11, 0x11, 0x10,
  0x11, 0x11, 0x11, 0x11, 0x10, 0x00, 0x00, 0x00, 0x00, 0x00, 0x00, 0x80, 0x88, 0x80, 0x08, 0x88,
  0x88, 0x88, 0x00, 0x80, 0x08, 0x80, 0x00, 0x00, 0x00, 0x00, 0x08, 0x88, 0x88, 0x00, 0x08, 0x00,
  0x00, 0x00, 0x00, 0x00, 0x00, 0x00, 0x00, 0x00, 0x80, 0x08, 0x88, 0x88, 0x88, 0x80, 0x00, 0x00,
  0x2c, 0xac, 0x43, 0x33, 0x55, 0x55, 0x55, 0x55, 0x53, 0x33, 0x55, 0x55, 0x55, 0x55, 0x55, 0x55,
  0x55, 0x55, 0x33, 0x55, 0x55, 0x55, 0x55, 0x35, 0x55, 0x55, 0x55, 0x55, 0x33, 0x55, 0x55, 0x55,
  0x55, 0x55, 0x55, 0x55, 0x54, 0xc7, 0xc5, 0x45, 0x55, 0x55, 0x55, 0x55, 0x45, 0x55, 0x55, 0x55,
  0x45, 0x6b, 0x53, 0x55, 0x55, 0x55, 0x35, 0x53, 0x55, 0x55, 0x55, 0x55, 0x54, 0xc6, 0xcd, 0x08,
  0x84, 0x88, 0x88, 0x88, 0x88, 0x88, 0x88, 0x88, 0x88, 0x88, 0x88, 0x88, 0x88, 0x88, 0x88, 0x88,
  0x88, 0x88, 0x88, 0x80, 0x88, 0x88, 0x88, 0x88, 0x88, 0x88, 0x88, 0x88, 0x88, 0x88, 0x88, 0x88,
  0x88, 0x88, 0x88, 0x88, 0x88, 0x00, 0x00, 0x88, 0x88, 0x88, 0x88, 0x88, 0x88, 0x88, 0x00, 0x88,
  0x88, 0x88, 0x88, 0x88, 0x88, 0x88, 0x88, 0x88, 0x88, 0x80, 0x08, 0x00, 0x00, 0x00, 0x02, 0x02,
  0x11, 0x11, 0x11, 0x10, 0x11, 0x11, 0x11, 0x10, 0x00, 0x20, 0x00, 0x00, 0x00, 0x00, 0x00, 0x88,
  0x88, 0x80, 0x08, 0x88, 0x88, 0x88, 0x00, 0x00, 0x08, 0x80, 0x00, 0x00, 0x00, 0x00, 0x08, 0x88,
  0x88, 0x00, 0x88, 0x00, 0x00, 0x00, 0x00, 0x00, 0x00, 0x00, 0x00, 0x00, 0x88, 0x88, 0x88, 0x88,
  0x88, 0x80, 0x00, 0x00, 0x0c, 0xac, 0x43, 0x33, 0x55, 0x55, 0x55, 0x55, 0x55, 0x55, 0x55, 0x55,
  0x55, 0x55, 0x55, 0x55, 0x55, 0x55, 0x55, 0x55, 0x55, 0x55, 0x55, 0x35, 0x55, 0x55, 0x55, 0x55,
  0x55, 0x55, 0x55, 0x55, 0x55, 0x55, 0x55, 0x53, 0x35, 0x55, 0x55, 0x55, 0x55, 0x55, 0x35, 0x55,
  0x55, 0x55, 0x55, 0x55, 0x45, 0x77, 0x54, 0x55, 0x55, 0x55, 0x55, 0x55, 0x55, 0x55, 0x55, 0x55,
  0x54, 0x57, 0x65, 0x28, 0x88, 0x88, 0x88, 0x88, 0x88, 0x88, 0x88, 0x88, 0x88, 0x88, 0x88, 0x88,
  0x88, 0x88, 0x88, 0x88, 0x88, 0x88, 0x88, 0x80, 0x88, 0x88, 0x88, 0x88, 0x88, 0x88, 0x88, 0x88,
  0x88, 0x88, 0x88, 0x88, 0x88, 0x88, 0x88, 0x88, 0x88, 0x80, 0x00, 0x88, 0x88, 0x88, 0x88, 0x88,
  0x88, 0x88, 0x00, 0x88, 0x88, 0x88, 0x88, 0x88, 0x88, 0x88, 0x88, 0x88, 0x88, 0x88, 0x88, 0x00,
  0x20, 0x00, 0x00, 0x00, 0x11, 0x11, 0x11, 0x10, 0x11, 0x11, 0x11, 0x11, 0x00, 0x20, 0x00, 0x00,
  0x00, 0x00, 0x00, 0x88, 0x88, 0x88, 0x00, 0x80, 0x88, 0x88, 0x00, 0x00, 0x08, 0x88, 0x88, 0x00,
  0x00, 0x00, 0x08, 0x88, 0x88, 0x00, 0x00, 0x00, 0x00, 0x00, 0x00, 0x00, 0x00, 0x00, 0x00, 0x00,
  0x88, 0x08, 0x88, 0x88, 0x88, 0x80, 0x00, 0x00, 0x0c, 0xac, 0x83, 0x33, 0x55, 0x55, 0x55, 0x53,
  0x55, 0x55, 0x55, 0x55, 0x55, 0x55, 0x55, 0x55, 0x55, 0x55, 0x55, 0x55, 0x55, 0x55, 0x55, 0x35,
  0x55, 0x55, 0x35, 0x55, 0x55, 0x55, 0x55, 0x55, 0x55, 0x55, 0x55, 0x55, 0x55, 0x53, 0x55, 0x55,
  0x55, 0x55, 0x55, 0x55, 0x55, 0x55, 0x55, 0x55, 0x35, 0xb6, 0x54, 0x55, 0x55, 0x53, 0x55, 0x55,
  0x55, 0x55, 0x55, 0x55, 0x53, 0x4c, 0xac, 0xd0, 0x08, 0x88, 0x88, 0x88, 0x88, 0x88, 0x88, 0x88,
  0x88, 0x88, 0x8d, 0x88, 0x88, 0x88, 0x88, 0x88, 0x88, 0x88, 0x88, 0x80, 0x88, 0x88, 0x88, 0x08,
  0x88, 0x88, 0x88, 0x88, 0x88, 0x88, 0x88, 0x88, 0x88, 0x88, 0x88, 0x88, 0x88, 0x88, 0x88, 0x88,
  0x88, 0x88, 0x88, 0x88, 0x88, 0x88, 0x88, 0x88, 0x88, 0x88, 0x88, 0x88, 0x88, 0x88, 0x88, 0x88,
  0x88, 0x88, 0x88, 0x00, 0x00, 0x00, 0x00, 0x11, 0x11, 0x11, 0x11, 0x10, 0x11, 0x11, 0x11, 0x11,
  0x00, 0x20, 0x00, 0x00, 0x00, 0x00, 0x00, 0x08, 0x88, 0x88, 0x00, 0x80, 0x08, 0x80, 0x00, 0x00,
  0x08, 0x88, 0x88, 0x00, 0x00, 0x80, 0x08, 0x88, 0x88, 0x00, 0x00, 0x00, 0x00, 0x00, 0x00, 0x00,
  0x00, 0x00, 0x00, 0x08, 0x80, 0x08, 0x88, 0x84, 0x88, 0x80, 0x00, 0x00, 0x0c, 0xac, 0x43, 0x33,
  0x55, 0x55, 0x55, 0x55, 0x55, 0x55, 0x55, 0x55, 0x55, 0x55, 0x55, 0x55, 0x55, 0x55, 0x55, 0x55,
  0x55, 0x55, 0x55, 0x35, 0x55, 0x55, 0x33, 0x35, 0x55, 0x55, 0x55, 0x55, 0x55, 0x55, 0x55, 0x55,
  0x55, 0x55, 0x55, 0x55, 0x55, 0x55, 0x55, 0x55, 0x55, 0x55, 0x55, 0x55, 0x53, 0xc6, 0x58, 0x55,
  0x55, 0x53, 0x55, 0x55, 0x55, 0x55, 0x55, 0x55, 0x55, 0x45, 0x76, 0x52, 0x08, 0x88, 0x88, 0x88,
  0x88, 0x88, 0x88, 0x88, 0x88, 0x88, 0x4d, 0x88, 0x88, 0x88, 0x88, 0x88, 0x88, 0x88, 0x88, 0x80,
  0x08, 0x88, 0x88, 0x00, 0x88, 0x88, 0x88, 0x88, 0x88, 0x88, 0x88, 0x88, 0x88, 0x88, 0x88, 0x88,
  0x88, 0x88, 0x88, 0x88, 0x88, 0x88, 0x88, 0x88, 0x88, 0x88, 0x88, 0x88, 0x88, 0x88, 0x88, 0x88,
  0x88, 0x88, 0x88, 0x88, 0x88, 0x88, 0x88, 0x00, 0x00, 0x00, 0x00, 0x01, 0x11, 0x11, 0x11, 0x10,
  0x11, 0x11, 0x11, 0x11, 0x12, 0x00, 0x00, 0x00, 0x00, 0x00, 0x00, 0x80, 0x00, 0x00, 0x00, 0x00,
  0x00, 0x00, 0x08, 0x88, 0x88, 0x80, 0x00, 0x00, 0x00, 0x88, 0x00, 0x00, 0x00, 0x00, 0x00, 0x08,
  0x88, 0x00, 0x00, 0x00, 0x00, 0x00, 0x00, 0x00, 0x00, 0x08, 0x88, 0x88, 0x88, 0x00, 0x00, 0x00,
  0x2c, 0xac, 0x43, 0x34, 0x55, 0x55, 0x33, 0x55, 0x55, 0x55, 0x55, 0x55, 0x55, 0x55, 0x55, 0x55,
  0x53, 0x55, 0x35, 0x55, 0x55, 0x55, 0x55, 0x55, 0x53, 0x55, 0x53, 0x35, 0x55, 0x55, 0x55, 0x53,
  0x35, 0x55, 0x55, 0x55, 0x55, 0x55, 0x55, 0x55, 0x55, 0x55, 0x55, 0x55, 0x55, 0x55, 0x55, 0x55,
  0x54, 0xca, 0xc8, 0x35, 0x55, 0x55, 0x55, 0x55, 0x55, 0x55, 0x55, 0x55, 0x55, 0x34, 0xca, 0xc0,
  0x08, 0x88, 0x84, 0x88, 0x48, 0x88, 0x88, 0x88, 0x88, 0x88, 0x88, 0x88, 0x88, 0x80, 0x00, 0x08,
  0x88, 0x88, 0x88, 0x88, 0x80, 0x00, 0x00, 0x00, 0x88, 0x88, 0x88, 0x88, 0x88, 0x88, 0x88, 0x88,
  0x88, 0x88, 0x88, 0x88, 0x88, 0x88, 0x88, 0x88, 0x88, 0x88, 0x88, 0x88, 0x88, 0x88, 0x88, 0x88,
  0x88, 0x88, 0x88, 0x88, 0x88, 0x88, 0x88, 0x88, 0x88, 0x88, 0x00, 0x00, 0x00, 0x00, 0x00, 0x01,
  0x11, 0x11, 0x11, 0x10, 0x11, 0x11, 0x11, 0x11, 0x10, 0x00, 0x20, 0x00, 0x00, 0x00, 0x00, 0x88,
  0x00, 0x00, 0x00, 0x00, 0x00, 0x00, 0x88, 0x88, 0x88, 0x80, 0x00, 0x00, 0x00, 0x08, 0x80, 0x00,
  0x00, 0x00, 0x00, 0x08, 0x88, 0x00, 0x00, 0x00, 0x00, 0x00, 0x00, 0x00, 0x00, 0x08, 0x88, 0x88,
  0x88, 0x00, 0x00, 0x00, 0x1c, 0x6c, 0x33, 0x35, 0x55, 0x55, 0x33, 0x35, 0x55, 0x55, 0x55, 0x55,
  0x55, 0x55, 0x55, 0x55, 0x53, 0x35, 0x35, 0x55, 0x55, 0x55, 0x55, 0x53, 0x55, 0x33, 0x33, 0x35,
  0x33, 0x55, 0x55, 0x33, 0x55, 0x55, 0x55, 0x55, 0x53, 0x55, 0x55, 0x55, 0x55, 0x55, 0x55, 0x55,
  0x55, 0x55, 0x55, 0x55, 0x54, 0xca, 0xc8, 0x33, 0x55, 0x55, 0x55, 0x55, 0x55, 0x55, 0x55, 0x55,
  0x55, 0x54, 0x56, 0x7d, 0x08, 0x48, 0x88, 0x88, 0x88, 0x88, 0x88, 0x88, 0x88, 0x88, 0x84, 0x48,
  0x88, 0x80, 0x80, 0x88, 0x88, 0x88, 0x88, 0x88, 0x80, 0x08, 0x00, 0x00, 0x08, 0x88, 0x88, 0x88,
  0x88, 0x88, 0x88, 0x88, 0x88, 0x88, 0x88, 0x88, 0x88, 0x88, 0x88, 0x88, 0x88, 0x88, 0x88, 0x88,
  0x88, 0x88, 0x88, 0x88, 0x88, 0x88, 0x88, 0x88, 0x88, 0x88, 0x88, 0x88, 0x88, 0x88, 0x00, 0x00,
  0x00, 0x00, 0x02, 0x21, 0x11, 0x11, 0x11, 0x10, 0x11, 0x11, 0x11, 0x11, 0x12, 0x00, 0x00, 0x00,
  0x00, 0x00, 0x00, 0x88, 0x88, 0x80, 0x00, 0x00, 0x00, 0x00, 0x88, 0x88, 0x88, 0x88, 0x88, 0x88,
  0x88, 0x88, 0x00, 0x00, 0x00, 0x00, 0x00, 0x08, 0x88, 0x00, 0x00, 0x00, 0x00, 0x00, 0x00, 0x00,
  0x00, 0x08, 0x88, 0x88, 0x00, 0x00, 0x00, 0x00, 0x15, 0x6c, 0x53, 0x33, 0x55, 0x53, 0x35, 0x35,
  0x55, 0x35, 0x55, 0x55, 0x55, 0x55, 0x55, 0x55, 0x55, 0x55, 0x55, 0x35, 0x53, 0x35, 0x55, 0x33,
  0x35, 0x33, 0x33, 0x35, 0x33, 0x55, 0x55, 0x55, 0x53, 0x35, 0x55, 0x55, 0x55, 0x55, 0x33, 0x55,
  0x55, 0x55, 0x55, 0x55, 0x55, 0x55, 0x55, 0x55, 0x54, 0xca, 0xc8, 0x53, 0x35, 0x55, 0x55, 0x55,
  0x55, 0x55, 0x35, 0x53, 0x55, 0x53, 0x5b, 0x6c, 0x28, 0x88, 0x84, 0x88, 0x88, 0x88, 0x88, 0x88,
  0x88, 0x88, 0x88, 0x88, 0x88, 0x80, 0x80, 0x88, 0x88, 0x88, 0x88, 0x88, 0x80, 0x00, 0x00, 0x00,
  0x00, 0x80, 0x00, 0x88, 0x88, 0x88, 0x88, 0x88, 0x88, 0x88, 0x88, 0x88, 0x88, 0x88, 0x88, 0x88,
  0x88, 0x88, 0x88, 0x88, 0x88, 0x88, 0x88, 0x88, 0x88, 0x88, 0x88, 0x88, 0x88, 0x88, 0x88, 0x88,
  0x88, 0x88, 0x00, 0x00, 0x00, 0x00, 0x02, 0x20, 0x11, 0x11, 0x11, 0x10, 0x11, 0x11, 0x11, 0x11,
  0x11, 0x20, 0x00, 0x00, 0x00, 0x00, 0x00, 0x08, 0x88, 0x80, 0x00, 0x00, 0x00, 0x88, 0x00, 0x88,
  0x88, 0x88, 0x88, 0x88, 0x88, 0x00, 0x00, 0x00, 0x00, 0x00, 0x00, 0x08, 0x88, 0x00, 0x00, 0x00,
  0x00, 0x00, 0x00, 0x00, 0x08, 0x88, 0x88, 0x88, 0x00, 0x00, 0x00, 0x00, 0x15, 0x6b, 0x53, 0x35,
  0x55, 0x55, 0x55, 0x55, 0x55, 0x55, 0x55, 0x55, 0x55, 0x55, 0x55, 0x55, 0x55, 0x55, 0x55, 0x55,
  0x53, 0x35, 0x55, 0x53, 0x33, 0x53, 0x33, 0x33, 0x33, 0x55, 0x55, 0x55, 0x55, 0x33, 0x55, 0x55,
  0x55, 0x55, 0x55, 0x55, 0x55, 0x55, 0x55, 0x55, 0x55, 0x55, 0x55, 0x55, 0x53, 0xca, 0xc4, 0x53,
  0x35, 0x55, 0x55, 0x55, 0x55, 0x55, 0x55, 0x55, 0x55, 0x55, 0x4c, 0x6c, 0x80, 0x88, 0x88, 0x88,
  0x88, 0x88, 0x88, 0x88, 0x88, 0x88, 0x88, 0x88, 0x88, 0x88, 0x88, 0x88, 0x88, 0x88, 0x88, 0x00,
  0x00, 0x00, 0x00, 0x88, 0x00, 0x00, 0x00, 0x08, 0x88, 0x88, 0x88, 0x88, 0x88, 0x88, 0x88, 0x88,
  0x88, 0x88, 0x88, 0x88, 0x88, 0x88, 0x88, 0x88, 0x88, 0x88, 0x88, 0x88, 0x88, 0x88, 0x88, 0x88,
  0x88, 0x88, 0x88, 0x88, 0x88, 0x88, 0x80, 0x00, 0x00, 0x00, 0x02, 0x22, 0x11, 0x11, 0x11, 0x10,
  0x11, 0x11, 0x11, 0x11, 0x11, 0x00, 0x00, 0x00, 0x00, 0x00, 0x00, 0x08, 0x88, 0x80, 0x00, 0x00,
  0x08, 0x0e, 0x00, 0x08, 0x88, 0x88, 0x88, 0x88, 0x88, 0x00, 0x00, 0x00, 0x00, 0x00, 0x00, 0x08,
  0x88, 0x00, 0x00, 0x00, 0x00, 0x00, 0x00, 0x00, 0x08, 0x80, 0x00, 0x88, 0x00, 0x00, 0x00, 0x00,
  0x25, 0x77, 0x54, 0x55, 0x55, 0x55, 0x55, 0x55, 0x55, 0x55, 0x55, 0x55, 0x55, 0x55, 0x55, 0x55,
  0x53, 0x33, 0x35, 0x53, 0x33, 0x33, 0x33, 0x33, 0x33, 0x55, 0x33, 0x33, 0x55, 0x33, 0x55, 0x55,
  0x55, 0x55, 0x55, 0x55, 0x55, 0x55, 0x55, 0x53, 0x53, 0x55, 0x55, 0x55, 0x55, 0x55, 0x53, 0x55,
  0x54, 0xca, 0xc4, 0x33, 0x35, 0x55, 0x55, 0x55, 0x53, 0x55, 0x55, 0x55, 0x55, 0x55, 0x45, 0x76,
  0x50, 0x88, 0x88, 0x84, 0x88, 0x88, 0x88, 0x88, 0x88, 0x88, 0x88, 0x88, 0x88, 0x88, 0x88, 0x88,
  0x88, 0x88, 0x88, 0x80, 0x08, 0x88, 0x88, 0x80, 0x00, 0x00, 0x00, 0x08, 0x88, 0x88, 0x88, 0x88,
  0x88, 0x88, 0x88, 0x88, 0x88, 0x88, 0x88, 0x88, 0x88, 0x88, 0x88, 0x88, 0x88, 0x88, 0x88, 0x88,
  0x88, 0x88, 0x88, 0x88, 0x88, 0x88, 0x88, 0x88, 0x88, 0x88, 0x80, 0x00, 0x00, 0x00, 0x02, 0x22,
  0x11, 0x11, 0x11, 0x10, 0x11, 0x11, 0x11, 0x11, 0x11, 0x00, 0x00, 0x00, 0x00, 0x00, 0x00, 0x08,
  0x88, 0x80, 0x00, 0x00, 0x00, 0x00, 0x00, 0x00, 0x88, 0x88, 0x88, 0x88, 0x88, 0x00, 0x00, 0x80,
  0x00, 0x00, 0x00, 0x00, 0x00, 0x00, 0x00, 0x00, 0x00, 0x00, 0x00, 0x00, 0x00, 0x80, 0x00, 0x88,
  0x00, 0x00, 0x00, 0x00, 0x0d, 0xb6, 0x54, 0x33, 0x33, 0x55, 0x55, 0x55, 0x55, 0x55, 0x55, 0x55,
  0x55, 0x55, 0x55, 0x55, 0x55, 0x33, 0x33, 0x33, 0x33, 0x33, 0x33, 0x33, 0x33, 0x55, 0x33, 0x35,
  0x55, 0x55, 0x55, 0x55, 0x55, 0x55, 0x53, 0x55, 0x55, 0x55, 0x55, 0x55, 0x55, 0x35, 0x55, 0x55,
  0x55, 0x55, 0x53, 0x55, 0x34, 0xca, 0xc4, 0x33, 0x35, 0x53, 0x35, 0x55, 0x55, 0x55, 0x55, 0x55,
  0x55, 0x55, 0x35, 0xc6, 0xc0, 0x88, 0x88, 0x88, 0x88, 0x88, 0x88, 0x88, 0x88, 0x88, 0x88, 0x88,
  0x88, 0x88, 0x88, 0x88, 0x88, 0x88, 0x88, 0x88, 0x08, 0x88, 0x88, 0x80, 0x00, 0x00, 0x00, 0x08,
  0x88, 0x88, 0x88, 0x88, 0x88, 0x88, 0x88, 0x88, 0x88, 0x88, 0x88, 0x88, 0x88, 0x88, 0x88, 0x88,
  0x88, 0x80, 0x00, 0x88, 0x88, 0x88, 0x88, 0x88, 0x88, 0x88, 0x88, 0x88, 0x88, 0x88, 0x80, 0x00,
  0x00, 0x00, 0x02, 0x22, 0x11, 0x11, 0x11, 0x10, 0x11, 0x11, 0x11, 0x11, 0x11, 0x00, 0x00, 0x00,
  0x00, 0x00, 0x00, 0x08, 0x08, 0x80, 0x00, 0x00, 0x00, 0x88, 0x88, 0x80, 0x08, 0x88, 0x88, 0x88,
  0x88, 0x00, 0x00, 0x08, 0x00, 0x00, 0x00, 0x00, 0x00, 0x00, 0x00, 0x00, 0x00, 0x00, 0x00, 0x00,
  0x08, 0x08, 0x88, 0x88, 0x00, 0x00, 0x00, 0x00, 0x08, 0xc6, 0xc4, 0x33, 0x53, 0x55, 0x55, 0x55,
  0x55, 0x55, 0x55, 0x55, 0x55, 0x55, 0x55, 0x55, 0x55, 0x55, 0x53, 0x35, 0x33, 0x53, 0x33, 0x33,
  0x33, 0x33, 0x33, 0x35, 0x53, 0x55, 0x35, 0x55, 0x55, 0x55, 0x55, 0x55, 0x55, 0x55, 0x53, 0x55,
  0x55, 0x35, 0x53, 0x55, 0x55, 0x55, 0x53, 0x55, 0x35, 0xb6, 0x54, 0x33, 0x33, 0x55, 0x55, 0x55,
  0x55, 0x55, 0x55, 0x55, 0x55, 0x55, 0x54, 0xc6, 0xcd, 0x08, 0x88, 0x88, 0x88, 0x88, 0x88, 0x88,
  0x88, 0x88, 0x88, 0x88, 0x88, 0x88, 0x88, 0x88, 0x88, 0x88, 0x88, 0x88, 0x80, 0x00, 0x00, 0x08,
  0x88, 0x00, 0x08, 0x80, 0x00, 0x88, 0x88, 0x88, 0x88, 0x88, 0x88, 0x88, 0x88, 0x88, 0x88, 0x88,
  0x88, 0x88, 0x88, 0x88, 0x88, 0x80, 0x88, 0x08, 0x88, 0x88, 0x88, 0x88, 0x88, 0x88, 0x88, 0x88,
  0x88, 0x88, 0x80, 0x00, 0x00, 0x00, 0x00, 0x11, 0x11, 0x11, 0x11, 0x10, 0x11, 0x11, 0x11, 0x11,
  0x11, 0x20, 0x00, 0x00, 0x00, 0x00, 0x00, 0x00, 0x08, 0x00, 0x00, 0x00, 0x08, 0x00, 0x88, 0x88,
  0x08, 0x80, 0x88, 0x88, 0x88, 0x00, 0x08, 0x08, 0x00, 0x00, 0x00, 0x00, 0x00, 0x00, 0x00, 0x88,
  0x80, 0x00, 0x08, 0x80, 0x08, 0x08, 0x88, 0x00, 0x00, 0x00, 0x00, 0x00, 0x00, 0xc6, 0xc5, 0x33,
  0x55, 0x55, 0x55, 0x55, 0x55, 0x55, 0x35, 0x55, 0x55, 0x55, 0x55, 0x55, 0x55, 0x55, 0x55, 0x55,
  0x35, 0x55, 0x33, 0x33, 0x33, 0x33, 0x33, 0x33, 0x55, 0x55, 0x35, 0x55, 0x55, 0x55, 0x55, 0x55,
  0x55, 0x35, 0x55, 0x53, 0x35, 0x55, 0x55, 0x35, 0x55, 0x55, 0x53, 0x55, 0x45, 0x77, 0x54, 0x33,
  0x33, 0x55, 0x55, 0x55, 0x55, 0x55, 0x55, 0x55, 0x55, 0x35, 0x54, 0x56, 0x7d, 0x08, 0x88, 0x88,
  0x88, 0x88, 0x88, 0x88, 0x88, 0x88, 0x88, 0x88, 0x88, 0x88, 0x88, 0x88, 0x88, 0x88, 0x88, 0x88,
  0x88, 0x88, 0x88, 0x08, 0x88, 0x00, 0x08, 0x80, 0x00, 0x88, 0x88, 0x88, 0x88, 0x88, 0x88, 0x88,
  0x88, 0x88, 0x88, 0x88, 0x88, 0x88, 0x88, 0x88, 0x88, 0x88, 0x88, 0x00, 0x88, 0x88, 0x88, 0x88,
  0x88, 0x88, 0x88, 0x48, 0x88, 0x88, 0x80, 0x00, 0x00, 0x00, 0x00, 0x11, 0x11, 0x11, 0x11, 0x10,
  0x11, 0x11, 0x11, 0x11, 0x11, 0x12, 0x00, 0x00, 0x00, 0x00, 0x00, 0x00, 0x08, 0x00, 0x00, 0x00,
  0x08, 0x00, 0x88, 0x88, 0x00, 0x80, 0x88, 0x88, 0x88, 0x08, 0x80, 0x88, 0x00, 0x00, 0x00, 0x00,
  0x00, 0x00, 0x00, 0x88, 0x80, 0x00, 0x88, 0x88, 0x88, 0x88, 0x88, 0x00, 0x00, 0x00, 0x00, 0x00,
  0x02, 0xc6, 0x75, 0x33, 0x55, 0x55, 0x55, 0x55, 0x55, 0x55, 0x55, 0x55, 0x55, 0x55, 0x55, 0x55,
  0x55, 0x55, 0x55, 0x55, 0x55, 0x33, 0x33, 0x33, 0x33, 0x33, 0x35, 0x33, 0x33, 0x35, 0x55, 0x35,
  0x55, 0x55, 0x55, 0x55, 0x55, 0x35, 0x55, 0x55, 0x35, 0x55, 0x55, 0x53, 0x55, 0x55, 0x55, 0x55,
  0x45, 0x6b, 0x54, 0x33, 0x33, 0x33, 0x55, 0x55, 0x55, 0x55, 0x55, 0x55, 0x55, 0x33, 0x33, 0x5b,
  0x65, 0x08, 0x88, 0x88, 0x88, 0x88, 0x88, 0x88, 0x88, 0x88, 0x88, 0x88, 0x88, 0x88, 0x88, 0x88,
  0x88, 0x88, 0x88, 0x88, 0x88, 0x88, 0x88, 0x08, 0x80, 0x00, 0x80, 0x00, 0x00, 0x00, 0x08, 0x88,
  0x88, 0x88, 0x88, 0x88, 0x88, 0x80, 0x00, 0x00, 0x88, 0x88, 0x88, 0x88, 0x88, 0x88, 0x88, 0x80,
  0x88, 0x88, 0x88, 0x88, 0x88, 0x88, 0x88, 0x88, 0x88, 0x88, 0x80, 0x00, 0x00, 0x00, 0x00, 0x11,
  0x11, 0x11, 0x11, 0x10, 0x11, 0x11, 0x11, 0x11, 0x11, 0x12, 0x00, 0x00, 0x00, 0x00, 0x00, 0x00,
  0x00, 0x00, 0x00, 0x00, 0x08, 0x00, 0x88, 0x88, 0x00, 0x08, 0x88, 0x88, 0x88, 0x88, 0x80, 0x88,
  0x00, 0x00, 0x00, 0x00, 0x00, 0x00, 0x00, 0x88, 0x80, 0x00, 0x80, 0x08, 0x88, 0x88, 0x88, 0x00,
  0x00, 0x00, 0x00, 0x00, 0x0d, 0xc6, 0xc3, 0x33, 0x55, 0x55, 0x55, 0x55, 0x55, 0x53, 0x55, 0x55,
  0x55, 0x55, 0x55, 0x55, 0x55, 0x55, 0x55, 0x33, 0x55, 0x33, 0x33, 0x33, 0x33, 0x33, 0x35, 0x33,
  0x33, 0x33, 0x55, 0x35, 0x55, 0x55, 0x55, 0x55, 0x53, 0x35, 0x55, 0x55, 0x55, 0x55, 0x55, 0x55,
  0x35, 0x55, 0x35, 0x53, 0x8c, 0x6c, 0xd4, 0x33, 0x33, 0x33, 0x55, 0x55, 0x55, 0x55, 0x55, 0x55,
  0x55, 0x53, 0x33, 0x3c, 0xac, 0x00, 0x88, 0x88, 0x88, 0x88, 0x88, 0x88, 0x88, 0x88, 0x88, 0x88,
  0x88, 0x88, 0x88, 0x88, 0x88, 0x88, 0x88, 0x88, 0x88, 0x88, 0x88, 0x08, 0x80, 0x00, 0x80, 0x00,
  0x00, 0x00, 0x08, 0x88, 0x88, 0x88, 0x88, 0x88, 0x88, 0x80, 0x00, 0x80, 0x08, 0x88, 0x88, 0x88,
  0x80, 0x88, 0x88, 0x80, 0x88, 0x88, 0x88, 0x88, 0x88, 0x88, 0x88, 0x88, 0x88, 0x88, 0x80, 0x00,
  0x00, 0x00, 0x00, 0x11, 0x11, 0x11, 0x11, 0x10, 0x11, 0x11, 0x11, 0x11, 0x11, 0x10, 0x00, 0x00,
  0x00, 0x00, 0x00, 0x00, 0x00, 0x00, 0x00, 0x00, 0x08, 0x88, 0x88, 0x00, 0x08, 0x08, 0x88, 0x88,
  0x88, 0x88, 0x88, 0x80, 0x00, 0x00, 0x00, 0x00, 0x00, 0x00, 0x00, 0x00, 0x00, 0x00, 0x00, 0x00,
  0x00, 0x08, 0x00, 0x00, 0x00, 0x00, 0x00, 0x00, 0x25, 0x66, 0x54, 0x33, 0x53, 0x53, 0x35, 0x55,
  0x55, 0x53, 0x55, 0x55, 0x55, 0x55, 0x55, 0x35, 0x55, 0x55, 0x55, 0x33, 0x55, 0x55, 0x33, 0x33,
  0x33, 0x33, 0x53, 0x55, 0x35, 0x33, 0x55, 0x55, 0x55, 0x55, 0x53, 0x55, 0x53, 0x35, 0x55, 0x33,
  0x55, 0x55, 0x55, 0x55, 0x55, 0x55, 0x33, 0x53, 0x4c, 0xac, 0x84, 0x33, 0x33, 0x55, 0x35, 0x55,
  0x55, 0x55, 0x55, 0x55, 0x55, 0x55, 0x55, 0x4c, 0xac, 0x00, 0x88, 0x88, 0x88, 0x88, 0x88, 0x88,
  0x88, 0x88, 0x88, 0x88, 0x88, 0x88, 0x88, 0x88, 0x88, 0x80, 0x00, 0x88, 0x08, 0x88, 0x88, 0x88,
  0x88, 0x00, 0x00, 0x00, 0x00, 0x88, 0x88, 0x88, 0x88, 0x88, 0x88, 0x88, 0x88, 0x88, 0x88, 0x88,
  0x88, 0x88, 0x88, 0x88, 0x80, 0x88, 0x88, 0x00, 0x08, 0x88, 0x88, 0x88, 0x88, 0x88, 0x88, 0x88,
  0x88, 0x88, 0x00, 0x00, 0x00, 0x00, 0x00, 0x11, 0x11, 0x11, 0x11, 0x10, 0x11, 0x11, 0x11, 0x11,
  0x11, 0x10, 0x00, 0x00, 0x00, 0x00, 0x00, 0x00, 0x08, 0x00, 0x00, 0x00, 0x00, 0x00, 0x00, 0x00,
  0x88, 0x88, 0x88, 0x00, 0x88, 0x88, 0x88, 0x00, 0x00, 0x00, 0x08, 0x00, 0x00, 0x00, 0x00, 0x00,
  0x00, 0x00, 0x00, 0x00, 0x00, 0x08, 0x00, 0x00, 0x00, 0x00, 0x00, 0x00, 0x0c, 0xac, 0x43, 0x33,
  0x53, 0x35, 0x55, 0x55, 0x55, 0x55, 0x55, 0x53, 0x33, 0x55, 0x55, 0x55, 0x55, 0x55, 0x55, 0x55,
  0x55, 0x53, 0x35, 0x53, 0x33, 0x33, 0x53, 0x55, 0x35, 0x55, 0x55, 0x55, 0x33, 0x55, 0x53, 0x55,
  0x55, 0x55, 0x55, 0x55, 0x53, 0x33, 0x55, 0x55, 0x55, 0x35, 0x53, 0x54, 0x57, 0x65, 0x83, 0x33,
  0x33, 0x55, 0x35, 0x55, 0x55, 0x55, 0x55, 0x55, 0x33, 0x35, 0x55, 0x45, 0x6b, 0xd0, 0x88, 0x88,
  0x88, 0x88, 0x88, 0x88, 0x88, 0x88, 0x88, 0x88, 0x88, 0x88, 0x88, 0x88, 0x88, 0x88, 0x88, 0x88,
  0x08, 0x88, 0x88, 0x88, 0x88, 0x80, 0x00, 0x00, 0x00, 0x88, 0x88, 0x88, 0x88, 0x88, 0x88, 0x88,
  0x88, 0x88, 0x88, 0x88, 0x88, 0x88, 0x88, 0x88, 0x88, 0x08, 0x88, 0x88, 0x88, 0x88, 0x88, 0x88,
  0x88, 0x88, 0x88, 0x88, 0x88, 0x88, 0x00, 0x00, 0x00, 0x00, 0x00, 0x01, 0x11, 0x11, 0x11, 0x10,
  0x11, 0x11, 0x11, 0x11, 0x11, 0x10, 0x00, 0x00, 0x00, 0x00, 0x00, 0x00, 0x88, 0x00, 0x00, 0x00,
  0x08, 0x88, 0x00, 0x88, 0x08, 0x08, 0x88, 0x88, 0x88, 0x88, 0x88, 0x80, 0x00, 0x00, 0x00, 0x00,
  0x00, 0x00, 0x00, 0x00, 0x00, 0x00, 0x00, 0x00, 0x00, 0x08, 0x00, 0x00, 0x00, 0x00, 0x00, 0x02,
  0x57, 0x75, 0x43, 0x33, 0x53, 0x35, 0x53, 0x55, 0x53, 0x55, 0x55, 0x55, 0x55, 0x55, 0x55, 0x55,
  0x55, 0x55, 0x53, 0x55, 0x55, 0x55, 0x55, 0x33, 0x33, 0x33, 0x53, 0x55, 0x33, 0x55, 0x55, 0x55,
  0x55, 0x55, 0x53, 0x55, 0x55, 0x53, 0x35, 0x33, 0x55, 0x55, 0x55, 0x55, 0x55, 0x53, 0x33, 0x54,
  0xc6, 0xb5, 0x43, 0x33, 0x33, 0x55, 0x35, 0x53, 0x55, 0x55, 0x55, 0x55, 0x55, 0x55, 0x53, 0x45,
  0x66, 0x50, 0x88, 0x88, 0x88, 0x88, 0x88, 0x88, 0x88, 0x88, 0x88, 0x88, 0x88, 0x88, 0x88, 0x88,
  0x88, 0x80, 0x00, 0x88, 0x08, 0x88, 0x88, 0x88, 0x08, 0x80, 0x00, 0x00, 0x00, 0x88, 0x88, 0x88,
  0x88, 0x88, 0x88, 0x88, 0x88, 0x88, 0x88, 0x88, 0x88, 0x88, 0x88, 0x88, 0x88, 0x00, 0x88, 0x88,
  0x88, 0x88, 0x88, 0x88, 0x88, 0x88, 0x88, 0x88, 0x88, 0x80, 0x00, 0x00, 0x00, 0x00, 0x22, 0x01,
  0x11, 0x11, 0x11, 0x10, 0x11, 0x11, 0x11, 0x11, 0x11, 0x12, 0x00, 0x00, 0x00, 0x00, 0x00, 0x00,
  0x08, 0x80, 0x00, 0x80, 0x88, 0x88, 0x88, 0x88, 0x08, 0x00, 0x08, 0x88, 0x88, 0x88, 0x88, 0x88,
  0x00, 0x00, 0x08, 0x00, 0x00, 0x88, 0x00, 0x00, 0x08, 0x00, 0x00, 0x00, 0x00, 0x08, 0x88, 0x00,
  0x00, 0x00, 0x00, 0x02, 0xc6, 0xcd, 0x33, 0x53, 0x55, 0x55, 0x55, 0x55, 0x53, 0x55, 0x55, 0x55,
  0x55, 0x55, 0x55, 0x55, 0x55, 0x55, 0x53, 0x55, 0x55, 0x55, 0x55, 0x35, 0x33, 0x55, 0x33, 0x55,
  0x33, 0x55, 0x55, 0x55, 0x55, 0x55, 0x55, 0x55, 0x55, 0x55, 0x55, 0x55, 0x55, 0x55, 0x55, 0x55,
  0x33, 0x53, 0x35, 0x4d, 0xc6, 0xc4, 0x33, 0x35, 0x55, 0x55, 0x55, 0x53, 0x55, 0x55, 0x55, 0x55,
  0x55, 0x35, 0x53, 0x35, 0x76, 0x50, 0x88, 0x88, 0x88, 0x88, 0x88, 0x88, 0x88, 0x88, 0x88, 0x88,
  0x88, 0x88, 0x88, 0x88, 0x88, 0x88, 0x88, 0x88, 0x88, 0x00, 0x88, 0x88, 0x88, 0x80, 0x00, 0x08,
  0x88, 0x88, 0x88, 0x88, 0x88, 0x88, 0x88, 0x88, 0x88, 0x88, 0x88, 0x88, 0x88, 0x88, 0x88, 0x88,
  0x88, 0x00, 0x88, 0x88, 0x88, 0x88, 0x88, 0x88, 0x88, 0x88, 0x88, 0x88, 0x00, 0x00, 0x00, 0x00,
  0x00, 0x00, 0x22, 0x11, 0x11, 0x11, 0x11, 0x10, 0x11, 0x11, 0x11, 0x11, 0x11, 0x12, 0x00, 0x00,
  0x00, 0x00, 0x00, 0x00, 0x08, 0x80, 0x00, 0x80, 0x88, 0x88, 0x88, 0x88, 0x08, 0x00, 0x08, 0x88,
  0x88, 0x88, 0x88, 0x88, 0x88, 0x00, 0x08, 0x08, 0x88, 0x88, 0x80, 0x00, 0x08, 0x00, 0x00, 0x00,
  0x80, 0x08, 0x88, 0x00, 0x00, 0x00, 0x00, 0x0d, 0xb6, 0xc4, 0x33, 0x33, 0x55, 0x55, 0x55, 0x55,
  0x53, 0x55, 0x55, 0x55, 0x35, 0x55, 0x55, 0x55, 0x55, 0x55, 0x55, 0x55, 0x55, 0x53, 0x55, 0x35,
  0x55, 0x55, 0x35, 0x55, 0x53, 0x55, 0x55, 0x55, 0x55, 0x55, 0x55, 0x53, 0x55, 0x55, 0x55, 0x55,
  0x55, 0x55, 0x55, 0x55, 0x55, 0x33, 0x53, 0x4c, 0x67, 0x54, 0x33, 0x33, 0x55, 0x55, 0x55, 0x55,
  0x55, 0x55, 0x55, 0x55, 0x55, 0x33, 0x35, 0x33, 0xc6, 0xc2, 0x88, 0x88, 0x88, 0x88, 0x88, 0x88,
  0x88, 0x88, 0x88, 0x88, 0x88, 0x88, 0x88, 0x88, 0x88, 0x88, 0x88, 0x88, 0x88, 0x00, 0x88, 0x88,
  0x88, 0x88, 0x88, 0x88, 0x88, 0x88, 0x88, 0x88, 0x88, 0x88, 0x88, 0x88, 0x88, 0x88, 0x88, 0x88,
  0x88, 0x88, 0x88, 0x88, 0x88, 0x08, 0x88, 0x88, 0x88, 0x88, 0x88, 0x88, 0x88, 0x88, 0x88, 0x88,
  0x80, 0x00, 0x00, 0x00, 0x00, 0x00, 0x00, 0x11, 0x11, 0x11, 0x11, 0x10, 0x11, 0x11, 0x11, 0x11,
  0x10, 0x12, 0x02, 0x00, 0x00, 0x00, 0x00, 0x00, 0x08, 0x80, 0x08, 0x80, 0x88, 0x88, 0x88, 0x88,
  0x08, 0x00, 0x08, 0x88, 0x88, 0x88, 0x88, 0x88, 0x88, 0x80, 0x08, 0x08, 0x88, 0x88, 0x80, 0x00,
  0x08, 0x00, 0x00, 0x00, 0x00, 0x08, 0x88, 0x00, 0x00, 0x00, 0x00, 0x15, 0x6b, 0x54, 0x33, 0x33,
  0x55, 0x35, 0x53, 0x55, 0x55, 0x53, 0x55, 0x55, 0x35, 0x55, 0x55, 0x55, 0x55, 0x55, 0x55, 0x53,
  0x55, 0x53, 0x55, 0x35, 0x55, 0x55, 0x55, 0x55, 0x55, 0x33, 0x55, 0x55, 0x55, 0x33, 0x35, 0x53,
  0x55, 0x55, 0x55, 0x55, 0x55, 0x55, 0x55, 0x33, 0x55, 0x53, 0x53, 0x57, 0x6c, 0xd3, 0x33, 0x35,
  0x55, 0x33, 0x55, 0x55, 0x55, 0x55, 0x55, 0x55, 0x55, 0x33, 0x53, 0x34, 0xca, 0xc0, 0x88, 0x88,
  0x88, 0x88, 0x88, 0x88, 0x88, 0x88, 0x48, 0x88, 0x88, 0x88, 0x88, 0x88, 0x88, 0x88, 0x88, 0x88,
  0x88, 0x00, 0x88, 0x88, 0x88, 0x88, 0x88, 0x88, 0x88, 0x88, 0x88, 0x88, 0x88, 0x88, 0x88, 0x88,
  0x88, 0x88, 0x88, 0x88, 0x88, 0x88, 0x88, 0x88, 0x88, 0x88, 0x88, 0x88, 0x88, 0x88, 0x88, 0x88,
  0x88, 0x88, 0x88, 0x88, 0x80, 0x00, 0x00, 0x00, 0x00, 0x00, 0x00, 0x11, 0x11, 0x11, 0x11, 0x10,
  0x11, 0x11, 0x11, 0x11, 0x10, 0x12, 0x20, 0x00, 0x00, 0x00, 0x00, 0x00, 0x08, 0x88, 0x88, 0x88,
  0x08, 0x88, 0x88, 0x88, 0x88, 0x80, 0x08, 0x88, 0x88, 0x88, 0x88, 0x88, 0x88, 0x80, 0x08, 0x08,
  0x88, 0x88, 0x80, 0x00, 0x08, 0x00, 0x00, 0x00, 0x00, 0x00, 0x00, 0x00, 0x00, 0x00, 0x00, 0x0c,
  0x6c, 0x43, 0x55, 0x55, 0x55, 0x35, 0x53, 0x55, 0x55, 0x53, 0x49, 0x44, 0x45, 0x53, 0x33, 0x55,
  0x55, 0x55, 0x55, 0x53, 0x55, 0x55, 0x55, 0x55, 0x55, 0x55, 0x55, 0x55, 0x55, 0x33, 0x55, 0x55,
  0x55, 0x55, 0x35, 0x55, 0x55, 0x55, 0x55, 0x55, 0x55, 0x55, 0x55, 0x55, 0x55, 0x53, 0x59, 0x5b,
  0xc5, 0x43, 0x33, 0x35, 0x55, 0x33, 0x55, 0x55, 0x55, 0x55, 0x55, 0x55, 0x55, 0x55, 0x53, 0x34,
  0xca, 0xc0, 0x88, 0x88, 0x88, 0x88, 0x88, 0x88, 0x88, 0x88, 0x88, 0x88, 0x88, 0x88, 0x88, 0x88,
  0x88, 0x88, 0x88, 0x88, 0x88, 0x80, 0x08, 0x88, 0x88, 0x88, 0x88, 0x88, 0x88, 0x88, 0x88, 0x88,
  0x88, 0x88, 0x88, 0x88, 0x88, 0x88, 0x88, 0x88, 0x88, 0x88, 0x88, 0x88, 0x88, 0x88, 0x88, 0x88,
  0x88, 0x88, 0x88, 0x88, 0x88, 0x88, 0x88, 0x88, 0x00, 0x00, 0x00, 0x00, 0x00, 0x02, 0x20, 0x01,
  0x11, 0x11, 0x11, 0x10, 0x11, 0x11, 0x11, 0x11, 0x12, 0x00, 0x20, 0x00, 0x00, 0x00, 0x00, 0x00,
  0x08, 0x88, 0x80, 0x88, 0x08, 0x88, 0x88, 0x88, 0x88, 0x88, 0x88, 0x88, 0x88, 0x88, 0x88, 0x88,
  0x88, 0x88, 0x88, 0x88, 0x88, 0x88, 0x88, 0x08, 0x08, 0x88, 0x00, 0x00, 0x08, 0x80, 0x00, 0x00,
  0x00, 0x00, 0x00, 0xd7, 0x65, 0x83, 0x55, 0x55, 0x55, 0x55, 0x55, 0x55, 0x53, 0x45, 0xcc, 0xcc,
  0x54, 0x35, 0x55, 0x33, 0x55, 0x55, 0x35, 0x55, 0x55, 0x55, 0x55, 0x55, 0x55, 0x55, 0x55, 0x55,
  0x55, 0x55, 0x53, 0x55, 0x55, 0x55, 0x55, 0x55, 0x55, 0x55, 0x55, 0x55, 0x55, 0x55, 0x35, 0x55,
  0x53, 0x53, 0x55, 0x35, 0x33, 0x33, 0x33, 0x35, 0x55, 0x55, 0x55, 0x55, 0x55, 0x55, 0x55, 0x55,
  0x55, 0x55, 0x55, 0x34, 0xca, 0xc0, 0x88, 0x88, 0x88, 0x88, 0x88, 0x88, 0x88, 0x88, 0x88, 0x88,
  0x88, 0x88, 0x88, 0x88, 0x88, 0x88, 0x88, 0x88, 0x88, 0x88, 0x08, 0x88, 0x88, 0x88, 0x88, 0x88,
  0x88, 0x88, 0x88, 0x88, 0x88, 0x88, 0x88, 0x88, 0x88, 0x88, 0x88, 0x88, 0x88, 0x88, 0x88, 0x88,
  0x88, 0x88, 0x88, 0x88, 0x88, 0x88, 0x88, 0x88, 0x88, 0x88, 0x88, 0x08, 0x00, 0x00, 0x00, 0x00,
  0x00, 0x02, 0x10, 0x01, 0x11, 0x11, 0x11, 0x10, 0x11, 0x11, 0x11, 0x11, 0x12, 0x00, 0x20, 0x00,
  0x00, 0x00, 0x00, 0x00, 0x88, 0x88, 0x80, 0x88, 0x88, 0x88, 0x88, 0x88, 0x88, 0x88, 0x88, 0x88,
  0x88, 0x88, 0x88, 0x88, 0x88, 0x88, 0x88, 0x88, 0x88, 0x88, 0x88, 0x88, 0x88, 0x88, 0x00, 0x00,
  0x08, 0x80, 0x00, 0x00, 0x00, 0x00, 0x01, 0x56, 0x75, 0x43, 0x55, 0x55, 0x55, 0x55, 0x55, 0x33,
  0x54, 0x5b, 0x66, 0x66, 0xb5, 0x45, 0x55, 0x33, 0x53, 0x55, 0x35, 0x35, 0x55, 0x55, 0x55, 0x55,
  0x55, 0x55, 0x55, 0x55, 0x35, 0x55, 0x35, 0x33, 0x33, 0x35, 0x55, 0x55, 0x55, 0x55, 0x35, 0x55,
  0x55, 0x55, 0x55, 0x55, 0x53, 0x55, 0x53, 0x33, 0x35, 0x55, 0x53, 0x55, 0x55, 0x55, 0x55, 0x55,
  0x55, 0x55, 0x55, 0x55, 0x55, 0x55, 0x55, 0x54, 0xca, 0xc8, 0x08, 0x88, 0x88, 0x88, 0x88, 0x88,
  0x88, 0x88, 0x88, 0x88, 0x88, 0x88, 0x88, 0x88, 0x88, 0x88, 0x88, 0x88, 0x88, 0x88, 0x88, 0x88,
  0x88, 0x88, 0x88, 0x88, 0x88, 0x88, 0x88, 0x88, 0x88, 0x88, 0x88, 0x88, 0x88, 0x88, 0x88, 0x88,
  0x88, 0x88, 0x88, 0x88, 0x88, 0x88, 0x88, 0x88, 0x88, 0x88, 0x88, 0x88, 0x88, 0x88, 0x88, 0x08,
  0x00, 0x00, 0x00, 0x00, 0x00, 0x02, 0x00, 0x11, 0x11, 0x11, 0x11, 0x10, 0x11, 0x11, 0x11, 0x11,
  0x11, 0x10, 0x20, 0x00, 0x00, 0x00, 0x00, 0x88, 0x88, 0x88, 0x80, 0x08, 0x88, 0x88, 0x88, 0x88,
  0x88, 0x88, 0x88, 0x88, 0x88, 0x88, 0x48, 0x88, 0x88, 0x88, 0x88, 0x88, 0x88, 0x88, 0x88, 0x88,
  0x88, 0x88, 0x00, 0x00, 0x08, 0x80, 0x00, 0x00, 0x00, 0x00, 0x00, 0xca, 0xc4, 0x33, 0x33, 0x35,
  0x55, 0x55, 0x53, 0x33, 0x45, 0xb6, 0x77, 0x77, 0x6b, 0x54, 0x55, 0x33, 0x53, 0x55, 0x33, 0x33,
  0x33, 0x35, 0x55, 0x55, 0x55, 0x55, 0x55, 0x55, 0x33, 0x55, 0x35, 0x33, 0x34, 0x44, 0x55, 0x55,
  0x55, 0x55, 0x33, 0x55, 0x35, 0x35, 0x53, 0x35, 0x53, 0x55, 0x35, 0x55, 0x55, 0x55, 0x55, 0x55,
  0x55, 0x55, 0x55, 0x55, 0x55, 0x55, 0x35, 0x55, 0x55, 0x55, 0x55, 0x54, 0x56, 0xcd, 0x08, 0x88,
  0x88, 0x88, 0x88, 0x88, 0x88, 0x88, 0x88, 0x88, 0x88, 0x88, 0x88, 0x88, 0x88, 0x88, 0x88, 0x88,
  0x80, 0x88, 0x88, 0x88, 0x88, 0x88, 0x88, 0x88, 0x88, 0x88, 0x88, 0x88, 0x88, 0x88, 0x88, 0x88,
  0x88, 0x88, 0x88, 0x88, 0x88, 0x88, 0x88, 0x88, 0x88, 0x88, 0x88, 0x88, 0x88, 0x88, 0x88, 0x88,
  0x88, 0x88, 0x08, 0x00, 0x00, 0x00, 0x00, 0x00, 0x00, 0x00, 0x01, 0x11, 0x11, 0x11, 0x11, 0x10,
  0x11, 0x11, 0x11, 0x11, 0x11, 0x11, 0x00, 0x00, 0x00, 0x00, 0x00, 0x08, 0x88, 0x80, 0x00, 0x88,
  0x88, 0x88, 0x88, 0x88, 0x88, 0x88, 0x88, 0x88, 0x88, 0x88, 0x48, 0x88, 0x88, 0x88, 0x88, 0x88,
  0x88, 0x88, 0x88, 0x88, 0x88, 0x88, 0x80, 0x00, 0x00, 0x00, 0x00, 0x00, 0x00, 0x00, 0x0d, 0xc6,
  0xc8, 0x33, 0x35, 0x55, 0x55, 0x55, 0x53, 0x33, 0x4c, 0x67, 0x77, 0x77, 0x76, 0xc4, 0x55, 0x55,
  0x53, 0x53, 0x33, 0x33, 0x33, 0x33, 0x55, 0x33, 0x55, 0x55, 0x55, 0x55, 0x53, 0x55, 0x33, 0x44,
  0x35, 0x54, 0x45, 0x55, 0x55, 0x55, 0x53, 0x55, 0x35, 0x55, 0x53, 0x55, 0x55, 0x55, 0x35, 0x55,
  0x53, 0x55, 0x35, 0x55, 0x53, 0x55, 0x55, 0x55, 0x55, 0x55, 0x53, 0x33, 0x35, 0x55, 0x55, 0x54,
  0x56, 0xcd, 0x08, 0x88, 0x88, 0x88, 0x88, 0x88, 0x88, 0x88, 0x88, 0x88, 0x88, 0x88, 0x88, 0x88,
  0x88, 0x88, 0x88, 0x88, 0x88, 0x88, 0x88, 0x88, 0x88, 0x88, 0x88, 0x88, 0x88, 0x88, 0x88, 0x88,
  0x88, 0x88, 0x88, 0x88, 0x88, 0x88, 0x88, 0x88, 0x88, 0x88, 0x88, 0x88, 0x88, 0x88, 0x88, 0x88,
  0x88, 0x88, 0x88, 0x88, 0x88, 0x88, 0x80, 0x00, 0x00, 0x00, 0x00, 0x00, 0x00, 0x00, 0x11, 0x11,
  0x11, 0x11, 0x11, 0x10, 0x11, 0x11, 0x11, 0x11, 0x11, 0x00, 0x22, 0x20, 0x00, 0x00, 0x00, 0x08,
  0x00, 0x88, 0x88, 0x88, 0x88, 0x84, 0x88, 0x88, 0x88, 0x88, 0x88, 0x88, 0x88, 0x48, 0x88, 0x88,
  0x88, 0x88, 0x88, 0x88, 0x80, 0x88, 0x88, 0x88, 0x88, 0x88, 0x00, 0x00, 0x00, 0x00, 0x00, 0x00,
  0x00, 0x00, 0x25, 0x76, 0x58, 0x33, 0x35, 0x55, 0x55, 0x55, 0x53, 0x33, 0x4c, 0x67, 0x77, 0x77,
  0x76, 0xc4, 0x33, 0x33, 0x33, 0x33, 0x34, 0x44, 0x44, 0x44, 0x33, 0x33, 0x33, 0x55, 0x55, 0x33,
  0x55, 0x33, 0x34, 0xdc, 0xcb, 0xbc, 0x54, 0x55, 0x53, 0x35, 0x55, 0x33, 0x55, 0x53, 0x35, 0x55,
  0x55, 0x55, 0x33, 0x55, 0x55, 0x33, 0x55, 0x53, 0x35, 0x55, 0x55, 0x55, 0x33, 0x55, 0x55, 0x55,
  0x55, 0x55, 0x55, 0x54, 0x56, 0xcd, 0x08, 0x84, 0x88, 0x88, 0x88, 0x88, 0x88, 0x88, 0x88, 0x88,
  0x88, 0x80, 0x88, 0x88, 0x88, 0x88, 0x88, 0x88, 0x88, 0x88, 0x88, 0x8e, 0x88, 0x88, 0x88, 0x88,
  0x88, 0x88, 0x88, 0x88, 0x84, 0x88, 0x88, 0x88, 0x88, 0x88, 0x88, 0x88, 0x88, 0x88, 0x88, 0x88,
  0x88, 0x88, 0x88, 0x88, 0x88, 0x88, 0x88, 0x88, 0x84, 0x88, 0x80, 0x00, 0x00, 0x00, 0x00, 0x00,
  0x02, 0x22, 0x00, 0x11, 0x11, 0x11, 0x11, 0x10, 0x11, 0x11, 0x11, 0x11, 0x11, 0x11, 0x00, 0x00,
  0x00, 0x00, 0x00, 0x08, 0x88, 0x88, 0x88, 0x88, 0x88, 0x88, 0x88, 0x88, 0x88, 0x88, 0x88, 0x88,
  0x84, 0x88, 0x48, 0x88, 0x88, 0x88, 0x88, 0x88, 0x88, 0x88, 0x88, 0x00, 0x08, 0x88, 0x00, 0x00,
  0x00, 0x00, 0x00, 0x00, 0x00, 0x00, 0x25, 0x67, 0x53, 0x33, 0x35, 0x55, 0x55, 0x55, 0x55, 0x55,
  0x4c, 0x67, 0x77, 0x77, 0x76, 0xc4, 0x33, 0x33, 0x44, 0x84, 0x35, 0x55, 0x55, 0x55, 0x34, 0x44,
  0x43, 0x33, 0x35, 0x55, 0x33, 0x55, 0x4d, 0xc6, 0x67, 0x76, 0x75, 0x43, 0x35, 0x55, 0x55, 0x55,
  0x55, 0x35, 0x53, 0x33, 0x33, 0x55, 0x35, 0x55, 0x53, 0x55, 0x55, 0x35, 0x53, 0x33, 0x33, 0x55,
  0x35, 0x55, 0x55, 0x55, 0x55, 0x35, 0x55, 0x34, 0x56, 0xcd, 0x08, 0x88, 0x84, 0x88, 0x88, 0x88,
  0x88, 0x88, 0x88, 0x88, 0x88, 0x88, 0x88, 0x88, 0x88, 0x88, 0x88, 0x88, 0x88, 0x88, 0x88, 0x88,
  0x88, 0x88, 0x88, 0x88, 0x88, 0x88, 0x88, 0x88, 0x88, 0x88, 0x88, 0x88, 0x88, 0x88, 0x88, 0x88,
  0x88, 0x88, 0x88, 0x88, 0x88, 0x88, 0x88, 0x88, 0x88, 0x88, 0x88, 0x88, 0x88, 0x88, 0x80, 0x00,
  0x00, 0x00, 0x00, 0x00, 0x00, 0x01, 0x11, 0x11, 0x11, 0x11, 0x11, 0x10, 0x11, 0x11, 0x11, 0x11,
  0x11, 0x22, 0x00, 0x00, 0x00, 0x00, 0x00, 0x00, 0x80, 0x08, 0x88, 0x88, 0x88, 0x88, 0x88, 0x88,
  0x48, 0x88, 0x88, 0x88, 0x88, 0x88, 0x48, 0x88, 0x88, 0x88, 0x88, 0x48, 0x88, 0x88, 0x88, 0x00,
  0x00, 0x00, 0x08, 0x80, 0x00, 0x00, 0x00, 0x00, 0x00, 0x00, 0x2c, 0x6c, 0x53, 0x53, 0x35, 0x53,
  0x55, 0x55, 0x55, 0x53, 0x4c, 0x67, 0x77, 0x77, 0x76, 0xc4, 0x54, 0x44, 0x55, 0xcc, 0xcb, 0x77,
  0x77, 0x7b, 0xbc, 0xc5, 0x55, 0x44, 0x45, 0x53, 0x53, 0x35, 0x45, 0x67, 0x77, 0x77, 0x6b, 0x54,
  0x55, 0x55, 0x55, 0x55, 0x35, 0x35, 0x53, 0x55, 0x53, 0x55, 0x55, 0x55, 0x55, 0x55, 0x55, 0x35,
  0x55, 0x55, 0x53, 0x55, 0x55, 0x55, 0x55, 0x53, 0x55, 0x35, 0x55, 0x54, 0x56, 0xcd, 0x08, 0x88,
  0x88, 0x88, 0x88, 0x84, 0x88, 0x88, 0x88, 0x88, 0x88, 0x88, 0x80, 0x08, 0x88, 0x88, 0x88, 0x88,
  0x88, 0x88, 0x88, 0x88, 0x88, 0x88, 0x88, 0x88, 0x88, 0x88, 0x88, 0x88, 0x88, 0x88, 0x88, 0x88,
  0x88, 0x88, 0x88, 0x88, 0x88, 0x88, 0x88, 0x88, 0x88, 0x88, 0x88, 0x88, 0x88, 0x88, 0x88, 0x88,
  0x88, 0x88, 0x88, 0x00, 0x00, 0x00, 0x00, 0x00, 0x00, 0x01, 0x11, 0x11, 0x11, 0x11, 0x11, 0x10,
  0x11, 0x11, 0x11, 0x11, 0x11, 0x22, 0x02, 0x00, 0x00, 0x00, 0x00, 0x00, 0x80, 0x08, 0x88, 0x88,
  0x88, 0x88, 0x88, 0x88, 0x48, 0x88, 0x88, 0x88, 0x88, 0x88, 0x88, 0x88, 0x88, 0x88, 0x48, 0x88,
  0x88, 0x88, 0x88, 0x00, 0x00, 0x00, 0x08, 0x80, 0x00, 0x00, 0x00, 0x00, 0x00, 0x00, 0x0c, 0xac,
  0x43, 0x55, 0x35, 0x53, 0x55, 0x55, 0x33, 0x33, 0x45, 0xb6, 0x77, 0x77, 0x6b, 0x54, 0x44, 0x5c,
  0xb6, 0xaa, 0xa6, 0x66, 0x67, 0x66, 0x6a, 0xaa, 0x6b, 0xc5, 0xd4, 0x43, 0x33, 0x33, 0x4c, 0x67,
  0x77, 0x77, 0x76, 0xc4, 0x55, 0x55, 0x55, 0x55, 0x35, 0x55, 0x53, 0x55, 0x55, 0x55, 0x53, 0x35,
  0x55, 0x53, 0x35, 0x35, 0x55, 0x55, 0x55, 0x55, 0x55, 0x55, 0x55, 0x53, 0x55, 0x35, 0x55, 0x54,
  0xca, 0xc0, 0x08, 0x88, 0x88, 0x88, 0x88, 0x88, 0x84, 0x88, 0x88, 0x88, 0x88, 0x88, 0x80, 0x08,
  0x88, 0x88, 0x88, 0x88, 0x88, 0x88, 0x88, 0x08, 0x88, 0x88, 0x88, 0x88, 0x88, 0x88, 0x88, 0x88,
  0x88, 0x88, 0x88, 0x88, 0x88, 0x88, 0x88, 0x88, 0x88, 0x88, 0x88, 0x88, 0x88, 0x88, 0x88, 0x88,
  0x88, 0x88, 0x88, 0x88, 0x88, 0x88, 0x88, 0x00, 0x00, 0x00, 0x00, 0x00, 0x00, 0x11, 0x11, 0x11,
  0x11, 0x11, 0x11, 0x10, 0x11, 0x11, 0x11, 0x11, 0x11, 0x11, 0x02, 0x00, 0x00, 0x00, 0x00, 0x00,
  0x80, 0x88, 0x88, 0x88, 0x88, 0x88, 0x88, 0x88, 0x88, 0x88, 0x88, 0x88, 0x88, 0x88, 0x88, 0x88,
  0x88, 0x88, 0x48, 0x88, 0x88, 0x88, 0x88, 0x00, 0x00, 0x00, 0x80, 0x08, 0x00, 0x00, 0x00, 0x00,
  0x00, 0x00, 0x0c, 0xac, 0x43, 0x33, 0x35, 0x53, 0x55, 0x55, 0x33, 0x33, 0x34, 0x5c, 0x67, 0x66,
  0xc5, 0x88, 0x5c, 0x66, 0x67, 0xcc, 0xc5, 0x55, 0x55, 0x55, 0x5c, 0xcb, 0x76, 0xa6, 0xbc, 0xd8,
  0x43, 0x34, 0x5c, 0x67, 0x77, 0x77, 0x76, 0xc4, 0x55, 0x55, 0x55, 0x55, 0x55, 0x55, 0x53, 0x35,
  0x55, 0x55, 0x53, 0x35, 0x55, 0x55, 0x55, 0x55, 0x55, 0x55, 0x55, 0x55, 0x55, 0x55, 0x55, 0x55,
  0x55, 0x55, 0x55, 0x54, 0xca, 0xc0, 0x08, 0x88, 0x88, 0x88, 0x88, 0x88, 0x88, 0x88, 0x88, 0x88,
  0x88, 0x88, 0x88, 0x88, 0x88, 0x80, 0x80, 0x88, 0x88, 0x88, 0x88, 0x88, 0x88, 0x88, 0x88, 0x88,
  0x88, 0x88, 0x88, 0x88, 0x88, 0x88, 0x88, 0x88, 0x88, 0x88, 0x88, 0x88, 0x88, 0x88, 0x88, 0x88,
  0x88, 0x88, 0x88, 0x88, 0x88, 0x88, 0x88, 0x88, 0x88, 0x88, 0x88, 0x00, 0x00, 0x00, 0x00, 0x00,
  0x22, 0x11, 0x11, 0x11, 0x11, 0x11, 0x11, 0x10, 0x11, 0x11, 0x11, 0x11, 0x11, 0x11, 0x12, 0x00,
  0x00, 0x00, 0x00, 0x00, 0x80, 0x88, 0x88, 0x88, 0x88, 0x88, 0x88, 0x88, 0x88, 0x48, 0x88, 0x88,
  0x88, 0x88, 0x88, 0x88, 0x88, 0x88, 0x88, 0x88, 0x88, 0x88, 0x88, 0x00, 0x08, 0x80, 0x80, 0x08,
  0x00, 0x00, 0x00, 0x00, 0x00, 0x00, 0xdc, 0xac, 0x83, 0x53, 0x35, 0x55, 0x53, 0x55, 0x33, 0x44,
  0x33, 0x45, 0xcc, 0xcc, 0xd0, 0x4c, 0x7a, 0x7c, 0x55, 0x55, 0x55, 0x55, 0x55, 0x55, 0x55, 0x55,
  0x5c, 0xc7, 0xa6, 0xc5, 0x44, 0x33, 0x5c, 0x67, 0x77, 0x77, 0x76, 0xc4, 0x53, 0x35, 0x55, 0x35,
  0x53, 0x55, 0x55, 0x35, 0x55, 0x55, 0x53, 0x35, 0x53, 0x35, 0x55, 0x55, 0x55, 0x55, 0x55, 0x55,
  0x35, 0x55, 0x53, 0x35, 0x55, 0x55, 0x55, 0x54, 0xca, 0xc0, 0x08, 0x88, 0x88, 0x88, 0x48, 0x88,
  0x88, 0x88, 0x88, 0x88, 0x88, 0x88, 0x88, 0x88, 0x88, 0x80, 0x80, 0x00, 0x08, 0x88, 0x88, 0x88,
  0x88, 0x88, 0x88, 0x88, 0x88, 0x88, 0x88, 0x88, 0x88, 0x88, 0x88, 0x88, 0x88, 0x88, 0x88, 0x88,
  0x88, 0x88, 0x88, 0x88, 0x88, 0x88, 0x88, 0x88, 0x88, 0x88, 0x88, 0x88, 0x88, 0x88, 0x80, 0x00,
  0x00, 0x00, 0x00, 0x00, 0x21, 0x11, 0x11, 0x11, 0x11, 0x11, 0x11, 0x10, 0x11, 0x11, 0x11, 0x11,
  0x11, 0x11, 0x11, 0x20, 0x00, 0x20, 0x00, 0x00, 0x88, 0x88, 0x88, 0x88, 0x88, 0x08, 0x88, 0x88,
  0x88, 0x88, 0x88, 0x88, 0x88, 0x88, 0x88, 0x88, 0x88, 0x84, 0x88, 0x88, 0x88, 0x88, 0x88, 0x08,
  0x08, 0x00, 0x08, 0x88, 0x80, 0x00, 0x00, 0x00, 0x00, 0x00, 0xdb, 0x65, 0x85, 0x55, 0x35, 0x55,
  0x55, 0x55, 0x55, 0x55, 0x45, 0x54, 0x44, 0x48, 0x84, 0xc6, 0x6c, 0x55, 0x55, 0x55, 0x55, 0x55,
  0x55, 0x55, 0x55, 0x55, 0x55, 0x55, 0xc7, 0xa7, 0xc4, 0x43, 0x4c, 0x67, 0x77, 0x77, 0x76, 0x54,
  0x53, 0x35, 0x55, 0x55, 0x55, 0x55, 0x55, 0x55, 0x33, 0x35, 0x33, 0x35, 0x55, 0x55, 0x55, 0x55,
  0x55, 0x55, 0x55, 0x35, 0x35, 0x55, 0x53, 0x35, 0x55, 0x55, 0x55, 0x34, 0xca, 0xc0, 0x88, 0x88,
  0x48, 0x84, 0x88, 0x88, 0x88, 0x88, 0x88, 0x88, 0x88, 0x88, 0x88, 0x88, 0x88, 0x88, 0x88, 0x00,
  0x08, 0x88, 0x88, 0x88, 0x88, 0x88, 0x88, 0x88, 0x88, 0x88, 0x88, 0x88, 0x88, 0x88, 0x88, 0x88,
  0x88, 0x88, 0x88, 0x88, 0x88, 0x88, 0x88, 0x88, 0x88, 0x88, 0x88, 0x88, 0x88, 0x88, 0x88, 0x88,
  0x88, 0x88, 0x00, 0x00, 0x00, 0x00, 0x02, 0x20, 0x01, 0x11, 0x11, 0x11, 0x11, 0x11, 0x11, 0x10,
  0x11, 0x11, 0x11, 0x11, 0x11, 0x11, 0x11, 0x20, 0x00, 0x00, 0x00, 0x00, 0x88, 0x08, 0x88, 0x88,
  0x88, 0x88, 0x88, 0x88, 0x88, 0x88, 0x88, 0x88, 0x88, 0x88, 0x88, 0x88, 0x88, 0x88, 0x88, 0x88,
  0x88, 0x88, 0x88, 0x08, 0x08, 0x00, 0x08, 0x88, 0x80, 0x00, 0x00, 0x00, 0x00, 0x00, 0xd7, 0x65,
  0x43, 0x55, 0x53, 0x55, 0x55, 0x55, 0x55, 0x55, 0x55, 0x55, 0x33, 0x34, 0x8c, 0xa7, 0xc5, 0x55,
  0x55, 0x55, 0x55, 0x55, 0x55, 0x55, 0x55, 0x55, 0x55, 0x55, 0x55, 0xc6, 0x6c, 0x44, 0x45, 0xb6,
  0x77, 0x77, 0x6c, 0xd3, 0x55, 0x55, 0x55, 0x55, 0x55, 0x55, 0x55, 0x55, 0x33, 0x53, 0x55, 0x53,
  0x55, 0x55, 0x55, 0x55, 0x55, 0x55, 0x55, 0x53, 0x55, 0x55, 0x55, 0x55, 0x55, 0x53, 0x33, 0x35,
  0xba, 0xc0, 0x88, 0x88, 0x84, 0x48, 0x88, 0x88, 0x88, 0x88, 0x88, 0x88, 0x88, 0x88, 0x88, 0x88,
  0x88, 0x88, 0x88, 0x88, 0x88, 0x88, 0x88, 0x88, 0x88, 0x88, 0x88, 0x88, 0x88, 0x88, 0x88, 0x00,
  0x88, 0x88, 0x88, 0x88, 0x88, 0x80, 0x00, 0x88, 0x88, 0x88, 0x88, 0x88, 0x88, 0x88, 0x88, 0x88,
  0x88, 0x88, 0x88, 0x88, 0x88, 0x88, 0x80, 0x00, 0x00, 0x20, 0x02, 0x20, 0x01, 0x11, 0x11, 0x11,
  0x11, 0x11, 0x11, 0x10, 0x11, 0x11, 0x11, 0x11, 0x11, 0x11, 0x11, 0x20, 0x00, 0x00, 0x00, 0x00,
  0x88, 0x00, 0x88, 0x88, 0x88, 0x88, 0x08, 0x88, 0x88, 0x88, 0x88, 0x88, 0x88, 0x88, 0x88, 0x88,
  0x88, 0x88, 0x08, 0x08, 0x88, 0x88, 0x88, 0x08, 0x08, 0x80, 0x08, 0x88, 0x80, 0x00, 0x00, 0x00,
  0x00, 0x02, 0xd7, 0x75, 0x43, 0x55, 0x35, 0x55, 0x55, 0x55, 0x55, 0x55, 0x55, 0x59, 0x33, 0x34,
  0x56, 0x6c, 0x55, 0x55, 0x55, 0x55, 0x55, 0x55, 0x55, 0x55, 0x55, 0x55, 0x55, 0x55, 0x55, 0x5c,
  0x66, 0xc4, 0x34, 0x5c, 0x76, 0x67, 0xc5, 0x43, 0x55, 0x53, 0x35, 0x33, 0x55, 0x55, 0x55, 0x55,
  0x33, 0x53, 0x55, 0x53, 0x33, 0x33, 0x55, 0x55, 0x55, 0x55, 0x55, 0x53, 0x55, 0x55, 0x53, 0x35,
  0x55, 0x55, 0x55, 0x45, 0x76, 0x50, 0x88, 0x88, 0x88, 0x88, 0x48, 0x88, 0x88, 0x88, 0x88, 0x88,
  0x88, 0x88, 0x88, 0x88, 0x88, 0x88, 0x88, 0x88, 0x88, 0x88, 0x88, 0x88, 0x88, 0x88, 0x88, 0x88,
  0x88, 0x88, 0x88, 0x00, 0x88, 0x88, 0x88, 0x88, 0x88, 0x00, 0x00, 0x88, 0x88, 0x88, 0x88, 0x88,
  0x88, 0x88, 0x88, 0x88, 0x88, 0x88, 0x88, 0x88, 0x88, 0x88, 0x88, 0x00, 0x00, 0x00, 0x02, 0x20,
  0x01, 0x11, 0x11, 0x11, 0x11, 0x11, 0x11, 0x10, 0x11, 0x11, 0x11, 0x11, 0x11, 0x11, 0x11, 0x12,
  0x00, 0x00, 0x00, 0x00, 0x00, 0x88, 0x88, 0x88, 0x88, 0x88, 0x88, 0x88, 0x00, 0x08, 0x88, 0x88,
  0x88, 0x88, 0x88, 0x88, 0x88, 0x00, 0x08, 0x00, 0x00, 0x88, 0x88, 0x80, 0x08, 0x00, 0x00, 0x00,
  0x80, 0x00, 0x00, 0x00, 0x00, 0x02, 0xd7, 0x75, 0x45, 0x59, 0x55, 0x55, 0x55, 0x55, 0x55, 0x55,
  0x55, 0x55, 0x43, 0x45, 0xba, 0xc5, 0x55, 0x55, 0x55, 0x55, 0x55, 0x55, 0x55, 0x55, 0x55, 0x55,
  0x55, 0x55, 0x55, 0x55, 0xc6, 0x75, 0x43, 0x44, 0x55, 0x55, 0x44, 0x43, 0x55, 0x55, 0x55, 0x55,
  0x55, 0x55, 0x55, 0x33, 0x55, 0x55, 0x35, 0x55, 0x55, 0x55, 0x33, 0x35, 0x55, 0x55, 0x55, 0x53,
  0x55, 0x55, 0x55, 0x53, 0x55, 0x33, 0x33, 0x45, 0x67, 0xd0, 0x88, 0x88, 0x88, 0x88, 0x88, 0x44,
  0x88, 0x88, 0x88, 0x88, 0x88, 0x88, 0x88, 0x00, 0x08, 0x88, 0x88, 0x88, 0x88, 0x88, 0x88, 0x88,
  0x88, 0x80, 0x88, 0x08, 0x88, 0x88, 0x88, 0x88, 0x88, 0x88, 0x88, 0x88, 0x88, 0x88, 0x88, 0x88,
  0x88, 0x88, 0x88, 0x88, 0x88, 0x88, 0x88, 0x88, 0x88, 0x88, 0x88, 0x88, 0x88, 0x88, 0x88, 0x00,
  0x00, 0x00, 0x02, 0x00, 0x21, 0x11, 0x11, 0x11, 0x11, 0x11, 0x11, 0x10, 0x11, 0x11, 0x11, 0x11,
  0x11, 0x11, 0x11, 0x12, 0x00, 0x00, 0x00, 0x20, 0x00, 0x08, 0x88, 0x88, 0x88, 0x88, 0x88, 0x88,
  0x08, 0x08, 0x88, 0x88, 0x88, 0x88, 0x88, 0x88, 0x88, 0x00, 0x88, 0x80, 0x00, 0x00, 0x88, 0x80,
  0x00, 0x08, 0x00, 0x00, 0x88, 0x00, 0x00, 0x00, 0x00, 0x02, 0xd7, 0x75, 0x43, 0x53, 0x55, 0x55,
  0x55, 0x55, 0x55, 0x55, 0x55, 0x55, 0x44, 0x0c, 0x6b, 0x55, 0x55, 0x55, 0x55, 0x55, 0x55, 0x55,
  0x55, 0x55, 0x55, 0x55, 0x55, 0x55, 0x55, 0x55, 0x5c, 0xac, 0x43, 0x33, 0x44, 0x44, 0x45, 0x55,
  0x55, 0x55, 0x55, 0x55, 0x55, 0x53, 0x55, 0x53, 0x55, 0x53, 0x55, 0x55, 0x55, 0x55, 0x33, 0x33,
  0x55, 0x55, 0x55, 0x53, 0x55, 0x55, 0x55, 0x55, 0x55, 0x33, 0x35, 0x8c, 0xab, 0xd0, 0x88, 0x88,
  0x88, 0x88, 0x88, 0x84, 0x88, 0x48, 0x88, 0x88, 0x88, 0x88, 0x88, 0x00, 0x88, 0x88, 0x88, 0x08,
  0x88, 0x88, 0x88, 0x88, 0x88, 0x88, 0x88, 0x88, 0x88, 0x88, 0x88, 0x88, 0x88, 0x88, 0x88, 0x88,
  0x88, 0x88, 0x88, 0x88, 0x88, 0x88, 0x88, 0x88, 0x88, 0x88, 0x88, 0x88, 0x88, 0x88, 0x88, 0x88,
  0x88, 0x88, 0x88, 0x00, 0x00, 0x00, 0x00, 0x22, 0x21, 0x11, 0x11, 0x11, 0x11, 0x11, 0x11, 0x10,
  0x11, 0x11, 0x11, 0x11, 0x11, 0x11, 0x11, 0x00, 0x20, 0x00, 0x00, 0x00, 0x00, 0x88, 0x88, 0x88,
  0x88, 0x88, 0x88, 0x88, 0x00, 0x04, 0x88, 0x88, 0x88, 0x84, 0x88, 0x88, 0x88, 0x00, 0x08, 0x00,
  0x00, 0x88, 0x88, 0x80, 0x08, 0x00, 0x00, 0x00, 0x80, 0x00, 0x00, 0x00, 0x00, 0x02, 0xd7, 0x75,
  0x83, 0x95, 0x55, 0x55, 0x55, 0x55, 0x55, 0x55, 0x55, 0x55, 0x54, 0xdc, 0x6c, 0x55, 0x55, 0x55,
  0x5c, 0x77, 0xc5, 0x55, 0x55, 0x55, 0x55, 0x55, 0x55, 0x55, 0x55, 0x55, 0x55, 0x76, 0x54, 0x33,
  0x55, 0x33, 0x55, 0x55, 0x55, 0x55, 0x55, 0x55, 0x55, 0x55, 0x55, 0x55, 0x55, 0x53, 0x55, 0x55,
  0x55, 0x55, 0x33, 0x35, 0x55, 0x33, 0x55, 0x53, 0x55, 0x55, 0x55, 0x55, 0x55, 0x33, 0x33, 0x8c,
  0xac, 0x08, 0x88, 0x88, 0x88, 0x88, 0x88, 0x84, 0x88, 0x88, 0x88, 0x88, 0x88, 0x88, 0x88, 0x00,
  0x08, 0x88, 0x88, 0x88, 0x88, 0x88, 0x88, 0x88, 0x88, 0x80, 0x88, 0x08, 0x88, 0x88, 0x88, 0x88,
  0x88, 0x88, 0x88, 0x88, 0x88, 0x88, 0x88, 0x88, 0x88, 0x88, 0x88, 0x88, 0x88, 0x88, 0x88, 0x88,
  0x88, 0x88, 0x88, 0x88, 0x88, 0x88, 0x80, 0x00, 0x00, 0x02, 0x20, 0x10, 0x11, 0x11, 0x11, 0x11,
  0x11, 0x11, 0x11, 0x10, 0x11, 0x11, 0x11, 0x11, 0x11, 0x11, 0x11, 0x12, 0x00, 0x00, 0x00, 0x00,
  0x00, 0x88, 0x88, 0x88, 0x88, 0x88, 0x88, 0x88, 0x88, 0x88, 0x88, 0x88, 0x00, 0x88, 0x08, 0x88,
  0x80, 0x00, 0x00, 0x00, 0x00, 0x88, 0x00, 0x08, 0x80, 0x00, 0x00, 0x08, 0x88, 0x80, 0x00, 0x00,
  0x00, 0x00, 0xd7, 0x75, 0x43, 0x45, 0x55, 0x55, 0x55, 0x55, 0x55, 0x55, 0x55, 0x55, 0x54, 0x57,
  0x75, 0x55, 0x55, 0x55, 0xc6, 0xbb, 0x6c, 0x55, 0x55, 0x55, 0x55, 0xc7, 0x7c, 0x55, 0x55, 0x55,
  0x55, 0xca, 0xc3, 0x33, 0x54, 0x55, 0x55, 0x55, 0x55, 0x55, 0x55, 0x55, 0x55, 0x53, 0x55, 0x55,
  0x55, 0x53, 0x55, 0x55, 0x55, 0x55, 0x55, 0x55, 0x55, 0x55, 0x55, 0x53, 0x55, 0x55, 0x55, 0x55,
  0x33, 0x35, 0x54, 0x5b, 0x65, 0x28, 0x88, 0x88, 0x48, 0x84, 0x88, 0x88, 0x88, 0x88, 0x88, 0x88,
  0x88, 0x88, 0x88, 0x88, 0x88, 0x88, 0x88, 0x88, 0x88, 0x88, 0x08, 0x88, 0x88, 0x88, 0x88, 0x88,
  0x88, 0x88, 0x88, 0x88, 0x88, 0x88, 0x88, 0x88, 0x88, 0x88, 0x88, 0x88, 0x88, 0x88, 0x88, 0x88,
  0x88, 0x88, 0x88, 0x88, 0x88, 0x88, 0x88, 0x88, 0x88, 0x88, 0x80, 0x00, 0x00, 0x00, 0x22, 0x20,
  0x11, 0x11, 0x11, 0x11, 0x11, 0x11, 0x11, 0x10, 0x11, 0x11, 0x11, 0x11, 0x11, 0x11, 0x11, 0x12,
  0x00, 0x00, 0x00, 0x00, 0x00, 0x00, 0x88, 0x88, 0x88, 0x88, 0x88, 0x88, 0x88, 0x88, 0x88, 0x88,
  0x00, 0x08, 0x08, 0x88, 0x00, 0x00, 0x00, 0x00, 0x00, 0x88, 0x00, 0x08, 0x80, 0x00, 0x00, 0x08,
  0x88, 0x80, 0x00, 0x00, 0x00, 0x00, 0xdb, 0x65, 0x43, 0x45, 0x55, 0x55, 0x55, 0x55, 0x55, 0x55,
  0x55, 0x55, 0x54, 0x56, 0xc5, 0x55, 0x55, 0x55, 0xb7, 0xc5, 0x7c, 0x55, 0x55, 0x55, 0x5c, 0x6b,
  0x76, 0x55, 0x55, 0x55, 0x55, 0x56, 0x75, 0x45, 0x55, 0x55, 0x55, 0x55, 0x55, 0x55, 0x55, 0x55,
  0x55, 0x53, 0x55, 0x55, 0x55, 0x53, 0x55, 0x55, 0x55, 0x55, 0x55, 0x55, 0x55, 0x55, 0x55, 0x55,
  0x55, 0x55, 0x55, 0x55, 0x33, 0x35, 0x34, 0x56, 0x7d, 0x08, 0x88, 0x88, 0x88, 0x88, 0x88, 0x88,
  0x88, 0x88, 0x88, 0x88, 0x80, 0x80, 0x88, 0x88, 0x88, 0x88, 0x88, 0x88, 0x88, 0x88, 0x88, 0x88,
  0x88, 0x88, 0x88, 0x88, 0x88, 0x88, 0x88, 0x88, 0x88, 0x88, 0x88, 0x88, 0x88, 0x88, 0x88, 0x88,
  0x88, 0x88, 0x88, 0x88, 0x88, 0x88, 0x88, 0x88, 0x88, 0x88, 0x88, 0x88, 0x88, 0x88, 0x80, 0x00,
  0x00, 0x00, 0x02, 0x20, 0x11, 0x11, 0x11, 0x11, 0x11, 0x11, 0x11, 0x10, 0x11, 0x11, 0x11, 0x11,
  0x11, 0x11, 0x11, 0x11, 0x00, 0x00, 0x00, 0x00, 0x00, 0x00, 0x88, 0x88, 0x88, 0x88, 0x88, 0x88,
  0x88, 0x88, 0x88, 0x88, 0x00, 0x08, 0x08, 0x88, 0x00, 0x00, 0x00, 0x00, 0x00, 0x88, 0x00, 0x08,
  0x80, 0x00, 0x08, 0x00, 0x88, 0x80, 0x00, 0x00, 0x00, 0x00, 0xdb, 0x65, 0x83, 0x45, 0x55, 0x55,
  0x55, 0x55, 0x55, 0x55, 0x55, 0x55, 0x54, 0xc6, 0xc5, 0x55, 0x55, 0x55, 0x7b, 0x55, 0xb7, 0x55,
  0x55, 0x55, 0x5b, 0x6c, 0xca, 0xc5, 0x55, 0x55, 0x55, 0x5b, 0x65, 0x43, 0x55, 0x55, 0x55, 0x55,
  0x55, 0x55, 0x55, 0x55, 0x55, 0x55, 0x55, 0x55, 0x55, 0x55, 0x55, 0x55, 0x55, 0x55, 0x55, 0x55,
  0x55, 0x55, 0x55, 0x55, 0x35, 0x55, 0x55, 0x55, 0x33, 0x33, 0x34, 0xc6, 0xc0, 0x08, 0x88, 0x88,
  0x84, 0x88, 0x88, 0x88, 0x88, 0x88, 0x88, 0x08, 0x80, 0x00, 0x88, 0x88, 0x88, 0x88, 0x88, 0x88,
  0x88, 0x88, 0x88, 0x88, 0x88, 0x88, 0x88, 0x88, 0x88, 0x88, 0x88, 0x88, 0x88, 0x88, 0x88, 0x88,
  0x88, 0x88, 0x88, 0x88, 0x88, 0x88, 0x88, 0x88, 0x08, 0x88, 0x88, 0x88, 0x88, 0x88, 0x88, 0x88,
  0x88, 0x88, 0x80, 0x00, 0x00, 0x00, 0x00, 0x21, 0x01, 0x11, 0x11, 0x11, 0x11, 0x11, 0x11, 0x10,
  0x11, 0x11, 0x11, 0x11, 0x11, 0x11, 0x11, 0x11, 0x12, 0x00, 0x00, 0x00, 0x00, 0x00, 0x88, 0x08,
  0x88, 0x88, 0x88, 0x88, 0x88, 0x88, 0x88, 0x88, 0x00, 0x00, 0x08, 0x88, 0x80, 0x00, 0x00, 0x08,
  0x88, 0x88, 0x00, 0x08, 0x88, 0x88, 0x00, 0x00, 0x88, 0x88, 0x80, 0x00, 0x00, 0x00, 0x0c, 0xac,
  0x43, 0x35, 0x55, 0x55, 0x55, 0x55, 0x55, 0x55, 0x55, 0x55, 0x54, 0xc6, 0xc5, 0x55, 0x55, 0x55,
  0x7c, 0x55, 0xc7, 0x55, 0x55, 0x55, 0x57, 0xb5, 0x57, 0xb5, 0x55, 0x55, 0x55, 0x5c, 0x6c, 0x45,
  0x55, 0x55, 0x55, 0x55, 0x55, 0x55, 0x55, 0x55, 0x55, 0x55, 0x53, 0x55, 0x55, 0x55, 0x55, 0x55,
  0x35, 0x55, 0x35, 0x55, 0x55, 0x55, 0x55, 0x55, 0x35, 0x55, 0x35, 0x53, 0x33, 0x33, 0x45, 0xba,
  0xc0, 0x08, 0x88, 0x88, 0x88, 0x88, 0x88, 0x88, 0x88, 0x88, 0x88, 0x08, 0x80, 0x00, 0x88, 0x88,
  0x88, 0x88, 0x88, 0x88, 0x88, 0x88, 0x88, 0x88, 0x88, 0x88, 0x88, 0x88, 0x88, 0x88, 0x88, 0x88,
  0x88, 0x88, 0x88, 0x88, 0x88, 0x88, 0x88, 0x88, 0x88, 0x88, 0x88, 0x88, 0x08, 0x88, 0x88, 0x88,
  0x88, 0x88, 0x88, 0x88, 0x88, 0x88, 0x80, 0x00, 0x00, 0x02, 0x22, 0x22, 0x11, 0x11, 0x11, 0x11,
  0x11, 0x11, 0x11, 0x10, 0x11, 0x11, 0x11, 0x11, 0x11, 0x11, 0x11, 0x11, 0x12, 0x02, 0x00, 0x00,
  0x00, 0x00, 0x08, 0x88, 0x88, 0x88, 0x88, 0x88, 0x88, 0x88, 0x88, 0x88, 0x88, 0x00, 0x88, 0x88,
  0x88, 0x88, 0x88, 0x88, 0x88, 0x88, 0x88, 0x08, 0x80, 0x00, 0x00, 0x00, 0x00, 0x08, 0x80, 0x00,
  0x00, 0x00, 0x0c, 0xac, 0x43, 0x33, 0x55, 0x55, 0x55, 0x55, 0x55, 0x55, 0x55, 0x55, 0x54, 0xca,
  0xc5, 0x55, 0x55, 0x55, 0x7c, 0x55, 0xb7, 0x55, 0x55, 0x55, 0x56, 0xb5, 0x5b, 0x75, 0x55, 0x55,
  0x55, 0x5c, 0xac, 0x44, 0x55, 0x55, 0x55, 0x55, 0x55, 0x55, 0x55, 0x55, 0x55, 0x55, 0x55, 0x55,
  0x55, 0x55, 0x55, 0x55, 0x55, 0x53, 0x35, 0x55, 0x55, 0x55, 0x55, 0x55, 0x55, 0x55, 0x53, 0x33,
  0x33, 0x33, 0x85, 0x67, 0x50, 0x88, 0x88, 0x88, 0x88, 0x88, 0x88, 0x88, 0x88, 0x80, 0x00, 0x88,
  0x88, 0x00, 0x88, 0x88, 0x88, 0x80, 0x00, 0x08, 0x88, 0x88, 0x88, 0x88, 0x88, 0x88, 0x88, 0x88,
  0x88, 0x88, 0x88, 0x88, 0x88, 0x88, 0x88, 0x80, 0x00, 0x08, 0x88, 0x88, 0x88, 0x88, 0x88, 0x88,
  0x88, 0x88, 0x88, 0x88, 0x88, 0x88, 0x88, 0x88, 0x88, 0x88, 0x00, 0x00, 0x00, 0x00, 0x00, 0x01,
  0x11, 0x11, 0x11, 0x11, 0x11, 0x11, 0x11, 0x10, 0x11, 0x11, 0x11, 0x11, 0x11, 0x11, 0x11, 0x11,
  0x00, 0x00, 0x00, 0x00, 0x00, 0x00, 0x08, 0x88, 0x88, 0x88, 0x88, 0x88, 0x88, 0x80, 0x00, 0x88,
  0x88, 0x08, 0x88, 0x88, 0x88, 0x88, 0x88, 0x88, 0x88, 0x88, 0x88, 0x08, 0x80, 0x00, 0x00, 0x00,
  0x00, 0x08, 0x80, 0x00, 0x00, 0x00, 0x2c, 0x6c, 0x53, 0x33, 0x55, 0x55, 0x55, 0x55, 0x55, 0x55,
  0x55, 0x55, 0x54, 0x56, 0xc5, 0x55, 0x55, 0x55, 0x7b, 0x55, 0x7c, 0x55, 0x55, 0x55, 0x56, 0xc5,
  0x5b, 0x75, 0x55, 0x55, 0x55, 0x5c, 0xac, 0x43, 0x55, 0x55, 0x55, 0x55, 0x55, 0x55, 0x55, 0x55,
  0x55, 0x55, 0x55, 0x55, 0x55, 0x55, 0x53, 0x55, 0x55, 0x53, 0x55, 0x53, 0x55, 0x55, 0x55, 0x55,
  0x53, 0x55, 0x55, 0x55, 0x33, 0x34, 0xdc, 0xac, 0x08, 0x88, 0x88, 0x84, 0x00, 0x00, 0x80, 0x80,
  0x00, 0x88, 0x00, 0x88, 0x88, 0x00, 0x88, 0x88, 0x88, 0x88, 0x88, 0x88, 0x88, 0x88, 0x88, 0x88,
  0x88, 0x88, 0x88, 0x88, 0x88, 0x88, 0x88, 0x88, 0x88, 0x80, 0x88, 0x80, 0x00, 0x08, 0x88, 0x88,
  0x88, 0x88, 0x88, 0x80, 0x88, 0x88, 0x88, 0x88, 0x88, 0x88, 0x88, 0x88, 0x80, 0x00, 0x00, 0x00,
  0x00, 0x00, 0x00, 0x11, 0x11, 0x11, 0x11, 0x11, 0x11, 0x11, 0x11, 0x10, 0x11, 0x11, 0x11, 0x11,
  0x11, 0x11, 0x11, 0x11, 0x10, 0x00, 0x00, 0x00, 0x00, 0x00, 0x08, 0x08, 0x88, 0x88, 0x88, 0x88,
  0x88, 0x88, 0x88, 0x88, 0x88, 0x80, 0x08, 0x88, 0x88, 0x88, 0x88, 0x88, 0x88, 0x88, 0x88, 0x08,
  0x88, 0x88, 0x00, 0x00, 0x00, 0x08, 0x80, 0x00, 0x00, 0x00, 0x05, 0x67, 0x54, 0x33, 0x35, 0x55,
  0x55, 0x55, 0x55, 0x55, 0x55, 0x55, 0x54, 0x56, 0xb5, 0x55, 0x55, 0x55, 0xc6, 0xcc, 0x6c, 0x55,
  0x55, 0x55, 0x57, 0xc5, 0xc6, 0xc5, 0x55, 0x55, 0x55, 0x5c, 0xac, 0x43, 0x55, 0x55, 0x55, 0x55,
  0x55, 0x55, 0x55, 0x55, 0x55, 0x55, 0x53, 0x55, 0x53, 0x55, 0x55, 0x55, 0x55, 0x55, 0x55, 0x55,
  0x53, 0x33, 0x33, 0x55, 0x55, 0x55, 0x55, 0x55, 0x33, 0x34, 0x56, 0x65, 0x08, 0x88, 0x88, 0x88,
  0x00, 0x00, 0x08, 0x00, 0x00, 0x88, 0x80, 0x88, 0x00, 0x00, 0x88, 0x88, 0x88, 0x88, 0x88, 0x88,
  0x88, 0x88, 0x88, 0x88, 0x88, 0x88, 0x88, 0x88, 0x88, 0x88, 0x88, 0x88, 0x88, 0x88, 0x88, 0x80,
  0x00, 0x88, 0x88, 0x88, 0x88, 0x88, 0x88, 0x80, 0x88, 0x88, 0x88, 0x88, 0x88, 0x88, 0x80, 0x00,
  0x00, 0x00, 0x00, 0x00, 0x00, 0x22, 0x21, 0x11, 0x11, 0x11, 0x11, 0x11, 0x11, 0x11, 0x11, 0x10,
  0x11, 0x11, 0x11, 0x11, 0x11, 0x11, 0x11, 0x11, 0x22, 0x00, 0x00, 0x20, 0x00, 0x00, 0x00, 0x08,
  0x88, 0x88, 0x88, 0x88, 0x88, 0x80, 0x88, 0x88, 0x88, 0x88, 0x80, 0x88, 0x88, 0x88, 0x88, 0x48,
  0x88, 0x88, 0x88, 0x88, 0x80, 0x00, 0x00, 0x00, 0x88, 0x88, 0x80, 0x00, 0x00, 0x00, 0x0d, 0x76,
  0x58, 0x33, 0x33, 0x55, 0x55, 0x55, 0x55, 0x55, 0x55, 0x55, 0x53, 0x5b, 0x65, 0x55, 0x55, 0x55,
  0x5b, 0x66, 0xc5, 0x55, 0x55, 0x55, 0x5b, 0x7c, 0xc6, 0xc5, 0x55, 0x55, 0x55, 0x5b, 0x6c, 0x43,
  0x55, 0x55, 0x55, 0x55, 0x55, 0x55, 0x55, 0x55, 0x55, 0x55, 0x53, 0x55, 0x55, 0x55, 0x55, 0x55,
  0x55, 0x55, 0x55, 0x55, 0x53, 0x55, 0x55, 0x55, 0x55, 0x55, 0x33, 0x33, 0x53, 0x44, 0xca, 0xcd,
  0x08, 0x88, 0x00, 0xe8, 0x80, 0x02, 0x02, 0x22, 0x21, 0x22, 0x00, 0x80, 0x00, 0x88, 0x88, 0x88,
  0x88, 0x88, 0x88, 0x88, 0x88, 0x88, 0x88, 0x88, 0x88, 0x88, 0x88, 0x88, 0x88, 0x88, 0x88, 0x88,
  0x88, 0x88, 0x88, 0x80, 0x80, 0x08, 0x88, 0x88, 0x88, 0x88, 0x88, 0x88, 0x88, 0x88, 0x88, 0x88,
  0x88, 0x88, 0x80, 0x00, 0x00, 0x00, 0x00, 0x00, 0x00, 0x20, 0x02, 0x11, 0x11, 0x11, 0x11, 0x11,
  0x11, 0x11, 0x11, 0x10, 0x11, 0x11, 0x11, 0x11, 0x11, 0x11, 0x11, 0x11, 0x22, 0x00, 0x00, 0x00,
  0x00, 0x00, 0x00, 0x08, 0x88, 0x88, 0x88, 0x88, 0x48, 0x88, 0x88, 0x88, 0x88, 0x88, 0x80, 0x88,
  0x88, 0x88, 0x48, 0x88, 0x84, 0x88, 0x88, 0x88, 0x80, 0x00, 0x88, 0x88, 0x88, 0x80, 0x0e, 0x00,
  0x00, 0x00, 0x00, 0xca, 0xc8, 0x33, 0x33, 0x35, 0x55, 0x55, 0x55, 0x55, 0x55, 0x55, 0x53, 0x4c,
  0x6c, 0x55, 0x55, 0x55, 0x55, 0xc5, 0x55, 0x55, 0x55, 0x55, 0x5c, 0x66, 0x6c, 0x55, 0x55, 0x55,
  0x55, 0x57, 0x75, 0x45, 0x55, 0x55, 0x55, 0x55, 0x55, 0x55, 0x55, 0x55, 0x55, 0x55, 0x55, 0x55,
  0x55, 0x55, 0x55, 0x55, 0x55, 0x55, 0x55, 0x53, 0x35, 0x55, 0x55, 0x55, 0x55, 0x55, 0x33, 0x33,
  0x33, 0x85, 0x76, 0x50, 0x88, 0x88, 0x00, 0x00, 0x00, 0xd5, 0x5c, 0xcc, 0xcc, 0x55, 0xd0, 0x00,
  0x00, 0x04, 0x88, 0x84, 0x48, 0x88, 0x88, 0x88, 0x88, 0x88, 0x88, 0x88, 0x88, 0x88, 0x88, 0x88,
  0x88, 0x88, 0x88, 0x88, 0x88, 0x88, 0x88, 0x80, 0x08, 0x88, 0x80, 0x88, 0x88, 0x88, 0x88, 0x88,
  0x88, 0x88, 0x88, 0x88, 0x80, 0x88, 0x00, 0x00, 0x00, 0x00, 0x00, 0x00, 0x00, 0x00, 0x01, 0x11,
  0x11, 0x11, 0x11, 0x11, 0x11, 0x11, 0x11, 0x10, 0x11, 0x11, 0x11, 0x11, 0x11, 0x11, 0x11, 0x11,
  0x22, 0x00, 0x00, 0x00, 0x00, 0x00, 0x00, 0x08, 0x88, 0x88, 0x88, 0x88, 0x88, 0x80, 0x88, 0x88,
  0x88, 0x88, 0x80, 0x88, 0x88, 0x88, 0x88, 0x88, 0x88, 0x88, 0x88, 0x88, 0x80, 0x00, 0x88, 0x88,
  0x80, 0x88, 0x80, 0x00, 0x00, 0x00, 0x02, 0xca, 0x75, 0x45, 0x53, 0x33, 0x53, 0x55, 0x55, 0x55,
  0x55, 0x55, 0x53, 0x35, 0x76, 0xc3, 0x55, 0x55, 0x55, 0x55, 0x55, 0x55, 0x55, 0x55, 0x55, 0xcc,
  0xc5, 0x55, 0x55, 0x55, 0x53, 0xc6, 0xc5, 0x35, 0x55, 0x55, 0x55, 0x55, 0x55, 0x55, 0x55, 0x55,
  0x55, 0x55, 0x55, 0x55, 0x55, 0x55, 0x55, 0x55, 0x55, 0x55, 0x55, 0x55, 0x53, 0x55, 0x55, 0x55,
  0x55, 0x55, 0x33, 0x33, 0x34, 0x5c, 0x6c, 0x88, 0x88, 0x88, 0x02, 0x0d, 0xcc, 0x76, 0x67, 0x77,
  0x76, 0x66, 0x7c, 0xc5, 0x00, 0x08, 0x88, 0x88, 0x88, 0x48, 0x88, 0x88, 0x88, 0x88, 0x88, 0x88,
  0x88, 0x88, 0x88, 0x88, 0x88, 0x88, 0x88, 0x88, 0x80, 0x00, 0x88, 0x88, 0x00, 0x88, 0x88, 0x88,
  0x88, 0x88, 0x88, 0x88, 0x88, 0x88, 0x88, 0x88, 0x88, 0x88, 0x00, 0x00, 0x00, 0x00, 0x00, 0x00,
  0x00, 0x22, 0x11, 0x11, 0x11, 0x11, 0x11, 0x11, 0x11, 0x11, 0x11, 0x10, 0x11, 0x11, 0x11, 0x11,
  0x11, 0x11, 0x11, 0x11, 0x11, 0x20, 0x00, 0x00, 0x00, 0x00, 0x00, 0x00, 0x08, 0x88, 0x88, 0x88,
  0x88, 0x88, 0x88, 0x88, 0x88, 0x88, 0x88, 0x88, 0x88, 0x88, 0x88, 0x88, 0x88, 0x88, 0x88, 0x08,
  0x08, 0x08, 0x88, 0x80, 0x88, 0x88, 0x80, 0x00, 0x00, 0x00, 0x00, 0xd7, 0x6c, 0x83, 0x33, 0x33,
  0x55, 0x55, 0x55, 0x55, 0x55, 0x53, 0x55, 0x54, 0xc6, 0x75, 0x55, 0x55, 0x55, 0x55, 0x55, 0x55,
  0x55, 0x55, 0x55, 0x55, 0x55, 0x55, 0x55, 0x55, 0x45, 0x76, 0xc4, 0x55, 0x35, 0x55, 0x55, 0x55,
  0x55, 0x55, 0x55, 0x55, 0x55, 0x55, 0x55, 0x55, 0x55, 0x55, 0x55, 0x55, 0x53, 0x33, 0x55, 0x55,
  0x53, 0x55, 0x55, 0x55, 0x55, 0x55, 0x53, 0x33, 0x34, 0xc6, 0x7d, 0x08, 0x80, 0x80, 0x05, 0xc6,
  0x6c, 0xc5, 0x55, 0x55, 0x55, 0x55, 0xcc, 0x66, 0xc5, 0x80, 0x88, 0x88, 0x88, 0x88, 0x88, 0x88,
  0x88, 0x88, 0x88, 0x88, 0x88, 0x88, 0x88, 0x88, 0x88, 0x88, 0x88, 0x88, 0x88, 0x88, 0x88, 0x08,
  0x80, 0x08, 0x88, 0x88, 0x88, 0x88, 0x88, 0x88, 0x88, 0x88, 0x88, 0x88, 0x88, 0x88, 0x80, 0x00,
  0x00, 0x00, 0x00, 0x00, 0x00, 0x21, 0x11, 0x11, 0x11, 0x11, 0x11, 0x11, 0x11, 0x11, 0x11, 0x10,
  0x11, 0x11, 0x11, 0x11, 0x11, 0x11, 0x11, 0x11, 0x11, 0x20, 0x00, 0x00, 0x00, 0x00, 0x00, 0x00,
  0x08, 0x88, 0x88, 0x88, 0x88, 0x88, 0x88, 0x88, 0x88, 0x88, 0x88, 0x88, 0x88, 0x84, 0x88, 0x88,
  0x88, 0x88, 0x88, 0x08, 0x08, 0x08, 0x88, 0x80, 0x88, 0x88, 0x80, 0x88, 0x00, 0x00, 0x00, 0x0c,
  0x6b, 0x54, 0x33, 0x33, 0x55, 0x55, 0x55, 0x55, 0x55, 0x53, 0x55, 0x53, 0x5c, 0x67, 0xc5, 0x55,
  0x55, 0x55, 0x55, 0x55, 0x55, 0x55, 0x55, 0x55, 0x55, 0x55, 0x55, 0x53, 0x5b, 0xac, 0x55, 0x55,
  0x53, 0x55, 0x55, 0x55, 0x55, 0x55, 0x55, 0x55, 0x55, 0x55, 0x55, 0x55, 0x55, 0x55, 0x55, 0x55,
  0x55, 0x55, 0x55, 0x55, 0x55, 0x55, 0x55, 0x55, 0x55, 0x55, 0x53, 0x33, 0x45, 0x76, 0xc0, 0x00,
  0x00, 0x2d, 0xc6, 0x7c, 0x59, 0xff, 0xff, 0xff, 0xfe, 0xee, 0xee, 0x5c, 0xba, 0xc5, 0x00, 0x88,
  0x88, 0x88, 0x88, 0x88, 0x88, 0x88, 0x88, 0x08, 0x88, 0x88, 0x88, 0x88, 0x88, 0x88, 0x88, 0x88,
  0x88, 0x88, 0x88, 0x80, 0x88, 0x08, 0x88, 0x88, 0x88, 0x88, 0x80, 0x88, 0x88, 0x88, 0x88, 0x88,
  0x88, 0x88, 0x80, 0x00, 0x00, 0x00, 0x00, 0x00, 0x00, 0x20, 0x01, 0x11, 0x11, 0x11, 0x11, 0x11,
  0x11, 0x11, 0x11, 0x10, 0x11, 0x11, 0x11, 0x11, 0x11, 0x11, 0x11, 0x11, 0x00, 0x00, 0x00, 0x20,
  0x00, 0x00, 0x00, 0x00, 0x08, 0x88, 0x48, 0x88, 0x88, 0x88, 0x88, 0x88, 0x88, 0x88, 0x88, 0x88,
  0x88, 0x88, 0x88, 0x88, 0x88, 0x88, 0x88, 0x08, 0x08, 0x08, 0x88, 0x88, 0x88, 0x88, 0x80, 0x88,
  0x08, 0x00, 0x00, 0x05, 0x76, 0xc8, 0x33, 0x33, 0x55, 0x55, 0x55, 0x55, 0x53, 0x55, 0x55, 0x53,
  0x35, 0xc6, 0x6c, 0x55, 0x55, 0x55, 0x55, 0x55, 0x55, 0x55, 0x55, 0x55, 0x55, 0x55, 0x55, 0x35,
  0xb6, 0x75, 0x45, 0x53, 0x55, 0x55, 0x55, 0x55, 0x55, 0x55, 0x55, 0x55, 0x55, 0x35, 0x55, 0x55,
  0x55, 0x53, 0x55, 0x55, 0x55, 0x55, 0x55, 0x55, 0x55, 0x55, 0x55, 0x55, 0x55, 0x55, 0x55, 0x34,
  0x57, 0x6c, 0xd0, 0x00, 0x01, 0x57, 0x7c, 0x5f, 0xff, 0xf9, 0x55, 0x5c, 0xc5, 0x55, 0x9e, 0xee,
  0x95, 0x7a, 0xcd, 0x08, 0x88, 0x88, 0x88, 0x88, 0x88, 0x88, 0x08, 0x88, 0x88, 0x88, 0x88, 0x88,
  0x88, 0x88, 0x88, 0x88, 0x88, 0x88, 0x88, 0x80, 0x88, 0x08, 0x88, 0x88, 0x88, 0x88, 0x80, 0x88,
  0x88, 0x88, 0x88, 0x88, 0x88, 0x88, 0x80, 0x00, 0x00, 0x00, 0x00, 0x00, 0x00, 0x20, 0x01, 0x11,
  0x11, 0x11, 0x11, 0x11, 0x11, 0x11, 0x11, 0x10, 0x11, 0x11, 0x11, 0x11, 0x11, 0x11, 0x11, 0x11,
  0x10, 0x00, 0x00, 0x00, 0x00, 0x00, 0x00, 0x00, 0x08, 0x88, 0x48, 0x88, 0x88, 0x88, 0x88, 0x88,
  0x80, 0x88, 0x88, 0x88, 0x88, 0x88, 0x88, 0x88, 0x88, 0x88, 0x88, 0x88, 0x88, 0x88, 0x88, 0x88,
  0x88, 0x88, 0x88, 0x88, 0x08, 0x00, 0x00, 0x00, 0xc6, 0xbd, 0x43, 0x53, 0x55, 0x55, 0x55, 0x55,
  0x53, 0x55, 0x55, 0x55, 0x54, 0x5c, 0x6a, 0x7c, 0x55, 0x55, 0x55, 0x55, 0x55, 0x55, 0x55, 0x55,
  0x55, 0x55, 0x35, 0xc7, 0xa7, 0x58, 0x35, 0x55, 0x55, 0x55, 0x55, 0x55, 0x55, 0x55, 0x55, 0x55,
  0x35, 0x55, 0x55, 0x55, 0x55, 0x53, 0x55, 0x53, 0x35, 0x55, 0x55, 0x55, 0x55, 0x53, 0x35, 0x55,
  0x55, 0x55, 0x53, 0x34, 0x5a, 0xbd, 0x20, 0x00, 0x25, 0x6c, 0x5f, 0x99, 0x95, 0xcb, 0x77, 0xbb,
  0xb7, 0x77, 0xbc, 0x59, 0xff, 0x9c, 0xac, 0xd0, 0x0e, 0x88, 0x88, 0x88, 0x88, 0x88, 0x08, 0x88,
  0x88, 0x88, 0x88, 0x88, 0x88, 0x88, 0x88, 0x88, 0x88, 0x88, 0x88, 0x88, 0x00, 0x08, 0x88, 0x88,
  0x88, 0x88, 0x88, 0x88, 0x88, 0x88, 0x88, 0x88, 0x88, 0x88, 0x80, 0x00, 0x00, 0x00, 0x00, 0x00,
  0x00, 0x20, 0x01, 0x11, 0x11, 0x11, 0x11, 0x11, 0x11, 0x11, 0x11, 0x10, 0x11, 0x11, 0x11, 0x11,
  0x11, 0x11, 0x11, 0x11, 0x11, 0x00, 0x20, 0x00, 0x00, 0x00, 0x00, 0x00, 0x88, 0x88, 0x88, 0x88,
  0x88, 0x88, 0x88, 0x00, 0x80, 0x08, 0x08, 0x88, 0x88, 0x88, 0x88, 0x88, 0x88, 0x88, 0x88, 0x88,
  0x88, 0x88, 0x88, 0x88, 0x88, 0x88, 0x88, 0x88, 0x00, 0x00, 0x00, 0x02, 0xd7, 0x6c, 0x45, 0x33,
  0x55, 0x55, 0x55, 0x55, 0x55, 0x55, 0x55, 0x55, 0x55, 0x34, 0x5c, 0x6a, 0x7c, 0xc5, 0x55, 0x55,
  0x55, 0x55, 0x55, 0x55, 0x55, 0x55, 0xcc, 0x6a, 0xb5, 0x43, 0x35, 0x55, 0x55, 0x55, 0x55, 0x55,
  0x55, 0x55, 0x55, 0x55, 0x55, 0x55, 0x55, 0x55, 0x55, 0x55, 0x55, 0x53, 0x35, 0x53, 0x35, 0x35,
  0x55, 0x55, 0x35, 0x53, 0x33, 0x33, 0x33, 0x34, 0x5a, 0xc0, 0x08, 0x02, 0xc6, 0xc9, 0x99, 0x9c,
  0xb7, 0xcc, 0x55, 0x99, 0x99, 0x55, 0xcc, 0x7c, 0x59, 0x9e, 0x57, 0xbd, 0x04, 0x08, 0x88, 0x88,
  0x88, 0x88, 0x88, 0x88, 0x88, 0x88, 0x88, 0x88, 0x88, 0x88, 0x88, 0x88, 0x88, 0x88, 0x88, 0x80,
  0x88, 0x08, 0x88, 0x88, 0x80, 0x08, 0x88, 0x88, 0x88, 0x88, 0x88, 0x88, 0x88, 0x80, 0x80, 0x00,
  0x00, 0x00, 0x00, 0x00, 0x21, 0x10, 0x01, 0x11, 0x11, 0x11, 0x11, 0x11, 0x11, 0x11, 0x11, 0x10,
  0x11, 0x11, 0x11, 0x11, 0x11, 0x11, 0x11, 0x11, 0x11, 0x12, 0x22, 0x20, 0x00, 0x00, 0x00, 0x00,
  0x88, 0x88, 0x88, 0x88, 0x88, 0x88, 0x88, 0x00, 0x88, 0x80, 0x80, 0x88, 0x88, 0x88, 0x88, 0x88,
  0x88, 0x88, 0x88, 0x88, 0x88, 0x88, 0x88, 0x88, 0x88, 0x88, 0x88, 0x8e, 0x08, 0x00, 0x00, 0x00,
  0x0c, 0x67, 0x58, 0x33, 0x55, 0x55, 0x55, 0x55, 0x55, 0x55, 0x55, 0x55, 0x33, 0x55, 0x35, 0x5c,
  0x66, 0x66, 0xbc, 0xcc, 0x55, 0x55, 0x55, 0x55, 0xcc, 0xb7, 0x66, 0x7c, 0x54, 0x33, 0x35, 0x53,
  0x35, 0x55, 0x55, 0x35, 0x53, 0x55, 0x55, 0x55, 0x55, 0x53, 0x55, 0x55, 0x55, 0x55, 0x53, 0x35,
  0x55, 0x55, 0x55, 0x35, 0x55, 0x55, 0x55, 0x33, 0x33, 0x33, 0x33, 0x34, 0x5a, 0xc0, 0x00, 0x05,
  0x6c, 0xe9, 0x95, 0xc7, 0xc5, 0xff, 0xff, 0xff, 0xff, 0xff, 0xee, 0x5c, 0x7c, 0x59, 0xf5, 0x7c,
  0xd0, 0x88, 0x88, 0x48, 0x88, 0x88, 0x88, 0x88, 0x88, 0x88, 0x88, 0x88, 0x88, 0x88, 0x88, 0x88,
  0x88, 0x88, 0x88, 0x88, 0x88, 0x88, 0x88, 0x88, 0x88, 0x08, 0x88, 0x88, 0x88, 0x88, 0x88, 0x88,
  0x88, 0x80, 0x80, 0x00, 0x00, 0x02, 0x00, 0x02, 0x22, 0x11, 0x11, 0x11, 0x11, 0x11, 0x11, 0x11,
  0x11, 0x11, 0x11, 0x10, 0x11, 0x11, 0x11, 0x11, 0x11, 0x11, 0x11, 0x11, 0x11, 0x11, 0x00, 0x00,
  0x00, 0x00, 0x00, 0x00, 0x80, 0x00, 0x08, 0x88, 0x48, 0x88, 0x88, 0x88, 0x00, 0x80, 0x88, 0x88,
  0x88, 0x88, 0x88, 0x88, 0x88, 0x88, 0x88, 0x88, 0x88, 0x88, 0x88, 0x88, 0x88, 0x88, 0x88, 0x88,
  0x00, 0x00, 0x80, 0x00, 0x0d, 0xca, 0xb5, 0x45, 0x35, 0x55, 0x55, 0x55, 0x55, 0x55, 0x55, 0x55,
  0x55, 0x55, 0x35, 0x45, 0x5c, 0xc7, 0x6a, 0xaa, 0x66, 0x66, 0x66, 0x66, 0xaa, 0x67, 0xcc, 0x58,
  0x43, 0x33, 0x35, 0x55, 0x55, 0x55, 0x55, 0x55, 0x55, 0x55, 0x55, 0x55, 0x35, 0x35, 0x55, 0x55,
  0x55, 0x53, 0x55, 0x55, 0x55, 0x53, 0x35, 0x55, 0x55, 0x33, 0x55, 0x53, 0x33, 0x33, 0x33, 0x40,
  0x5a, 0xc0, 0x00, 0xd6, 0xce, 0x9e, 0x57, 0xc5, 0xef, 0x9f, 0xef, 0x99, 0x99, 0x9f, 0xef, 0xfe,
  0x5b, 0xb5, 0xfe, 0x56, 0xc0, 0x08, 0x88, 0x88, 0x88, 0x80, 0x88, 0x88, 0x88, 0x88, 0x88, 0x88,
  0x88, 0x88, 0x88, 0x88, 0x88, 0x88, 0x88, 0x80, 0x00, 0x08, 0x88, 0x88, 0x80, 0x08, 0x88, 0x88,
  0x88, 0x88, 0x88, 0x88, 0x88, 0x80, 0x80, 0x00, 0x00, 0x00, 0x00, 0x00, 0x00, 0x01, 0x11, 0x11,
  0x11, 0x11, 0x11, 0x11, 0x11, 0x11, 0x11, 0x10, 0x11, 0x11, 0x11, 0x11, 0x11, 0x11, 0x11, 0x11,
  0x11, 0x11, 0x20, 0x00, 0x00, 0x00, 0x00, 0x00, 0x00, 0x00, 0x00, 0x08, 0x88, 0x88, 0x88, 0x88,
  0x88, 0x84, 0x88, 0x88, 0x88, 0x88, 0x88, 0x88, 0x88, 0x88, 0x88, 0x88, 0x88, 0x88, 0x88, 0x88,
  0x88, 0x88, 0x88, 0x88, 0x88, 0x00, 0x80, 0x00, 0x02, 0x57, 0x6c, 0xd4, 0x35, 0x55, 0x55, 0x55,
  0x55, 0x55, 0x55, 0x55, 0x55, 0x55, 0x55, 0x55, 0x44, 0x35, 0x5c, 0xcc, 0xcb, 0xbb, 0xbb, 0xbc,
  0xcc, 0x55, 0x34, 0x43, 0x55, 0x55, 0x53, 0x55, 0x55, 0x55, 0x55, 0x53, 0x55, 0x55, 0x55, 0x55,
  0x55, 0x55, 0x55, 0x55, 0x55, 0x53, 0x55, 0x55, 0x55, 0x55, 0x55, 0x33, 0x33, 0x33, 0x33, 0x53,
  0x34, 0x44, 0x45, 0x55, 0xca, 0xcd, 0x02, 0xcb, 0x99, 0xe5, 0x6c, 0xef, 0x99, 0xe5, 0xc9, 0xe9,
  0x9f, 0xf5, 0x59, 0x99, 0xf9, 0xc7, 0x5e, 0xfc, 0xa5, 0x2d, 0x88, 0x88, 0x48, 0x88, 0x88, 0x88,
  0x88, 0x88, 0x88, 0x88, 0x88, 0x88, 0x88, 0x88, 0x88, 0x88, 0x88, 0x88, 0x80, 0x00, 0x00, 0x00,
  0x08, 0x88, 0x88, 0x88, 0x84, 0x88, 0x88, 0x88, 0x88, 0x88, 0x00, 0x00, 0x00, 0x00, 0x00, 0x00,
  0x21, 0x11, 0x11, 0x11, 0x11, 0x11, 0x11, 0x11, 0x11, 0x11, 0x11, 0x10, 0x11, 0x11, 0x11, 0x11,
  0x11, 0x11, 0x11, 0x11, 0x11, 0x11, 0x12, 0x00, 0x00, 0x00, 0x00, 0x00, 0x00, 0x00, 0x00, 0x08,
  0x88, 0x88, 0x88, 0x88, 0x88, 0x88, 0x88, 0x88, 0x88, 0x88, 0x88, 0x88, 0x88, 0x88, 0x88, 0x88,
  0x88, 0x88, 0x88, 0x88, 0x88, 0x88, 0x88, 0x88, 0x88, 0x88, 0x80, 0x00, 0xe0, 0x25, 0x66, 0xc4,
  0x43, 0x55, 0x55, 0x55, 0x55, 0x55, 0x55, 0x55, 0x55, 0x55, 0x55, 0x55, 0x53, 0x34, 0x44, 0x44,
  0x55, 0x55, 0x55, 0x54, 0x44, 0x44, 0x43, 0x33, 0x34, 0x35, 0x55, 0x55, 0x55, 0x55, 0x55, 0x55,
  0x55, 0x55, 0x55, 0x55, 0x55, 0x55, 0x55, 0x55, 0x55, 0x53, 0x55, 0x55, 0x55, 0x55, 0x55, 0x33,
  0x33, 0x33, 0x33, 0x48, 0x45, 0xcc, 0xb7, 0x77, 0x76, 0x7b, 0xcc, 0x75, 0xee, 0x57, 0xce, 0xf9,
  0x9f, 0x5b, 0xbc, 0x59, 0x9f, 0xcb, 0x7c, 0xe9, 0x59, 0xdc, 0xc9, 0x99, 0xcb, 0xd0, 0x88, 0x88,
  0x88, 0x88, 0x88, 0x88, 0x88, 0x88, 0x88, 0x88, 0x88, 0x88, 0x88, 0x88, 0x88, 0x88, 0x88, 0x88,
  0x80, 0x00, 0x00, 0x00, 0x08, 0x88, 0x88, 0x88, 0x88, 0x88, 0x88, 0x88, 0x88, 0x88, 0x00, 0x00,
  0x00, 0x00, 0x00, 0x00, 0x21, 0x11, 0x11, 0x11, 0x11, 0x11, 0x11, 0x11, 0x11, 0x11, 0x11, 0x10,
  0x11, 0x11, 0x11, 0x11, 0x11, 0x11, 0x11, 0x11, 0x11, 0x11, 0x11, 0x22, 0x20, 0x00, 0x00, 0x00,
  0x00, 0x00, 0x00, 0x08, 0x88, 0x88, 0x88, 0x88, 0x88, 0x88, 0x88, 0x88, 0x88, 0x88, 0x88, 0x88,
  0x88, 0x88, 0x88, 0x88, 0x88, 0x88, 0x88, 0x88, 0x88, 0x88, 0x88, 0x88, 0x88, 0x88, 0x80, 0x00,
  0x00, 0x00, 0xc6, 0x6c, 0x44, 0x55, 0x55, 0x55, 0x55, 0x55, 0x55, 0x55, 0x55, 0x55, 0x55, 0x35,
  0x55, 0x55, 0x55, 0x55, 0x53, 0x43, 0x33, 0x55, 0x55, 0x53, 0x53, 0x33, 0x5c, 0xc4, 0x35, 0x55,
  0x55, 0x55, 0x55, 0x55, 0x55, 0x55, 0x55, 0x55, 0x55, 0x55, 0x55, 0x55, 0x55, 0x35, 0x35, 0x55,
  0x55, 0x55, 0x55, 0x33, 0x33, 0x33, 0x44, 0x45, 0xc6, 0x6b, 0xcc, 0xc5, 0x55, 0x5c, 0xcb, 0x67,
  0xc5, 0xcc, 0xe9, 0x99, 0x9f, 0x5b, 0xdc, 0xc4, 0xfc, 0xb5, 0xcc, 0x99, 0x55, 0xf5, 0x7c, 0xef,
  0x56, 0x52, 0x84, 0x88, 0x88, 0x88, 0x88, 0x88, 0x88, 0x88, 0x88, 0x88, 0x88, 0x88, 0x84, 0x88,
  0x88, 0x88, 0x88, 0x88, 0x80, 0x00, 0x00, 0x00, 0x08, 0x88, 0x88, 0x88, 0x88, 0x88, 0x88, 0x88,
  0x88, 0x88, 0x00, 0x00, 0x00, 0x00, 0x00, 0x00, 0x21, 0x11, 0x11, 0x11, 0x11, 0x11, 0x11, 0x11,
  0x11, 0x11, 0x11, 0x10, 0x11, 0x11, 0x11, 0x11, 0x11, 0x11, 0x11, 0x11, 0x11, 0x11, 0x11, 0x12,
  0x00, 0x00, 0x00, 0x00, 0x00, 0x00, 0x00, 0x88, 0x88, 0x88, 0x88, 0x88, 0x88, 0x88, 0x88, 0x88,
  0x88, 0x88, 0x88, 0x88, 0x88, 0x88, 0x88, 0x88, 0x88, 0x88, 0x88, 0x84, 0x88, 0x88, 0x88, 0x88,
  0x88, 0x88, 0x08, 0x88, 0x00, 0x80, 0x0c, 0x66, 0xcd, 0x45, 0x55, 0x55, 0x55, 0x35, 0x55, 0x55,
  0x55, 0x55, 0x55, 0x55, 0x55, 0x55, 0x55, 0x35, 0x33, 0x55, 0x55, 0x53, 0x55, 0x55, 0x55, 0x38,
  0x5a, 0xbd, 0x35, 0x55, 0x55, 0x35, 0x55, 0x55, 0x55, 0x55, 0x33, 0x55, 0x35, 0x55, 0x53, 0x35,
  0x55, 0x55, 0x55, 0x55, 0x33, 0x55, 0x33, 0x53, 0x33, 0x34, 0x45, 0xba, 0xbc, 0x59, 0xf9, 0x99,
  0xff, 0xff, 0x99, 0x5c, 0xb6, 0x6c, 0xe9, 0x99, 0x99, 0x9c, 0xc0, 0xbc, 0x57, 0x5d, 0xb5, 0x99,
  0x95, 0x5e, 0xcb, 0x9f, 0x9c, 0xb8, 0x88, 0x88, 0x88, 0x88, 0x88, 0x88, 0x88, 0x88, 0x88, 0x88,
  0x88, 0x88, 0x88, 0x88, 0x88, 0x88, 0x88, 0x88, 0x88, 0x80, 0x00, 0x88, 0x88, 0x88, 0x88, 0x88,
  0x88, 0x88, 0x88, 0x88, 0x80, 0x88, 0x00, 0x00, 0x00, 0x00, 0x02, 0x00, 0x11, 0x11, 0x11, 0x11,
  0x11, 0x11, 0x11, 0x11, 0x11, 0x11, 0x11, 0x10, 0x11, 0x11, 0x11, 0x11, 0x11, 0x11, 0x11, 0x11,
  0x11, 0x11, 0x11, 0x11, 0x00, 0x00, 0x00, 0x00, 0x00, 0x00, 0x00, 0x88, 0x88, 0x88, 0x88, 0x88,
  0x88, 0x88, 0x88, 0x88, 0x88, 0x88, 0x88, 0x88, 0x88, 0x88, 0x88, 0x88, 0x88, 0x88, 0x88, 0x88,
  0x88, 0x88, 0x88, 0x88, 0x88, 0x88, 0x00, 0x88, 0x00, 0x08, 0x00, 0xc6, 0x6c, 0x54, 0x55, 0x55,
  0x55, 0x55, 0x55, 0x55, 0x55, 0x55, 0x55, 0x55, 0x55, 0x33, 0x55, 0x33, 0x55, 0x44, 0x55, 0x53,
  0x55, 0x55, 0x53, 0x45, 0xca, 0x75, 0x45, 0x55, 0x55, 0x35, 0x55, 0x55, 0x55, 0x55, 0x53, 0x55,
  0x33, 0x55, 0x55, 0x55, 0x55, 0x55, 0x55, 0x55, 0x53, 0x55, 0x33, 0x33, 0x33, 0x85, 0xca, 0xb5,
  0x9f, 0xff, 0xff, 0x99, 0x99, 0x9f, 0xff, 0xff, 0x95, 0xc6, 0xc5, 0xf9, 0x99, 0xf5, 0x7d, 0xd7,
  0x75, 0x0c, 0xcf, 0x99, 0x99, 0x99, 0x9b, 0xcf, 0xfc, 0x65, 0x08, 0x88, 0x88, 0x88, 0x88, 0x88,
  0x88, 0x88, 0x88, 0x88, 0x88, 0x88, 0x88, 0x88, 0x88, 0x88, 0x88, 0x88, 0x88, 0x80, 0x00, 0x88,
  0x88, 0x88, 0x88, 0x88, 0x88, 0x88, 0x88, 0x88, 0x80, 0x88, 0x00, 0x00, 0x00, 0x00, 0x02, 0x00,
  0x11, 0x11, 0x11, 0x11, 0x11, 0x11, 0x11, 0x11, 0x11, 0x11, 0x11, 0x10, 0x11, 0x11, 0x11, 0x11,
  0x11, 0x11, 0x11, 0x11, 0x11, 0x11, 0x11, 0x11, 0x00, 0x00, 0x00, 0x00, 0x00, 0x00, 0x00, 0x88,
  0x88, 0x88, 0x88, 0x88, 0x88, 0x88, 0x88, 0x88, 0x88, 0x88, 0x88, 0x88, 0x88, 0x88, 0x88, 0x88,
  0x88, 0x88, 0x8d, 0xd8, 0x88, 0x88, 0x88, 0x88, 0x88, 0x88, 0x0e, 0x08, 0x80, 0x00, 0x00, 0x0c,
  0x66, 0xc5, 0x43, 0x33, 0x35, 0x55, 0x55, 0x55, 0x55, 0x55, 0x55, 0x55, 0x55, 0x55, 0x55, 0x53,
  0x55, 0x55, 0x43, 0x55, 0x33, 0x55, 0x40, 0x5b, 0x6c, 0x6c, 0x45, 0x55, 0x55, 0x55, 0x55, 0x55,
  0x55, 0x55, 0x55, 0x55, 0x55, 0x53, 0x35, 0x55, 0x55, 0x55, 0x55, 0x55, 0x55, 0x33, 0x53, 0x33,
  0x38, 0x5b, 0x6c, 0x9e, 0xff, 0x95, 0xcc, 0xcc, 0xbb, 0xcc, 0xc5, 0x5f, 0xff, 0x95, 0x77, 0x5f,
  0x99, 0x9e, 0xcb, 0x0c, 0xc0, 0xcc, 0xf9, 0x99, 0x99, 0x99, 0xfc, 0xc9, 0x95, 0x65, 0x08, 0x88,
  0x88, 0x88, 0x88, 0x84, 0x88, 0x88, 0x88, 0x88, 0x88, 0x88, 0x88, 0x88, 0x88, 0x88, 0x88, 0x88,
  0x88, 0x88, 0x88, 0x88, 0x88, 0x88, 0x88, 0x88, 0x88, 0x88, 0x88, 0x80, 0x88, 0x00, 0x00, 0x00,
  0x00, 0x00, 0x20, 0x11, 0x11, 0x11, 0x11, 0x11, 0x11, 0x11, 0x11, 0x11, 0x11, 0x11, 0x11, 0x10,
  0x11, 0x11, 0x11, 0x11, 0x11, 0x11, 0x11, 0x11, 0x11, 0x11, 0x11, 0x01, 0x22, 0x00, 0x00, 0x20,
  0x00, 0x00, 0x00, 0x88, 0x88, 0x88, 0x88, 0x88, 0x88, 0x88, 0x88, 0x88, 0x88, 0x88, 0x88, 0x88,
  0x88, 0x88, 0x88, 0x88, 0x88, 0x88, 0x84, 0x48, 0x88, 0x88, 0x88, 0x88, 0x88, 0x88, 0x88, 0x88,
  0x80, 0x00, 0x00, 0x00, 0x57, 0xa7, 0xcd, 0x43, 0x35, 0x53, 0x55, 0x55, 0x55, 0x55, 0x55, 0x55,
  0x55, 0x55, 0x53, 0x55, 0x34, 0xc7, 0xc5, 0x44, 0x44, 0x44, 0x5c, 0x7a, 0xc5, 0xcc, 0x45, 0x55,
  0x55, 0x55, 0x53, 0x55, 0x55, 0x55, 0x55, 0x55, 0x55, 0x35, 0x53, 0x35, 0x55, 0x55, 0x55, 0x53,
  0x35, 0x53, 0x33, 0x33, 0x45, 0x77, 0x5e, 0x9f, 0x9c, 0xcb, 0xcc, 0xcc, 0xcc, 0xcc, 0xcb, 0xbc,
  0x5f, 0x9f, 0x5c, 0x65, 0xef, 0x95, 0xca, 0xc0, 0xdc, 0xac, 0x59, 0x99, 0x99, 0x99, 0xfc, 0xc9,
  0x95, 0x7c, 0x08, 0x88, 0x88, 0x88, 0x88, 0x84, 0x44, 0x88, 0x88, 0x88, 0x88, 0x88, 0x88, 0x88,
  0x88, 0x88, 0x88, 0x88, 0x88, 0x88, 0x88, 0x88, 0x88, 0x88, 0x88, 0x88, 0x88, 0x88, 0x88, 0x80,
  0x88, 0x00, 0x00, 0x00, 0x00, 0x22, 0x00, 0x11, 0x11, 0x11, 0x11, 0x11, 0x11, 0x11, 0x11, 0x11,
  0x11, 0x11, 0x11, 0x10, 0x11, 0x11, 0x11, 0x11, 0x11, 0x11, 0x11, 0x11, 0x11, 0x11, 0x11, 0x10,
  0x12, 0x00, 0x00, 0x00, 0x00, 0x00, 0x00, 0x88, 0x88, 0x88, 0x88, 0x88, 0x88, 0x88, 0x88, 0x88,
  0x80, 0x88, 0x88, 0x88, 0x88, 0x88, 0x88, 0x88, 0x88, 0x88, 0x88, 0x88, 0xdd, 0x88, 0x88, 0x88,
  0x88, 0x88, 0x88, 0x88, 0x80, 0x00, 0x00, 0x00, 0x05, 0xb6, 0x6c, 0x58, 0x45, 0x55, 0x55, 0x55,
  0x35, 0x55, 0x53, 0x35, 0x55, 0x55, 0x53, 0x33, 0x54, 0x57, 0xab, 0xc5, 0x55, 0x5c, 0xba, 0x6c,
  0x34, 0x33, 0x55, 0x55, 0x55, 0x55, 0x55, 0x55, 0x55, 0x55, 0x55, 0x55, 0x35, 0x55, 0x53, 0x55,
  0x55, 0x55, 0x55, 0x55, 0x53, 0x33, 0x35, 0x34, 0x57, 0x75, 0x99, 0x95, 0xbb, 0xc5, 0x9f, 0xfe,
  0xff, 0xee, 0xe9, 0x5c, 0x7c, 0x9f, 0xff, 0xc6, 0x5e, 0x5b, 0xc5, 0x50, 0xdc, 0xcc, 0x75, 0x99,
  0x99, 0x99, 0xf5, 0xb9, 0x99, 0xbc, 0x04, 0x88, 0x88, 0x88, 0x88, 0x88, 0x44, 0x8d, 0x88, 0x88,
  0x88, 0x88, 0x88, 0x88, 0x88, 0x88, 0x88, 0x88, 0x88, 0x88, 0x88, 0x88, 0x88, 0x88, 0x88, 0x88,
  0x88, 0x88, 0x80, 0x00, 0x80, 0x00, 0x00, 0x00, 0x00, 0x00, 0x12, 0x01, 0x11, 0x11, 0x11, 0x11,
  0x11, 0x11, 0x11, 0x11, 0x11, 0x11, 0x11, 0x10, 0x11, 0x11, 0x11, 0x11, 0x11, 0x11, 0x11, 0x11,
  0x11, 0x11, 0x11, 0x10, 0x10, 0x00, 0x00, 0x00, 0x20, 0x00, 0x00, 0x88, 0x88, 0x88, 0x88, 0x88,
  0x88, 0x08, 0x88, 0x88, 0x80, 0x88, 0x88, 0x88, 0x84, 0x88, 0x88, 0x48, 0x88, 0x88, 0x88, 0x88,
  0xdd, 0x84, 0x44, 0x88, 0x88, 0x88, 0x88, 0x88, 0x80, 0x00, 0x00, 0x00, 0xe0, 0xdc, 0x66, 0x7c,
  0x54, 0x33, 0x33, 0x55, 0x35, 0x55, 0x55, 0x55, 0x55, 0x55, 0x55, 0x33, 0x55, 0x45, 0xc6, 0xaa,
  0x66, 0xaa, 0x6c, 0x54, 0x35, 0x33, 0x35, 0x55, 0x55, 0x55, 0x55, 0x55, 0x55, 0x55, 0x55, 0x33,
  0x35, 0x53, 0x55, 0x55, 0x55, 0x55, 0x53, 0x55, 0x53, 0x33, 0x35, 0x34, 0xc6, 0x59, 0x99, 0xc7,
  0xc9, 0xff, 0xf9, 0x99, 0x99, 0x99, 0x9f, 0xfe, 0x5b, 0xb5, 0xef, 0xec, 0x65, 0x5b, 0xcc, 0x5e,
  0xd5, 0x5c, 0xb5, 0x99, 0x99, 0x99, 0xf5, 0xb9, 0xf9, 0xbc, 0x04, 0x48, 0x84, 0x48, 0x88, 0x88,
  0x44, 0x8d, 0xd8, 0x88, 0x84, 0x88, 0x88, 0x88, 0x88, 0x88, 0x88, 0x80, 0x88, 0x88, 0x80, 0x88,
  0x88, 0x88, 0x88, 0x88, 0x88, 0x88, 0x80, 0x00, 0x00, 0x00, 0x00, 0x00, 0x00, 0x00, 0x12, 0x01,
  0x11, 0x11, 0x11, 0x11, 0x11, 0x11, 0x11, 0x11, 0x11, 0x11, 0x11, 0x10, 0x11, 0x11, 0x11, 0x11,
  0x11, 0x11, 0x11, 0x11, 0x11, 0x11, 0x11, 0x11, 0x11, 0x00, 0x00, 0x20, 0x00, 0x00, 0x00, 0x88,
  0x88, 0x88, 0x88, 0x88, 0x88, 0x88, 0x88, 0x88, 0x80, 0x88, 0x88, 0x88, 0x88, 0x8d, 0xd8, 0x88,
  0x88, 0x88, 0x88, 0x88, 0xdd, 0x88, 0x88, 0x88, 0x88, 0x88, 0x88, 0x88, 0x80, 0x00, 0x00, 0x00,
  0x00, 0x00, 0x5c, 0x66, 0xb5, 0xd4, 0x33, 0x33, 0x35, 0x53, 0x53, 0x55, 0x35, 0x55, 0x33, 0x35,
  0x55, 0x34, 0x35, 0xcc, 0xcc, 0xcc, 0x53, 0x43, 0x33, 0x55, 0x55, 0x55, 0x55, 0x55, 0x55, 0x55,
  0x55, 0x55, 0x53, 0x55, 0x55, 0x35, 0x53, 0x35, 0x55, 0x55, 0x55, 0x55, 0x33, 0x33, 0x35, 0x4c,
  0xa5, 0xf9, 0x9c, 0xb5, 0xf9, 0x9f, 0x9f, 0xf9, 0x99, 0x9f, 0x9f, 0x99, 0xfd, 0xc7, 0x5e, 0xf9,
  0xbb, 0xdc, 0x67, 0xce, 0x5b, 0x76, 0xc5, 0x99, 0x99, 0x99, 0xfc, 0xcf, 0x95, 0x7c, 0x08, 0xd8,
  0x48, 0x88, 0x88, 0x88, 0x44, 0x88, 0x88, 0x88, 0x88, 0x88, 0x88, 0x88, 0x88, 0x88, 0x88, 0x88,
  0x88, 0x88, 0x88, 0x88, 0x88, 0x88, 0x88, 0x88, 0x88, 0x88, 0x80, 0x00, 0x80, 0x00, 0x00, 0x00,
  0x00, 0x00, 0x02, 0x11, 0x11, 0x11, 0x11, 0x11, 0x11, 0x11, 0x11, 0x11, 0x11, 0x11, 0x11, 0x10,
  0x11, 0x11, 0x11, 0x11, 0x11, 0x11, 0x11, 0x11, 0x11, 0x11, 0x11, 0x11, 0x11, 0x02, 0x00, 0x00,
  0x00, 0x00, 0x00, 0x88, 0x88, 0x88, 0x88, 0x88, 0x88, 0x88, 0x88, 0x88, 0x88, 0x00, 0x88, 0x88,
  0x88, 0x88, 0x88, 0x88, 0x88, 0x84, 0x88, 0x44, 0x44, 0xd8, 0x88, 0x88, 0x88, 0x88, 0x84, 0x88,
  0x88, 0x88, 0x88, 0x80, 0x00, 0x00, 0x15, 0x76, 0xa6, 0xc5, 0x38, 0x43, 0x35, 0x55, 0x55, 0x55,
  0x55, 0x55, 0x55, 0x33, 0x55, 0x55, 0x34, 0x88, 0x44, 0x44, 0x45, 0x55, 0x55, 0x53, 0x55, 0x55,
  0x55, 0x55, 0x55, 0x55, 0x53, 0x55, 0x55, 0x55, 0x55, 0x55, 0x55, 0x35, 0x55, 0x55, 0x55, 0x55,
  0x53, 0x33, 0x38, 0x57, 0xcf, 0x99, 0xcc, 0x9f, 0x99, 0x95, 0xbc, 0x9f, 0x99, 0xfc, 0xbc, 0x99,
  0x9f, 0xec, 0x75, 0xfe, 0x56, 0xcb, 0xcd, 0xdd, 0xdd, 0xd5, 0x75, 0x99, 0x99, 0x99, 0x9b, 0xce,
  0xf5, 0x6c, 0x00, 0x88, 0x88, 0x88, 0x88, 0x88, 0x88, 0x44, 0x88, 0x88, 0x88, 0x88, 0x88, 0x88,
  0x88, 0x88, 0x88, 0x00, 0x88, 0x88, 0x88, 0x88, 0x88, 0x88, 0x88, 0x88, 0x88, 0x88, 0x88, 0x00,
  0x00, 0x00, 0x00, 0x00, 0x00, 0x01, 0x11, 0x01, 0x11, 0x11, 0x11, 0x11, 0x11, 0x11, 0x11, 0x11,
  0x11, 0x11, 0x11, 0x10, 0x11, 0x11, 0x11, 0x11, 0x11, 0x11, 0x11, 0x11, 0x11, 0x11, 0x11, 0x11,
  0x11, 0x02, 0x00, 0x00, 0x00, 0x00, 0x00, 0x88, 0x88, 0x88, 0x88, 0x88, 0x88, 0x88, 0x88, 0x88,
  0x88, 0x00, 0x88, 0x88, 0x88, 0x88, 0x88, 0x88, 0x88, 0x84, 0x88, 0x44, 0x88, 0xd8, 0x88, 0x88,
  0x88, 0x88, 0x88, 0x88, 0x88, 0x88, 0x88, 0x80, 0x00, 0x00, 0x0c, 0x6c, 0xc7, 0xa6, 0xc5, 0xd8,
  0x35, 0x53, 0x33, 0x55, 0x55, 0x55, 0x55, 0x53, 0x55, 0x55, 0x33, 0x33, 0x33, 0x35, 0x55, 0x55,
  0x55, 0x53, 0x55, 0x55, 0x55, 0x55, 0x55, 0x55, 0x55, 0x55, 0x55, 0x55, 0x55, 0x55, 0x55, 0x55,
  0x55, 0x55, 0x55, 0x55, 0x53, 0x48, 0xd5, 0xb7, 0x59, 0x95, 0xb5, 0xf9, 0x99, 0x5b, 0xcc, 0xce,
  0xf9, 0xcb, 0xc7, 0x5f, 0x95, 0x9f, 0xcb, 0x99, 0xec, 0x7c, 0xcc, 0xb5, 0x5b, 0xcb, 0xb5, 0x99,
  0x99, 0x99, 0x57, 0x5f, 0xfc, 0xac, 0x00, 0x88, 0x88, 0x88, 0x88, 0x88, 0x88, 0x88, 0x88, 0x88,
  0x88, 0x88, 0x88, 0x88, 0x88, 0x88, 0x88, 0x08, 0x88, 0x88, 0x88, 0x88, 0x88, 0x88, 0x88, 0x88,
  0x88, 0x88, 0x88, 0x00, 0x00, 0x00, 0x00, 0x00, 0x00, 0x00, 0x11, 0x11, 0x11, 0x11, 0x11, 0x11,
  0x11, 0x11, 0x11, 0x11, 0x11, 0x11, 0x11, 0x10, 0x11, 0x11, 0x11, 0x11, 0x11, 0x11, 0x11, 0x11,
  0x11, 0x11, 0x11, 0x11, 0x11, 0x02, 0x22, 0x00, 0x00, 0x00, 0x00, 0x08, 0x88, 0x80, 0x88, 0x88,
  0x88, 0x88, 0x88, 0x88, 0x88, 0x88, 0x88, 0x88, 0x88, 0x88, 0x88, 0x88, 0x88, 0x84, 0x88, 0x88,
  0x88, 0x88, 0x88, 0x88, 0x88, 0x88, 0x88, 0x88, 0x88, 0x88, 0x88, 0x80, 0x00, 0x00, 0x0c, 0x6c,
  0x05, 0xc7, 0x66, 0xbc, 0x54, 0x43, 0x33, 0x55, 0x55, 0x55, 0x55, 0x55, 0x55, 0x55, 0x33, 0x35,
  0x55, 0x35, 0x55, 0x55, 0x55, 0x53, 0x55, 0x55, 0x55, 0x55, 0x55, 0x53, 0x55, 0x55, 0x55, 0x55,
  0x55, 0x53, 0x55, 0x55, 0x55, 0x55, 0x55, 0x33, 0x44, 0x55, 0xc6, 0x6c, 0x99, 0x5b, 0xcf, 0x99,
  0x99, 0x5b, 0x5d, 0x7c, 0x0c, 0x7d, 0x5b, 0x59, 0x95, 0x5f, 0x57, 0x5e, 0xf5, 0x6c, 0xd5, 0xc5,
  0xcc, 0x55, 0x59, 0x99, 0x99, 0x99, 0xcc, 0xff, 0x5b, 0x7c, 0x80, 0x88, 0x88, 0x88, 0x88, 0x88,
  0x48, 0x88, 0x88, 0x88, 0x88, 0x88, 0x88, 0x88, 0x88, 0x88, 0x88, 0x08, 0x88, 0x88, 0x88, 0x88,
  0x88, 0x88, 0x88, 0x88, 0x88, 0x88, 0x88, 0x00, 0x00, 0x00, 0x00, 0x00, 0x22, 0x00, 0x11, 0x11,
  0x11, 0x11, 0x11, 0x11, 0x11, 0x11, 0x11, 0x11, 0x11, 0x11, 0x11, 0x10, 0x11, 0x11, 0x11, 0x11,
  0x11, 0x11, 0x11, 0x11, 0x11, 0x11, 0x11, 0x11, 0x11, 0x12, 0x00, 0x02, 0x00, 0x00, 0x00, 0x00,
  0x00, 0x00, 0x08, 0x88, 0x80, 0x88, 0x88, 0x88, 0x88, 0x88, 0x08, 0x08, 0x88, 0x88, 0x8d, 0x88,
  0x88, 0x88, 0x88, 0x84, 0x4d, 0xd8, 0x88, 0x88, 0x88, 0x88, 0x88, 0x88, 0x88, 0x88, 0x88, 0x08,
  0x00, 0x80, 0xdb, 0x65, 0x88, 0x45, 0xc7, 0xaa, 0x7c, 0x55, 0x84, 0x35, 0x55, 0x55, 0x33, 0x55,
  0x55, 0x55, 0x55, 0x55, 0x55, 0x55, 0x35, 0x55, 0x35, 0x55, 0x55, 0x55, 0x55, 0x55, 0x55, 0x55,
  0x55, 0x55, 0x55, 0x55, 0x35, 0x55, 0x55, 0x53, 0x55, 0x55, 0x59, 0x48, 0x5c, 0xc6, 0x67, 0x65,
  0xe9, 0xcb, 0x99, 0x99, 0x99, 0xfc, 0xbe, 0x5b, 0x57, 0x5e, 0xbc, 0xf9, 0x99, 0x59, 0xfc, 0xb9,
  0xf9, 0xcb, 0xf0, 0xcc, 0xcc, 0xe9, 0x99, 0x99, 0x99, 0xfc, 0xb5, 0x9e, 0xcb, 0xcb, 0xd8, 0x88,
  0x44, 0x88, 0x48, 0x88, 0x48, 0x88, 0x88, 0x88, 0x88, 0x88, 0x88, 0x88, 0x88, 0x88, 0x88, 0x88,
  0x88, 0x88, 0x88, 0x88, 0x88, 0x88, 0x88, 0x88, 0x88, 0x88, 0x80, 0x00, 0x00, 0x00, 0x02, 0x00,
  0x01, 0x00, 0x11, 0x11, 0x11, 0x11, 0x11, 0x11, 0x11, 0x11, 0x11, 0x11, 0x11, 0x11, 0x11, 0x10,
  0x11, 0x11, 0x11, 0x11, 0x11, 0x11, 0x11, 0x11, 0x11, 0x11, 0x11, 0x11, 0x11, 0x10, 0x22, 0x00,
  0x00, 0x00, 0x00, 0x00, 0x00, 0x00, 0x00, 0x88, 0x88, 0x88, 0x88, 0x88, 0x88, 0x88, 0x88, 0x88,
  0x88, 0x88, 0x88, 0x88, 0x88, 0x88, 0x88, 0x88, 0x88, 0x88, 0x88, 0x84, 0x48, 0x88, 0x88, 0x88,
  0x88, 0x88, 0x88, 0x88, 0x88, 0x80, 0x57, 0x75, 0x43, 0x34, 0x45, 0xc7, 0x6a, 0x6b, 0xc5, 0x54,
  0x44, 0x35, 0x33, 0x55, 0x35, 0x55, 0x33, 0x35, 0x55, 0x55, 0x35, 0x55, 0x35, 0x55, 0x35, 0x55,
  0x55, 0x55, 0x55, 0x55, 0x55, 0x55, 0x35, 0x55, 0x55, 0x33, 0x55, 0x55, 0x55, 0x34, 0x45, 0x5c,
  0xb6, 0x67, 0xcc, 0x75, 0x99, 0xcc, 0xf9, 0x99, 0x99, 0x99, 0xcc, 0x1c, 0xac, 0x1c, 0xc9, 0x99,
  0x99, 0x99, 0x95, 0x75, 0xfe, 0xc6, 0x5e, 0x5c, 0xc5, 0x99, 0x99, 0x99, 0x9f, 0xc7, 0x5f, 0xf5,
  0x6c, 0xcb, 0x88, 0x4d, 0x88, 0x88, 0x48, 0x88, 0x88, 0x88, 0x88, 0x88, 0x88, 0x88, 0x88, 0x88,
  0x88, 0x88, 0x88, 0x88, 0x88, 0x88, 0x88, 0x88, 0x88, 0x88, 0x88, 0x88, 0x88, 0x88, 0x80, 0x00,
  0x00, 0x00, 0x02, 0x00, 0x01, 0x21, 0x11, 0x11, 0x11, 0x11, 0x11, 0x11, 0x11, 0x11, 0x11, 0x11,
  0x11, 0x11, 0x11, 0x10, 0x11, 0x11, 0x11, 0x11, 0x11, 0x11, 0x11, 0x11, 0x11, 0x11, 0x11, 0x11,
  0x11, 0x11, 0x12, 0x00, 0x00, 0x00, 0x00, 0x00, 0x00, 0x00, 0x00, 0x88, 0x88, 0x88, 0x88, 0x88,
  0x88, 0x88, 0x88, 0x88, 0x88, 0x88, 0x88, 0x88, 0x88, 0x88, 0x88, 0x88, 0x88, 0x88, 0x88, 0x84,
  0x88, 0x48, 0x88, 0x88, 0x88, 0x88, 0x88, 0x88, 0x88, 0x80, 0x57, 0x75, 0x45, 0x33, 0x34, 0x45,
  0xcc, 0x6a, 0xa6, 0xbc, 0x55, 0x44, 0x43, 0x35, 0x35, 0x55, 0x33, 0x55, 0x55, 0x55, 0x35, 0x53,
  0x55, 0x55, 0x35, 0x55, 0x55, 0x55, 0x55, 0x55, 0x55, 0x53, 0x55, 0x55, 0x55, 0x33, 0x55, 0x55,
  0x54, 0x55, 0xcc, 0x66, 0x6b, 0xcd, 0x15, 0xb5, 0x95, 0xb5, 0x99, 0x99, 0x99, 0x9f, 0x5c, 0xdd,
  0xce, 0x5c, 0x5f, 0x99, 0x99, 0x99, 0x99, 0xbc, 0xff, 0x56, 0x5f, 0x9f, 0x99, 0x99, 0x99, 0x9f,
  0x5c, 0x75, 0x9f, 0x5b, 0xc9, 0xcc, 0x08, 0x8d, 0x88, 0x44, 0x88, 0x88, 0x88, 0x88, 0x88, 0x88,
  0x88, 0x88, 0x88, 0x88, 0x88, 0x88, 0x88, 0x88, 0x88, 0x88, 0x88, 0x88, 0x88, 0x88, 0x88, 0x88,
  0x88, 0x80, 0x00, 0x00, 0x00, 0x00, 0x00, 0x02, 0x20, 0x21, 0x11, 0x11, 0x11, 0x11, 0x11, 0x11,
  0x11, 0x11, 0x11, 0x11, 0x11, 0x11, 0x11, 0x10, 0x11, 0x11, 0x11, 0x11, 0x11, 0x11, 0x11, 0x11,
  0x11, 0x11, 0x11, 0x11, 0x11, 0x11, 0x10, 0x20, 0x00, 0x00, 0x00, 0x00, 0x00, 0x00, 0x00, 0x88,
  0x88, 0x88, 0x88, 0x88, 0x88, 0x88, 0x88, 0x88, 0x88, 0x88, 0x88, 0x88, 0x88, 0x88, 0x88, 0x88,
  0x88, 0x88, 0x88, 0x84, 0x88, 0x88, 0x88, 0x88, 0x88, 0x88, 0x88, 0x88, 0x88, 0x80, 0x56, 0x75,
  0x45, 0x33, 0x55, 0x55, 0x45, 0x5c, 0xb6, 0xaa, 0x67, 0xcc, 0x55, 0x44, 0x44, 0x43, 0x55, 0x55,
  0x55, 0x55, 0x35, 0x33, 0x53, 0x33, 0x33, 0x55, 0x55, 0x55, 0x55, 0x55, 0x55, 0x33, 0x55, 0x55,
  0x35, 0x55, 0x55, 0x53, 0x5c, 0xb6, 0x66, 0x6c, 0x5d, 0x00, 0x0c, 0xb9, 0x95, 0xb5, 0x99, 0x99,
  0x99, 0x95, 0xc7, 0xce, 0x15, 0x6b, 0xc5, 0x99, 0x99, 0x99, 0x99, 0xcc, 0xff, 0x56, 0xce, 0xff,
  0x99, 0x9f, 0xff, 0x5c, 0x7c, 0x5f, 0xf5, 0xb7, 0x59, 0xbc, 0x08, 0x88, 0x48, 0x84, 0x88, 0x88,
  0x88, 0x88, 0x88, 0x88, 0x88, 0x88, 0x88, 0x88, 0x88, 0x88, 0x88, 0x88, 0x88, 0x88, 0x88, 0x88,
  0x88, 0x88, 0x88, 0x88, 0x88, 0x80, 0x00, 0x00, 0x02, 0x00, 0x00, 0x02, 0x11, 0x11, 0x11, 0x11,
  0x11, 0x11, 0x11, 0x11, 0x11, 0x11, 0x11, 0x11, 0x11, 0x11, 0x11, 0x10, 0x11, 0x11, 0x11, 0x11,
  0x11, 0x11, 0x11, 0x11, 0x11, 0x11, 0x11, 0x11, 0x11, 0x11, 0x11, 0x11, 0x00, 0x00, 0x00, 0x00,
  0x00, 0x00, 0x08, 0x88, 0x88, 0x88, 0x88, 0x88, 0x88, 0x88, 0x88, 0x80, 0x00, 0x88, 0x88, 0x88,
  0x88, 0x88, 0x88, 0x88, 0x88, 0x88, 0x88, 0x84, 0x48, 0x88, 0x88, 0x88, 0x88, 0x88, 0x88, 0x88,
  0x88, 0x80, 0x57, 0x65, 0x43, 0x55, 0x55, 0x55, 0x55, 0x44, 0x55, 0xcc, 0x76, 0x66, 0x6b, 0xcc,
  0x55, 0x54, 0x44, 0x44, 0x33, 0x55, 0x33, 0x33, 0x53, 0x33, 0x33, 0x33, 0x33, 0x33, 0x33, 0x53,
  0x53, 0x55, 0x35, 0x55, 0x55, 0x55, 0x55, 0x34, 0x56, 0x66, 0xbc, 0x5d, 0x00, 0x00, 0x2c, 0xb9,
  0x95, 0xb5, 0x99, 0x99, 0x99, 0x57, 0xcc, 0xcd, 0xec, 0xcc, 0xbc, 0x99, 0x99, 0x99, 0x99, 0xcc,
  0xff, 0x57, 0xbc, 0x55, 0x55, 0x55, 0x5c, 0xbb, 0xc9, 0xff, 0x5b, 0x75, 0xf5, 0x75, 0x08, 0x88,
  0x88, 0x84, 0x48, 0x88, 0x88, 0x88, 0x88, 0x88, 0x88, 0x88, 0x88, 0x88, 0x88, 0x88, 0x88, 0x88,
  0x88, 0x88, 0x88, 0x88, 0x88, 0x88, 0x88, 0x88, 0x00, 0x00, 0x00, 0x00, 0x00, 0x00, 0x20, 0x01,
  0x11, 0x11, 0x11, 0x11, 0x11, 0x11, 0x11, 0x11, 0x11, 0x11, 0x11, 0x11, 0x11, 0x11, 0x11, 0x10,
  0x11, 0x11, 0x11, 0x11, 0x11, 0x11, 0x11, 0x11, 0x11, 0x11, 0x11, 0x11, 0x11, 0x11, 0x11, 0x11,
  0x20, 0x00, 0x00, 0x00, 0x00, 0x00, 0x08, 0x88, 0x88, 0x88, 0x48, 0x88, 0x88, 0x88, 0x88, 0x80,
  0x00, 0x88, 0x88, 0x88, 0x88, 0x88, 0x88, 0x88, 0x88, 0x88, 0x88, 0x88, 0x84, 0x48, 0x88, 0x88,
  0x88, 0x88, 0x88, 0x88, 0x88, 0x80, 0xdb, 0x6c, 0x43, 0x55, 0x55, 0x55, 0x55, 0x53, 0x44, 0x8d,
  0x55, 0xb6, 0x66, 0xa6, 0x67, 0xcc, 0xc5, 0x55, 0x33, 0x44, 0x44, 0x44, 0x44, 0x44, 0x44, 0x44,
  0x44, 0x43, 0x33, 0x55, 0x53, 0x55, 0x55, 0x55, 0x55, 0x55, 0x55, 0x54, 0x56, 0xb5, 0xd0, 0x00,
  0x88, 0x80, 0x2c, 0xb9, 0x95, 0xb5, 0x99, 0x99, 0x99, 0x57, 0xc5, 0xde, 0xe5, 0x5c, 0xcc, 0xf9,
  0x99, 0x99, 0x99, 0xcc, 0xef, 0x56, 0xcc, 0xbb, 0xbb, 0x7b, 0xbc, 0x59, 0xef, 0x5c, 0x66, 0x5f,
  0x9c, 0xbd, 0x8d, 0x88, 0x88, 0x84, 0x48, 0x88, 0x88, 0x88, 0x88, 0x88, 0x88, 0x88, 0x88, 0x88,
  0x88, 0x88, 0x88, 0x88, 0x88, 0x88, 0x88, 0x88, 0x88, 0x88, 0x88, 0x88, 0x80, 0x00, 0x00, 0x00,
  0x00, 0x00, 0x00, 0x11, 0x11, 0x11, 0x11, 0x11, 0x11, 0x11, 0x11, 0x11, 0x11, 0x11, 0x11, 0x11,
  0x11, 0x11, 0x11, 0x10, 0x11, 0x11, 0x11, 0x11, 0x11, 0x11, 0x11, 0x11, 0x11, 0x11, 0x11, 0x11,
  0x11, 0x11, 0x11, 0x11, 0x22, 0x00, 0x00, 0x00, 0x00, 0x00, 0x00, 0x88, 0x88, 0x88, 0x88, 0x88,
  0x88, 0x88, 0x88, 0x80, 0x00, 0x00, 0x00, 0x88, 0x08, 0x88, 0x88, 0x88, 0x88, 0x88, 0x88, 0x48,
  0x88, 0x88, 0x88, 0x88, 0x88, 0x88, 0x88, 0x88, 0x88, 0x80, 0x0c, 0x6c, 0x43, 0x55, 0x55, 0x55,
  0x55, 0x33, 0x53, 0x33, 0x8d, 0x77, 0x55, 0xcc, 0x76, 0x6a, 0xa6, 0x67, 0xbc, 0xcc, 0xc5, 0x55,
  0x55, 0x55, 0x55, 0x55, 0x55, 0x55, 0x33, 0x35, 0x53, 0x55, 0x33, 0x55, 0x55, 0x55, 0x55, 0x54,
  0x56, 0xc0, 0x08, 0x88, 0x88, 0x80, 0x15, 0x75, 0xf9, 0xc5, 0x99, 0x99, 0x99, 0x9c, 0x66, 0xbd,
  0xdb, 0x66, 0xb5, 0x99, 0x99, 0x99, 0x95, 0xb5, 0xef, 0x56, 0xce, 0x95, 0x55, 0x55, 0xf0, 0xee,
  0x5c, 0x76, 0xcb, 0x5e, 0x56, 0x52, 0x88, 0x88, 0x84, 0x48, 0x88, 0x88, 0xd8, 0x88, 0x88, 0x88,
  0x88, 0x88, 0x88, 0x88, 0x88, 0x88, 0x88, 0x88, 0x88, 0x88, 0x88, 0x88, 0x88, 0x88, 0x88, 0x88,
  0x80, 0x00, 0x00, 0x00, 0x00, 0x02, 0x00, 0x11, 0x11, 0x11, 0x11, 0x11, 0x11, 0x11, 0x11, 0x11,
  0x11, 0x11, 0x11, 0x11, 0x11, 0x11, 0x11, 0x10, 0x11, 0x11, 0x11, 0x11, 0x11, 0x11, 0x11, 0x11,
  0x11, 0x11, 0x11, 0x11, 0x11, 0x11, 0x11, 0x10, 0x00, 0x02, 0x20, 0x22, 0x00, 0x00, 0x88, 0x88,
  0x88, 0x88, 0x88, 0x88, 0x88, 0x88, 0x88, 0x88, 0x88, 0x00, 0x00, 0x00, 0x88, 0x88, 0x88, 0x88,
  0x88, 0x88, 0x88, 0x88, 0x88, 0x88, 0x88, 0x88, 0x88, 0x88, 0x88, 0x88, 0x88, 0x88, 0x05, 0x66,
  0x58, 0x33, 0x55, 0x55, 0x55, 0x55, 0x55, 0x53, 0x8c, 0xab, 0xd2, 0x0d, 0x55, 0xcc, 0xcb, 0x76,
  0xaa, 0xaa, 0xa6, 0x66, 0x77, 0x77, 0xbb, 0xbb, 0x77, 0x7c, 0x45, 0x55, 0x55, 0x55, 0x33, 0x55,
  0x33, 0x35, 0x55, 0x34, 0xc6, 0xc0, 0x08, 0x88, 0x88, 0x80, 0x25, 0x65, 0xef, 0xcc, 0xf9, 0x99,
  0x99, 0x5b, 0x55, 0x5d, 0xed, 0xdd, 0xcc, 0x99, 0x99, 0x99, 0x95, 0x75, 0xff, 0xca, 0xce, 0xee,
  0xee, 0xee, 0x95, 0x5c, 0x76, 0xc5, 0x5b, 0x59, 0xbc, 0x08, 0x88, 0x88, 0x88, 0x48, 0x88, 0x88,
  0x88, 0x88, 0x88, 0x88, 0x88, 0x88, 0x88, 0x88, 0x88, 0x88, 0x88, 0x88, 0x88, 0x88, 0x88, 0x88,
  0x88, 0x88, 0x88, 0x08, 0x80, 0x00, 0x00, 0x00, 0x00, 0x00, 0x00, 0x11, 0x11, 0x11, 0x11, 0x11,
  0x11, 0x11, 0x11, 0x11, 0x11, 0x11, 0x11, 0x11, 0x11, 0x11, 0x11, 0x10, 0x11, 0x11, 0x11, 0x11,
  0x11, 0x11, 0x11, 0x11, 0x11, 0x11, 0x11, 0x11, 0x11, 0x11, 0x11, 0x11, 0x10, 0x00, 0x00, 0x00,
  0x00, 0x00, 0x08, 0x88, 0x88, 0x88, 0x88, 0x88, 0x88, 0x88, 0x88, 0x88, 0x88, 0x00, 0x00, 0x08,
  0x88, 0x88, 0x88, 0x88, 0x88, 0x88, 0x88, 0x88, 0x88, 0x88, 0x88, 0x88, 0x88, 0x88, 0x88, 0x88,
  0x88, 0x88, 0x0d, 0xc6, 0x75, 0x43, 0x35, 0x55, 0x53, 0x55, 0x55, 0x54, 0xdb, 0xac, 0x08, 0x80,
  0x00, 0x20, 0x0d, 0xd5, 0x5c, 0xcc, 0xcb, 0xb7, 0x77, 0x66, 0x66, 0x66, 0x66, 0x6c, 0x55, 0x55,
  0x55, 0x55, 0x55, 0x55, 0x55, 0x55, 0x55, 0x34, 0xc6, 0xc0, 0x08, 0x88, 0x88, 0x88, 0x25, 0x6c,
  0xe9, 0x5b, 0x59, 0x99, 0x99, 0x57, 0xcc, 0xc5, 0x5c, 0xcc, 0xbc, 0x99, 0x99, 0x99, 0x9c, 0xce,
  0x99, 0xc6, 0x7b, 0xcc, 0xcc, 0xcc, 0xb7, 0x6b, 0xcc, 0xc5, 0x5c, 0xcc, 0xbd, 0x08, 0x88, 0x88,
  0x88, 0x88, 0x88, 0x88, 0x88, 0x88, 0x88, 0x88, 0x88, 0x88, 0x88, 0x88, 0x88, 0x88, 0x88, 0x88,
  0x88, 0x88, 0x88, 0x88, 0x88, 0x88, 0x88, 0x08, 0x80, 0x00, 0x00, 0x00, 0x00, 0x02, 0x01, 0x11,
  0x11, 0x11, 0x11, 0x11, 0x11, 0x11, 0x11, 0x11, 0x11, 0x11, 0x11, 0x11, 0x11, 0x11, 0x11, 0x10,
  0x11, 0x11, 0x11, 0x11, 0x11, 0x11, 0x11, 0x11, 0x11, 0x11, 0x11, 0x11, 0x11, 0x11, 0x11, 0x11,
  0x12, 0x00, 0x02, 0x00, 0x00, 0x00, 0x00, 0x88, 0x88, 0x88, 0x88, 0x84, 0x88, 0x88, 0x88, 0x88,
  0x88, 0x00, 0x00, 0x88, 0x88, 0x88, 0x88, 0x88, 0x88, 0x88, 0x88, 0x88, 0x88, 0x88, 0x08, 0x88,
  0x88, 0x88, 0x88, 0x88, 0x88, 0x84, 0x80, 0xdb, 0x67, 0xc3, 0x43, 0x33, 0x33, 0x33, 0x33, 0x44,
  0xca, 0x7d, 0x08, 0x08, 0x88, 0x00, 0x00, 0x00, 0x22, 0x00, 0x8d, 0xdd, 0x55, 0x55, 0x55, 0x55,
  0x5c, 0x6c, 0x43, 0x55, 0x55, 0x55, 0x55, 0x33, 0x55, 0x55, 0x55, 0x34, 0xca, 0xc0, 0x08, 0x88,
  0x88, 0x88, 0x05, 0x67, 0x5f, 0xfc, 0xc9, 0x99, 0x99, 0x95, 0xcc, 0x75, 0x57, 0xc5, 0x59, 0x99,
  0x99, 0x9f, 0x57, 0x59, 0xf5, 0x77, 0xcc, 0xcc, 0xcc, 0xcc, 0xcc, 0x55, 0x9c, 0xc5, 0x5c, 0xac,
  0xd0, 0xd8, 0x88, 0x88, 0x88, 0x88, 0x88, 0x44, 0x88, 0x88, 0x88, 0x88, 0x88, 0x88, 0x88, 0x88,
  0x88, 0x88, 0x88, 0x88, 0x88, 0x88, 0x88, 0x88, 0x88, 0x88, 0x88, 0x08, 0x80, 0x00, 0x00, 0x00,
  0x00, 0x01, 0x11, 0x11, 0x11, 0x11, 0x11, 0x11, 0x11, 0x11, 0x11, 0x11, 0x11, 0x11, 0x11, 0x11,
  0x11, 0x11, 0x11, 0x10, 0x11, 0x11, 0x11, 0x11, 0x11, 0x11, 0x11, 0x11, 0x11, 0x11, 0x11, 0x11,
  0x11, 0x11, 0x11, 0x11, 0x11, 0x00, 0x00, 0x00, 0x00, 0x00, 0x00, 0x00, 0x08, 0x88, 0x88, 0x88,
  0x88, 0x88, 0x88, 0x88, 0x88, 0x00, 0x00, 0x88, 0x88, 0x88, 0x88, 0x88, 0x88, 0x88, 0x88, 0x88,
  0x88, 0x88, 0x88, 0x88, 0x88, 0x88, 0x88, 0x88, 0x88, 0x88, 0x88, 0x05, 0xb6, 0x6c, 0x54, 0x44,
  0x33, 0x33, 0x48, 0x4c, 0x66, 0xc0, 0x88, 0x88, 0x08, 0x80, 0x88, 0x80, 0x08, 0x00, 0x00, 0x00,
  0x00, 0x00, 0x00, 0x22, 0x15, 0x6c, 0x33, 0x35, 0x55, 0x55, 0x33, 0x55, 0x55, 0x55, 0x33, 0x3d,
  0xc6, 0xc0, 0x88, 0x88, 0x88, 0x08, 0x0d, 0x7a, 0xce, 0x95, 0xcc, 0xe9, 0x99, 0x99, 0xfe, 0xcc,
  0x5b, 0xff, 0xf9, 0x99, 0x99, 0xf5, 0xbc, 0x99, 0x9c, 0xcb, 0x51, 0xdc, 0xee, 0xfe, 0x5c, 0x95,
  0x9c, 0xc5, 0xc6, 0xcd, 0x0d, 0xd8, 0x88, 0x88, 0x88, 0x88, 0x88, 0x84, 0x88, 0x88, 0x88, 0x88,
  0x88, 0x88, 0x88, 0x88, 0x88, 0x88, 0x88, 0x88, 0x88, 0x88, 0x88, 0x88, 0x88, 0x88, 0x88, 0x88,
  0x00, 0x00, 0x00, 0x00, 0x02, 0x21, 0x11, 0x11, 0x11, 0x11, 0x11, 0x11, 0x11, 0x11, 0x11, 0x11,
  0x11, 0x11, 0x11, 0x11, 0x11, 0x11, 0x11, 0x10, 0x11, 0x11, 0x11, 0x11, 0x11, 0x11, 0x11, 0x11,
  0x11, 0x11, 0x11, 0x11, 0x11, 0x11, 0x11, 0x11, 0x11, 0x12, 0x00, 0x00, 0x00, 0x00, 0x00, 0x00,
  0x00, 0x08, 0x88, 0x88, 0x88, 0x88, 0x88, 0x80, 0x00, 0x00, 0x00, 0x08, 0x88, 0x88, 0x88, 0x88,
  0x88, 0x88, 0x88, 0x88, 0x88, 0x88, 0x88, 0x88, 0x88, 0x88, 0x88, 0x88, 0xe8, 0x88, 0x88, 0x80,
  0xdc, 0x66, 0x7c, 0xc5, 0xd4, 0x84, 0xd5, 0xc6, 0x6c, 0xd0, 0xd8, 0x88, 0x88, 0xe8, 0x88, 0x80,
  0x08, 0x88, 0x88, 0x88, 0x88, 0x88, 0x00, 0x00, 0x05, 0x6b, 0x53, 0x35, 0x55, 0x55, 0x55, 0x33,
  0x35, 0x35, 0x53, 0x35, 0x76, 0x50, 0x88, 0x80, 0x00, 0x88, 0x0d, 0xbb, 0x75, 0xef, 0x5b, 0xce,
  0x99, 0x99, 0x9e, 0x5b, 0xbc, 0x99, 0x99, 0x99, 0x9f, 0x5b, 0xc9, 0x99, 0xc6, 0x5b, 0x50, 0x5c,
  0x9f, 0x9f, 0x5c, 0x55, 0x95, 0xbb, 0x6c, 0x80, 0xd8, 0x88, 0x84, 0x88, 0x88, 0x48, 0x88, 0x88,
  0x88, 0x84, 0x88, 0x80, 0x80, 0x88, 0x88, 0x88, 0x88, 0x88, 0x88, 0x88, 0x88, 0x88, 0x88, 0x88,
  0x88, 0x88, 0x88, 0x00, 0x00, 0x00, 0x00, 0x00, 0x00, 0x11, 0x11, 0x11, 0x11, 0x11, 0x11, 0x11,
  0x11, 0x11, 0x11, 0x11, 0x11, 0x11, 0x11, 0x11, 0x11, 0x11, 0x11, 0x10, 0x11, 0x11, 0x11, 0x11,
  0x11, 0x11, 0x11, 0x11, 0x11, 0x11, 0x11, 0x11, 0x11, 0x11, 0x11, 0x11, 0x11, 0x10, 0x00, 0x00,
  0x02, 0x00, 0x00, 0x00, 0x00, 0x88, 0x88, 0x88, 0x88, 0x88, 0x88, 0x88, 0x00, 0x00, 0x00, 0x08,
  0x88, 0x88, 0x88, 0x88, 0x88, 0x88, 0x88, 0x88, 0x88, 0x88, 0x88, 0x88, 0x88, 0x88, 0x88, 0x88,
  0xe8, 0x88, 0x88, 0x88, 0x00, 0x5b, 0x6a, 0x67, 0xcc, 0xcc, 0xc7, 0x66, 0xcd, 0x08, 0x88, 0x88,
  0x88, 0x48, 0x88, 0x88, 0x00, 0x00, 0x88, 0x88, 0x88, 0x88, 0x88, 0x00, 0x0d, 0x76, 0x54, 0x35,
  0x55, 0x55, 0x55, 0x33, 0x33, 0x33, 0x33, 0x4c, 0x6b, 0xd0, 0x88, 0x80, 0x00, 0x88, 0x88, 0xcc,
  0xcb, 0x9f, 0xf5, 0xbc, 0x5e, 0x99, 0x99, 0x95, 0x59, 0x99, 0x99, 0x9f, 0xf5, 0xbc, 0x99, 0xf5,
  0x6c, 0x57, 0x50, 0x5c, 0xff, 0xfe, 0x5c, 0x55, 0xc7, 0x6c, 0x50, 0x8d, 0x48, 0x88, 0x84, 0x88,
  0x88, 0x48, 0x88, 0x88, 0x88, 0x88, 0x88, 0x80, 0x80, 0x88, 0x88, 0x88, 0x88, 0x88, 0x88, 0x88,
  0x88, 0x88, 0x88, 0x88, 0x88, 0x88, 0x80, 0x00, 0x00, 0x00, 0x00, 0x00, 0x00, 0x11, 0x11, 0x11,
  0x11, 0x11, 0x11, 0x11, 0x11, 0x11, 0x11, 0x11, 0x11, 0x11, 0x11, 0x11, 0x11, 0x11, 0x11, 0x10,
  0x11, 0x11, 0x11, 0x11, 0x11, 0x11, 0x11, 0x11, 0x11, 0x11, 0x11, 0x11, 0x11, 0x11, 0x11, 0x11,
  0x11, 0x10, 0x00, 0x00, 0x00, 0x00, 0x20, 0x00, 0x00, 0x00, 0x08, 0x88, 0x88, 0x88, 0x88, 0x88,
  0x80, 0x00, 0x00, 0x88, 0x88, 0x88, 0x88, 0x84, 0x88, 0x88, 0x88, 0x88, 0x88, 0x88, 0x88, 0x88,
  0x88, 0x88, 0x88, 0x88, 0x88, 0x80, 0x88, 0x88, 0x80, 0x0d, 0x5c, 0x76, 0xaa, 0xaa, 0x67, 0xc5,
  0x00, 0x88, 0x88, 0x88, 0x88, 0x88, 0x88, 0x88, 0x00, 0x08, 0x88, 0x88, 0x88, 0x88, 0x88, 0x80,
  0x08, 0xca, 0xc4, 0x35, 0x55, 0x55, 0x35, 0x55, 0x33, 0x33, 0x34, 0x5b, 0xac, 0x08, 0x00, 0x88,
  0x88, 0x80, 0x80, 0xcb, 0x5b, 0xc9, 0x4f, 0x5c, 0xbc, 0x5f, 0xff, 0xff, 0xf9, 0x99, 0xff, 0x95,
  0xc7, 0xc9, 0x9f, 0x57, 0xc9, 0x57, 0x7c, 0xcb, 0xcc, 0xcc, 0xc6, 0xb7, 0xbc, 0x50, 0x08, 0x88,
  0x88, 0x88, 0x88, 0x88, 0x88, 0x88, 0x48, 0x88, 0x88, 0x88, 0x88, 0x88, 0x88, 0x88, 0x88, 0x88,
  0x88, 0x88, 0x88, 0x88, 0x88, 0x88, 0x88, 0x88, 0x88, 0x80, 0x00, 0x00, 0x00, 0x00, 0x00, 0x02,
  0x22, 0x11, 0x11, 0x11, 0x11, 0x11, 0x11, 0x11, 0x11, 0x11, 0x11, 0x11, 0x11, 0x11, 0x11, 0x11,
  0x11, 0x11, 0x11, 0x10, 0x11, 0x11, 0x11, 0x11, 0x11, 0x11, 0x11, 0x11, 0x11, 0x11, 0x11, 0x11,
  0x11, 0x11, 0x11, 0x11, 0x11, 0x10, 0x02, 0x00, 0x00, 0x00, 0x00, 0x00, 0x00, 0x00, 0x00, 0x88,
  0x88, 0x88, 0x88, 0x80, 0x80, 0x08, 0x88, 0x88, 0x88, 0x88, 0x88, 0x88, 0x88, 0x88, 0x88, 0x88,
  0x88, 0x88, 0x88, 0x88, 0x88, 0x88, 0x84, 0x48, 0x88, 0x00, 0x08, 0x88, 0x88, 0x80, 0x08, 0x55,
  0xcc, 0xcc, 0x55, 0xd0, 0x08, 0x88, 0x88, 0x88, 0x88, 0x88, 0x00, 0x08, 0x88, 0x88, 0x88, 0x88,
  0x88, 0x88, 0x88, 0x88, 0x40, 0x56, 0x75, 0x43, 0x33, 0x55, 0x55, 0x33, 0x53, 0x33, 0x4d, 0xc6,
  0x7d, 0x08, 0x08, 0x88, 0x88, 0x88, 0x80, 0x57, 0x5d, 0x7b, 0x5e, 0xf9, 0x5b, 0x7c, 0x55, 0x99,
  0x99, 0x95, 0x5c, 0xc7, 0xc5, 0xf9, 0x95, 0x6c, 0x5f, 0xcb, 0x5c, 0xcc, 0xcc, 0xcc, 0xcc, 0x55,
  0xd0, 0x00, 0x88, 0x88, 0x88, 0x88, 0x88, 0x88, 0x88, 0x88, 0x88, 0x88, 0x88, 0x88, 0x88, 0x88,
  0x88, 0x88, 0x88, 0x88, 0x88, 0x88, 0x88, 0x88, 0x88, 0x88, 0x88, 0x88, 0x88, 0x80, 0x00, 0x00,
  0x00, 0x00, 0x00, 0x00, 0x01, 0x11, 0x11, 0x11, 0x11, 0x11, 0x11, 0x11, 0x11, 0x11, 0x11, 0x11,
  0x11, 0x11, 0x11, 0x11, 0x11, 0x11, 0x11, 0x10, 0x11, 0x11, 0x11, 0x11, 0x11, 0x11, 0x11, 0x11,
  0x11, 0x11, 0x11, 0x11, 0x11, 0x11, 0x11, 0x11, 0x11, 0x10, 0x22, 0x00, 0x00, 0x00, 0x20, 0x00,
  0x00, 0x00, 0x00, 0x88, 0x88, 0x88, 0x88, 0x88, 0x88, 0x88, 0x88, 0x88, 0x88, 0x88, 0x88, 0x88,
  0x88, 0x88, 0x88, 0x88, 0x88, 0x88, 0x88, 0x88, 0x88, 0x88, 0x88, 0x88, 0x88, 0x88, 0x88, 0x88,
  0x88, 0x88, 0x88, 0x00, 0x00, 0x02, 0x20, 0x08, 0x88, 0x88, 0x88, 0x88, 0x88, 0x88, 0x88, 0x88,
  0x88, 0x88, 0x88, 0x88, 0x88, 0x88, 0x88, 0x88, 0x80, 0x0c, 0x67, 0x54, 0x43, 0x35, 0x53, 0x33,
  0x34, 0x48, 0x5c, 0x66, 0xc0, 0x88, 0x88, 0x88, 0x88, 0x88, 0x88, 0x0c, 0xc4, 0x5b, 0xb5, 0x9f,
  0xe9, 0x5c, 0xbb, 0xbc, 0xcc, 0xbb, 0x7c, 0xc5, 0xef, 0xf5, 0xca, 0xc9, 0xf9, 0xbc, 0x10, 0x00,
  0x00, 0x00, 0x00, 0x00, 0x08, 0x84, 0x88, 0x88, 0x88, 0x88, 0x88, 0x88, 0x88, 0x88, 0x88, 0x88,
  0x88, 0x88, 0x88, 0x88, 0x88, 0x88, 0x88, 0x88, 0x88, 0x88, 0x88, 0x88, 0x88, 0x88, 0x88, 0x88,
  0x88, 0x80, 0x00, 0x00, 0x00, 0x00, 0x00, 0x02, 0x11, 0x11, 0x11, 0x11, 0x11, 0x11, 0x11, 0x11,
  0x11, 0x11, 0x11, 0x11, 0x11, 0x11, 0x11, 0x11, 0x11, 0x11, 0x11, 0x10, 0x11, 0x11, 0x11, 0x11,
  0x11, 0x11, 0x11, 0x11, 0x11, 0x11, 0x11, 0x11, 0x11, 0x11, 0x11, 0x11, 0x11, 0x10, 0x00, 0x00,
  0x00, 0x00, 0x20, 0x00, 0x00, 0x00, 0x00, 0x88, 0x88, 0x88, 0x88, 0x88, 0x88, 0x88, 0x88, 0x88,
  0x88, 0x88, 0x88, 0x88, 0x88, 0x88, 0x88, 0x88, 0x88, 0x88, 0x88, 0x88, 0x88, 0x88, 0x88, 0x88,
  0x88, 0x88, 0x88, 0x88, 0x88, 0x88, 0x88, 0x80, 0x00, 0x88, 0x88, 0x88, 0x88, 0x88, 0x84, 0x88,
  0x88, 0x88, 0x88, 0x88, 0x88, 0x88, 0x88, 0x88, 0x84, 0x88, 0x88, 0x88, 0x88, 0x0d, 0xc6, 0x7c,
  0x54, 0x43, 0x33, 0x33, 0x84, 0x5c, 0xb6, 0x7c, 0x08, 0x88, 0x88, 0x88, 0x88, 0x88, 0x88, 0x2d,
  0x7c, 0x09, 0xc6, 0xc5, 0x4e, 0xef, 0x95, 0x5c, 0xcc, 0x55, 0x59, 0xee, 0xe5, 0xc6, 0xbc, 0xc9,
  0xec, 0x7d, 0x08, 0x80, 0x08, 0x00, 0x88, 0x88, 0x88, 0x84, 0x88, 0x88, 0x88, 0x88, 0x88, 0x88,
  0x88, 0x88, 0x88, 0x88, 0x88, 0x88, 0x88, 0x88, 0x88, 0x88, 0x88, 0x88, 0x88, 0x88, 0x88, 0x88,
  0x88, 0x88, 0x88, 0x88, 0x88, 0x80, 0x00, 0x00, 0x00, 0x02, 0x20, 0x02, 0x11, 0x11, 0x11, 0x11,
  0x11, 0x11, 0x11, 0x11, 0x11, 0x11, 0x11, 0x11, 0x11, 0x11, 0x11, 0x11, 0x11, 0x11, 0x11, 0x10,
  0x11, 0x11, 0x11, 0x11, 0x11, 0x11, 0x11, 0x11, 0x11, 0x11, 0x11, 0x11, 0x11, 0x11, 0x11, 0x11,
  0x11, 0x10, 0x00, 0x00, 0x00, 0x00, 0x00, 0x00, 0x00, 0x00, 0x00, 0x88, 0x88, 0x88, 0x88, 0x88,
  0x88, 0x88, 0x88, 0x88, 0x88, 0x88, 0x88, 0x88, 0x88, 0x88, 0x88, 0x88, 0x48, 0x88, 0x88, 0x88,
  0x88, 0x84, 0x88, 0x88, 0x88, 0x88, 0x88, 0x88, 0x88, 0x88, 0x00, 0x08, 0x88, 0x88, 0x88, 0x08,
  0x88, 0x88, 0x88, 0x88, 0x88, 0x88, 0x88, 0x88, 0x88, 0x88, 0x88, 0x88, 0x88, 0x88, 0x88, 0x88,
  0x88, 0x00, 0xdc, 0x66, 0x7c, 0x55, 0x55, 0x55, 0x5c, 0x76, 0x6b, 0x50, 0x00, 0x88, 0x8e, 0x88,
  0x88, 0x88, 0x84, 0x80, 0x56, 0x5e, 0xc5, 0xc6, 0xc5, 0x5f, 0xee, 0xee, 0xee, 0xee, 0xff, 0x95,
  0xc7, 0x7c, 0x55, 0xb9, 0x57, 0xc0, 0x44, 0x48, 0x88, 0x88, 0x84, 0x88, 0x88, 0x88, 0x88, 0x88,
  0x44, 0x48, 0x88, 0x88, 0x44, 0x88, 0x44, 0x88, 0x88, 0x88, 0x88, 0x88, 0x88, 0x88, 0x88, 0x88,
  0x88, 0x88, 0x88, 0x88, 0x88, 0x88, 0x88, 0x88, 0x00, 0x00, 0x00, 0x00, 0x00, 0x00, 0x00, 0x01,
  0x11, 0x11, 0x11, 0x11, 0x11, 0x11, 0x11, 0x11, 0x11, 0x11, 0x11, 0x11, 0x11, 0x11, 0x11, 0x11,
  0x11, 0x11, 0x11, 0x10, 0x11, 0x11, 0x11, 0x11, 0x11, 0x11, 0x11, 0x11, 0x11, 0x11, 0x11, 0x11,
  0x11, 0x11, 0x11, 0x11, 0x11, 0x11, 0x11, 0x00, 0x22, 0x00, 0x00, 0x00, 0x00, 0x00, 0x00, 0x08,
  0x88, 0x88, 0x88, 0x88, 0x88, 0x88, 0x88, 0x88, 0x88, 0x88, 0x88, 0x88, 0x88, 0x88, 0x88, 0x88,
  0x88, 0x88, 0x88, 0x88, 0x88, 0x84, 0x88, 0x88, 0x88, 0x88, 0x88, 0x88, 0x88, 0x88, 0x08, 0x08,
  0x88, 0x88, 0x88, 0x08, 0x88, 0x88, 0x88, 0x88, 0x88, 0x88, 0x88, 0x88, 0x88, 0x88, 0x88, 0x88,
  0x88, 0x88, 0x88, 0x88, 0x88, 0x88, 0x0d, 0xcb, 0x6a, 0x67, 0x7b, 0x77, 0x6a, 0x6b, 0xcd, 0x00,
  0x08, 0x88, 0x84, 0x88, 0x88, 0x88, 0x84, 0x80, 0x2c, 0x65, 0xc5, 0xe5, 0xc7, 0xbc, 0xcc, 0x55,
  0x55, 0x55, 0xcc, 0xb6, 0xbb, 0x55, 0x55, 0xb5, 0x7c, 0x80, 0x88, 0x88, 0x88, 0x88, 0x88, 0x88,
  0x88, 0x88, 0x88, 0x88, 0x88, 0x88, 0x88, 0x44, 0x88, 0x88, 0x44, 0x88, 0x88, 0x88, 0x88, 0x88,
  0x88, 0x88, 0x88, 0x88, 0x88, 0x88, 0x88, 0x88, 0x88, 0x88, 0x88, 0x88, 0x00, 0x00, 0x00, 0x00,
  0x02, 0x00, 0x00, 0x11, 0x11, 0x11, 0x11, 0x11, 0x11, 0x11, 0x11, 0x11, 0x11, 0x11, 0x11, 0x11,
  0x11, 0x11, 0x11, 0x11, 0x11, 0x11, 0x11, 0x10, 0x11, 0x11, 0x11, 0x11, 0x11, 0x11, 0x11, 0x11,
  0x11, 0x11, 0x11, 0x11, 0x11, 0x11, 0x11, 0x11, 0x11, 0x11, 0x11, 0x10, 0x12, 0x00, 0x00, 0x00,
  0x02, 0x00, 0x00, 0x00, 0x88, 0x88, 0x88, 0x88, 0x88, 0x88, 0x88, 0x88, 0x88, 0x88, 0x88, 0x88,
  0x88, 0x88, 0x88, 0x84, 0x88, 0x88, 0x88, 0x88, 0x88, 0x84, 0x88, 0x88, 0x88, 0x88, 0x88, 0x88,
  0x88, 0x88, 0x08, 0x08, 0x88, 0x88, 0x88, 0x08, 0x88, 0x88, 0x48, 0x88, 0x88, 0x88, 0x88, 0x88,
  0x88, 0x88, 0x88, 0x88, 0x88, 0x88, 0x88, 0x80, 0x08, 0x88, 0x80, 0x0d, 0x5c, 0x76, 0x66, 0x66,
  0xbc, 0x5d, 0x00, 0x00, 0x80, 0x88, 0x88, 0x88, 0x88, 0x88, 0x84, 0x88, 0x80, 0xc6, 0xc5, 0xf9,
  0x55, 0xcc, 0xc7, 0x66, 0x77, 0x67, 0xbb, 0xc5, 0xdc, 0x55, 0x55, 0x76, 0xcd, 0x08, 0x88, 0x88,
  0x88, 0x88, 0x88, 0x88, 0x88, 0x48, 0x88, 0x88, 0x88, 0x88, 0x88, 0x88, 0x88, 0x44, 0x84, 0x48,
  0x88, 0x88, 0x88, 0x88, 0x88, 0x88, 0x88, 0x88, 0x88, 0x88, 0x88, 0x88, 0x88, 0x88, 0x88, 0x88,
  0x00, 0x00, 0x00, 0x00, 0x02, 0x00, 0x21, 0x11, 0x11, 0x11, 0x11, 0x11, 0x11, 0x11, 0x11, 0x11,
  0x11, 0x11, 0x11, 0x11, 0x11, 0x11, 0x11, 0x11, 0x11, 0x11, 0x11, 0x10, 0x11, 0x11, 0x11, 0x11,
  0x11, 0x11, 0x11, 0x11, 0x11, 0x11, 0x11, 0x11, 0x11, 0x11, 0x11, 0x11, 0x11, 0x11, 0x11, 0x11,
  0x12, 0x00, 0x00, 0x00, 0x00, 0x00, 0x20, 0x00, 0x00, 0x88, 0x88, 0x88, 0x88, 0x88, 0x88, 0x88,
  0x88, 0x88, 0x88, 0x88, 0x88, 0x88, 0x88, 0x84, 0x88, 0x88, 0x88, 0x88, 0x88, 0x88, 0x88, 0x88,
  0x88, 0x88, 0x88, 0x48, 0x88, 0x88, 0x88, 0x88, 0x88, 0x88, 0x88, 0x88, 0x88, 0x88, 0x88, 0x88,
  0x88, 0x88, 0x88, 0x88, 0x88, 0x48, 0x88, 0x88, 0x88, 0x88, 0x88, 0x80, 0x08, 0x88, 0x88, 0x00,
  0x20, 0xd5, 0x55, 0x55, 0xd0, 0x00, 0x08, 0x88, 0x88, 0x88, 0x88, 0x88, 0x88, 0x88, 0x88, 0x84,
  0x80, 0x0c, 0x6c, 0x5e, 0x55, 0xc1, 0xed, 0x5c, 0xc5, 0x55, 0x95, 0xcd, 0x0c, 0xc5, 0x5c, 0x6c,
  0xd0, 0x88, 0x88, 0x88, 0x88, 0x88, 0x44, 0x88, 0x88, 0x88, 0x88, 0x88, 0x88, 0x44, 0x88, 0x88,
  0x44, 0x48, 0x88, 0x88, 0x88, 0x88, 0x88, 0x88, 0x88, 0x88, 0x88, 0x88, 0x88, 0x88, 0x88, 0x88,
  0x88, 0x08, 0x88, 0x80, 0x00, 0x00, 0x20, 0x00, 0x00, 0x00, 0x11, 0x11, 0x11, 0x11, 0x11, 0x11,
  0x11, 0x11, 0x11, 0x11, 0x11, 0x11, 0x11, 0x11, 0x11, 0x11, 0x11, 0x11, 0x11, 0x11, 0x11, 0x10,
  0x11, 0x11, 0x11, 0x11, 0x11, 0x11, 0x11, 0x11, 0x11, 0x11, 0x11, 0x11, 0x11, 0x11, 0x11, 0x11,
  0x11, 0x11, 0x11, 0x11, 0x12, 0x00, 0x00, 0x20, 0x00, 0x00, 0x00, 0x00, 0x00, 0x88, 0x88, 0x88,
  0x88, 0x88, 0x88, 0x88, 0x88, 0x88, 0x88, 0x88, 0x88, 0x88, 0x88, 0x88, 0x88, 0x88, 0x88, 0x88,
  0x88, 0x88, 0x88, 0x88, 0x88, 0x88, 0x88, 0x88, 0x88, 0x88, 0x88, 0x88, 0x88, 0x88, 0x88, 0x88,
  0x88, 0x88, 0x88, 0x88, 0x88, 0x88, 0xdd, 0x88, 0x88, 0x88, 0x88, 0x88, 0x88, 0x88, 0x88, 0x88,
  0x88, 0x88, 0x88, 0x00, 0x00, 0x00, 0x02, 0x00, 0x08, 0x88, 0x88, 0x88, 0x88, 0x88, 0x88, 0x88,
  0x88, 0x88, 0x88, 0x88, 0x84, 0x00, 0x57, 0x7c, 0x55, 0xce, 0xff, 0x55, 0xc9, 0xef, 0xf5, 0xc5,
  0xec, 0xc5, 0xb7, 0x50, 0x08, 0x80, 0x88, 0x88, 0x88, 0x88, 0x48, 0x84, 0x44, 0x84, 0x88, 0x88,
  0x88, 0x84, 0x88, 0x84, 0x48, 0x88, 0x48, 0x88, 0x88, 0x88, 0x88, 0x88, 0x88, 0x88, 0x88, 0x88,
  0x88, 0x88, 0x88, 0x88, 0x80, 0x00, 0x00, 0x00, 0x00, 0x00, 0x00, 0x00, 0x00, 0x20, 0x11, 0x11,
  0x11, 0x11, 0x11, 0x11, 0x11, 0x11, 0x11, 0x11, 0x11, 0x11, 0x11, 0x11, 0x11, 0x11, 0x11, 0x11,
  0x11, 0x11, 0x11, 0x10, 0x11, 0x11, 0x11, 0x11, 0x11, 0x11, 0x11, 0x11, 0x11, 0x11, 0x11, 0x11,
  0x11, 0x11, 0x11, 0x11, 0x11, 0x11, 0x11, 0x11, 0x12, 0x02, 0x00, 0x00, 0x00, 0x00, 0x00, 0x00,
  0x00, 0x88, 0x88, 0x88, 0x88, 0x88, 0x88, 0x88, 0x88, 0x88, 0x88, 0x88, 0x88, 0x88, 0x88, 0x88,
  0x88, 0x88, 0x88, 0x88, 0x88, 0x88, 0x88, 0x88, 0x88, 0x88, 0x88, 0x88, 0x88, 0x88, 0x88, 0x88,
  0x88, 0x88, 0x88, 0x88, 0x4d, 0x88, 0x88, 0x88, 0x88, 0x8d, 0x88, 0x48, 0x88, 0x88, 0x88, 0x88,
  0x88, 0x88, 0x88, 0x88, 0x88, 0x88, 0x88, 0x00, 0x00, 0x88, 0x88, 0x88, 0x88, 0x88, 0x88, 0x88,
  0x88, 0x88, 0x88, 0x88, 0x88, 0x88, 0x88, 0x88, 0x84, 0xd8, 0x0d, 0xc6, 0xbc, 0x5e, 0xee, 0x55,
  0xc5, 0xf9, 0xf5, 0xc5, 0x5c, 0x77, 0xcd, 0x2e, 0x48, 0x80, 0x88, 0x88, 0x88, 0x88, 0x88, 0x88,
  0x84, 0x44, 0x88, 0x88, 0x88, 0x88, 0x84, 0x88, 0x88, 0x88, 0x88, 0x88, 0x88, 0x88, 0x88, 0x88,
  0x88, 0x88, 0x88, 0x88, 0x88, 0x88, 0x88, 0x88, 0x80, 0x00, 0x00, 0x00, 0x00, 0x00, 0x00, 0x00,
  0x00, 0x21, 0x01, 0x11, 0x11, 0x11, 0x11, 0x11, 0x11, 0x11, 0x11, 0x11, 0x11, 0x11, 0x11, 0x11,
  0x11, 0x11, 0x11, 0x11, 0x11, 0x11, 0x11, 0x10, 0x11, 0x11, 0x11, 0x11, 0x11, 0x11, 0x11, 0x11,
  0x11, 0x11, 0x11, 0x11, 0x11, 0x11, 0x11, 0x11, 0x11, 0x11, 0x11, 0x11, 0x11, 0x02, 0x20, 0x00,
  0x00, 0x00, 0x00, 0x00, 0x00, 0x88, 0x88, 0x88, 0x88, 0x88, 0x88, 0x88, 0x88, 0x88, 0x88, 0x88,
  0x88, 0x88, 0x88, 0x48, 0x88, 0x88, 0x88, 0x88, 0x88, 0x88, 0x88, 0x88, 0x88, 0xd8, 0x88, 0x88,
  0x88, 0x88, 0x88, 0x88, 0x88, 0x88, 0x88, 0x88, 0x4d, 0x88, 0x88, 0x88, 0x88, 0x8d, 0x88, 0x48,
  0x88, 0x88, 0x48, 0x88, 0x88, 0x88, 0x88, 0x88, 0x88, 0x88, 0x88, 0x8e, 0x88, 0x08, 0x88, 0x88,
  0x88, 0x88, 0x88, 0x88, 0x88, 0x84, 0x88, 0x88, 0x88, 0x88, 0x88, 0x88, 0x88, 0x80, 0x80, 0x0d,
  0xcb, 0x7c, 0xc5, 0x55, 0xc5, 0x95, 0x55, 0xbb, 0x7b, 0xc5, 0x00, 0x88, 0x88, 0x88, 0x88, 0x88,
  0x84, 0x88, 0x84, 0x48, 0x88, 0x88, 0x88, 0x88, 0x88, 0x88, 0x84, 0x88, 0x88, 0x48, 0x88, 0x88,
  0x88, 0x88, 0x88, 0x88, 0x88, 0x88, 0x88, 0x88, 0x88, 0x88, 0x88, 0x88, 0x88, 0x80, 0x00, 0x00,
  0x00, 0x02, 0x20, 0x00, 0x02, 0x11, 0x01, 0x11, 0x11, 0x11, 0x11, 0x11, 0x11, 0x11, 0x11, 0x11,
  0x11, 0x11, 0x11, 0x11, 0x11, 0x11, 0x11, 0x11, 0x11, 0x11, 0x11, 0x10, 0x11, 0x11, 0x11, 0x11,
  0x11, 0x11, 0x11, 0x11, 0x11, 0x11, 0x11, 0x11, 0x11, 0x11, 0x11, 0x11, 0x11, 0x11, 0x11, 0x11,
  0x11, 0x10, 0x00, 0x00, 0x00, 0x00, 0x00, 0x00, 0x00, 0x88, 0x88, 0x88, 0x88, 0x88, 0x88, 0x88,
  0x88, 0x88, 0x88, 0x88, 0x88, 0x88, 0x88, 0x48, 0x88, 0x88, 0x88, 0x88, 0x88, 0x88, 0x88, 0x88,
  0x88, 0x48, 0x84, 0x88, 0x88, 0x88, 0x48, 0x84, 0x88, 0x88, 0x88, 0x88, 0x88, 0x88, 0x88, 0x88,
  0x88, 0x44, 0x88, 0x88, 0x88, 0x88, 0x88, 0x88, 0x88, 0x88, 0x88, 0x88, 0x88, 0x88, 0x88, 0x84,
  0x88, 0x00, 0x08, 0x88, 0x88, 0x88, 0x88, 0x88, 0x88, 0x88, 0x84, 0x88, 0x88, 0x88, 0x88, 0x88,
  0x88, 0x88, 0x88, 0x80, 0x0d, 0x5c, 0xc7, 0x77, 0x67, 0xb7, 0x77, 0xcc, 0x5d, 0x00, 0x08, 0x88,
  0x88, 0x88, 0x88, 0x88, 0x88, 0x88, 0x84, 0x44, 0x44, 0x88, 0x88, 0x88, 0x88, 0x88, 0x88, 0x88,
  0x88, 0x88, 0x88, 0x88, 0x88, 0x88, 0x88, 0x88, 0x88, 0x88, 0x88, 0x88, 0x88, 0x88, 0x08, 0x88,
  0x88, 0x80, 0x00, 0x00, 0x00, 0x00, 0x00, 0x20, 0x02, 0x11, 0x11, 0x11, 0x11, 0x11, 0x11, 0x11,
  0x11, 0x11, 0x11, 0x11, 0x11, 0x11, 0x11, 0x11, 0x11, 0x11, 0x11, 0x11, 0x11, 0x11, 0x11, 0x10,
  0x11, 0x11, 0x11, 0x11, 0x11, 0x11, 0x11, 0x11, 0x11, 0x11, 0x11, 0x11, 0x11, 0x11, 0x11, 0x11,
  0x11, 0x11, 0x11, 0x11, 0x11, 0x11, 0x22, 0x00, 0x00, 0x00, 0x00, 0x00, 0x00, 0x08, 0x08, 0x88,
  0x88, 0x88, 0x88, 0x88, 0x88, 0x88, 0x88, 0x88, 0x88, 0x88, 0x88, 0x88, 0x88, 0x88, 0x88, 0x88,
  0x88, 0x88, 0x88, 0x88, 0x88, 0x88, 0x88, 0x88, 0x88, 0x88, 0x88, 0x88, 0x88, 0x88, 0x88, 0x88,
  0x88, 0x88, 0x88, 0x88, 0x88, 0x44, 0x88, 0x88, 0x88, 0x88, 0x88, 0x88, 0x88, 0x88, 0x88, 0x88,
  0x88, 0x88, 0x88, 0x88, 0x88, 0x80, 0x00, 0x88, 0x08, 0x88, 0x88, 0x88, 0x88, 0x88, 0x88, 0x88,
  0x88, 0x88, 0x88, 0x88, 0x88, 0x88, 0x88, 0x88, 0x80, 0x01, 0x0d, 0x55, 0x55, 0x55, 0x5d, 0x80,
  0x00, 0x88, 0x88, 0x88, 0x88, 0x88, 0x88, 0x88, 0x88, 0x88, 0x88, 0x88, 0x88, 0x88, 0x88, 0x88,
  0x88, 0x88, 0x88, 0x88, 0x88, 0x88, 0x88, 0x88, 0x88, 0x88, 0x88, 0x88, 0x88, 0x88, 0x88, 0x88,
  0x88, 0x88, 0x88, 0x88, 0x88, 0x80, 0x00, 0x00, 0x00, 0x00, 0x00, 0x00, 0x00, 0x11, 0x11, 0x11,
  0x11, 0x11, 0x11, 0x11, 0x11, 0x11, 0x11, 0x11, 0x11, 0x11, 0x11, 0x11, 0x11, 0x11, 0x11, 0x11,
  0x11, 0x11, 0x11, 0x10, 0x11, 0x11, 0x11, 0x11, 0x11, 0x11, 0x11, 0x11, 0x11, 0x11, 0x11, 0x11,
  0x11, 0x11, 0x11, 0x11, 0x11, 0x11, 0x11, 0x11, 0x11, 0x11, 0x11, 0x00, 0x00, 0x20, 0x00, 0x00,
  0x00, 0x00, 0x00, 0x88, 0x88, 0x88, 0x88, 0x88, 0x88, 0x88, 0x88, 0x88, 0x08, 0x88, 0x88, 0x88,
  0x88, 0x88, 0x88, 0x88, 0x88, 0x88, 0x88, 0x88, 0x88, 0x84, 0x88, 0x88, 0x88, 0x48, 0x84, 0x88,
  0x88, 0x88, 0x88, 0x88, 0x88, 0x88, 0x84, 0x88, 0x88, 0x44, 0x88, 0x88, 0x88, 0x88, 0x88, 0x88,
  0x88, 0x88, 0x88, 0x88, 0x88, 0x88, 0x88, 0x88, 0x88, 0x80, 0x00, 0x88, 0x08, 0x48, 0x84, 0x88,
  0x88, 0x88, 0x88, 0x88, 0x48, 0x88, 0x88, 0x88, 0x88, 0x88, 0x88, 0x88, 0x88, 0x88, 0x00, 0x20,
  0x00, 0x00, 0x00, 0x08, 0x08, 0x88, 0x88, 0x88, 0x88, 0x88, 0x88, 0x88, 0x88, 0x88, 0x88, 0x88,
  0x88, 0x84, 0x88, 0x88, 0x88, 0x88, 0x88, 0x88, 0x88, 0x88, 0x88, 0x84, 0x88, 0x88, 0x88, 0x88,
  0x88, 0x88, 0x88, 0x88, 0x88, 0x88, 0x88, 0x00, 0x00, 0x00, 0x00, 0x00, 0x00, 0x00, 0x00, 0x00,
  0x20, 0x11, 0x11, 0x11, 0x11, 0x11, 0x11, 0x11, 0x11, 0x11, 0x11, 0x11, 0x11, 0x11, 0x11, 0x11,
  0x11, 0x11, 0x11, 0x11, 0x11, 0x11, 0x11, 0x10, 0x11, 0x11, 0x11, 0x11, 0x11, 0x11, 0x11, 0x11,
  0x11, 0x11, 0x11, 0x11, 0x11, 0x11, 0x11, 0x11, 0x11, 0x11, 0x11, 0x11, 0x11, 0x11, 0x11, 0x12,
  0x00, 0x00, 0x00, 0x00, 0x00, 0x00, 0x00, 0x08, 0x88, 0x88, 0x88, 0x88, 0x88, 0x88, 0x88, 0x80,
  0x08, 0x88, 0x88, 0x88, 0x88, 0x88, 0x88, 0x88, 0x88, 0x88, 0x88, 0x88, 0x48, 0x88, 0x88, 0x88,
  0x88, 0x84, 0x88, 0x88, 0x88, 0x88, 0x88, 0x88, 0x88, 0x88, 0x88, 0x88, 0x88, 0x88, 0x88, 0x84,
  0x88, 0x88, 0x88, 0x88, 0x88, 0x88, 0x88, 0x88, 0x88, 0x88, 0x88, 0x88, 0x88, 0x88, 0x88, 0x88,
  0x88, 0x88, 0x88, 0x88, 0x88, 0x88, 0x84, 0x48, 0x88, 0x88, 0x88, 0x88, 0x88, 0x88, 0x88, 0x88,
  0x8e, 0x88, 0x88, 0x88, 0x84, 0x88, 0x88, 0x88, 0x88, 0x88, 0x84, 0x88, 0x88, 0x88, 0x48, 0x88,
  0x88, 0x88, 0x88, 0x88, 0x4d, 0x88, 0x88, 0x88, 0x88, 0x88, 0x84, 0x88, 0x88, 0x88, 0x88, 0x88,
  0x88, 0x88, 0x88, 0x88, 0x88, 0x88, 0x88, 0x88, 0x88, 0x08, 0x88, 0x88, 0x80, 0x00, 0x00, 0x00,
  0x00, 0x00, 0x00, 0x00, 0x01, 0x11, 0x11, 0x11, 0x11, 0x11, 0x11, 0x11, 0x11, 0x11, 0x11, 0x11,
  0x11, 0x11, 0x11, 0x11, 0x11, 0x11, 0x11, 0x11, 0x11, 0x11, 0x11, 0x10, 0x11, 0x11, 0x11, 0x11,
  0x11, 0x11, 0x11, 0x11, 0x11, 0x11, 0x11, 0x11, 0x11, 0x11, 0x11, 0x11, 0x11, 0x11, 0x11, 0x11,
  0x11, 0x11, 0x11, 0x12, 0x00, 0x00, 0x00, 0x00, 0x00, 0x00, 0x00, 0x00, 0x00, 0x88, 0x88, 0x88,
  0x88, 0x88, 0x88, 0x80, 0x88, 0x88, 0x88, 0x88, 0x88, 0x88, 0x84, 0x88, 0x88, 0x88, 0x88, 0x88,
  0x88, 0x88, 0x88, 0x88, 0x84, 0x88, 0x88, 0x88, 0x88, 0x88, 0xd8, 0x88, 0x88, 0x88, 0x88, 0x88,
  0x88, 0x88, 0x88, 0x88, 0x48, 0x88, 0x88, 0x88, 0x88, 0x88, 0x88, 0x88, 0x88, 0x84, 0x88, 0x88,
  0x88, 0x88, 0x88, 0x88, 0x88, 0x88, 0x88, 0x88, 0x88, 0x88, 0x88, 0x84, 0x88, 0x88, 0x88, 0x88,
  0x88, 0x88, 0x88, 0x88, 0x88, 0x88, 0x88, 0x88, 0x84, 0x88, 0x88, 0x48, 0x88, 0x88, 0x88, 0x88,
  0x88, 0x88, 0x48, 0x88, 0x88, 0x88, 0x88, 0x88, 0x88, 0x88, 0x88, 0x88, 0x88, 0x88, 0x84, 0x88,
  0x88, 0x88, 0x88, 0x88, 0x88, 0x88, 0x88, 0x88, 0x84, 0x88, 0x88, 0x88, 0x88, 0x08, 0x88, 0x80,
  0x00, 0x00, 0x00, 0x00, 0x00, 0x00, 0x02, 0x11, 0x11, 0x11, 0x11, 0x11, 0x11, 0x11, 0x11, 0x11,
  0x11, 0x11, 0x11, 0x11, 0x11, 0x11, 0x11, 0x11, 0x11, 0x11, 0x11, 0x11, 0x11, 0x11, 0x11, 0x10,
  0x11, 0x11, 0x11, 0x11, 0x11, 0x11, 0x11, 0x11, 0x11, 0x11, 0x11, 0x11, 0x11, 0x11, 0x11, 0x11,
  0x11, 0x11, 0x11, 0x11, 0x11, 0x11, 0x11, 0x01, 0x22, 0x00, 0x00, 0x00, 0x00, 0x00, 0x00, 0x00,
  0x00, 0x88, 0x88, 0x88, 0x88, 0x88, 0x88, 0x88, 0x88, 0x08, 0x88, 0x88, 0x88, 0x88, 0x88, 0x88,
  0x88, 0x88, 0x88, 0x88, 0x88, 0x88, 0x88, 0x88, 0x88, 0x88, 0x88, 0x88, 0x88, 0x88, 0xd8, 0x88,
  0x88, 0x88, 0x88, 0x88, 0x88, 0x88, 0x88, 0x88, 0x44, 0x88, 0x88, 0x88, 0x88, 0x88, 0x88, 0x88,
  0x88, 0x88, 0x88, 0x88, 0x88, 0x88, 0x88, 0x88, 0x88, 0x88, 0x88, 0x88, 0x88, 0x88, 0x88, 0x88,
  0x88, 0x88, 0x88, 0x88, 0x88, 0x88, 0x88, 0x88, 0x88, 0x84, 0x88, 0x88, 0x84, 0x88, 0x88, 0x48,
  0x88, 0x88, 0x88, 0x88, 0x88, 0x88, 0x48, 0x88, 0x88, 0x88, 0x88, 0x88, 0x88, 0x8d, 0x88, 0x88,
  0x88, 0x88, 0x84, 0x88, 0x88, 0x88, 0x88, 0x88, 0x88, 0x88, 0x88, 0x88, 0x88, 0x88, 0x88, 0x88,
  0x88, 0x08, 0x88, 0x80, 0x00, 0x00, 0x00, 0x00, 0x00, 0x00, 0x11, 0x11, 0x11, 0x11, 0x11, 0x11,
  0x11, 0x11, 0x11, 0x11, 0x11, 0x11, 0x11, 0x11, 0x11, 0x11, 0x11, 0x11, 0x11, 0x11, 0x11, 0x11,
  0x11, 0x11, 0x11, 0x10, 0x11, 0x11, 0x11, 0x11, 0x11, 0x11, 0x11, 0x11, 0x11, 0x11, 0x11, 0x11,
  0x11, 0x11, 0x11, 0x11, 0x11, 0x11, 0x11, 0x11, 0x11, 0x11, 0x11, 0x11, 0x10, 0x00, 0x00, 0x00,
  0x00, 0x00, 0x00, 0x00, 0x00, 0x00, 0x88, 0x88, 0x88, 0x88, 0x88, 0x88, 0x80, 0x08, 0x88, 0x88,
  0x88, 0x88, 0x88, 0x88, 0x88, 0x88, 0x88, 0x88, 0x88, 0x88, 0x88, 0x88, 0x88, 0x88, 0x88, 0x88,
  0x88, 0x88, 0x84, 0x88, 0x88, 0x88, 0x88, 0x88, 0x88, 0x88, 0x84, 0x88, 0x44, 0x88, 0x88, 0x88,
  0x88, 0x88, 0x88, 0x88, 0x88, 0x88, 0x88, 0x88, 0x88, 0x88, 0x88, 0x88, 0x88, 0x88, 0x88, 0x88,
  0x88, 0x88, 0x88, 0x88, 0x88, 0x88, 0x88, 0x88, 0x88, 0x88, 0x88, 0x88, 0x88, 0x88, 0x88, 0x48,
  0x88, 0x88, 0x88, 0x88, 0x88, 0x88, 0x88, 0x88, 0x88, 0x88, 0x88, 0x88, 0x88, 0x88, 0x88, 0x88,
  0x88, 0x8d, 0x88, 0x88, 0x88, 0x88, 0x88, 0x88, 0x88, 0x88, 0x88, 0x88, 0x88, 0x88, 0x88, 0x88,
  0x88, 0x88, 0x88, 0x88, 0x88, 0x88, 0x00, 0x00, 0x00, 0x00, 0x00, 0x00, 0x02, 0x22, 0x00, 0x11,
  0x11, 0x11, 0x11, 0x11, 0x11, 0x11, 0x11, 0x11, 0x11, 0x11, 0x11, 0x11, 0x11, 0x11, 0x11, 0x11,
  0x11, 0x11, 0x11, 0x11, 0x11, 0x11, 0x11, 0x10, 0x11, 0x11, 0x11, 0x11, 0x11, 0x11, 0x11, 0x11,
  0x11, 0x11, 0x11, 0x11, 0x11, 0x11, 0x11, 0x11, 0x11, 0x11, 0x11, 0x11, 0x11, 0x11, 0x11, 0x11,
  0x10, 0x00, 0x00, 0x00, 0x00, 0x00, 0x00, 0x00, 0x00, 0x00, 0x08, 0x88, 0x88, 0x88, 0x88, 0x88,
  0x88, 0x08, 0x88, 0x88, 0x88, 0x88, 0x88, 0x88, 0x88, 0x88, 0x88, 0x88, 0x88, 0x88, 0x88, 0x88,
  0x88, 0x88, 0x88, 0x88, 0x88, 0x88, 0x88, 0x88, 0x88, 0x88, 0x88, 0x88, 0x88, 0x88, 0x88, 0xd4,
  0x88, 0x88, 0x88, 0x88, 0x88, 0x88, 0xd8, 0x88, 0x88, 0x88, 0x88, 0x88, 0x88, 0x88, 0x88, 0x88,
  0x88, 0x88, 0x88, 0x88, 0x88, 0x88, 0x88, 0x88, 0x88, 0x88, 0x88, 0x88, 0x88, 0x88, 0x88, 0x88,
  0x88, 0x88, 0x88, 0x88, 0x88, 0x48, 0x88, 0x88, 0x88, 0x48, 0x88, 0x88, 0x88, 0x88, 0x88, 0x88,
  0x88, 0x88, 0x88, 0x88, 0x88, 0x88, 0x88, 0x88, 0x88, 0x88, 0x88, 0x88, 0x88, 0x88, 0x88, 0x88,
  0x88, 0x88, 0x88, 0x88, 0x88, 0x88, 0x88, 0x88, 0x88, 0x88, 0x80, 0x00, 0x00, 0x00, 0x00, 0x00,
  0x00, 0x22, 0x00, 0x11, 0x11, 0x11, 0x11, 0x11, 0x11, 0x11, 0x11, 0x11, 0x11, 0x11, 0x11, 0x11,
  0x11, 0x11, 0x11, 0x11, 0x11, 0x11, 0x11, 0x11, 0x11, 0x11, 0x11, 0x10, 0x11, 0x11, 0x11, 0x11,
  0x11, 0x11, 0x11, 0x11, 0x11, 0x11, 0x11, 0x11, 0x11, 0x11, 0x11, 0x11, 0x11, 0x11, 0x11, 0x11,
  0x11, 0x11, 0x11, 0x11, 0x11, 0x20, 0x00, 0x00, 0x00, 0x00, 0x00, 0x00, 0x00, 0x00, 0x88, 0x88,
  0x88, 0x88, 0x88, 0x88, 0x88, 0x88, 0x88, 0x88, 0x80, 0x88, 0x88, 0x88, 0x88, 0x88, 0x88, 0x88,
  0x88, 0x88, 0x88, 0x88, 0x84, 0x88, 0x88, 0x88, 0x88, 0x88, 0x88, 0x88, 0x88, 0x88, 0x84, 0x88,
  0x88, 0x88, 0x88, 0x88, 0x88, 0x88, 0x88, 0x88, 0x88, 0x88, 0xd8, 0x88, 0x88, 0x88, 0x88, 0x88,
  0x88, 0x88, 0x88, 0x88, 0x88, 0x88, 0x88, 0x88, 0x88, 0x88, 0x88, 0x88, 0x88, 0x88, 0x88, 0x88,
  0x88, 0x88, 0x88, 0x88, 0x88, 0x88, 0x88, 0x88, 0x48, 0x84, 0x88, 0x88, 0x88, 0x48, 0x88, 0x88,
  0x88, 0x88, 0x88, 0x88, 0x88, 0x88, 0x88, 0x88, 0x88, 0x88, 0x88, 0x88, 0x88, 0x88, 0x88, 0x88,
  0x88, 0x88, 0x88, 0x88, 0x88, 0x88, 0x88, 0x88, 0x88, 0x88, 0x88, 0x88, 0x88, 0x88, 0x80, 0x00,
  0x00, 0x20, 0x00, 0x22, 0x00, 0x00, 0x01, 0x11, 0x11, 0x11, 0x11, 0x11, 0x11, 0x11, 0x11, 0x11,
  0x11, 0x11, 0x11, 0x11, 0x11, 0x11, 0x11, 0x11, 0x11, 0x11, 0x11, 0x11, 0x11, 0x11, 0x11, 0x10,
  0x11, 0x11, 0x11, 0x11, 0x11, 0x11, 0x11, 0x11, 0x11, 0x11, 0x11, 0x11, 0x11, 0x11, 0x11, 0x11,
  0x11, 0x11, 0x11, 0x11, 0x11, 0x11, 0x11, 0x11, 0x11, 0x12, 0x00, 0x00, 0x00, 0x00, 0x00, 0x00,
  0x00, 0x00, 0x88, 0x88, 0x88, 0x88, 0x88, 0x88, 0x88, 0x88, 0x88, 0x80, 0x88, 0x88, 0x88, 0x88,
  0x88, 0x88, 0x88, 0x88, 0x88, 0x88, 0x88, 0x88, 0x88, 0x88, 0x88, 0x88, 0x88, 0x88, 0x88, 0x88,
  0x88, 0x88, 0x88, 0x88, 0x88, 0x88, 0x88, 0x88, 0x88, 0x88, 0x88, 0x88, 0x84, 0x44, 0x88, 0x88,
  0x88, 0x88, 0x88, 0x88, 0x88, 0x88, 0x84, 0x80, 0x88, 0x88, 0x88, 0x88, 0x88, 0x88, 0x88, 0x88,
  0x84, 0x88, 0x88, 0x88, 0x88, 0x88, 0x88, 0x88, 0x88, 0x88, 0x44, 0x84, 0x48, 0x88, 0x88, 0x88,
  0x88, 0x88, 0x48, 0x88, 0x88, 0x88, 0x88, 0x88, 0x88, 0x88, 0x88, 0x88, 0x88, 0x88, 0xd8, 0x88,
  0x88, 0x88, 0x88, 0x88, 0x88, 0x88, 0x88, 0x88, 0x88, 0x88, 0x88, 0x88, 0x88, 0x88, 0x88, 0x88,
  0x88, 0x88, 0x00, 0x00, 0x00, 0x00, 0x00, 0x02, 0x20, 0x00, 0x11, 0x11, 0x11, 0x11, 0x11, 0x11,
  0x11, 0x11, 0x11, 0x11, 0x11, 0x11, 0x11, 0x11, 0x11, 0x11, 0x11, 0x11, 0x11, 0x11, 0x11, 0x11,
  0x11, 0x11, 0x11, 0x10, 0x11, 0x11, 0x11, 0x11, 0x11, 0x11, 0x11, 0x11, 0x11, 0x11, 0x11, 0x11,
  0x11, 0x11, 0x11, 0x11, 0x11, 0x11, 0x11, 0x11, 0x11, 0x11, 0x11, 0x11, 0x11, 0x12, 0x02, 0x20,
  0x00, 0x00, 0x00, 0x00, 0x00, 0x88, 0x00, 0x88, 0x88, 0x88, 0x88, 0x88, 0x88, 0x88, 0x88, 0x80,
  0x08, 0x88, 0x88, 0x88, 0x88, 0x88, 0x88, 0x88, 0x88, 0x88, 0x88, 0x88, 0x88, 0x88, 0x88, 0x88,
  0x88, 0x88, 0x88, 0x88, 0x88, 0x8d, 0x88, 0x88, 0x88, 0x88, 0x88, 0x88, 0x88, 0x88, 0x88, 0xd8,
  0x88, 0x88, 0x88, 0x88, 0x88, 0x88, 0x88, 0x48, 0x88, 0x88, 0x88, 0x88, 0x88, 0x88, 0x88, 0x88,
  0x88, 0x88, 0x84, 0x88, 0x88, 0x88, 0x88, 0x88, 0x88, 0x88, 0x88, 0x88, 0x88, 0x88, 0x88, 0x88,
  0x48, 0x48, 0x88, 0x88, 0x88, 0x88, 0x84, 0x88, 0x88, 0x88, 0x88, 0x88, 0x88, 0x88, 0x88, 0x88,
  0x88, 0x8d, 0x88, 0x88, 0x88, 0x88, 0x88, 0x88, 0x88, 0x88, 0x88, 0x88, 0x88, 0x88, 0x88, 0x88,
  0x88, 0x88, 0x88, 0x80, 0x88, 0x80, 0x00, 0x00, 0x00, 0x00, 0x02, 0x20, 0x00, 0x11, 0x11, 0x11,
  0x11, 0x11, 0x11, 0x11, 0x11, 0x11, 0x11, 0x11, 0x11, 0x11, 0x11, 0x11, 0x11, 0x11, 0x11, 0x11,
  0x11, 0x11, 0x11, 0x11, 0x11, 0x11, 0x11, 0x10, 0x11, 0x11, 0x11, 0x11, 0x11, 0x11, 0x11, 0x11,
  0x11, 0x11, 0x11, 0x11, 0x11, 0x11, 0x11, 0x11, 0x11, 0x11, 0x11, 0x11, 0x11, 0x11, 0x11, 0x11,
  0x11, 0x11, 0x22, 0x20, 0x00, 0x00, 0x00, 0x00, 0x00, 0x00, 0x00, 0x00, 0x08, 0x08, 0x88, 0x88,
  0x88, 0x88, 0x88, 0x80, 0x88, 0x88, 0x88, 0x88, 0x88, 0x88, 0x88, 0x88, 0x88, 0x88, 0x88, 0x88,
  0x88, 0x88, 0x88, 0x88, 0x88, 0x88, 0x88, 0x88, 0x88, 0x88, 0x88, 0x88, 0x88, 0x88, 0x88, 0x88,
  0x88, 0x88, 0x88, 0x88, 0x88, 0x88, 0x88, 0x88, 0x88, 0x88, 0x88, 0x88, 0x88, 0x88, 0x88, 0x88,
  0x88, 0x88, 0x88, 0x88, 0x88, 0x88, 0x88, 0x88, 0x88, 0x88, 0x88, 0x88, 0x88, 0x88, 0x88, 0x88,
  0x88, 0x88, 0x88, 0x88, 0x88, 0x88, 0x88, 0x88, 0x88, 0x88, 0x88, 0x48, 0x88, 0x88, 0x88, 0x88,
  0x88, 0x88, 0x88, 0x88, 0x88, 0x88, 0x88, 0x88, 0x88, 0x88, 0x88, 0x88, 0x88, 0x88, 0x88, 0x88,
  0x88, 0x88, 0x88, 0x88, 0x88, 0x88, 0x88, 0x80, 0x08, 0x00, 0x00, 0x00, 0x00, 0x00, 0x00, 0x11,
  0x11, 0x11, 0x11, 0x11, 0x11, 0x11, 0x11, 0x11, 0x11, 0x11, 0x11, 0x11, 0x11, 0x11, 0x11, 0x11,
  0x11, 0x11, 0x11, 0x11, 0x11, 0x11, 0x11, 0x11, 0x11, 0x11, 0x11, 0x10, 0x11, 0x11, 0x11, 0x11,
  0x11, 0x11, 0x11, 0x11, 0x11, 0x11, 0x11, 0x11, 0x11, 0x11, 0x11, 0x11, 0x11, 0x11, 0x11, 0x11,
  0x11, 0x11, 0x11, 0x11, 0x11, 0x11, 0x11, 0x22, 0x00, 0x00, 0x02, 0x00, 0x00, 0x00, 0x00, 0x00,
  0x00, 0x00, 0x88, 0x88, 0x88, 0x88, 0x88, 0x88, 0x88, 0x88, 0x88, 0x88, 0x00, 0x00, 0x88, 0x88,
  0x88, 0x88, 0x88, 0x88, 0x88, 0x88, 0x88, 0x88, 0x88, 0x88, 0x88, 0x88, 0x88, 0x88, 0x88, 0x88,
  0x88, 0x88, 0x88, 0x88, 0x88, 0x88, 0x88, 0x88, 0x48, 0x88, 0x88, 0x08, 0x88, 0x88, 0x88, 0x88,
  0x88, 0x88, 0x88, 0x88, 0x88, 0x88, 0x88, 0x88, 0x88, 0x88, 0x88, 0x88, 0x88, 0x88, 0x88, 0x88,
  0x88, 0x88, 0x88, 0x88, 0x88, 0x84, 0x88, 0x88, 0x88, 0x88, 0x88, 0x88, 0x88, 0x88, 0x88, 0x48,
  0x88, 0x88, 0x88, 0x88, 0x88, 0x88, 0x88, 0x88, 0x88, 0x88, 0x88, 0x88, 0x88, 0x88, 0x88, 0x88,
  0x88, 0x88, 0x88, 0x88, 0x88, 0x88, 0x88, 0x88, 0x80, 0x88, 0x88, 0x80, 0x00, 0x00, 0x00, 0x00,
  0x00, 0x00, 0x00, 0x01, 0x11, 0x11, 0x11, 0x11, 0x11, 0x11, 0x11, 0x11, 0x11, 0x11, 0x11, 0x11,
  0x11, 0x11, 0x11, 0x11, 0x11, 0x11, 0x11, 0x11, 0x11, 0x11, 0x11, 0x11, 0x11, 0x11, 0x11, 0x10,
  0x11, 0x11, 0x11, 0x11, 0x11, 0x11, 0x11, 0x11, 0x11, 0x11, 0x11, 0x11, 0x11, 0x11, 0x11, 0x11,
  0x11, 0x11, 0x11, 0x11, 0x11, 0x11, 0x11, 0x11, 0x11, 0x11, 0x11, 0x12, 0x00, 0x00, 0x02, 0x00,
  0x00, 0x00, 0x00, 0x00, 0x00, 0x00, 0x00, 0x08, 0x88, 0x88, 0x88, 0x88, 0x88, 0x88, 0x88, 0x88,
  0x88, 0x88, 0x88, 0x88, 0x88, 0x88, 0x88, 0x88, 0x88, 0x88, 0x88, 0x88, 0x88, 0x88, 0x88, 0x88,
  0x88, 0x88, 0x88, 0x88, 0x88, 0x88, 0x88, 0x88, 0x88, 0x48, 0x88, 0x88, 0x88, 0x88, 0x88, 0x88,
  0x88, 0x88, 0x88, 0x88, 0x88, 0x88, 0x88, 0x88, 0x84, 0x88, 0x88, 0x88, 0x88, 0x88, 0x88, 0x88,
  0x88, 0x88, 0x84, 0x88, 0x88, 0x88, 0x88, 0x88, 0x88, 0x88, 0x88, 0x88, 0x88, 0x8d, 0xdd, 0x88,
  0xdd, 0x88, 0x88, 0x88, 0x88, 0x88, 0x88, 0x8d, 0x88, 0x88, 0x44, 0x88, 0x88, 0x88, 0x88, 0x88,
  0x88, 0x88, 0x88, 0x88, 0x88, 0x88, 0x88, 0x88, 0x88, 0x88, 0x88, 0x88, 0x88, 0x88, 0x88, 0x88,
  0x00, 0x00, 0x00, 0x00, 0x02, 0x00, 0x00, 0x01, 0x11, 0x11, 0x11, 0x11, 0x11, 0x11, 0x11, 0x11,
  0x11, 0x11, 0x11, 0x11, 0x11, 0x11, 0x11, 0x11, 0x11, 0x11, 0x11, 0x11, 0x11, 0x11, 0x11, 0x11,
  0x11, 0x11, 0x11, 0x10, 0x11, 0x11, 0x11, 0x11, 0x11, 0x11, 0x11, 0x11, 0x11, 0x11, 0x11, 0x11,
  0x11, 0x11, 0x11, 0x11, 0x11, 0x11, 0x11, 0x11, 0x11, 0x11, 0x11, 0x11, 0x11, 0x11, 0x11, 0x00,
  0x00, 0x00, 0x00, 0x00, 0x00, 0x00, 0x00, 0x00, 0x00, 0x00, 0x00, 0x08, 0x88, 0x88, 0x88, 0x88,
  0x88, 0x88, 0x88, 0x88, 0x88, 0x88, 0x88, 0x88, 0x88, 0x88, 0x88, 0x88, 0x84, 0x44, 0x88, 0x88,
  0x88, 0x88, 0x88, 0x88, 0x88, 0x88, 0x84, 0x88, 0x88, 0x88, 0x88, 0x84, 0x88, 0x88, 0x88, 0x88,
  0x88, 0x88, 0x88, 0x88, 0x80, 0x08, 0x88, 0x88, 0x88, 0x88, 0x88, 0x88, 0x88, 0x88, 0x88, 0x88,
  0x88, 0x88, 0x84, 0x44, 0x88, 0x88, 0x88, 0x88, 0x84, 0x88, 0x88, 0x88, 0x88, 0x88, 0x88, 0x88,
  0x88, 0x88, 0x88, 0x88, 0x44, 0x88, 0x88, 0x44, 0x88, 0x88, 0x88, 0x88, 0x88, 0x88, 0x48, 0x88,
  0x48, 0x88, 0x88, 0x88, 0x88, 0x88, 0x88, 0x88, 0x88, 0x88, 0x88, 0x88, 0x88, 0x88, 0x88, 0x88,
  0x88, 0x88, 0x88, 0x00, 0x00, 0x00, 0x00, 0x00, 0x00, 0x00, 0x10, 0x01, 0x11, 0x11, 0x11, 0x11,
  0x11, 0x11, 0x11, 0x11, 0x11, 0x11, 0x11, 0x11, 0x11, 0x11, 0x11, 0x11, 0x11, 0x11, 0x11, 0x11,
  0x11, 0x11, 0x11, 0x11, 0x11, 0x11, 0x11, 0x10, 0x11, 0x11, 0x11, 0x11, 0x11, 0x11, 0x11, 0x11,
  0x11, 0x11, 0x11, 0x11, 0x11, 0x11, 0x11, 0x11, 0x11, 0x11, 0x11, 0x11, 0x11, 0x11, 0x11, 0x11,
  0x11, 0x11, 0x11, 0x11, 0x12, 0x22, 0x00, 0x00, 0x00, 0x00, 0x00, 0x00, 0x00, 0x00, 0x00, 0x00,
  0x88, 0x88, 0x88, 0x88, 0x88, 0x88, 0x88, 0x88, 0x88, 0x88, 0x88, 0x88, 0x88, 0x88, 0x88, 0x88,
  0x88, 0x88, 0x48, 0x88, 0x88, 0x88, 0x88, 0x88, 0x88, 0x88, 0x88, 0x88, 0x88, 0x88, 0x88, 0x88,
  0x88, 0x88, 0x48, 0x88, 0x88, 0x88, 0x88, 0x80, 0x00, 0x88, 0x88, 0x84, 0x88, 0x88, 0x88, 0x88,
  0x88, 0x88, 0x88, 0x88, 0x88, 0x84, 0x88, 0x88, 0x88, 0x88, 0x88, 0x88, 0x88, 0x88, 0x88, 0x88,
  0x88, 0x88, 0x88, 0x88, 0x88, 0x88, 0x88, 0x88, 0x88, 0x88, 0x88, 0x88, 0x88, 0x88, 0x88, 0x88,
  0x88, 0x88, 0x88, 0x88, 0x88, 0x88, 0x88, 0x88, 0x88, 0x88, 0x88, 0x88, 0x88, 0x88, 0x88, 0x88,
  0x88, 0x88, 0x88, 0x88, 0x88, 0x00, 0x00, 0x00, 0x00, 0x00, 0x20, 0x02, 0x00, 0x21, 0x12, 0x11,
  0x11, 0x11, 0x11, 0x11, 0x11, 0x11, 0x11, 0x11, 0x11, 0x11, 0x11, 0x11, 0x11, 0x11, 0x11, 0x11,
  0x11, 0x11, 0x11, 0x11, 0x11, 0x11, 0x11, 0x11, 0x11, 0x11, 0x11, 0x10, 0x11, 0x11, 0x11, 0x11,
  0x11, 0x11, 0x11, 0x11, 0x11, 0x11, 0x11, 0x11, 0x11, 0x11, 0x11, 0x11, 0x11, 0x11, 0x11, 0x11,
  0x11, 0x11, 0x11, 0x11, 0x11, 0x11, 0x11, 0x11, 0x11, 0x12, 0x00, 0x00, 0x00, 0x00, 0x00, 0x00,
  0x00, 0x00, 0x00, 0x00, 0x00, 0x80, 0x88, 0x88, 0x88, 0x88, 0x88, 0x88, 0x88, 0x88, 0x88, 0x88,
  0x88, 0x88, 0x88, 0x88, 0x88, 0x88, 0x88, 0x88, 0x88, 0x88, 0x88, 0x88, 0x88, 0x88, 0x88, 0x88,
  0x88, 0x88, 0x88, 0x88, 0x88, 0x88, 0x88, 0x88, 0x88, 0x00, 0x88, 0x80, 0x08, 0x88, 0x88, 0x88,
  0x88, 0x88, 0x88, 0x88, 0x88, 0x88, 0x88, 0x88, 0x88, 0x84, 0x88, 0x88, 0x84, 0x88, 0x88, 0x88,
  0x88, 0x88, 0x88, 0x88, 0x88, 0x88, 0x88, 0x88, 0x88, 0x88, 0x8d, 0x88, 0x88, 0x88, 0x88, 0x88,
  0x88, 0x88, 0x88, 0x88, 0x88, 0x88, 0x88, 0x88, 0x88, 0x88, 0x88, 0x88, 0x88, 0x88, 0x88, 0x88,
  0x88, 0x88, 0x88, 0x88, 0x88, 0x88, 0x88, 0x88, 0x00, 0x80, 0x00, 0x00, 0x00, 0x00, 0x02, 0x00,
  0x01, 0x10, 0x11, 0x11, 0x11, 0x11, 0x11, 0x11, 0x11, 0x11, 0x11, 0x11, 0x11, 0x11, 0x11, 0x11,
  0x11, 0x11, 0x11, 0x11, 0x11, 0x11, 0x11, 0x11, 0x11, 0x11, 0x11, 0x11, 0x11, 0x11, 0x11, 0x10,
  0x11, 0x11, 0x11, 0x11, 0x11, 0x11, 0x11, 0x11, 0x11, 0x11, 0x11, 0x11, 0x11, 0x11, 0x11, 0x11,
  0x11, 0x11, 0x11, 0x11, 0x11, 0x11, 0x11, 0x11, 0x11, 0x11, 0x11, 0x11, 0x11, 0x11, 0x00, 0x00,
  0x00, 0x00, 0x00, 0x00, 0x00, 0x00, 0x00, 0x00, 0x00, 0x80, 0x88, 0x88, 0x88, 0x88, 0x88, 0x88,
  0x88, 0x88, 0x88, 0x88, 0x88, 0x88, 0x88, 0x88, 0x88, 0x88, 0x88, 0x88, 0x88, 0x88, 0x88, 0x88,
  0x88, 0x88, 0x88, 0x88, 0x88, 0x88, 0x88, 0x88, 0x88, 0x88, 0x88, 0x88, 0x88, 0x88, 0x88, 0x88,
  0x88, 0x88, 0x88, 0x88, 0x88, 0x88, 0x88, 0x88, 0x84, 0x88, 0x88, 0x88, 0x88, 0x88, 0x88, 0x88,
  0x88, 0x88, 0x88, 0x88, 0x88, 0x88, 0x88, 0x88, 0x84, 0x88, 0x88, 0x88, 0x88, 0x88, 0x88, 0x88,
  0x88, 0x88, 0x88, 0x88, 0x88, 0x88, 0x88, 0x88, 0x88, 0x88, 0x88, 0x88, 0x88, 0x88, 0x88, 0x88,
  0x88, 0x88, 0x88, 0x88, 0x88, 0x88, 0x88, 0x88, 0x88, 0x88, 0x88, 0x88, 0x80, 0x80, 0x00, 0x00,
  0x00, 0x00, 0x02, 0x00, 0x11, 0x11, 0x11, 0x11, 0x11, 0x11, 0x11, 0x11, 0x11, 0x11, 0x11, 0x11,
  0x11, 0x11, 0x11, 0x11, 0x11, 0x11, 0x11, 0x11, 0x11, 0x11, 0x11, 0x11, 0x11, 0x11, 0x11, 0x11,
  0x11, 0x11, 0x11, 0x10, 0x11, 0x11, 0x11, 0x11, 0x11, 0x11, 0x11, 0x11, 0x11, 0x11, 0x11, 0x11,
  0x11, 0x11, 0x11, 0x11, 0x11, 0x11, 0x11, 0x11, 0x11, 0x11, 0x11, 0x11, 0x11, 0x11, 0x11, 0x11,
  0x11, 0x11, 0x20, 0x02, 0x20, 0x00, 0x00, 0x00, 0x00, 0x00, 0x00, 0x00, 0x00, 0x80, 0x88, 0x88,
  0x88, 0x88, 0x88, 0x88, 0x88, 0x88, 0x88, 0x88, 0x88, 0x88, 0x88, 0x88, 0x88, 0x88, 0x88, 0x88,
  0x88, 0x88, 0x88, 0x88, 0x88, 0x88, 0x88, 0x88, 0x88, 0x88, 0x88, 0x88, 0x88, 0x88, 0x88, 0x88,
  0x88, 0x88, 0x88, 0x88, 0x88, 0x88, 0x88, 0x88, 0x88, 0x84, 0x88, 0x88, 0x88, 0x88, 0x88, 0x88,
  0x88, 0x88, 0x88, 0x88, 0x88, 0x88, 0x88, 0x88, 0x88, 0x88, 0x88, 0x88, 0x88, 0x88, 0x88, 0x88,
  0x88, 0x88, 0x88, 0x88, 0x88, 0x88, 0x88, 0x88, 0x88, 0x88, 0x88, 0x88, 0x88, 0x88, 0x88, 0x88,
  0x88, 0x88, 0x88, 0x88, 0x88, 0x88, 0x88, 0x88, 0x88, 0x88, 0x88, 0x88, 0x88, 0x88, 0x88, 0x88,
  0x88, 0x80, 0x00, 0x00, 0x02, 0x22, 0x00, 0x02, 0x01, 0x11, 0x11, 0x11, 0x11, 0x11, 0x11, 0x11,
  0x11, 0x11, 0x11, 0x11, 0x11, 0x11, 0x11, 0x11, 0x11, 0x11, 0x11, 0x11, 0x11, 0x11, 0x11, 0x11,
  0x11, 0x11, 0x11, 0x11, 0x11, 0x11, 0x11, 0x10, 0x11, 0x11, 0x11, 0x11, 0x11, 0x11, 0x11, 0x11,
  0x11, 0x11, 0x11, 0x11, 0x11, 0x11, 0x11, 0x11, 0x11, 0x11, 0x11, 0x11, 0x11, 0x11, 0x11, 0x11,
  0x11, 0x11, 0x11, 0x11, 0x11, 0x10, 0x12, 0x00, 0x00, 0x02, 0x00, 0x00, 0x00, 0x00, 0x00, 0x00,
  0x00, 0x80, 0x88, 0x88, 0x88, 0x88, 0x88, 0x88, 0x88, 0x88, 0x88, 0x88, 0x88, 0x88, 0x88, 0x88,
  0x84, 0x88, 0x88, 0x88, 0x88, 0x88, 0x88, 0x88, 0x88, 0x88, 0x84, 0x88, 0x88, 0x88, 0x88, 0x88,
  0x88, 0x88, 0x88, 0x88, 0x80, 0x88, 0x88, 0x88, 0x88, 0x88, 0x88, 0x88, 0x88, 0x88, 0x88, 0x88,
  0x88, 0x88, 0x88, 0x88, 0x88, 0x88, 0x88, 0x88, 0x48, 0x88, 0x88, 0x88, 0x88, 0x88, 0x88, 0x88,
  0x88, 0x84, 0x88, 0x88, 0x88, 0x88, 0x8d, 0x88, 0x88, 0x88, 0x88, 0x88, 0x88, 0x88, 0x88, 0x88,
  0x80, 0x88, 0x88, 0x88, 0x88, 0x88, 0x88, 0x88, 0x88, 0x88, 0x88, 0x88, 0x88, 0x88, 0x88, 0x88,
  0x88, 0x88, 0x88, 0x88, 0x00, 0x80, 0x00, 0x00, 0x00, 0x00, 0x20, 0x22, 0x21, 0x10, 0x11, 0x11,
  0x11, 0x11, 0x11, 0x11, 0x11, 0x11, 0x11, 0x11, 0x11, 0x11, 0x11, 0x11, 0x11, 0x11, 0x11, 0x11,
  0x11, 0x11, 0x11, 0x11, 0x11, 0x11, 0x11, 0x11, 0x11, 0x11, 0x11, 0x10, 0x11, 0x11, 0x11, 0x11,
  0x11, 0x11, 0x11, 0x11, 0x11, 0x11, 0x11, 0x11, 0x11, 0x11, 0x11, 0x11, 0x11, 0x11, 0x11, 0x11,
  0x11, 0x11, 0x11, 0x11, 0x11, 0x11, 0x11, 0x11, 0x11, 0x11, 0x11, 0x02, 0x20, 0x20, 0x00, 0x20,
  0x00, 0x00, 0x00, 0x00, 0x00, 0x08, 0x88, 0x88, 0x88, 0x88, 0x88, 0x88, 0x88, 0x88, 0x88, 0x88,
  0x88, 0x88, 0x88, 0x88, 0x88, 0x88, 0x88, 0x88, 0x88, 0x88, 0x88, 0x88, 0x88, 0x88, 0x88, 0x88,
  0x88, 0x88, 0x88, 0x88, 0x88, 0x88, 0x88, 0x88, 0x88, 0x88, 0x88, 0x00, 0x08, 0x80, 0x88, 0x88,
  0x88, 0x88, 0x88, 0x88, 0x88, 0x88, 0x88, 0x88, 0x88, 0x88, 0x88, 0x88, 0x88, 0x88, 0x88, 0x88,
  0x88, 0x88, 0x88, 0x88, 0x88, 0x88, 0x88, 0x88, 0x88, 0x88, 0x88, 0x88, 0x88, 0x88, 0x88, 0x88,
  0x88, 0x88, 0x88, 0x88, 0x88, 0x88, 0x88, 0x88, 0x88, 0x88, 0x88, 0x88, 0x88, 0x88, 0x88, 0x88,
  0x88, 0x88, 0x88, 0x88, 0x88, 0x88, 0x88, 0x88, 0x00, 0x00, 0x00, 0x00, 0x00, 0x00, 0x00, 0x01,
  0x11, 0x11, 0x11, 0x11, 0x11, 0x11, 0x11, 0x11, 0x11, 0x11, 0x11, 0x11, 0x11, 0x11, 0x11, 0x11,
  0x11, 0x11, 0x11, 0x11, 0x11, 0x11, 0x11, 0x11, 0x11, 0x11, 0x11, 0x11, 0x11, 0x11, 0x11, 0x10,
  0x11, 0x11, 0x11, 0x11, 0x11, 0x11, 0x11, 0x11, 0x11, 0x11, 0x11, 0x11, 0x11, 0x11, 0x11, 0x11,
  0x11, 0x11, 0x11, 0x11, 0x11, 0x11, 0x11, 0x11, 0x11, 0x11, 0x11, 0x11, 0x11, 0x11, 0x11, 0x11,
  0x10, 0x22, 0x00, 0x00, 0x00, 0x00, 0x00, 0x00, 0x00, 0x00, 0x00, 0x88, 0x88, 0x88, 0x88, 0x88,
  0x88, 0x88, 0x88, 0x88, 0x88, 0x88, 0x88, 0x88, 0x88, 0x88, 0x88, 0x88, 0x88, 0x88, 0x88, 0x88,
  0x88, 0x88, 0x88, 0x88, 0x88, 0x88, 0x88, 0x88, 0x88, 0x88, 0x88, 0x88, 0x88, 0x88, 0x88, 0x00,
  0x08, 0x88, 0x88, 0x88, 0x88, 0x88, 0x88, 0x88, 0x88, 0x88, 0x88, 0x88, 0x88, 0x88, 0x88, 0x88,
  0x88, 0x88, 0x88, 0x88, 0x88, 0x88, 0x88, 0x88, 0x88, 0x88, 0x88, 0x88, 0x88, 0x88, 0x88, 0x88,
  0x88, 0x88, 0x88, 0x88, 0x88, 0x88, 0x88, 0x88, 0x88, 0x88, 0x88, 0x88, 0x88, 0x88, 0x88, 0x88,
  0x88, 0x88, 0x88, 0x88, 0x88, 0x88, 0x88, 0x88, 0x88, 0x88, 0x88, 0x00, 0x00, 0x00, 0x00, 0x00,
  0x00, 0x00, 0x01, 0x11, 0x11, 0x11, 0x11, 0x11, 0x11, 0x11, 0x11, 0x11, 0x11, 0x11, 0x11, 0x11,
  0x11, 0x11, 0x11, 0x11, 0x11, 0x11, 0x11, 0x11, 0x11, 0x11, 0x11, 0x11, 0x11, 0x11, 0x11, 0x11,
  0x11, 0x11, 0x11, 0x10, 0x11, 0x11, 0x11, 0x11, 0x11, 0x11, 0x11, 0x11, 0x11, 0x11, 0x11, 0x11,
  0x11, 0x11, 0x11, 0x11, 0x11, 0x11, 0x11, 0x11, 0x11, 0x11, 0x11, 0x11, 0x11, 0x11, 0x11, 0x11,
  0x11, 0x11, 0x11, 0x11, 0x10, 0x22, 0x00, 0x02, 0x20, 0x00, 0x00, 0x00, 0x00, 0x00, 0x00, 0x88,
  0x80, 0x88, 0x88, 0x88, 0x88, 0x88, 0x88, 0x88, 0x48, 0x88, 0x88, 0x88, 0x88, 0x88, 0x88, 0x88,
  0x88, 0x88, 0x48, 0x88, 0x88, 0x88, 0x88, 0x88, 0x88, 0x88, 0x88, 0x88, 0x48, 0x88, 0x88, 0x88,
  0x88, 0x88, 0x88, 0x00, 0x08, 0x88, 0x88, 0x88, 0x88, 0x88, 0x88, 0x88, 0x84, 0x88, 0x88, 0x84,
  0x88, 0x88, 0x88, 0x88, 0x88, 0x88, 0x88, 0x88, 0x88, 0x88, 0x88, 0x88, 0x88, 0x88, 0x88, 0x88,
  0x84, 0x88, 0x88, 0x88, 0x88, 0x88, 0x88, 0x88, 0x88, 0x88, 0x88, 0x88, 0x88, 0x88, 0x88, 0x88,
  0x88, 0x88, 0x88, 0x88, 0x88, 0x88, 0x88, 0x88, 0x88, 0x88, 0x88, 0x88, 0x88, 0x8e, 0x88, 0x00,
  0x00, 0x00, 0x00, 0x00, 0x00, 0x00, 0x01, 0x11, 0x11, 0x11, 0x11, 0x11, 0x11, 0x11, 0x11, 0x11,
  0x11, 0x11, 0x11, 0x11, 0x11, 0x11, 0x11, 0x11, 0x11, 0x11, 0x11, 0x11, 0x11, 0x11, 0x11, 0x11,
  0x11, 0x11, 0x11, 0x11, 0x11, 0x11, 0x11, 0x10, 0x11, 0x11, 0x11, 0x11, 0x11, 0x11, 0x11, 0x11,
  0x11, 0x11, 0x11, 0x11, 0x11, 0x11, 0x11, 0x11, 0x11, 0x11, 0x11, 0x11, 0x11, 0x11, 0x11, 0x11,
  0x11, 0x11, 0x11, 0x11, 0x11, 0x11, 0x11, 0x11, 0x11, 0x11, 0x00, 0x00, 0x22, 0x00, 0x20, 0x00,
  0x00, 0x00, 0x08, 0x00, 0x00, 0x88, 0x88, 0x88, 0x88, 0x88, 0x88, 0x88, 0x88, 0x44, 0x88, 0x88,
  0x88, 0x88, 0x88, 0x88, 0x88, 0x88, 0x88, 0x88, 0x88, 0x88, 0x44, 0x88, 0x88, 0x88, 0x88, 0x88,
  0x88, 0x88, 0x88, 0x88, 0x80, 0x00, 0x88, 0x88, 0x00, 0x88, 0x88, 0x88, 0x88, 0x88, 0x88, 0x88,
  0x88, 0x88, 0x88, 0x88, 0x88, 0x88, 0x88, 0x88, 0x88, 0x88, 0x88, 0xd8, 0x88, 0x88, 0x88, 0x88,
  0x88, 0x88, 0x88, 0x84, 0x88, 0x88, 0x88, 0x88, 0x88, 0x88, 0x88, 0x88, 0x88, 0x88, 0x88, 0x08,
  0x88, 0x88, 0x88, 0x88, 0x88, 0x88, 0x88, 0x88, 0x88, 0x88, 0x88, 0x88, 0x88, 0x88, 0x88, 0x88,
  0x88, 0x00, 0x00, 0x00, 0x00, 0x00, 0x00, 0x02, 0x22, 0x21, 0x11, 0x11, 0x11, 0x11, 0x11, 0x11,
  0x11, 0x11, 0x11, 0x11, 0x11, 0x11, 0x11, 0x11, 0x11, 0x11, 0x11, 0x11, 0x11, 0x11, 0x11, 0x11,
  0x11, 0x11, 0x11, 0x11, 0x11, 0x11, 0x11, 0x11, 0x11, 0x11, 0x11, 0x10, 0x11, 0x11, 0x11, 0x11,
  0x11, 0x11, 0x11, 0x11, 0x11, 0x11, 0x11, 0x11, 0x11, 0x11, 0x11, 0x11, 0x11, 0x11, 0x11, 0x11,
  0x11, 0x11, 0x11, 0x11, 0x11, 0x11, 0x11, 0x11, 0x11, 0x11, 0x11, 0x11, 0x10, 0x11, 0x12, 0x00,
  0x00, 0x00, 0x20, 0x00, 0x00, 0x00, 0x00, 0x00, 0x00, 0x00, 0x00, 0x00, 0x88, 0x88, 0x88, 0x88,
  0x88, 0x88, 0x88, 0x88, 0x88, 0x88, 0x88, 0x88, 0x88, 0x84, 0x88, 0x88, 0x88, 0x88, 0x88, 0x88,
  0x88, 0x88, 0x88, 0x84, 0x88, 0x88, 0x88, 0x88, 0x88, 0x88, 0x88, 0x88, 0x88, 0x84, 0x88, 0x88,
  0x88, 0x88, 0x88, 0x88, 0x88, 0x88, 0x88, 0x84, 0x88, 0x88, 0x88, 0x88, 0x88, 0x88, 0x88, 0x88,
  0x88, 0x88, 0x88, 0x88, 0x88, 0x88, 0x88, 0x88, 0x88, 0x84, 0x88, 0x88, 0x88, 0x88, 0x88, 0x88,
  0x88, 0x80, 0x88, 0x00, 0x88, 0x88, 0x88, 0x88, 0x88, 0x88, 0x88, 0x88, 0x88, 0x84, 0x84, 0x88,
  0x88, 0x88, 0x88, 0x88, 0x80, 0x00, 0x00, 0x00, 0x00, 0x00, 0x00, 0x02, 0x22, 0x11, 0x11, 0x11,
  0x11, 0x11, 0x11, 0x11, 0x11, 0x11, 0x11, 0x11, 0x11, 0x11, 0x11, 0x11, 0x11, 0x11, 0x11, 0x11,
  0x11, 0x11, 0x11, 0x11, 0x11, 0x11, 0x11, 0x11, 0x11, 0x11, 0x11, 0x11, 0x11, 0x11, 0x11, 0x10,
  0x11, 0x11, 0x11, 0x11, 0x11, 0x11, 0x11, 0x11, 0x11, 0x11, 0x11, 0x11, 0x11, 0x11, 0x11, 0x11,
  0x11, 0x11, 0x11, 0x11, 0x11, 0x11, 0x11, 0x11, 0x11, 0x11, 0x11, 0x11, 0x11, 0x11, 0x11, 0x11,
  0x11, 0x11, 0x10, 0x02, 0x00, 0x00, 0x20, 0x00, 0x00, 0x00, 0x00, 0x00, 0x00, 0x00, 0x00, 0x00,
  0x88, 0x88, 0x88, 0x88, 0x88, 0x88, 0x88, 0x88, 0x88, 0x88, 0x88, 0x88, 0x88, 0x88, 0x88, 0x88,
  0x88, 0x88, 0x48, 0x88, 0x88, 0x88, 0x88, 0x88, 0x88, 0x88, 0x88, 0x88, 0x88, 0x88, 0x88, 0x88,
  0x88, 0x88, 0x88, 0x88, 0x88, 0x88, 0x88, 0x88, 0x88, 0x88, 0x88, 0x88, 0x88, 0x88, 0x88, 0x88,
  0x88, 0x88, 0xd8, 0x88, 0x88, 0x88, 0x88, 0x88, 0x88, 0x88, 0x48, 0x88, 0x88, 0x88, 0x88, 0x88,
  0x88, 0x88, 0x88, 0x88, 0x88, 0x80, 0x88, 0x80, 0x88, 0x88, 0x88, 0x88, 0x88, 0x88, 0x88, 0x88,
  0x88, 0x88, 0x88, 0x88, 0x88, 0x88, 0x88, 0x88, 0x00, 0x00, 0x00, 0x00, 0x20, 0x00, 0x22, 0x22,
  0x20, 0x01, 0x11, 0x11, 0x11, 0x11, 0x11, 0x11, 0x11, 0x11, 0x11, 0x11, 0x11, 0x11, 0x11, 0x11,
  0x11, 0x11, 0x11, 0x11, 0x11, 0x11, 0x11, 0x11, 0x11, 0x11, 0x11, 0x11, 0x11, 0x11, 0x11, 0x11,
  0x11, 0x11, 0x11, 0x10, 0x11, 0x11, 0x11, 0x11, 0x11, 0x11, 0x11, 0x11, 0x11, 0x11, 0x11, 0x11,
  0x11, 0x11, 0x11, 0x11, 0x11, 0x11, 0x11, 0x11, 0x11, 0x11, 0x11, 0x11, 0x11, 0x11, 0x11, 0x11,
  0x11, 0x11, 0x11, 0x11, 0x11, 0x11, 0x10, 0x22, 0x00, 0x00, 0x00, 0x00, 0x00, 0x00, 0x00, 0x00,
  0x00, 0x00, 0x00, 0x00, 0x00, 0x08, 0x88, 0x88, 0x88, 0x88, 0x88, 0x88, 0x88, 0x88, 0x88, 0x88,
  0x88, 0x88, 0x88, 0x88, 0x88, 0x88, 0x88, 0x84, 0x88, 0x88, 0x88, 0x88, 0x88, 0x88, 0x88, 0x88,
  0x88, 0x88, 0x88, 0x88, 0x88, 0x88, 0x88, 0x88, 0x88, 0x88, 0x8d, 0x88, 0x88, 0x88, 0x88, 0x88,
  0x88, 0x88, 0x88, 0x88, 0x88, 0x88, 0x88, 0x88, 0x88, 0x88, 0x88, 0x88, 0x88, 0x88, 0x88, 0x88,
  0x88, 0x88, 0x88, 0x88, 0x88, 0x88, 0x88, 0x88, 0x88, 0x88, 0x08, 0x88, 0x88, 0x88, 0x88, 0x88,
  0x88, 0x88, 0x88, 0x88, 0x88, 0x88, 0x88, 0x88, 0x88, 0x88, 0x88, 0x80, 0x00, 0x00, 0x00, 0x00,
  0x22, 0x00, 0x00, 0x21, 0x10, 0x11, 0x11, 0x11, 0x11, 0x11, 0x11, 0x11, 0x11, 0x11, 0x11, 0x11,
  0x11, 0x11, 0x11, 0x11, 0x11, 0x11, 0x11, 0x11, 0x11, 0x11, 0x11, 0x11, 0x11, 0x11, 0x11, 0x11,
  0x11, 0x11, 0x11, 0x11, 0x11, 0x11, 0x11, 0x10, 0x11, 0x11, 0x11, 0x11, 0x11, 0x11, 0x11, 0x11,
  0x11, 0x11, 0x11, 0x11, 0x11, 0x11, 0x11, 0x11, 0x11, 0x11, 0x11, 0x11, 0x11, 0x11, 0x11, 0x11,
  0x11, 0x11, 0x11, 0x11, 0x11, 0x11, 0x11, 0x11, 0x11, 0x11, 0x11, 0x12, 0x22, 0x20, 0x02, 0x20,
  0x00, 0x00, 0x00, 0x00, 0x00, 0x00, 0x00, 0x00, 0x00, 0x08, 0x88, 0x88, 0x88, 0x88, 0x88, 0x88,
  0x88, 0x88, 0x88, 0x88, 0x88, 0x88, 0x88, 0x88, 0x88, 0x88, 0x88, 0x88, 0x88, 0x88, 0x88, 0x88,
  0x88, 0x88, 0x88, 0x88, 0x88, 0x88, 0x88, 0x88, 0x88, 0x88, 0x88, 0x88, 0x88, 0x48, 0x88, 0x88,
  0x84, 0x88, 0x88, 0x88, 0x88, 0x88, 0x88, 0x88, 0x88, 0x88, 0x84, 0x88, 0x88, 0x88, 0x88, 0x88,
  0x88, 0x88, 0x88, 0x88, 0x88, 0x88, 0x88, 0x88, 0x88, 0x88, 0x88, 0x88, 0x88, 0x88, 0x08, 0x88,
  0x88, 0x00, 0x88, 0x88, 0x88, 0x88, 0x88, 0x88, 0x88, 0x88, 0x88, 0x88, 0x88, 0x88, 0x00, 0x00,
  0x00, 0x00, 0x00, 0x00, 0x00, 0x20, 0x00, 0x11, 0x11, 0x11, 0x11, 0x11, 0x11, 0x11, 0x11, 0x11,
  0x11, 0x11, 0x11, 0x11, 0x11, 0x11, 0x11, 0x11, 0x11, 0x11, 0x11, 0x11, 0x11, 0x11, 0x11, 0x11,
  0x11, 0x11, 0x11, 0x11, 0x11, 0x11, 0x11, 0x11, 0x11, 0x11, 0x11, 0x10, 0x11, 0x11, 0x11, 0x11,
  0x11, 0x11, 0x11, 0x11, 0x11, 0x11, 0x11, 0x11, 0x11, 0x11, 0x11, 0x11, 0x11, 0x11, 0x11, 0x11,
  0x11, 0x11, 0x11, 0x11, 0x11, 0x11, 0x11, 0x11, 0x11, 0x11, 0x11, 0x11, 0x11, 0x11, 0x11, 0x11,
  0x10, 0x12, 0x02, 0x20, 0x00, 0x00, 0x00, 0x00, 0x00, 0x00, 0x00, 0x00, 0x00, 0x08, 0x88, 0x88,
  0x88, 0x88, 0x88, 0x88, 0x88, 0x88, 0x88, 0x88, 0x88, 0x88, 0x88, 0x88, 0x88, 0x88, 0x88, 0x88,
  0x88, 0x88, 0x88, 0x88, 0x88, 0x88, 0x88, 0x88, 0x88, 0x88, 0x88, 0x88, 0x88, 0x88, 0x88, 0x88,
  0x88, 0x8d, 0x88, 0x88, 0x84, 0x88, 0x88, 0x88, 0x88, 0x88, 0x88, 0x88, 0x88, 0x88, 0x84, 0x88,
  0x88, 0x88, 0x88, 0x88, 0x88, 0x88, 0x88, 0x88, 0x88, 0x88, 0x88, 0x88, 0x88, 0x88, 0x88, 0x88,
  0x88, 0x88, 0x88, 0x88, 0x88, 0x00, 0x08, 0x88, 0x88, 0x88, 0x88, 0x88, 0x88, 0x88, 0x88, 0x88,
  0x88, 0x88, 0x00, 0x00, 0x00, 0x00, 0x02, 0x00, 0x02, 0x00, 0x21, 0x11, 0x11, 0x11, 0x11, 0x11,
  0x11, 0x11, 0x11, 0x11, 0x11, 0x11, 0x11, 0x11, 0x11, 0x11, 0x11, 0x11, 0x11, 0x11, 0x11, 0x11,
  0x11, 0x11, 0x11, 0x11, 0x11, 0x11, 0x11, 0x11, 0x11, 0x11, 0x11, 0x11, 0x11, 0x11, 0x11, 0x10,
  0x11, 0x11, 0x11, 0x11, 0x11, 0x11, 0x11, 0x11, 0x11, 0x11, 0x11, 0x11, 0x11, 0x11, 0x11, 0x11,
  0x11, 0x11, 0x11, 0x11, 0x11, 0x11, 0x11, 0x11, 0x11, 0x11, 0x11, 0x11, 0x11, 0x11, 0x11, 0x11,
  0x11, 0x11, 0x11, 0x11, 0x11, 0x11, 0x22, 0x20, 0x22, 0x20, 0x00, 0x20, 0x00, 0x00, 0x00, 0x00,
  0x00, 0x08, 0x88, 0x88, 0x88, 0x88, 0x88, 0x88, 0x88, 0x88, 0x88, 0x88, 0x88, 0x88, 0x88, 0x88,
  0x88, 0x88, 0x88, 0x88, 0x88, 0x88, 0x88, 0x84, 0x88, 0x88, 0x88, 0x88, 0x88, 0x88, 0x88, 0x88,
  0x88, 0x88, 0x88, 0x88, 0x88, 0x88, 0x88, 0x88, 0x84, 0x88, 0x88, 0x88, 0x88, 0x88, 0x88, 0x88,
  0x88, 0x88, 0x84, 0x88, 0x88, 0x88, 0x88, 0x88, 0x88, 0x88, 0x88, 0x88, 0x88, 0x88, 0x88, 0x88,
  0x88, 0x88, 0x88, 0x88, 0x88, 0x88, 0x88, 0x88, 0x88, 0x88, 0x88, 0x88, 0x88, 0x88, 0x88, 0x88,
  0x88, 0x88, 0x88, 0x88, 0x88, 0x00, 0x00, 0x00, 0x00, 0x00, 0x22, 0x20, 0x22, 0x01, 0x11, 0x11,
  0x11, 0x11, 0x11, 0x11, 0x11, 0x11, 0x11, 0x11, 0x11, 0x11, 0x11, 0x11, 0x11, 0x11, 0x11, 0x11,
  0x11, 0x11, 0x11, 0x11, 0x11, 0x11, 0x11, 0x11, 0x11, 0x11, 0x11, 0x11, 0x11, 0x11, 0x11, 0x11,
  0x11, 0x11, 0x11, 0x10, 0x11, 0x11, 0x11, 0x11, 0x11, 0x11, 0x11, 0x11, 0x11, 0x11, 0x11, 0x11,
  0x11, 0x11, 0x11, 0x11, 0x11, 0x11, 0x11, 0x11, 0x11, 0x11, 0x11, 0x11, 0x11, 0x11, 0x11, 0x11,
  0x11, 0x11, 0x11, 0x11, 0x11, 0x11, 0x11, 0x10, 0x12, 0x10, 0x02, 0x22, 0x00, 0x00, 0x22, 0x20,
  0x02, 0x00, 0x20, 0x00, 0x00, 0x00, 0x88, 0x88, 0x88, 0x84, 0x88, 0x88, 0x88, 0x88, 0x88, 0x88,
  0x88, 0x88, 0x88, 0x88, 0x88, 0x88, 0x88, 0x88, 0x88, 0x88, 0x88, 0x88, 0x88, 0x88, 0x88, 0x88,
  0x88, 0x88, 0x88, 0x88, 0x88, 0x88, 0x88, 0x88, 0x84, 0x88, 0x48, 0x88, 0x8d, 0x88, 0x88, 0x88,
  0x88, 0x88, 0x88, 0x88, 0x88, 0x88, 0x84, 0x88, 0x88, 0x88, 0x84, 0x88, 0x88, 0x88, 0x88, 0x88,
  0x88, 0x88, 0x88, 0x88, 0x48, 0x88, 0x88, 0x88, 0x88, 0x88, 0x88, 0x88, 0x88, 0x88, 0x88, 0x88,
  0x88, 0x88, 0x88, 0x88, 0x88, 0x88, 0x88, 0x88, 0x88, 0x00, 0x00, 0x00, 0x00, 0x00, 0x00, 0x00,
  0x22, 0x11, 0x11, 0x11, 0x11, 0x11, 0x11, 0x11, 0x11, 0x11, 0x11, 0x11, 0x11, 0x11, 0x11, 0x11,
  0x11, 0x11, 0x11, 0x11, 0x11, 0x11, 0x11, 0x11, 0x11, 0x11, 0x11, 0x11, 0x11, 0x11, 0x11, 0x11,
  0x11, 0x11, 0x11, 0x11, 0x11, 0x11, 0x11, 0x10, 0x11, 0x11, 0x11, 0x11, 0x11, 0x11, 0x11, 0x11,
  0x11, 0x11, 0x11, 0x11, 0x11, 0x11, 0x11, 0x11, 0x11, 0x11, 0x11, 0x11, 0x11, 0x11, 0x11, 0x11,
  0x11, 0x11, 0x11, 0x11, 0x11, 0x11, 0x11, 0x11, 0x11, 0x11, 0x11, 0x11, 0x11, 0x11, 0x11, 0x11,
  0x00, 0x00, 0x02, 0x20, 0x00, 0x00, 0x00, 0x00, 0x00, 0x00, 0x00, 0x00, 0x00, 0x80, 0x88, 0x88,
  0x88, 0x88, 0x88, 0x88, 0x88, 0x88, 0x88, 0x88, 0x88, 0x88, 0x88, 0x88, 0x88, 0x88, 0x88, 0x88,
  0x88, 0x88, 0x88, 0x88, 0x88, 0x88, 0x88, 0x88, 0x88, 0x88, 0x88, 0x88, 0x88, 0x88, 0x88, 0x88,
  0x88, 0x88, 0x88, 0x88, 0x88, 0x88, 0x88, 0x88, 0x88, 0x88, 0x88, 0x88, 0x88, 0x88, 0x88, 0x88,
  0x88, 0x88, 0x88, 0x88, 0x88, 0x88, 0x88, 0x88, 0x88, 0x88, 0x88, 0x88, 0x88, 0x88, 0x88, 0x88,
  0x88, 0x88, 0x88, 0x88, 0x88, 0x88, 0x88, 0x88, 0x88, 0x88, 0x88, 0x88, 0x80, 0x00, 0x00, 0x00,
  0x00, 0x00, 0x00, 0x00, 0x11, 0x21, 0x11, 0x11, 0x11, 0x11, 0x11, 0x11, 0x11, 0x11, 0x11, 0x11,
  0x11, 0x11, 0x11, 0x11, 0x11, 0x11, 0x11, 0x11, 0x11, 0x11, 0x11, 0x11, 0x11, 0x11, 0x11, 0x11,
  0x11, 0x11, 0x11, 0x11, 0x11, 0x11, 0x11, 0x11, 0x11, 0x11, 0x11, 0x10, 0x11, 0x11, 0x11, 0x11,
  0x11, 0x11, 0x11, 0x11, 0x11, 0x11, 0x11, 0x11, 0x11, 0x11, 0x11, 0x11, 0x11, 0x11, 0x11, 0x11,
  0x11, 0x11, 0x11, 0x11, 0x11, 0x11, 0x11, 0x11, 0x11, 0x11, 0x11, 0x11, 0x11, 0x11, 0x11, 0x11,
  0x11, 0x11, 0x11, 0x11, 0x12, 0x00, 0x00, 0x00, 0x00, 0x22, 0x00, 0x00, 0x00, 0x00, 0x00, 0x00,
  0x00, 0x00, 0x08, 0x88, 0x08, 0x88, 0x88, 0x88, 0x88, 0x88, 0x88, 0x88, 0x88, 0x84, 0x88, 0x88,
  0x88, 0x88, 0x88, 0x48, 0x88, 0x88, 0x88, 0x88, 0x88, 0x88, 0x88, 0x88, 0x88, 0x88, 0x88, 0x84,
  0x88, 0x88, 0x88, 0x88, 0x88, 0x88, 0x88, 0x88, 0x88, 0x84, 0x88, 0x88, 0x88, 0x88, 0x88, 0x88,
  0x88, 0x88, 0x88, 0x84, 0x88, 0x88, 0x88, 0x88, 0x88, 0x88, 0x88, 0x88, 0x88, 0x88, 0x88, 0x88,
  0x88, 0x88, 0x88, 0x88, 0x88, 0x88, 0x88, 0x88, 0x88, 0x88, 0x88, 0x88, 0x88, 0x88, 0x88, 0x88,
  0x00, 0x00, 0x00, 0x00, 0x00, 0x00, 0x02, 0x00, 0x11, 0x11, 0x11, 0x11, 0x11, 0x11, 0x11, 0x11,
  0x11, 0x11, 0x11, 0x11, 0x11, 0x11, 0x11, 0x11, 0x11, 0x11, 0x11, 0x11, 0x11, 0x11, 0x11, 0x11,
  0x11, 0x11, 0x11, 0x11, 0x11, 0x11, 0x11, 0x11, 0x11, 0x11, 0x11, 0x11, 0x11, 0x11, 0x11, 0x10,
  0x11, 0x11, 0x11, 0x11, 0x11, 0x11, 0x11, 0x11, 0x11, 0x11, 0x11, 0x11, 0x11, 0x11, 0x11, 0x11,
  0x11, 0x11, 0x11, 0x11, 0x11, 0x11, 0x11, 0x11, 0x11, 0x11, 0x11, 0x11, 0x11, 0x11, 0x11, 0x11,
  0x11, 0x11, 0x11, 0x11, 0x11, 0x11, 0x11, 0x11, 0x11, 0x10, 0x00, 0x00, 0x00, 0x00, 0x00, 0x00,
  0x00, 0x00, 0x00, 0x00, 0x00, 0x08, 0x88, 0x88, 0x88, 0x88, 0x88, 0x88, 0x88, 0x88, 0x88, 0x88,
  0x88, 0x88, 0x88, 0x84, 0x88, 0x88, 0x88, 0x88, 0x88, 0x88, 0x88, 0x88, 0x88, 0x88, 0x88, 0x88,
  0x88, 0x88, 0x88, 0x88, 0x88, 0x88, 0x4d, 0xdd, 0x84, 0x88, 0x84, 0x48, 0x88, 0x8d, 0x88, 0x84,
  0x48, 0x88, 0x48, 0x88, 0x84, 0x48, 0x88, 0x88, 0x88, 0x88, 0x88, 0x88, 0x88, 0x88, 0x88, 0x88,
  0x88, 0x88, 0x88, 0x88, 0x88, 0x88, 0x88, 0x88, 0x88, 0x88, 0x88, 0x88, 0x88, 0x88, 0x88, 0x88,
  0x88, 0x88, 0x00, 0x00, 0x00, 0x00, 0x00, 0x00, 0x00, 0x00, 0x22, 0x11, 0x11, 0x11, 0x11, 0x11,
  0x11, 0x11, 0x11, 0x11, 0x11, 0x11, 0x11, 0x11, 0x11, 0x11, 0x11, 0x11, 0x11, 0x11, 0x11, 0x11,
  0x11, 0x11, 0x11, 0x11, 0x11, 0x11, 0x11, 0x11, 0x11, 0x11, 0x11, 0x11, 0x11, 0x11, 0x11, 0x11,
  0x11, 0x11, 0x11, 0x10, 0x11, 0x11, 0x11, 0x11, 0x11, 0x11, 0x11, 0x11, 0x11, 0x11, 0x11, 0x11,
  0x11, 0x11, 0x11, 0x11, 0x11, 0x11, 0x11, 0x11, 0x11, 0x11, 0x11, 0x11, 0x11, 0x11, 0x11, 0x11,
  0x11, 0x11, 0x11, 0x11, 0x11, 0x11, 0x11, 0x11, 0x11, 0x11, 0x11, 0x11, 0x11, 0x10, 0x20, 0x00,
  0x00, 0x00, 0x00, 0x00, 0x00, 0x00, 0x00, 0x00, 0x00, 0x08, 0x08, 0x88, 0x88, 0x88, 0x88, 0x88,
  0x88, 0x88, 0x88, 0x88, 0x88, 0x88, 0x88, 0x88, 0x88, 0x88, 0x88, 0x88, 0x88, 0x88, 0x88, 0x84,
  0x88, 0x88, 0x88, 0x44, 0x88, 0x88, 0x8d, 0x88, 0x84, 0x44, 0x88, 0x88, 0x84, 0x84, 0x48, 0x88,
  0x88, 0x8d, 0x88, 0x88, 0x88, 0x88, 0x88, 0x44, 0x48, 0x84, 0x88, 0x88, 0x88, 0x88, 0x88, 0x88,
  0x88, 0x88, 0x88, 0x88, 0x88, 0x88, 0x88, 0x88, 0x88, 0x88, 0x88, 0x88, 0x88, 0x88, 0x88, 0x88,
  0x88, 0x88, 0x88, 0x88, 0x00, 0x00, 0x00, 0x00, 0x00, 0x00, 0x00, 0x22, 0x22, 0x22, 0x22, 0x11,
  0x11, 0x11, 0x11, 0x11, 0x11, 0x11, 0x11, 0x11, 0x11, 0x11, 0x11, 0x11, 0x11, 0x11, 0x11, 0x11,
  0x11, 0x11, 0x11, 0x11, 0x11, 0x11, 0x11, 0x11, 0x11, 0x11, 0x11, 0x11, 0x11, 0x11, 0x11, 0x11,
  0x11, 0x11, 0x11, 0x11, 0x11, 0x11, 0x11, 0x10, 0x11, 0x11, 0x11, 0x11, 0x11, 0x11, 0x11, 0x11,
  0x11, 0x11, 0x11, 0x11, 0x11, 0x11, 0x11, 0x11, 0x11, 0x11, 0x11, 0x11, 0x11, 0x11, 0x11, 0x11,
  0x11, 0x11, 0x11, 0x11, 0x11, 0x11, 0x11, 0x11, 0x11, 0x11, 0x11, 0x11, 0x11, 0x11, 0x11, 0x11,
  0x11, 0x11, 0x10, 0x00, 0x00, 0x00, 0x00, 0x00, 0x00, 0x00, 0x00, 0x00, 0x00, 0x00, 0x08, 0x88,
  0x80, 0x88, 0x88, 0x88, 0x88, 0x88, 0x88, 0x88, 0x88, 0x88, 0x88, 0x88, 0x88, 0x88, 0x88, 0x88,
  0x88, 0x88, 0x88, 0x88, 0x88, 0x88, 0x84, 0x48, 0x88, 0x88, 0x88, 0x88, 0x88, 0x84, 0x88, 0x88,
  0x88, 0x84, 0x48, 0x88, 0x88, 0x8d, 0x88, 0x84, 0x88, 0x88, 0x88, 0x88, 0x88, 0x44, 0x88, 0x88,
  0x88, 0x88, 0x88, 0x88, 0x88, 0x88, 0x88, 0x88, 0x88, 0x88, 0x88, 0x88, 0x88, 0x88, 0x88, 0x88,
  0x88, 0x88, 0x88, 0x88, 0x88, 0x88, 0x00, 0x00, 0x00, 0x00, 0x00, 0x00, 0x00, 0x00, 0x00, 0x22,
  0x22, 0x22, 0x22, 0x11, 0x11, 0x11, 0x11, 0x11, 0x11, 0x11, 0x11, 0x11, 0x11, 0x11, 0x11, 0x11,
  0x11, 0x11, 0x11, 0x11, 0x11, 0x11, 0x11, 0x11, 0x11, 0x11, 0x11, 0x11, 0x11, 0x11, 0x11, 0x11,
  0x11, 0x11, 0x11, 0x11, 0x11, 0x11, 0x11, 0x11, 0x11, 0x11, 0x11, 0x10, 0x11, 0x11, 0x11, 0x11,
  0x11, 0x11, 0x11, 0x11, 0x11, 0x11, 0x11, 0x11, 0x11, 0x11, 0x11, 0x11, 0x11, 0x11, 0x11, 0x11,
  0x11, 0x11, 0x11, 0x11, 0x11, 0x11, 0x11, 0x11, 0x11, 0x11, 0x11, 0x11, 0x11, 0x11, 0x11, 0x11,
  0x11, 0x11, 0x11, 0x11, 0x11, 0x11, 0x11, 0x20, 0x00, 0x00, 0x00, 0x00, 0x00, 0x00, 0x00, 0x00,
  0x00, 0x00, 0x00, 0x08, 0x80, 0x88, 0x88, 0x88, 0x88, 0x88, 0x88, 0x88, 0x88, 0x88, 0x88, 0x88,
  0x88, 0x88, 0x88, 0x88, 0x88, 0x88, 0x88, 0x88, 0x88, 0x88, 0x44, 0x88, 0x88, 0x88, 0x88, 0x88,
  0x88, 0x88, 0x44, 0x44, 0x48, 0x88, 0x8d, 0x48, 0x88, 0x44, 0x88, 0x84, 0x48, 0x88, 0x88, 0x88,
  0x88, 0x48, 0x88, 0x88, 0x88, 0x88, 0x88, 0x88, 0x88, 0x88, 0x88, 0x88, 0x88, 0x88, 0x88, 0x88,
  0x88, 0x88, 0x88, 0x88, 0x88, 0x88, 0x00, 0x88, 0x88, 0x88, 0x00, 0x00, 0x00, 0x00, 0x00, 0x00,
  0x00, 0x00, 0x00, 0x00, 0x00, 0x01, 0x11, 0x01, 0x11, 0x11, 0x11, 0x11, 0x11, 0x11, 0x11, 0x11,
  0x11, 0x11, 0x11, 0x11, 0x11, 0x11, 0x11, 0x11, 0x11, 0x11, 0x11, 0x11, 0x11, 0x11, 0x11, 0x11,
  0x11, 0x11, 0x11, 0x11, 0x11, 0x11, 0x11, 0x11, 0x11, 0x11, 0x11, 0x11, 0x11, 0x11, 0x11, 0x10,
  0x11, 0x11, 0x11, 0x11, 0x11, 0x11, 0x11, 0x11, 0x11, 0x11, 0x11, 0x11, 0x11, 0x11, 0x11, 0x11,
  0x11, 0x11, 0x11, 0x11, 0x11, 0x11, 0x11, 0x11, 0x11, 0x11, 0x11, 0x11, 0x11, 0x11, 0x11, 0x11,
  0x11, 0x11, 0x11, 0x11, 0x11, 0x11, 0x11, 0x11, 0x11, 0x11, 0x11, 0x20, 0x00, 0x00, 0x00, 0x00,
  0x00, 0x00, 0x00, 0x00, 0x00, 0x00, 0x00, 0x00, 0x00, 0x88, 0x88, 0x88, 0x88, 0x88, 0x88, 0x88,
  0x88, 0x88, 0x88, 0x88, 0x88, 0x88, 0x88, 0x88, 0x88, 0x88, 0x88, 0x88, 0x88, 0x88, 0x48, 0x88,
  0x88, 0x88, 0x88, 0xd8, 0x88, 0xd8, 0x88, 0x88, 0x88, 0x88, 0x88, 0x84, 0x88, 0x48, 0x88, 0x88,
  0x88, 0x88, 0x84, 0x88, 0x88, 0x88, 0x88, 0x88, 0x88, 0x88, 0x88, 0x88, 0x88, 0x88, 0x88, 0x88,
  0x88, 0x88, 0x88, 0x88, 0x88, 0x88, 0x88, 0x88, 0x88, 0x80, 0x00, 0x00, 0x00, 0x00, 0x00, 0x00,
  0x00, 0x00, 0x00, 0x00, 0x00, 0x00, 0x00, 0x00, 0x00, 0x11, 0x11, 0x11, 0x11, 0x11, 0x11, 0x11,
  0x11, 0x11, 0x11, 0x11, 0x11, 0x11, 0x11, 0x11, 0x11, 0x11, 0x11, 0x11, 0x11, 0x11, 0x11, 0x11,
  0x11, 0x11, 0x11, 0x11, 0x11, 0x11, 0x11, 0x11, 0x11, 0x11, 0x11, 0x11, 0x11, 0x11, 0x11, 0x11,
  0x11, 0x11, 0x11, 0x10, 0x11, 0x11, 0x11, 0x11, 0x11, 0x11, 0x11, 0x11, 0x11, 0x11, 0x11, 0x11,
  0x11, 0x11, 0x11, 0x11, 0x11, 0x11, 0x11, 0x11, 0x11, 0x11, 0x11, 0x11, 0x11, 0x11, 0x11, 0x11,
  0x11, 0x11, 0x11, 0x11, 0x11, 0x11, 0x11, 0x11, 0x11, 0x11, 0x11, 0x11, 0x11, 0x11, 0x11, 0x12,
  0x10, 0x00, 0x00, 0x00, 0x00, 0x00, 0x20, 0x00, 0x00, 0x00, 0x00, 0x00, 0x00, 0x00, 0x88, 0x00,
  0x08, 0x88, 0x08, 0x88, 0x88, 0x88, 0x88, 0x88, 0x88, 0x48, 0x88, 0x88, 0x48, 0x88, 0x88, 0x88,
  0x88, 0x88, 0x88, 0x48, 0x88, 0x84, 0x88, 0x88, 0x88, 0xd8, 0x88, 0x88, 0x84, 0x88, 0x88, 0x44,
  0x48, 0x88, 0x48, 0x88, 0x88, 0x88, 0x84, 0x88, 0x88, 0x88, 0x88, 0x88, 0x88, 0x88, 0x88, 0x88,
  0x88, 0x88, 0x88, 0x88, 0x88, 0x88, 0x88, 0x88, 0x88, 0x80, 0x00, 0x88, 0x88, 0x80, 0x00, 0x00,
  0x00, 0x00, 0x00, 0x00, 0x00, 0x00, 0x00, 0x00, 0x20, 0x00, 0x20, 0x00, 0x11, 0x10, 0x11, 0x11,
  0x11, 0x11, 0x11, 0x11, 0x11, 0x11, 0x11, 0x11, 0x11, 0x11, 0x11, 0x11, 0x11, 0x11, 0x11, 0x11,
  0x11, 0x11, 0x11, 0x11, 0x11, 0x11, 0x11, 0x11, 0x11, 0x11, 0x11, 0x11, 0x11, 0x11, 0x11, 0x11,
  0x11, 0x11, 0x11, 0x11, 0x11, 0x11, 0x11, 0x10, 0x11, 0x11, 0x11, 0x11, 0x11, 0x11, 0x11, 0x11,
  0x11, 0x11, 0x11, 0x11, 0x11, 0x11, 0x11, 0x11, 0x11, 0x11, 0x11, 0x11, 0x11, 0x11, 0x11, 0x11,
  0x11, 0x11, 0x11, 0x11, 0x11, 0x11, 0x11, 0x11, 0x11, 0x11, 0x11, 0x11, 0x11, 0x11, 0x11, 0x11,
  0x11, 0x11, 0x11, 0x11, 0x10, 0x20, 0x02, 0x00, 0x02, 0x00, 0x20, 0x00, 0x00, 0x00, 0x00, 0x00,
  0x00, 0x00, 0x88, 0x00, 0x00, 0x88, 0x08, 0x88, 0x88, 0x88, 0x88, 0x88, 0x88, 0x48, 0x88, 0x88,
  0x48, 0x88, 0x88, 0x88, 0x88, 0x88, 0x88, 0x48, 0x88, 0x88, 0x88, 0x88, 0xd8, 0x88, 0x88, 0x88,
  0x84, 0x88, 0x88, 0x44, 0x48, 0x88, 0x48, 0x88, 0x88, 0x88, 0x84, 0x88, 0x88, 0x88, 0x88, 0x88,
  0x88, 0x88, 0x88, 0x88, 0x88, 0x88, 0x88, 0x88, 0x88, 0x88, 0x88, 0x88, 0x88, 0x80, 0x00, 0x88,
  0x88, 0x00, 0x00, 0x00, 0x00, 0x00, 0x00, 0x00, 0x00, 0x00, 0x00, 0x00, 0x20, 0x02, 0x20, 0x02,
  0x11, 0x11, 0x11, 0x11, 0x11, 0x11, 0x11, 0x11, 0x11, 0x11, 0x11, 0x11, 0x11, 0x11, 0x11, 0x11,
  0x11, 0x11, 0x11, 0x11, 0x11, 0x11, 0x11, 0x11, 0x11, 0x11, 0x11, 0x11, 0x11, 0x11, 0x11, 0x11,
  0x11, 0x11, 0x11, 0x11, 0x11, 0x11, 0x11, 0x11, 0x11, 0x11, 0x11, 0x10, 0x11, 0x11, 0x11, 0x11,
  0x11, 0x11, 0x11, 0x11, 0x11, 0x11, 0x11, 0x11, 0x11, 0x11, 0x11, 0x11, 0x11, 0x11, 0x11, 0x11,
  0x11, 0x11, 0x11, 0x11, 0x11, 0x11, 0x11, 0x11, 0x11, 0x11, 0x11, 0x11, 0x11, 0x11, 0x11, 0x11,
  0x11, 0x11, 0x11, 0x11, 0x11, 0x11, 0x11, 0x11, 0x11, 0x12, 0x00, 0x00, 0x00, 0x00, 0x00, 0x00,
  0x00, 0x00, 0x00, 0x00, 0x00, 0x00, 0x00, 0x08, 0x80, 0x08, 0x88, 0x88, 0x88, 0x88, 0x88, 0x88,
  0x88, 0x88, 0x88, 0x88, 0x88, 0x88, 0x88, 0x88, 0x88, 0x88, 0x88, 0x88, 0x88, 0x88, 0x84, 0x88,
  0x88, 0x84, 0x88, 0x88, 0x88, 0x84, 0x88, 0xdd, 0xdd, 0x88, 0x88, 0x88, 0xdd, 0xd8, 0x88, 0x84,
  0x88, 0x88, 0x88, 0x88, 0x88, 0x88, 0x88, 0x88, 0x88, 0x08, 0x88, 0x88, 0x88, 0x88, 0x88, 0x88,
  0x88, 0x88, 0x00, 0x00, 0x00, 0x00, 0x00, 0x00, 0x00, 0x00, 0x00, 0x00, 0x00, 0x00, 0x20, 0x00,
  0x00, 0x22, 0x20, 0x11, 0x11, 0x11, 0x11, 0x11, 0x11, 0x11, 0x11, 0x11, 0x11, 0x11, 0x11, 0x11,
  0x11, 0x11, 0x11, 0x11, 0x11, 0x11, 0x11, 0x11, 0x11, 0x11, 0x11, 0x11, 0x11, 0x11, 0x11, 0x11,
  0x11, 0x11, 0x11, 0x11, 0x11, 0x11, 0x11, 0x11, 0x11, 0x11, 0x11, 0x11, 0x11, 0x11, 0x11, 0x10,
  0x11, 0x11, 0x11, 0x11, 0x11, 0x11, 0x11, 0x11, 0x11, 0x11, 0x11, 0x11, 0x11, 0x11, 0x11, 0x11,
  0x11, 0x11, 0x11, 0x11, 0x11, 0x11, 0x11, 0x11, 0x11, 0x11, 0x11, 0x11, 0x11, 0x11, 0x11, 0x11,
  0x11, 0x11, 0x11, 0x11, 0x11, 0x11, 0x11, 0x11, 0x11, 0x11, 0x11, 0x11, 0x11, 0x11, 0x00, 0x02,
  0x20, 0x00, 0x00, 0x00, 0x00, 0x00, 0x00, 0x00, 0x00, 0x00, 0x00, 0x00, 0x00, 0x00, 0x08, 0x00,
  0x08, 0x88, 0x88, 0x88, 0x88, 0x88, 0x88, 0x88, 0x88, 0x88, 0x88, 0x88, 0x88, 0x88, 0x88, 0x88,
  0x88, 0x84, 0x88, 0x88, 0x88, 0x88, 0x88, 0x88, 0x88, 0x88, 0x88, 0x88, 0x88, 0x88, 0x88, 0x88,
  0x88, 0x88, 0x88, 0x84, 0x88, 0x88, 0x88, 0x88, 0x88, 0x88, 0x88, 0x88, 0x88, 0x88, 0x88, 0x88,
  0x88, 0x88, 0x88, 0x88, 0x08, 0x00, 0x00, 0x00, 0x00, 0x00, 0x00, 0x00, 0x00, 0x00, 0x00, 0x00,
  0x00, 0x00, 0x20, 0x00, 0x02, 0x22, 0x21, 0x11, 0x11, 0x11, 0x11, 0x11, 0x11, 0x11, 0x11, 0x11,
  0x11, 0x11, 0x11, 0x11, 0x11, 0x11, 0x11, 0x11, 0x11, 0x11, 0x11, 0x11, 0x11, 0x11, 0x11, 0x11,
  0x11, 0x11, 0x11, 0x11, 0x11, 0x11, 0x11, 0x11, 0x11, 0x11, 0x11, 0x11, 0x11, 0x11, 0x11, 0x11,
  0x11, 0x11, 0x11, 0x10, 0x11, 0x11, 0x11, 0x11, 0x11, 0x11, 0x11, 0x11, 0x11, 0x11, 0x11, 0x11,
  0x11, 0x11, 0x11, 0x11, 0x11, 0x11, 0x11, 0x11, 0x11, 0x11, 0x11, 0x11, 0x11, 0x11, 0x11, 0x11,
  0x11, 0x11, 0x11, 0x11, 0x11, 0x11, 0x11, 0x11, 0x11, 0x11, 0x11, 0x11, 0x11, 0x11, 0x11, 0x11,
  0x11, 0x11, 0x12, 0x20, 0x00, 0x00, 0x00, 0x00, 0x00, 0x00, 0x00, 0x00, 0x00, 0x00, 0x00, 0x00,
  0x08, 0x80, 0x00, 0x00, 0x00, 0x88, 0x88, 0x88, 0x88, 0x88, 0x88, 0x88, 0x88, 0x88, 0x88, 0x88,
  0x88, 0x88, 0x88, 0x88, 0x88, 0x88, 0x88, 0x88, 0x88, 0x88, 0x48, 0x88, 0x88, 0x88, 0x88, 0x88,
  0x88, 0x88, 0x88, 0x88, 0x88, 0x88, 0x88, 0x88, 0x88, 0x88, 0x88, 0x88, 0x88, 0x88, 0x88, 0x88,
  0x08, 0x80, 0x00, 0x00, 0x00, 0x00, 0x08, 0x88, 0x00, 0x00, 0x00, 0x00, 0x00, 0x00, 0x00, 0x00,
  0x00, 0x00, 0x02, 0x00, 0x00, 0x00, 0x21, 0x01, 0x12, 0x22, 0x21, 0x11, 0x11, 0x11, 0x11, 0x11,
  0x01, 0x11, 0x11, 0x11, 0x11, 0x11, 0x11, 0x11, 0x11, 0x11, 0x11, 0x11, 0x11, 0x11, 0x11, 0x11,
  0x11, 0x11, 0x11, 0x11, 0x11, 0x11, 0x11, 0x11, 0x11, 0x11, 0x11, 0x11, 0x11, 0x11, 0x11, 0x11,
  0x11, 0x11, 0x11, 0x11, 0x11, 0x11, 0x11, 0x10, 0x11, 0x11, 0x11, 0x11, 0x11, 0x11, 0x11, 0x11,
  0x11, 0x11, 0x11, 0x11, 0x11, 0x11, 0x11, 0x11, 0x11, 0x11, 0x11, 0x11, 0x11, 0x11, 0x11, 0x11,
  0x11, 0x11, 0x11, 0x11, 0x11, 0x11, 0x11, 0x11, 0x11, 0x11, 0x11, 0x11, 0x11, 0x11, 0x11, 0x11,
  0x11, 0x11, 0x11, 0x11, 0x11, 0x11, 0x11, 0x10, 0x02, 0x00, 0x22, 0x00, 0x00, 0x00, 0x00, 0x00,
  0x00, 0x00, 0x00, 0x00, 0x20, 0x00, 0x00, 0x08, 0x88, 0x88, 0x88, 0x88, 0x88, 0x88, 0x88, 0x88,
  0x88, 0x88, 0x88, 0x88, 0x88, 0x88, 0x88, 0x88, 0x88, 0x88, 0x88, 0x88, 0x88, 0x88, 0x88, 0x88,
  0x84, 0x88, 0x88, 0x88, 0x88, 0x88, 0x88, 0x88, 0x44, 0x44, 0x44, 0x88, 0x88, 0x88, 0x88, 0x88,
  0x88, 0x88, 0x88, 0x88, 0x88, 0x80, 0x00, 0x00, 0x00, 0x00, 0x00, 0x00, 0x00, 0x00, 0x00, 0x00,
  0x00, 0x00, 0x00, 0x00, 0x00, 0x00, 0x00, 0x02, 0x22, 0x21, 0x11, 0x21, 0x10, 0x11, 0x11, 0x11,
  0x11, 0x11, 0x11, 0x11, 0x01, 0x10, 0x11, 0x11, 0x11, 0x11, 0x11, 0x11, 0x11, 0x11, 0x11, 0x11,
  0x11, 0x11, 0x11, 0x11, 0x11, 0x11, 0x11, 0x11, 0x11, 0x11, 0x11, 0x11, 0x11, 0x11, 0x11, 0x11,
  0x11, 0x11, 0x11, 0x11, 0x11, 0x11, 0x11, 0x11, 0x11, 0x11, 0x11, 0x10, 0x11, 0x11, 0x11, 0x11,
  0x11, 0x11, 0x11, 0x11, 0x11, 0x11, 0x11, 0x11, 0x11, 0x11, 0x11, 0x11, 0x11, 0x11, 0x11, 0x11,
  0x11, 0x11, 0x11, 0x11, 0x11, 0x11, 0x11, 0x11, 0x11, 0x11, 0x11, 0x11, 0x11, 0x11, 0x11, 0x11,
  0x11, 0x11, 0x11, 0x11, 0x11, 0x11, 0x11, 0x11, 0x11, 0x11, 0x11, 0x11, 0x01, 0x20, 0x00, 0x00,
  0x00, 0x20, 0x00, 0x00, 0x00, 0x00, 0x00, 0x00, 0x00, 0x00, 0x00, 0x00, 0x88, 0x88, 0x88, 0x88,
  0x88, 0x88, 0x88, 0x88, 0x88, 0x88, 0x88, 0x88, 0x88, 0x88, 0x88, 0x84, 0x48, 0x88, 0x88, 0x88,
  0x88, 0xd8, 0x88, 0x88, 0x88, 0x88, 0x88, 0x88, 0x88, 0x88, 0x88, 0x88, 0x84, 0x48, 0x84, 0x88,
  0x88, 0x88, 0x88, 0x88, 0x88, 0x88, 0x88, 0x88, 0x80, 0x00, 0x00, 0x00, 0x00, 0x00, 0x00, 0x00,
  0x00, 0x00, 0x00, 0x00, 0x00, 0x00, 0x00, 0x00, 0x00, 0x20, 0x02, 0x20, 0x00, 0x01, 0x11, 0x21,
  0x01, 0x11, 0x11, 0x11, 0x11, 0x11, 0x11, 0x11, 0x11, 0x11, 0x01, 0x11, 0x11, 0x11, 0x11, 0x11,
  0x11, 0x11, 0x11, 0x11, 0x11, 0x11, 0x11, 0x11, 0x11, 0x11, 0x11, 0x11, 0x11, 0x11, 0x11, 0x11,
  0x11, 0x11, 0x11, 0x11, 0x11, 0x11, 0x11, 0x11, 0x11, 0x11, 0x11, 0x11, 0x11, 0x11, 0x11, 0x10,
  0x11, 0x11, 0x11, 0x11, 0x11, 0x11, 0x11, 0x11, 0x11, 0x11, 0x11, 0x11, 0x11, 0x11, 0x11, 0x11,
  0x11, 0x11, 0x11, 0x11, 0x11, 0x11, 0x11, 0x11, 0x11, 0x11, 0x11, 0x11, 0x11, 0x11, 0x11, 0x11,
  0x11, 0x11, 0x11, 0x11, 0x11, 0x11, 0x11, 0x11, 0x11, 0x11, 0x11, 0x11, 0x11, 0x11, 0x11, 0x11,
  0x11, 0x10, 0x10, 0x00, 0x00, 0x20, 0x02, 0x00, 0x00, 0x00, 0x00, 0x00, 0x00, 0x00, 0x00, 0x00,
  0x08, 0x88, 0x80, 0x00, 0x00, 0x00, 0x00, 0x00, 0x00, 0x00, 0x08, 0x88, 0x88, 0x88, 0x88, 0x88,
  0x88, 0x88, 0x88, 0x88, 0x88, 0xd8, 0x88, 0x88, 0x88, 0x88, 0x88, 0x88, 0x88, 0x88, 0x88, 0x88,
  0x88, 0x88, 0x88, 0x88, 0x88, 0x88, 0x88, 0x88, 0x88, 0x88, 0x88, 0x88, 0x88, 0x80, 0x00, 0x00,
  0x00, 0x00, 0x00, 0x00, 0x20, 0x00, 0x00, 0x00, 0x00, 0x00, 0x00, 0x00, 0x00, 0x20, 0x02, 0x11,
  0x11, 0x11, 0x11, 0x01, 0x11, 0x11, 0x11, 0x11, 0x11, 0x11, 0x11, 0x11, 0x11, 0x11, 0x11, 0x11,
  0x11, 0x11, 0x11, 0x11, 0x11, 0x11, 0x11, 0x11, 0x11, 0x11, 0x11, 0x11, 0x11, 0x11, 0x00, 0x00,
  0x00, 0x10, 0x00, 0x11, 0x00, 0x11, 0x11, 0x11, 0x00, 0x11, 0x11, 0x11, 0x11, 0x11, 0x11, 0x11,
  0x11, 0x11, 0x11, 0x10, 0x11, 0x11, 0x11, 0x11, 0x11, 0x11, 0x11, 0x11, 0x11, 0x11, 0x11, 0x11,
  0x11, 0x11, 0x11, 0x11, 0x11, 0x11, 0x11, 0x11, 0x11, 0x11, 0x11, 0x11, 0x11, 0x11, 0x11, 0x11,
  0x11, 0x11, 0x11, 0x11, 0x11, 0x11, 0x11, 0x11, 0x11, 0x11, 0x11, 0x11, 0x11, 0x11, 0x11, 0x11,
  0x11, 0x11, 0x11, 0x11, 0x11, 0x11, 0x11, 0x00, 0x00, 0x20, 0x02, 0x00, 0x00, 0x02, 0x00, 0x00,
  0x20, 0x00, 0x00, 0x00, 0x08, 0x88, 0x80, 0x00, 0x00, 0x08, 0x88, 0x80, 0x88, 0x80, 0x00, 0x88,
  0x88, 0x88, 0x88, 0x88, 0x88, 0x88, 0x88, 0x88, 0x88, 0x88, 0x88, 0x88, 0x88, 0x88, 0x88, 0x88,
  0x88, 0x88, 0x88, 0x88, 0x88, 0x88, 0x88, 0x88, 0x88, 0x88, 0x88, 0x88, 0x08, 0x88, 0x88, 0x88,
  0x88, 0x80, 0x08, 0x80, 0x00, 0x00, 0x00, 0x00, 0x00, 0x00, 0x00, 0x00, 0x00, 0x20, 0x00, 0x00,
  0x02, 0x02, 0x21, 0x11, 0x11, 0x11, 0x11, 0x11, 0x11, 0x11, 0x11, 0x11, 0x11, 0x11, 0x11, 0x11,
  0x11, 0x11, 0x11, 0x11, 0x11, 0x11, 0x10, 0x11, 0x11, 0x11, 0x11, 0x11, 0x11, 0x12, 0x11, 0x00,
  0x11, 0x01, 0x01, 0x11, 0x10, 0x00, 0x01, 0x11, 0x00, 0x11, 0x11, 0x10, 0x11, 0x11, 0x11, 0x11,
  0x11, 0x11, 0x11, 0x11, 0x11, 0x11, 0x11, 0x10, 0x11, 0x11, 0x11, 0x11, 0x11, 0x11, 0x11, 0x11,
  0x11, 0x11, 0x11, 0x11, 0x11, 0x11, 0x11, 0x11, 0x11, 0x11, 0x11, 0x11, 0x11, 0x11, 0x11, 0x11,
  0x11, 0x11, 0x11, 0x11, 0x11, 0x11, 0x11, 0x11, 0x11, 0x11, 0x11, 0x11, 0x11, 0x11, 0x11, 0x11,
  0x11, 0x11, 0x11, 0x11, 0x11, 0x11, 0x11, 0x11, 0x11, 0x11, 0x11, 0x00, 0x00, 0x20, 0x02, 0x00,
  0x20, 0x00, 0x00, 0x00, 0x00, 0x00, 0x20, 0x00, 0x00, 0x08, 0x80, 0x00, 0x00, 0x00, 0x88, 0x88,
  0x88, 0x88, 0x00, 0x88, 0x08, 0x88, 0x88, 0x88, 0x88, 0x88, 0x88, 0x88, 0x88, 0x88, 0x48, 0x88,
  0x84, 0x88, 0x88, 0x88, 0x88, 0x88, 0x88, 0x88, 0x88, 0x88, 0x88, 0x88, 0x88, 0x88, 0x88, 0x08,
  0x08, 0x88, 0x08, 0x80, 0x00, 0x00, 0x00, 0x88, 0x00, 0x00, 0x00, 0x00, 0x00, 0x00, 0x00, 0x00,
  0x00, 0x20, 0x00, 0x00, 0x22, 0x02, 0x21, 0x11, 0x11, 0x11, 0x11, 0x11, 0x11, 0x11, 0x11, 0x11,
  0x11, 0x11, 0x11, 0x11, 0x11, 0x11, 0x11, 0x11, 0x11, 0x11, 0x11, 0x01, 0x11, 0x11, 0x11, 0x11,
  0x01, 0x11, 0x11, 0x11, 0x11, 0x11, 0x01, 0x11, 0x10, 0x11, 0x01, 0x11, 0x01, 0x11, 0x11, 0x01,
  0x11, 0x11, 0x11, 0x11, 0x11, 0x11, 0x11, 0x11, 0x11, 0x11, 0x11, 0x10, 0x11, 0x11, 0x11, 0x11,
  0x11, 0x11, 0x11, 0x11, 0x11, 0x11, 0x11, 0x11, 0x11, 0x11, 0x11, 0x11, 0x11, 0x11, 0x11, 0x11,
  0x11, 0x11, 0x11, 0x11, 0x11, 0x11, 0x11, 0x11, 0x11, 0x11, 0x11, 0x11, 0x11, 0x11, 0x11, 0x11,
  0x11, 0x11, 0x11, 0x11, 0x11, 0x11, 0x11, 0x11, 0x11, 0x11, 0x11, 0x11, 0x11, 0x11, 0x11, 0x22,
  0x22, 0x20, 0x02, 0x20, 0x00, 0x00, 0x00, 0x00, 0x00, 0x00, 0x00, 0x00, 0x00, 0x00, 0x00, 0x00,
  0x00, 0x00, 0x00, 0x08, 0x88, 0x88, 0x08, 0x00, 0x00, 0x00, 0x00, 0x00, 0x88, 0x88, 0x88, 0x88,
  0x88, 0x88, 0x88, 0x88, 0x88, 0x88, 0x88, 0x88, 0x88, 0x88, 0x88, 0x88, 0x80, 0x00, 0x88, 0x88,
  0x88, 0x88, 0x88, 0x80, 0x80, 0x00, 0x00, 0x00, 0x00, 0x00, 0x00, 0x00, 0x00, 0x00, 0x00, 0x00,
  0x00, 0x00, 0x00, 0x00, 0x00, 0x00, 0x00, 0x00, 0x00, 0x20, 0x01, 0x11, 0x11, 0x11, 0x11, 0x11,
  0x11, 0x11, 0x11, 0x11, 0x11, 0x11, 0x11, 0x11, 0x11, 0x11, 0x11, 0x11, 0x11, 0x11, 0x10, 0x11,
  0x11, 0x11, 0x11, 0x00, 0x11, 0x11, 0x11, 0x00, 0x11, 0x11, 0x00, 0x11, 0x10, 0x11, 0x00, 0x10,
  0x10, 0x11, 0x11, 0x00, 0x11, 0x11, 0x11, 0x11, 0x11, 0x11, 0x11, 0x11, 0x11, 0x11, 0x11, 0x10,
  0x11, 0x11, 0x11, 0x11, 0x11, 0x11, 0x11, 0x11, 0x11, 0x11, 0x11, 0x11, 0x11, 0x11, 0x11, 0x11,
  0x11, 0x11, 0x11, 0x11, 0x11, 0x11, 0x11, 0x11, 0x11, 0x11, 0x11, 0x11, 0x11, 0x11, 0x11, 0x11,
  0x11, 0x11, 0x11, 0x11, 0x11, 0x11, 0x11, 0x11, 0x11, 0x11, 0x11, 0x11, 0x11, 0x11, 0x11, 0x11,
  0x11, 0x11, 0x11, 0x11, 0x11, 0x01, 0x11, 0x20, 0x00, 0x00, 0x00, 0x00, 0x00, 0x00, 0x00, 0x00,
  0x02, 0x00, 0x00, 0x00, 0x00, 0x00, 0x00, 0x08, 0x88, 0x88, 0x08, 0x00, 0x80, 0x00, 0x00, 0x00,
  0x88, 0x88, 0x88, 0x80, 0x88, 0x88, 0x88, 0x88, 0x88, 0x88, 0x88, 0x88, 0x88, 0x88, 0x88, 0x80,
  0x00, 0x00, 0x08, 0x88, 0x88, 0x00, 0x88, 0x80, 0x80, 0x00, 0x00, 0x00, 0x00, 0x00, 0x00, 0x00,
  0x00, 0x00, 0x00, 0x00, 0x00, 0x00, 0x00, 0x02, 0x00, 0x00, 0x22, 0x02, 0x00, 0x10, 0x01, 0x11,
  0x11, 0x11, 0x11, 0x11, 0x11, 0x11, 0x11, 0x11, 0x11, 0x11, 0x11, 0x11, 0x01, 0x11, 0x11, 0x11,
  0x11, 0x11, 0x11, 0x11, 0x11, 0x10, 0x11, 0x00, 0x01, 0x11, 0x11, 0x11, 0x11, 0x10, 0x00, 0x10,
  0x01, 0x00, 0x01, 0x10, 0x00, 0x11, 0x10, 0x01, 0x11, 0x11, 0x11, 0x10, 0x11, 0x11, 0x11, 0x11,
  0x11, 0x11, 0x11, 0x10, 0x11, 0x11, 0x11, 0x11, 0x11, 0x11, 0x11, 0x11, 0x11, 0x11, 0x11, 0x11,
  0x11, 0x11, 0x11, 0x11, 0x11, 0x11, 0x11, 0x11, 0x11, 0x11, 0x11, 0x11, 0x11, 0x11, 0x11, 0x11,
  0x11, 0x11, 0x11, 0x11, 0x11, 0x11, 0x11, 0x11, 0x11, 0x11, 0x11, 0x11, 0x11, 0x11, 0x11, 0x11,
  0x11, 0x11, 0x11, 0x11, 0x11, 0x11, 0x11, 0x11, 0x11, 0x02, 0x10, 0x22, 0x22, 0x00, 0x00, 0x00,
  0x00, 0x00, 0x00, 0x00, 0x00, 0x00, 0x00, 0x00, 0x00, 0x00, 0x00, 0x00, 0x00, 0x00, 0x00, 0x00,
  0x00, 0x00, 0x00, 0x00, 0x00, 0x08, 0x88, 0x80, 0x88, 0x80, 0x08, 0x88, 0x08, 0x88, 0x00, 0x88,
  0x88, 0x80, 0x88, 0x80, 0x00, 0x00, 0x00, 0x00, 0x00, 0x00, 0x00, 0x00, 0x00, 0x00, 0x00, 0x00,
  0x00, 0x00, 0x00, 0x00, 0x00, 0x00, 0x00, 0x20, 0x00, 0x00, 0x00, 0x00, 0x00, 0x00, 0x00, 0x02,
  0x11, 0x11, 0x11, 0x11, 0x11, 0x11, 0x11, 0x11, 0x11, 0x11, 0x11, 0x11, 0x11, 0x11, 0x11, 0x11,
  0x11, 0x11, 0x11, 0x11, 0x11, 0x11, 0x11, 0x11, 0x11, 0x11, 0x11, 0x11, 0x11, 0x11, 0x11, 0x11,
  0x11, 0x11, 0x11, 0x00, 0x11, 0x11, 0x11, 0x11, 0x11, 0x11, 0x10, 0x11, 0x11, 0x10, 0x11, 0x11,
  0x11, 0x11, 0x11, 0x11, 0x11, 0x11, 0x11, 0x10, 0x11, 0x11, 0x11, 0x11, 0x11, 0x11, 0x11, 0x11,
  0x11, 0x11, 0x11, 0x11, 0x11, 0x11, 0x11, 0x11, 0x11, 0x11, 0x11, 0x11, 0x11, 0x11, 0x11, 0x11,
  0x11, 0x11, 0x11, 0x11, 0x11, 0x11, 0x11, 0x11, 0x11, 0x11, 0x11, 0x11, 0x11, 0x11, 0x11, 0x11,
  0x11, 0x11, 0x11, 0x11, 0x11, 0x11, 0x11, 0x11, 0x11, 0x11, 0x11, 0x11, 0x11, 0x11, 0x10, 0x00,
  0x00, 0x00, 0x00, 0x00, 0x00, 0x00, 0x00, 0x00, 0x00, 0x00, 0x00, 0x00, 0x00, 0x00, 0x00, 0x00,
  0x00, 0x00, 0x00, 0x00, 0x00, 0x00, 0x20, 0x00, 0x00, 0x00, 0x00, 0x00, 0x00, 0x00, 0x00, 0x00,
  0x80, 0x00, 0x00, 0x88, 0x88, 0x00, 0x00, 0x00, 0x00, 0x00, 0x00, 0x00, 0x00, 0x00, 0x00, 0x00,
  0x00, 0x00, 0x00, 0x00, 0x00, 0x00, 0x00, 0x00, 0x00, 0x00, 0x00, 0x02, 0x20, 0x00, 0x00, 0x22,
  0x21, 0x22, 0x21, 0x01, 0x11, 0x11, 0x11, 0x11, 0x11, 0x11, 0x11, 0x11, 0x11, 0x11, 0x11, 0x11,
  0x11, 0x11, 0x11, 0x10, 0x11, 0x11, 0x11, 0x11, 0x10, 0x01, 0x11, 0x11, 0x11, 0x11, 0x11, 0x11,
  0x11, 0x01, 0x11, 0x01, 0x10, 0x11, 0x11, 0x11, 0x10, 0x00, 0x00, 0x01, 0x01, 0x11, 0x01, 0x11,
  0x11, 0x10, 0x11, 0x11, 0x11, 0x11, 0x11, 0x11, 0x11, 0x11, 0x11, 0x10, 0x11, 0x11, 0x11, 0x11,
  0x11, 0x11, 0x11, 0x11, 0x11, 0x11, 0x11, 0x11, 0x11, 0x11, 0x11, 0x11, 0x11, 0x11, 0x11, 0x11,
  0x11, 0x11, 0x11, 0x11, 0x11, 0x11, 0x11, 0x11, 0x11, 0x11, 0x11, 0x11, 0x11, 0x11, 0x11, 0x11,
  0x11, 0x11, 0x11, 0x11, 0x11, 0x11, 0x11, 0x11, 0x11, 0x11, 0x11, 0x11, 0x11, 0x11, 0x11, 0x11,
  0x11, 0x11, 0x11, 0x22, 0x20, 0x22, 0x22, 0x22, 0x22, 0x20, 0x00, 0x00, 0x00, 0x00, 0x00, 0x00,
  0x00, 0x00, 0x00, 0x00, 0x00, 0x00, 0x00, 0x00, 0x00, 0x00, 0x00, 0x00, 0x00, 0x00, 0x00, 0x00,
  0x00, 0x00, 0x00, 0x00, 0x00, 0x00, 0x00, 0x08, 0x88, 0x00, 0x00, 0x00, 0x00, 0x00, 0x00, 0x00,
  0x00, 0x00, 0x00, 0x00, 0x00, 0x00, 0x00, 0x00, 0x00, 0x00, 0x00, 0x00, 0x00, 0x00, 0x22, 0x00,
  0x20, 0x00, 0x21, 0x11, 0x11, 0x11, 0x11, 0x11, 0x11, 0x11, 0x11, 0x11, 0x11, 0x11, 0x11, 0x11,
  0x11, 0x11, 0x11, 0x11, 0x11, 0x11, 0x11, 0x01, 0x11, 0x11, 0x11, 0x10, 0x00, 0x01, 0x11, 0x11,
  0x11, 0x11, 0x11, 0x11, 0x11, 0x10, 0x11, 0x11, 0x11, 0x11, 0x10, 0x11, 0x00, 0x01, 0x10, 0x11,
  0x01, 0x10, 0x01, 0x11, 0x11, 0x11, 0x11, 0x11, 0x11, 0x11, 0x11, 0x11, 0x11, 0x11, 0x11, 0x10,
  0x11, 0x11, 0x11, 0x11, 0x11, 0x11, 0x11, 0x11, 0x11, 0x11, 0x11, 0x11, 0x11, 0x11, 0x11, 0x11,
  0x11, 0x11, 0x11, 0x11, 0x11, 0x11, 0x11, 0x11, 0x11, 0x11, 0x11, 0x11, 0x11, 0x11, 0x11, 0x11,
  0x11, 0x11, 0x11, 0x11, 0x11, 0x11, 0x11, 0x11, 0x11, 0x11, 0x11, 0x11, 0x11, 0x11, 0x11, 0x11,
  0x11, 0x11, 0x11, 0x11, 0x11, 0x11, 0x11, 0x11, 0x10, 0x11, 0x00, 0x22, 0x11, 0x20, 0x00, 0x00,
  0x00, 0x00, 0x00, 0x00, 0x00, 0x00, 0x00, 0x00, 0x00, 0x00, 0x00, 0x00, 0x00, 0x00, 0x00, 0x00,
  0x00, 0x00, 0x00, 0x00, 0x00, 0x00, 0x00, 0x00, 0x00, 0x00, 0x00, 0x00, 0x00, 0x00, 0x00, 0x00,
  0x00, 0x00, 0x00, 0x00, 0x00, 0x00, 0x00, 0x00, 0x00, 0x00, 0x00, 0x00, 0x00, 0x00, 0x00, 0x00,
  0x00, 0x22, 0x22, 0x00, 0x01, 0x11, 0x11, 0x11, 0x11, 0x11, 0x11, 0x11, 0x11, 0x11, 0x11, 0x11,
  0x11, 0x11, 0x11, 0x11, 0x11, 0x11, 0x11, 0x11, 0x11, 0x11, 0x11, 0x11, 0x11, 0x11, 0x11, 0x01,
  0x11, 0x11, 0x11, 0x11, 0x11, 0x11, 0x11, 0x11, 0x00, 0x11, 0x10, 0x11, 0x11, 0x11, 0x00, 0x11,
  0x01, 0x10, 0x11, 0x10, 0x11, 0x10, 0x00, 0x00, 0x01, 0x11, 0x11, 0x11, 0x11, 0x11, 0x11, 0x11,
  0x11, 0x11, 0x11, 0x10, 0x11, 0x11, 0x11, 0x11, 0x11, 0x11, 0x11, 0x11, 0x11, 0x11, 0x11, 0x11,
  0x11, 0x11, 0x11, 0x11, 0x11, 0x11, 0x11, 0x11, 0x11, 0x11, 0x11, 0x11, 0x11, 0x11, 0x11, 0x11,
  0x11, 0x11, 0x11, 0x11, 0x11, 0x11, 0x11, 0x11, 0x11, 0x11, 0x11, 0x11, 0x11, 0x11, 0x11, 0x11,
  0x11, 0x11, 0x11, 0x11, 0x11, 0x11, 0x11, 0x11, 0x11, 0x11, 0x11, 0x11, 0x10, 0x11, 0x22, 0x01,
  0x11, 0x12, 0x02, 0x00, 0x00, 0x00, 0x00, 0x00, 0x00, 0x00, 0x00, 0x00, 0x00, 0x00, 0x00, 0x00,
  0x00, 0x00, 0x00, 0x00, 0x00, 0x00, 0x00, 0x02, 0x00, 0x00, 0x00, 0x00, 0x00, 0x00, 0x00, 0x00,
  0x00, 0x00, 0x00, 0x00, 0x00, 0x00, 0x00, 0x00, 0x00, 0x00, 0x20, 0x00, 0x00, 0x00, 0x00, 0x00,
  0x00, 0x20, 0x00, 0x02, 0x22, 0x22, 0x20, 0x02, 0x21, 0x11, 0x11, 0x11, 0x11, 0x11, 0x11, 0x11,
  0x11, 0x11, 0x11, 0x11, 0x11, 0x11, 0x11, 0x11, 0x11, 0x11, 0x11, 0x11, 0x11, 0x11, 0x11, 0x11,
  0x11, 0x11, 0x01, 0x11, 0x11, 0x11, 0x11, 0x11, 0x11, 0x11, 0x11, 0x11, 0x11, 0x01, 0x11, 0x10,
  0x01, 0x11, 0x11, 0x11, 0x11, 0x11, 0x11, 0x01, 0x11, 0x00, 0x10, 0x00, 0x01, 0x11, 0x01, 0x01,
  0x11, 0x11, 0x11, 0x11, 0x11, 0x11, 0x11, 0x10, 0x11, 0x11, 0x11, 0x11, 0x11, 0x11, 0x11, 0x11,
  0x11, 0x11, 0x11, 0x11, 0x11, 0x11, 0x11, 0x11, 0x11, 0x11, 0x11, 0x11, 0x11, 0x11, 0x11, 0x11,
  0x11, 0x11, 0x11, 0x11, 0x11, 0x11, 0x11, 0x11, 0x11, 0x11, 0x11, 0x11, 0x11, 0x11, 0x11, 0x11,
  0x11, 0x11, 0x11, 0x11, 0x11, 0x11, 0x11, 0x11, 0x11, 0x11, 0x11, 0x11, 0x11, 0x11, 0x11, 0x11,
  0x11, 0x11, 0x21, 0x01, 0x11, 0x11, 0x02, 0x11, 0x20, 0x00, 0x00, 0x02, 0x20, 0x00, 0x00, 0x00,
  0x00, 0x00, 0x00, 0x00, 0x00, 0x00, 0x00, 0x00, 0x00, 0x00, 0x02, 0x20, 0x00, 0x00, 0x00, 0x00,
  0x00, 0x00, 0x00, 0x00, 0x00, 0x00, 0x02, 0x00, 0x00, 0x00, 0x00, 0x00, 0x00, 0x00, 0x22, 0x00,
  0x00, 0x00, 0x00, 0x00, 0x00, 0x20, 0x00, 0x00, 0x22, 0x22, 0x01, 0x11, 0x11, 0x11, 0x11, 0x11,
  0x11, 0x11, 0x11, 0x11, 0x11, 0x11, 0x11, 0x11, 0x11, 0x11, 0x11, 0x11, 0x11, 0x11, 0x11, 0x11,
  0x11, 0x11, 0x11, 0x12, 0x11, 0x00, 0x11, 0x11, 0x10, 0x11, 0x11, 0x11, 0x11, 0x11, 0x11, 0x01,
  0x11, 0x11, 0x10, 0x10, 0x11, 0x11, 0x10, 0x10, 0x01, 0x11, 0x10, 0x11, 0x10, 0x01, 0x11, 0x11,
  0x11, 0x11, 0x01, 0x11, 0x11, 0x11, 0x11, 0x11, 0x11, 0x11, 0x11, 0x10, 0x11, 0x11, 0x11, 0x11,
  0x11, 0x11, 0x11, 0x11, 0x11, 0x11, 0x11, 0x11, 0x11, 0x11, 0x11, 0x11, 0x11, 0x11, 0x11, 0x11,
  0x11, 0x11, 0x11, 0x11, 0x11, 0x11, 0x11, 0x11, 0x11, 0x11, 0x11, 0x11, 0x11, 0x11, 0x11, 0x11,
  0x11, 0x11, 0x11, 0x11, 0x11, 0x11, 0x11, 0x11, 0x11, 0x11, 0x11, 0x11, 0x11, 0x11, 0x11, 0x11,
  0x11, 0x11, 0x11, 0x11, 0x11, 0x11, 0x11, 0x11, 0x11, 0x11, 0x11, 0x11, 0x11, 0x12, 0x20, 0x00,
  0x20, 0x00, 0x00, 0x00, 0x00, 0x00, 0x00, 0x00, 0x00, 0x00, 0x00, 0x00, 0x00, 0x00, 0x00, 0x20,
  0x00, 0x00, 0x00, 0x00, 0x00, 0x00, 0x00, 0x00, 0x00, 0x00, 0x00, 0x00, 0x00, 0x00, 0x00, 0x00,
  0x00, 0x00, 0x00, 0x00, 0x00, 0x00, 0x00, 0x00, 0x00, 0x00, 0x00, 0x00, 0x21, 0x11, 0x01, 0x11,
  0x11, 0x01, 0x11, 0x11, 0x11, 0x11, 0x11, 0x11, 0x11, 0x11, 0x11, 0x11, 0x11, 0x11, 0x11, 0x11,
  0x11, 0x11, 0x11, 0x11, 0x11, 0x11, 0x11, 0x11, 0x11, 0x11, 0x10, 0x11, 0x10, 0x11, 0x11, 0x11,
  0x11, 0x10, 0x11, 0x11, 0x11, 0x10, 0x00, 0x11, 0x11, 0x11, 0x10, 0x00, 0x11, 0x11, 0x11, 0x11,
  0x10, 0x01, 0x11, 0x11, 0x11, 0x00, 0x01, 0x22, 0x01, 0x11, 0x11, 0x11, 0x11, 0x11, 0x11, 0x10,
  0x11, 0x11, 0x11, 0x11, 0x11, 0x11, 0x11, 0x11, 0x11, 0x11, 0x11, 0x11, 0x11, 0x11, 0x11, 0x11,
  0x11, 0x11, 0x11, 0x11, 0x11, 0x11, 0x11, 0x11, 0x11, 0x11, 0x11, 0x11, 0x11, 0x11, 0x11, 0x11,
  0x11, 0x11, 0x11, 0x11, 0x11, 0x11, 0x11, 0x11, 0x11, 0x11, 0x11, 0x11, 0x11, 0x11, 0x11, 0x11,
  0x11, 0x11, 0x11, 0x11, 0x11, 0x11, 0x11, 0x11, 0x11, 0x11, 0x11, 0x11, 0x11, 0x11, 0x11, 0x11,
  0x11, 0x11, 0x22, 0x00, 0x00, 0x20, 0x00, 0x02, 0x00, 0x00, 0x00, 0x00, 0x02, 0x00, 0x00, 0x00,
  0x00, 0x00, 0x00, 0x22, 0x20, 0x00, 0x00, 0x00, 0x00, 0x00, 0x00, 0x20, 0x00, 0x00, 0x00, 0x00,
  0x00, 0x00, 0x00, 0x00, 0x00, 0x00, 0x00, 0x00, 0x00, 0x00, 0x02, 0x20, 0x20, 0x00, 0x00, 0x20,
  0x11, 0x11, 0x11, 0x11, 0x11, 0x11, 0x11, 0x11, 0x11, 0x11, 0x11, 0x11, 0x11, 0x11, 0x11, 0x11,
  0x11, 0x11, 0x11, 0x11, 0x11, 0x11, 0x11, 0x11, 0x11, 0x11, 0x11, 0x11, 0x11, 0x11, 0x11, 0x11,
  0x10, 0x11, 0x11, 0x11, 0x11, 0x11, 0x11, 0x11, 0x11, 0x11, 0x11, 0x11, 0x11, 0x11, 0x11, 0x11,
  0x11, 0x11, 0x11, 0x11, 0x11, 0x11, 0x11, 0x11, 0x11, 0x11, 0x11, 0x11, 0x11, 0x11, 0x11, 0x11,
  0x11, 0x11, 0x11, 0x10, 0x11, 0x11, 0x11, 0x11, 0x11, 0x11, 0x11, 0x11, 0x11, 0x11, 0x11, 0x11,
  0x11, 0x11, 0x11, 0x11, 0x11, 0x11, 0x11, 0x11, 0x11, 0x11, 0x11, 0x11, 0x11, 0x11, 0x11, 0x11,
  0x11, 0x11, 0x11, 0x11, 0x11, 0x11, 0x11, 0x11, 0x11, 0x11, 0x11, 0x11, 0x11, 0x11, 0x11, 0x11,
  0x11, 0x11, 0x11, 0x11, 0x11, 0x11, 0x11, 0x11, 0x11, 0x11, 0x11, 0x11, 0x11, 0x11, 0x11, 0x11,
  0x11, 0x11, 0x11, 0x11, 0x11, 0x11, 0x11, 0x11, 0x11, 0x10, 0x02, 0x00, 0x02, 0x00, 0x00, 0x00,
  0x00, 0x22, 0x00, 0x00, 0x00, 0x00, 0x00, 0x00, 0x00, 0x00, 0x00, 0x00, 0x00, 0x00, 0x02, 0x00,
  0x00, 0x00, 0x20, 0x00, 0x00, 0x00, 0x00, 0x00, 0x00, 0x00, 0x00, 0x00, 0x00, 0x00, 0x02, 0x20,
  0x02, 0x22, 0x22, 0x11, 0x11, 0x11, 0x11, 0x11, 0x11, 0x11, 0x11, 0x11, 0x11, 0x11, 0x11, 0x11,
  0x11, 0x11, 0x11, 0x11, 0x11, 0x11, 0x11, 0x11, 0x11, 0x11, 0x11, 0x11, 0x11, 0x11, 0x11, 0x11,
  0x11, 0x11, 0x11, 0x11, 0x11, 0x11, 0x11, 0x11, 0x11, 0x11, 0x11, 0x11, 0x11, 0x11, 0x11, 0x11,
  0x11, 0x11, 0x11, 0x11, 0x11, 0x11, 0x11, 0x11, 0x11, 0x11, 0x11, 0x11, 0x11, 0x11, 0x11, 0x11,
  0x11, 0x11, 0x11, 0x11, 0x11, 0x11, 0x11, 0x10, 0x11, 0x11, 0x11, 0x11, 0x11, 0x11, 0x11, 0x11,
  0x11, 0x11, 0x11, 0x11, 0x11, 0x11, 0x11, 0x11, 0x11, 0x11, 0x11, 0x11, 0x11, 0x11, 0x11, 0x11,
  0x11, 0x11, 0x11, 0x11, 0x11, 0x11, 0x11, 0x11, 0x11, 0x11, 0x11, 0x11, 0x11, 0x11, 0x11, 0x11,
  0x11, 0x11, 0x11, 0x11, 0x11, 0x11, 0x11, 0x11, 0x11, 0x11, 0x11, 0x11, 0x11, 0x11, 0x11, 0x11,
  0x11, 0x11, 0x11, 0x11, 0x11, 0x11, 0x11, 0x11, 0x11, 0x11, 0x11, 0x11, 0x11, 0x11, 0x22, 0x00,
  0x22, 0x00, 0x02, 0x00, 0x00, 0x22, 0x00, 0x02, 0x20, 0x00, 0x02, 0x20, 0x02, 0x20, 0x00, 0x22,
  0x00, 0x20, 0x02, 0x00, 0x22, 0x00, 0x02, 0x00, 0x00, 0x00, 0x00, 0x20, 0x02, 0x20, 0x00, 0x00,
  0x02, 0x20, 0x02, 0x20, 0x02, 0x21, 0x11, 0x11, 0x11, 0x11, 0x11, 0x11, 0x11, 0x11, 0x11, 0x11,
  0x11, 0x11, 0x11, 0x11, 0x11, 0x11, 0x11, 0x11, 0x11, 0x11, 0x11, 0x11, 0x11, 0x11, 0x11, 0x11,
  0x11, 0x11, 0x11, 0x11, 0x11, 0x11, 0x11, 0x11, 0x11, 0x11, 0x11, 0x11, 0x11, 0x11, 0x11, 0x11,
  0x11, 0x11, 0x11, 0x11, 0x11, 0x11, 0x11, 0x11, 0x11, 0x11, 0x11, 0x11, 0x11, 0x11, 0x11, 0x11,
  0x11, 0x11, 0x11, 0x11, 0x11, 0x11, 0x11, 0x11, 0x11, 0x11, 0x11, 0x10, 0x11, 0x11, 0x11, 0x11,
  0x11, 0x11, 0x11, 0x11, 0x11, 0x11, 0x11, 0x11, 0x11, 0x11, 0x11, 0x11, 0x11, 0x11, 0x11, 0x11,
  0x11, 0x11, 0x11, 0x11, 0x11, 0x11, 0x11, 0x11, 0x11, 0x11, 0x11, 0x11, 0x11, 0x11, 0x11, 0x11,
  0x11, 0x11, 0x11, 0x11, 0x11, 0x11, 0x11, 0x11, 0x11, 0x11, 0x11, 0x11, 0x11, 0x11, 0x11, 0x11,
  0x11, 0x11, 0x11, 0x11, 0x11, 0x11, 0x11, 0x11, 0x11, 0x11, 0x11, 0x11, 0x11, 0x11, 0x11, 0x01,
  0x11, 0x11, 0x11, 0x11, 0x10, 0x22, 0x22, 0x00, 0x20, 0x00, 0x01, 0x12, 0x20, 0x00, 0x00, 0x20,
  0x02, 0x00, 0x20, 0x02, 0x20, 0x22, 0x22, 0x20, 0x00, 0x00, 0x00, 0x00, 0x00, 0x00, 0x00, 0x22,
  0x22, 0x22, 0x22, 0x00, 0x01, 0x10, 0x00, 0x11, 0x11, 0x11, 0x11, 0x11, 0x11, 0x11, 0x11, 0x11,
  0x11, 0x11, 0x11, 0x11, 0x11, 0x11, 0x11, 0x11, 0x11, 0x11, 0x11, 0x11, 0x11, 0x11, 0x11, 0x11,
  0x11, 0x11, 0x11, 0x11, 0x11, 0x11, 0x11, 0x11, 0x11, 0x11, 0x11, 0x11, 0x11, 0x11, 0x11, 0x11,
  0x11, 0x11, 0x11, 0x11, 0x11, 0x11, 0x11, 0x11, 0x11, 0x11, 0x11, 0x11, 0x11, 0x11, 0x11, 0x11,
  0x11, 0x11, 0x11, 0x11, 0x11, 0x11, 0x11, 0x11, 0x11, 0x11, 0x11, 0x11, 0x11, 0x11, 0x11, 0x10,
  0x11, 0x11, 0x11, 0x11, 0x11, 0x11, 0x11, 0x11, 0x11, 0x11, 0x11, 0x11, 0x11, 0x11, 0x11, 0x11,
  0x11, 0x11, 0x11, 0x11, 0x11, 0x11, 0x11, 0x11, 0x11, 0x11, 0x11, 0x11, 0x11, 0x11, 0x11, 0x11,
  0x11, 0x11, 0x11, 0x11, 0x11, 0x11, 0x11, 0x11, 0x11, 0x11, 0x11, 0x11, 0x11, 0x11, 0x11, 0x11,
  0x11, 0x11, 0x11, 0x11, 0x11, 0x11, 0x11, 0x11, 0x11, 0x11, 0x11, 0x11, 0x11, 0x11, 0x11, 0x11,
  0x11, 0x11, 0x11, 0x11, 0x11, 0x11, 0x01, 0x10, 0x11, 0x11, 0x11, 0x00, 0x11, 0x11, 0x21, 0x00,
  0x01, 0x12, 0x20, 0x01, 0x20, 0x02, 0x20, 0x22, 0x20, 0x00, 0x00, 0x02, 0x20, 0x00, 0x20, 0x02,
  0x20, 0x02, 0x20, 0x00, 0x00, 0x02, 0x22, 0x11, 0x10, 0x11, 0x11, 0x11, 0x10, 0x01, 0x11, 0x11,
  0x11, 0x11, 0x11, 0x11, 0x11, 0x11, 0x11, 0x11, 0x11, 0x11, 0x11, 0x11, 0x11, 0x11, 0x11, 0x11,
  0x11, 0x11, 0x11, 0x11, 0x11, 0x11, 0x11, 0x11, 0x11, 0x11, 0x11, 0x11, 0x11, 0x11, 0x11, 0x11,
  0x11, 0x11, 0x11, 0x11, 0x11, 0x11, 0x11, 0x11, 0x11, 0x11, 0x11, 0x11, 0x11, 0x11, 0x11, 0x11,
  0x11, 0x11, 0x11, 0x11, 0x11, 0x11, 0x11, 0x11, 0x11, 0x11, 0x11, 0x11, 0x11, 0x11, 0x11, 0x11,
  0x11, 0x11, 0x11, 0x10, 0x11, 0x11, 0x11, 0x11, 0x11, 0x11, 0x11, 0x11, 0x11, 0x11, 0x11, 0x11,
  0x11, 0x11, 0x11, 0x11, 0x11, 0x11, 0x11, 0x11, 0x11, 0x11, 0x11, 0x11, 0x11, 0x11, 0x11, 0x11,
  0x11, 0x11, 0x11, 0x11, 0x11, 0x11, 0x11, 0x11, 0x11, 0x11, 0x11, 0x11, 0x11, 0x11, 0x11, 0x11,
  0x11, 0x11, 0x11, 0x11, 0x11, 0x11, 0x11, 0x11, 0x11, 0x11, 0x11, 0x11, 0x11, 0x11, 0x11, 0x11,
  0x11, 0x11, 0x11, 0x11, 0x11, 0x11, 0x11, 0x11, 0x11, 0x11, 0x11, 0x11, 0x11, 0x11, 0x11, 0x11,
  0x11, 0x11, 0x01, 0x11, 0x11, 0x11, 0x11, 0x11, 0x11, 0x11, 0x11, 0x11, 0x11, 0x11, 0x11, 0x11,
  0x11, 0x11, 0x10, 0x22, 0x11, 0x11, 0x20, 0x11, 0x11, 0x12, 0x21, 0x11, 0x11, 0x11, 0x11, 0x11,
  0x11, 0x11, 0x11, 0x11, 0x11, 0x11, 0x11, 0x11, 0x11, 0x11, 0x11, 0x11, 0x11, 0x11, 0x11, 0x11,
  0x11, 0x11, 0x11, 0x11, 0x11, 0x11, 0x11, 0x11, 0x11, 0x11, 0x11, 0x11, 0x11, 0x11, 0x11, 0x11,
  0x11, 0x11, 0x11, 0x11, 0x11, 0x11, 0x11, 0x11, 0x11, 0x11, 0x11, 0x11, 0x11, 0x11, 0x11, 0x11,
  0x11, 0x11, 0x11, 0x11, 0x11, 0x11, 0x11, 0x11, 0x11, 0x11, 0x11, 0x11, 0x11, 0x11, 0x11, 0x11,
  0x11, 0x11, 0x11, 0x11, 0x11, 0x11, 0x11, 0x10, 0x11, 0x11, 0x11, 0x11, 0x11, 0x11, 0x11, 0x11,
  0x11, 0x11, 0x11, 0x11, 0x11, 0x11, 0x11, 0x11, 0x11, 0x11, 0x11, 0x11, 0x11, 0x11, 0x11, 0x11,
  0x11, 0x11, 0x11, 0x11, 0x11, 0x11, 0x11, 0x11, 0x11, 0x11, 0x11, 0x11, 0x11, 0x11, 0x11, 0x11,
  0x11, 0x11, 0x11, 0x11, 0x11, 0x11, 0x11, 0x11, 0x11, 0x11, 0x11, 0x11, 0x11, 0x11, 0x11, 0x11,
  0x11, 0x11, 0x11, 0x11, 0x11, 0x11, 0x11, 0x11, 0x11, 0x11, 0x11, 0x11, 0x11, 0x11, 0x11, 0x11,
  0x11, 0x11, 0x11, 0x11, 0x11, 0x11, 0x11, 0x11, 0x11, 0x11, 0x11, 0x11, 0x01, 0x11, 0x11, 0x11,
  0x11, 0x11, 0x11, 0x11, 0x11, 0x11, 0x11, 0x11, 0x11, 0x11, 0x11, 0x11, 0x11, 0x11, 0x11, 0x11,
  0x11, 0x11, 0x11, 0x11, 0x11, 0x11, 0x11, 0x11, 0x11, 0x11, 0x11, 0x11, 0x11, 0x11, 0x11, 0x11,
  0x11, 0x11, 0x11, 0x11, 0x11, 0x11, 0x11, 0x11, 0x11, 0x11, 0x11, 0x11, 0x11, 0x11, 0x11, 0x11,
  0x11, 0x11, 0x11, 0x11, 0x11, 0x11, 0x11, 0x11, 0x11, 0x11, 0x11, 0x11, 0x11, 0x11, 0x11, 0x11,
  0x11, 0x11, 0x11, 0x11, 0x11, 0x11, 0x11, 0x11, 0x11, 0x11, 0x11, 0x11, 0x11, 0x11, 0x11, 0x11,
  0x11, 0x11, 0x11, 0x11, 0x11, 0x11, 0x11, 0x11, 0x11, 0x11, 0x11, 0x10, 0x11, 0x11, 0x11, 0x11,
  0x11, 0x11, 0x11, 0x11, 0x11, 0x11, 0x11, 0x11, 0x11, 0x11, 0x11, 0x11, 0x11, 0x11, 0x11, 0x11,
  0x11, 0x11, 0x11, 0x11, 0x11, 0x11, 0x11, 0x11, 0x11, 0x11, 0x11, 0x11, 0x11, 0x11, 0x11, 0x11,
  0x11, 0x11, 0x11, 0x11, 0x11, 0x11, 0x11, 0x11, 0x11, 0x11, 0x11, 0x11, 0x11, 0x11, 0x11, 0x11,
  0x11, 0x11, 0x11, 0x11, 0x11, 0x11, 0x11, 0x11, 0x11, 0x11, 0x11, 0x11, 0x11, 0x11, 0x11, 0x11,
  0x11, 0x11, 0x11, 0x11, 0x11, 0x11, 0x11, 0x11, 0x11, 0x11, 0x11, 0x11, 0x11, 0x11, 0x11, 0x11,
  0x11, 0x11, 0x11, 0x11, 0x11, 0x11, 0x11, 0x11, 0x11, 0x11, 0x11, 0x11, 0x11, 0x11, 0x11, 0x11,
  0x11, 0x11, 0x11, 0x11, 0x11, 0x11, 0x11, 0x11, 0x11, 0x11, 0x11, 0x11, 0x11, 0x11, 0x11, 0x11,
  0x11, 0x11, 0x11, 0x11, 0x11, 0x11, 0x11, 0x11, 0x11, 0x11, 0x11, 0x11, 0x11, 0x11, 0x11, 0x11,
  0x11, 0x11, 0x11, 0x11, 0x11, 0x11, 0x11, 0x11, 0x11, 0x11, 0x11, 0x11, 0x11, 0x11, 0x11, 0x11,
  0x11, 0x11, 0x11, 0x11, 0x11, 0x11, 0x11, 0x11, 0x11, 0x11, 0x11, 0x11, 0x11, 0x11, 0x11, 0x11,
  0x11, 0x11, 0x11, 0x11, 0x11, 0x11, 0x11, 0x11, 0x11, 0x11, 0x11, 0x11, 0x11, 0x11, 0x11, 0x10,
  0x11, 0x11, 0x11, 0x11, 0x11, 0x11, 0x11, 0x11, 0x11, 0x11, 0x11, 0x11, 0x11, 0x11, 0x11, 0x11,
  0x11, 0x11, 0x11, 0x11, 0x11, 0x11, 0x11, 0x11, 0x11, 0x11, 0x11, 0x11, 0x11, 0x11, 0x11, 0x11,
  0x11, 0x11, 0x11, 0x11, 0x11, 0x11, 0x11, 0x11, 0x11, 0x11, 0x11, 0x11, 0x11, 0x11, 0x11, 0x11,
  0x11, 0x11, 0x11, 0x11, 0x11, 0x11, 0x11, 0x11, 0x11, 0x11, 0x11, 0x11, 0x11, 0x11, 0x11, 0x11,
  0x11, 0x11, 0x11, 0x11, 0x11, 0x11, 0x11, 0x11, 0x11, 0x11, 0x11, 0x11, 0x11, 0x11, 0x11, 0x11,
  0x11, 0x11, 0x11, 0x11, 0x11, 0x11, 0x11, 0x11, 0x11, 0x11, 0x11, 0x11, 0x11, 0x11, 0x11, 0x11,
  0x11, 0x11, 0x11, 0x11, 0x11, 0x11, 0x11, 0x11, 0x11, 0x11, 0x11, 0x11, 0x11, 0x11, 0x11, 0x11,
  0x11, 0x11, 0x11, 0x11, 0x11, 0x11, 0x11, 0x11, 0x11, 0x11, 0x11, 0x11, 0x11, 0x11, 0x11, 0x11,
  0x11, 0x11, 0x11, 0x11, 0x11, 0x11, 0x11, 0x11, 0x11, 0x11, 0x11, 0x11, 0x11, 0x11, 0x11, 0x11,
  0x11, 0x11, 0x11, 0x11, 0x11, 0x11, 0x11, 0x11, 0x11, 0x11, 0x11, 0x11, 0x11, 0x11, 0x11, 0x11,
  0x11, 0x11, 0x11, 0x11, 0x11, 0x11, 0x11, 0x11, 0x11, 0x11, 0x11, 0x11, 0x11, 0x11, 0x11, 0x11,
  0x11, 0x11, 0x11, 0x10, 0x11, 0x11, 0x11, 0x11, 0x11, 0x11, 0x11, 0x11, 0x11, 0x11, 0x11, 0x11,
  0x11, 0x11, 0x11, 0x11, 0x11, 0x11, 0x11, 0x11, 0x11, 0x11, 0x11, 0x11, 0x11, 0x11, 0x11, 0x11,
  0x11, 0x11, 0x11, 0x11, 0x11, 0x11, 0x11, 0x11, 0x11, 0x11, 0x11, 0x11, 0x11, 0x11, 0x11, 0x11,
  0x11, 0x11, 0x11, 0x11, 0x11, 0x11, 0x11, 0x11, 0x11, 0x11, 0x11, 0x11, 0x11, 0x11, 0x11, 0x11,
  0x11, 0x11, 0x11, 0x11, 0x11, 0x11, 0x11, 0x11, 0x11, 0x11, 0x11, 0x11, 0x11, 0x11, 0x11, 0x11,
  0x11, 0x11, 0x11, 0x11, 0x11, 0x11, 0x11, 0x11, 0x11, 0x11, 0x11, 0x11, 0x11, 0x11, 0x11, 0x11,
  0x11, 0x11, 0x11, 0x11, 0x11, 0x11, 0x11, 0x11, 0x11, 0x11, 0x11, 0x11, 0x11, 0x11, 0x11, 0x11,
  0x11, 0x11, 0x11, 0x11, 0x11, 0x11, 0x11, 0x11, 0x11, 0x11, 0x11, 0x11, 0x11, 0x11, 0x11, 0x11,
  0x11, 0x11, 0x11, 0x11, 0x11, 0x11, 0x11, 0x11, 0x11, 0x11, 0x11, 0x11, 0x11, 0x11, 0x11, 0x11,
  0x11, 0x11, 0x11, 0x11, 0x11, 0x11, 0x11, 0x11, 0x11, 0x11, 0x11, 0x11, 0x11, 0x11, 0x11, 0x11,
  0x11, 0x11, 0x11, 0x11, 0x11, 0x11, 0x11, 0x11, 0x11, 0x11, 0x11, 0x11, 0x11, 0x11, 0x11, 0x11,
  0x11, 0x11, 0x11, 0x11, 0x11, 0x11, 0x11, 0x10, 0x11, 0x11, 0x11, 0x11, 0x11, 0x11, 0x11, 0x11,
  0x11, 0x11, 0x11, 0x11, 0x11, 0x11, 0x11, 0x11, 0x11, 0x11, 0x11, 0x11, 0x11, 0x11, 0x11, 0x11,
  0x11, 0x11, 0x11, 0x11, 0x11, 0x11, 0x11, 0x11, 0x11, 0x11, 0x11, 0x11, 0x11, 0x11, 0x11, 0x11,
  0x11, 0x11, 0x11, 0x11, 0x11, 0x11, 0x11, 0x11, 0x11, 0x11, 0x11, 0x11, 0x11, 0x11, 0x11, 0x11,
  0x11, 0x11, 0x11, 0x11, 0x11, 0x11, 0x11, 0x11, 0x11, 0x11, 0x11, 0x11, 0x11, 0x11, 0x11, 0x11,
  0x11, 0x11, 0x11, 0x11, 0x11, 0x11, 0x11, 0x11, 0x11, 0x11, 0x11, 0x11, 0x11, 0x11, 0x11, 0x11,
  0x11, 0x11, 0x11, 0x11, 0x11, 0x11, 0x11, 0x11, 0x11, 0x11, 0x11, 0x11, 0x11, 0x11, 0x11, 0x11,
  0x11, 0x11, 0x11, 0x11, 0x11, 0x11, 0x11, 0x11, 0x11, 0x11, 0x11, 0x11, 0x11, 0x11, 0x11, 0x11,
  0x11, 0x11, 0x11, 0x11, 0x11, 0x11, 0x11, 0x11, 0x11, 0x11, 0x11, 0x11, 0x11, 0x11, 0x11, 0x11,
  0x11, 0x11, 0x11, 0x11, 0x11, 0x11, 0x11, 0x11, 0x11, 0x11, 0x11, 0x11, 0x11, 0x11, 0x11, 0x11,
  0x11, 0x11, 0x11, 0x11, 0x11, 0x11, 0x11, 0x11, 0x11, 0x11, 0x11, 0x11, 0x11, 0x11, 0x11, 0x11,
  0x11, 0x11, 0x11, 0x11, 0x11, 0x11, 0x11, 0x11, 0x11, 0x11, 0x11, 0x10, 0x11, 0x11, 0x11, 0x11,
  0x11, 0x11, 0x11, 0x11, 0x11, 0x11, 0x11, 0x11, 0x11, 0x11, 0x11, 0x11, 0x11, 0x11, 0x11, 0x11,
  0x11, 0x11, 0x11, 0x11, 0x11, 0x11, 0x11, 0x11, 0x11, 0x11, 0x11, 0x11, 0x11, 0x11, 0x11, 0x11,
  0x11, 0x11, 0x11, 0x11, 0x11, 0x11, 0x11, 0x11, 0x11, 0x11, 0x11, 0x11, 0x11, 0x11, 0x11, 0x11,
  0x11, 0x11, 0x11, 0x11, 0x11, 0x11, 0x11, 0x11, 0x11, 0x11, 0x11, 0x11, 0x11, 0x11, 0x11, 0x11,
  0x11, 0x11, 0x11, 0x11, 0x11, 0x11, 0x11, 0x11, 0x11, 0x11, 0x11, 0x11, 0x11, 0x11, 0x11, 0x11,
  0x11, 0x11, 0x11, 0x11, 0x11, 0x11, 0x11, 0x11, 0x11, 0x11, 0x11, 0x11, 0x11, 0x11, 0x11, 0x11,
  0x11, 0x11, 0x11, 0x11, 0x11, 0x11, 0x11, 0x11, 0x11, 0x11, 0x11, 0x11, 0x11, 0x11, 0x11, 0x11,
  0x11, 0x11, 0x11, 0x11, 0x11, 0x11, 0x11, 0x11, 0x11, 0x11, 0x11, 0x11, 0x11, 0x11, 0x11, 0x11,
  0x11, 0x11, 0x11, 0x11, 0x11, 0x11, 0x11, 0x11, 0x11, 0x11, 0x11, 0x11, 0x11, 0x11, 0x11, 0x11,
  0x11, 0x11, 0x11, 0x11, 0x11, 0x11, 0x11, 0x11, 0x11, 0x11, 0x11, 0x11, 0x11, 0x11, 0x11, 0x11,
  0x11, 0x11, 0x11, 0x11, 0x11, 0x11, 0x11, 0x11, 0x11, 0x11, 0x11, 0x11, 0x11, 0x11, 0x11, 0x10,
};

const lv_img_dsc_t _salary_360x360 = {
  .header.always_zero = 0,
  .header.w = 360,
  .header.h = 360,
  .data_size = 64864,
  .header.cf = LV_IMG_CF_INDEXED_4BIT,
  .data = _salary_360x360_map,
};
