#if defined(LV_LVGL_H_INCLUDE_SIMPLE)
#include "lvgl.h"
#else
#include "lvgl/lvgl.h"
#endif


#ifndef LV_ATTRIBUTE_MEM_ALIGN
#define LV_ATTRIBUTE_MEM_ALIGN
#endif

#ifndef LV_ATTRIBUTE_IMG__WATCH_360X360
#define LV_ATTRIBUTE_IMG__WATCH_360X360
#endif

const LV_ATTRIBUTE_MEM_ALIGN LV_ATTRIBUTE_LARGE_CONST LV_ATTRIBUTE_IMG__WATCH_360X360 uint8_t _watch_360x360_map[] = {
  0xff, 0xff, 0xff, 0xff,   /*Color of index 0*/
  0xfd, 0xff, 0xff, 0xff,   /*Color of index 1*/
  0xfc, 0xfe, 0xfe, 0xff,   /*Color of index 2*/
  0xf7, 0xf9, 0xfe, 0xff,   /*Color of index 3*/
  0xf2, 0xf1, 0xfe, 0xff,   /*Color of index 4*/
  0xf0, 0xf0, 0xfe, 0xff,   /*Color of index 5*/
  0xef, 0xef, 0xfe, 0xff,   /*Color of index 6*/
  0xf0, 0xee, 0xfe, 0xff,   /*Color of index 7*/
  0xef, 0xee, 0xfe, 0xff,   /*Color of index 8*/
  0xee, 0xee, 0xfe, 0xff,   /*Color of index 9*/
  0xed, 0xee, 0xfe, 0xff,   /*Color of index 10*/
  0xed, 0xed, 0xff, 0xff,   /*Color of index 11*/
  0xed, 0xed, 0xfd, 0xff,   /*Color of index 12*/
  0xed, 0xee, 0xf9, 0xff,   /*Color of index 13*/
  0xec, 0xed, 0xfd, 0xff,   /*Color of index 14*/
  0xda, 0xb1, 0x8e, 0xff,   /*Color of index 15*/

  0x00, 0x00, 0x00, 0x00, 0x00, 0x00, 0x00, 0x00, 0x00, 0x00, 0x00, 0x00, 0x00, 0x00, 0x00, 0x00,
  0x00, 0x00, 0x00, 0x00, 0x00, 0x00, 0x00, 0x00, 0x00, 0x00, 0x00, 0x00, 0x00, 0x00, 0x00, 0x00,
  0x00, 0x00, 0x00, 0x00, 0x00, 0x00, 0x00, 0x00, 0x00, 0x00, 0x00, 0x00, 0x00, 0x00, 0x00, 0x00,
  0x00, 0x00, 0x00, 0x00, 0x00, 0x00, 0x00, 0x00, 0x00, 0x00, 0x00, 0x00, 0x00, 0x00, 0x00, 0x00,
  0x00, 0x00, 0x00, 0x00, 0x00, 0x00, 0x00, 0x00, 0x00, 0x00, 0x00, 0x00, 0x00, 0x00, 0x00, 0x00,
  0x00, 0x00, 0x00, 0x00, 0x00, 0x00, 0x00, 0x00, 0x00, 0x00, 0x00, 0x00, 0x00, 0x00, 0x00, 0x00,
  0x00, 0x00, 0x00, 0x00, 0x00, 0x00, 0x00, 0x00, 0x00, 0x00, 0x00, 0x00, 0x00, 0x00, 0x00, 0x00,
  0x00, 0x00, 0x00, 0x00, 0x00, 0x00, 0x00, 0x00, 0x00, 0x00, 0x00, 0x00, 0x00, 0x00, 0x00, 0x00,
  0x00, 0x00, 0x00, 0x00, 0x00, 0x00, 0x00, 0x00, 0x00, 0x00, 0x00, 0x00, 0x00, 0x00, 0x00, 0x00,
  0x00, 0x00, 0x00, 0x00, 0x00, 0x00, 0x00, 0x00, 0x00, 0x00, 0x00, 0x00, 0x00, 0x00, 0x00, 0x00,
  0x00, 0x00, 0x00, 0x00, 0x00, 0x00, 0x00, 0x00, 0x00, 0x00, 0x00, 0x00, 0x00, 0x00, 0x00, 0x00,
  0x00, 0x00, 0x00, 0x00, 0x00, 0x00, 0x00, 0x00, 0x00, 0x00, 0x00, 0x00, 0x00, 0x00, 0x00, 0x00,
  0x00, 0x00, 0x00, 0x00, 0x00, 0x00, 0x00, 0x00, 0x00, 0x00, 0x00, 0x00, 0x00, 0x00, 0x00, 0x00,
  0x00, 0x00, 0x00, 0x00, 0x00, 0x00, 0x00, 0x00, 0x00, 0x00, 0x00, 0x00, 0x00, 0x00, 0x00, 0x00,
  0x00, 0x00, 0x00, 0x00, 0x00, 0x00, 0x00, 0x00, 0x00, 0x00, 0x00, 0x00, 0x00, 0x00, 0x00, 0x00,
  0x00, 0x00, 0x00, 0x00, 0x00, 0x00, 0x00, 0x00, 0x00, 0x00, 0x00, 0x00, 0x00, 0x00, 0x00, 0x00,
  0x00, 0x00, 0x00, 0x00, 0x00, 0x00, 0x00, 0x00, 0x00, 0x00, 0x00, 0x00, 0x00, 0x00, 0x00, 0x00,
  0x00, 0x00, 0x00, 0x00, 0x00, 0x00, 0x00, 0x00, 0x00, 0x00, 0x00, 0x00, 0x00, 0x00, 0x00, 0x00,
  0x00, 0x00, 0x00, 0x00, 0x00, 0x00, 0x00, 0x00, 0x00, 0x00, 0x00, 0x00, 0x00, 0x00, 0x00, 0x00,
  0x00, 0x00, 0x00, 0x00, 0x00, 0x00, 0x00, 0x00, 0x00, 0x00, 0x00, 0x00, 0x00, 0x00, 0x00, 0x00,
  0x00, 0x00, 0x00, 0x00, 0x00, 0x00, 0x00, 0x00, 0x00, 0x00, 0x00, 0x00, 0x00, 0x00, 0x00, 0x00,
  0x00, 0x00, 0x00, 0x00, 0x00, 0x00, 0x00, 0x00, 0x00, 0x00, 0x00, 0x00, 0x00, 0x00, 0x00, 0x00,
  0x00, 0x00, 0x00, 0x00, 0x00, 0x00, 0x00, 0x00, 0x00, 0x00, 0x00, 0x00, 0x00, 0x00, 0x00, 0x00,
  0x00, 0x00, 0x00, 0x00, 0x00, 0x00, 0x00, 0x00, 0x00, 0x00, 0x00, 0x00, 0x00, 0x00, 0x00, 0x00,
  0x00, 0x00, 0x00, 0x00, 0x00, 0x00, 0x00, 0x00, 0x00, 0x00, 0x00, 0x00, 0x00, 0x00, 0x00, 0x00,
  0x00, 0x00, 0x00, 0x00, 0x00, 0x00, 0x00, 0x00, 0x00, 0x00, 0x00, 0x00, 0x00, 0x00, 0x00, 0x00,
  0x00, 0x00, 0x00, 0x00, 0x00, 0x00, 0x00, 0x00, 0x00, 0x00, 0x00, 0x00, 0x00, 0x00, 0x00, 0x00,
  0x00, 0x00, 0x00, 0x00, 0x00, 0x00, 0x00, 0x00, 0x00, 0x00, 0x00, 0x00, 0x00, 0x00, 0x00, 0x00,
  0x00, 0x00, 0x00, 0x00, 0x00, 0x00, 0x00, 0x00, 0x00, 0x00, 0x00, 0x00, 0x00, 0x00, 0x00, 0x00,
  0x00, 0x00, 0x00, 0x00, 0x00, 0x00, 0x00, 0x00, 0x00, 0x00, 0x00, 0x00, 0x00, 0x00, 0x00, 0x00,
  0x00, 0x00, 0x00, 0x00, 0x00, 0x00, 0x00, 0x00, 0x00, 0x00, 0x00, 0x00, 0x00, 0x00, 0x00, 0x00,
  0x00, 0x00, 0x00, 0x00, 0x00, 0x00, 0x00, 0x00, 0x00, 0x00, 0x00, 0x00, 0x00, 0x00, 0x00, 0x00,
  0x00, 0x00, 0x00, 0x00, 0x00, 0x00, 0x00, 0x00, 0x00, 0x00, 0x00, 0x00, 0x00, 0x00, 0x00, 0x00,
  0x00, 0x00, 0x00, 0x00, 0x00, 0x00, 0x00, 0x00, 0x00, 0x00, 0x00, 0x00, 0x00, 0x00, 0x00, 0x00,
  0x00, 0x00, 0x00, 0x00, 0x00, 0x00, 0x00, 0x00, 0x00, 0x00, 0x00, 0x00, 0x00, 0x00, 0x00, 0x00,
  0x00, 0x00, 0x00, 0x00, 0x00, 0x00, 0x00, 0x00, 0x00, 0x00, 0x00, 0x00, 0x00, 0x00, 0x00, 0x00,
  0x00, 0x00, 0x00, 0x00, 0x00, 0x00, 0x00, 0x00, 0x00, 0x00, 0x00, 0x00, 0x00, 0x00, 0x00, 0x00,
  0x00, 0x00, 0x00, 0x00, 0x00, 0x00, 0x00, 0x00, 0x00, 0x00, 0x00, 0x00, 0x00, 0x00, 0x00, 0x00,
  0x00, 0x00, 0x00, 0x00, 0x00, 0x00, 0x00, 0x00, 0x00, 0x00, 0x00, 0x00, 0x00, 0x00, 0x00, 0x00,
  0x00, 0x00, 0x00, 0x00, 0x00, 0x00, 0x00, 0x00, 0x00, 0x00, 0x00, 0x00, 0x00, 0x00, 0x00, 0x00,
  0x00, 0x00, 0x00, 0x00, 0x00, 0x00, 0x00, 0x00, 0x00, 0x00, 0x00, 0x00, 0x00, 0x00, 0x00, 0x00,
  0x00, 0x00, 0x00, 0x00, 0x00, 0x00, 0x00, 0x00, 0x00, 0x00, 0x00, 0x00, 0x00, 0x00, 0x00, 0x00,
  0x00, 0x00, 0x00, 0x00, 0x00, 0x00, 0x00, 0x00, 0x00, 0x00, 0x00, 0x00, 0x00, 0x00, 0x00, 0x00,
  0x00, 0x00, 0x00, 0x00, 0x00, 0x00, 0x00, 0x00, 0x00, 0x00, 0x00, 0x00, 0x00, 0x00, 0x00, 0x00,
  0x00, 0x00, 0x00, 0x00, 0x00, 0x00, 0x00, 0x00, 0x00, 0x00, 0x00, 0x00, 0x00, 0x00, 0x00, 0x00,
  0x00, 0x00, 0x00, 0x00, 0x00, 0x00, 0x00, 0x00, 0x00, 0x00, 0x00, 0x00, 0x00, 0x00, 0x00, 0x00,
  0x00, 0x00, 0x00, 0x00, 0x00, 0x00, 0x00, 0x00, 0x00, 0x00, 0x00, 0x00, 0x00, 0x00, 0x00, 0x00,
  0x00, 0x00, 0x00, 0x00, 0x00, 0x00, 0x00, 0x00, 0x00, 0x00, 0x00, 0x00, 0x00, 0x00, 0x00, 0x00,
  0x00, 0x00, 0x00, 0x00, 0x00, 0x00, 0x00, 0x00, 0x00, 0x00, 0x00, 0x00, 0x00, 0x00, 0x00, 0x00,
  0x00, 0x00, 0x00, 0x00, 0x00, 0x00, 0x00, 0x00, 0x00, 0x00, 0x00, 0x00, 0x00, 0x00, 0x00, 0x00,
  0x00, 0x00, 0x00, 0x00, 0x00, 0x00, 0x00, 0x00, 0x00, 0x00, 0x00, 0x00, 0x00, 0x00, 0x00, 0x00,
  0x00, 0x00, 0x00, 0x00, 0x00, 0x00, 0x00, 0x00, 0x00, 0x00, 0x00, 0x00, 0x00, 0x00, 0x00, 0x00,
  0x00, 0x00, 0x00, 0x00, 0x00, 0x00, 0x00, 0x00, 0x00, 0x00, 0x00, 0x00, 0x00, 0x00, 0x00, 0x00,
  0x00, 0x00, 0x00, 0x00, 0x00, 0x00, 0x00, 0x00, 0x00, 0x00, 0x00, 0x00, 0x00, 0x00, 0x00, 0x00,
  0x00, 0x00, 0x00, 0x00, 0x00, 0x00, 0x00, 0x00, 0x00, 0x00, 0x00, 0x00, 0x00, 0x00, 0x00, 0x00,
  0x00, 0x00, 0x00, 0x00, 0x00, 0x00, 0x00, 0x00, 0x00, 0x00, 0x00, 0x00, 0x00, 0x00, 0x00, 0x00,
  0x00, 0x00, 0x00, 0x00, 0x00, 0x00, 0x00, 0x00, 0x00, 0x00, 0x00, 0x00, 0x00, 0x00, 0x00, 0x00,
  0x00, 0x00, 0x00, 0x00, 0x00, 0x00, 0x00, 0x00, 0x00, 0x00, 0x00, 0x00, 0x00, 0x00, 0x00, 0x00,
  0x00, 0x00, 0x00, 0x00, 0x00, 0x00, 0x00, 0x00, 0x00, 0x00, 0x00, 0x00, 0x00, 0x00, 0x00, 0x00,
  0x00, 0x00, 0x00, 0x00, 0x00, 0x00, 0x00, 0x00, 0x00, 0x00, 0x00, 0x00, 0x00, 0x00, 0x00, 0x00,
  0x00, 0x00, 0x00, 0x00, 0x00, 0x00, 0x00, 0x00, 0x00, 0x00, 0x00, 0x00, 0x00, 0x00, 0x00, 0x00,
  0x00, 0x00, 0x00, 0x00, 0x00, 0x00, 0x00, 0x00, 0x00, 0x00, 0x00, 0x00, 0x00, 0x00, 0x00, 0x00,
  0x00, 0x00, 0x00, 0x00, 0x00, 0x00, 0x00, 0x00, 0x00, 0x00, 0x00, 0x00, 0x00, 0x00, 0x00, 0x00,
  0x00, 0x00, 0x00, 0x00, 0x00, 0x00, 0x00, 0x00, 0x00, 0x00, 0x00, 0x00, 0x00, 0x00, 0x00, 0x00,
  0x00, 0x00, 0x00, 0x00, 0x00, 0x00, 0x00, 0x00, 0x00, 0x00, 0x00, 0x00, 0x00, 0x00, 0x00, 0x00,
  0x00, 0x00, 0x00, 0x00, 0x00, 0x00, 0x00, 0x00, 0x00, 0x00, 0x00, 0x00, 0x00, 0x00, 0x00, 0x00,
  0x00, 0x00, 0x00, 0x00, 0x00, 0x00, 0x00, 0x00, 0x00, 0x00, 0x00, 0x00, 0x00, 0x00, 0x00, 0x00,
  0x00, 0x00, 0x00, 0x00, 0x00, 0x00, 0x00, 0x00, 0x00, 0x00, 0x00, 0x00, 0x00, 0x00, 0x00, 0x00,
  0x00, 0x00, 0x00, 0x00, 0x00, 0x00, 0x00, 0x00, 0x00, 0x00, 0x00, 0x00, 0x00, 0x00, 0x00, 0x00,
  0x00, 0x00, 0x00, 0x00, 0x00, 0x00, 0x00, 0x00, 0x00, 0x00, 0x00, 0x00, 0x00, 0x00, 0x00, 0x00,
  0x00, 0x00, 0x00, 0x00, 0x00, 0x00, 0x00, 0x00, 0x00, 0x00, 0x00, 0x00, 0x00, 0x00, 0x00, 0x00,
  0x00, 0x00, 0x00, 0x00, 0x00, 0x00, 0x00, 0x00, 0x00, 0x00, 0x00, 0x00, 0x00, 0x00, 0x00, 0x00,
  0x00, 0x00, 0x00, 0x00, 0x00, 0x00, 0x00, 0x00, 0x00, 0x00, 0x00, 0x00, 0x00, 0x00, 0x00, 0x00,
  0x00, 0x00, 0x00, 0x00, 0x00, 0x00, 0x00, 0x00, 0x00, 0x00, 0x00, 0x00, 0x00, 0x00, 0x00, 0x00,
  0x00, 0x00, 0x00, 0x00, 0x00, 0x00, 0x00, 0x00, 0x00, 0x00, 0x00, 0x00, 0x00, 0x00, 0x00, 0x00,
  0x00, 0x00, 0x00, 0x00, 0x00, 0x00, 0x00, 0x00, 0x00, 0x00, 0x00, 0x00, 0x00, 0x00, 0x00, 0x00,
  0x00, 0x00, 0x00, 0x00, 0x00, 0x00, 0x00, 0x00, 0x00, 0x00, 0x00, 0x00, 0x00, 0x00, 0x00, 0x00,
  0x00, 0x00, 0x00, 0x00, 0x00, 0x00, 0x00, 0x00, 0x00, 0x00, 0x00, 0x00, 0x00, 0x00, 0x00, 0x00,
  0x00, 0x00, 0x00, 0x00, 0x00, 0x00, 0x00, 0x00, 0x00, 0x00, 0x00, 0x00, 0x00, 0x00, 0x00, 0x00,
  0x00, 0x00, 0x00, 0x00, 0x00, 0x00, 0x00, 0x00, 0x00, 0x00, 0x00, 0x00, 0x00, 0x00, 0x00, 0x00,
  0x00, 0x00, 0x00, 0x00, 0x00, 0x00, 0x00, 0x00, 0x00, 0x00, 0x00, 0x00, 0x00, 0x00, 0x00, 0x00,
  0x00, 0x00, 0x00, 0x00, 0x00, 0x00, 0x00, 0x00, 0x00, 0x00, 0x00, 0x00, 0x00, 0x00, 0x00, 0x00,
  0x00, 0x00, 0x00, 0x00, 0x00, 0x00, 0x00, 0x00, 0x00, 0x00, 0x00, 0x00, 0x00, 0x00, 0x00, 0x00,
  0x00, 0x00, 0x00, 0x00, 0x00, 0x00, 0x00, 0x00, 0x00, 0x00, 0x00, 0x00, 0x00, 0x00, 0x00, 0x00,
  0x00, 0x00, 0x00, 0x00, 0x00, 0x00, 0x00, 0x00, 0x00, 0x00, 0x00, 0x00, 0x00, 0x00, 0x00, 0x00,
  0x00, 0x00, 0x00, 0x00, 0x00, 0x00, 0x00, 0x00, 0x00, 0x00, 0x00, 0x00, 0x00, 0x00, 0x00, 0x00,
  0x00, 0x00, 0x00, 0x00, 0x00, 0x00, 0x00, 0x00, 0x00, 0x00, 0x00, 0x00, 0x00, 0x00, 0x00, 0x00,
  0x00, 0x00, 0x00, 0x00, 0x00, 0x00, 0x00, 0x00, 0x00, 0x00, 0x00, 0x00, 0x00, 0x00, 0x00, 0x00,
  0x00, 0x00, 0x00, 0x00, 0x00, 0x00, 0x00, 0x00, 0x00, 0x00, 0x00, 0x00, 0x00, 0x00, 0x00, 0x00,
  0x00, 0x00, 0x00, 0x00, 0x00, 0x00, 0x00, 0x00, 0x00, 0x00, 0x00, 0x00, 0x00, 0x00, 0x00, 0x00,
  0x00, 0x00, 0x00, 0x00, 0x00, 0x00, 0x00, 0x00, 0x00, 0x00, 0x00, 0x00, 0x00, 0x00, 0x00, 0x00,
  0x00, 0x00, 0x00, 0x00, 0x00, 0x00, 0x00, 0x00, 0x00, 0x00, 0x00, 0x00, 0x00, 0x00, 0x00, 0x00,
  0x00, 0x00, 0x00, 0x00, 0x00, 0x00, 0x00, 0x00, 0x00, 0x00, 0x00, 0x00, 0x00, 0x00, 0x00, 0x00,
  0x00, 0x00, 0x00, 0x00, 0x00, 0x00, 0x00, 0x00, 0x00, 0x00, 0x00, 0x00, 0x00, 0x00, 0x00, 0x00,
  0x00, 0x00, 0x00, 0x00, 0x00, 0x00, 0x00, 0x00, 0x00, 0x00, 0x00, 0x00, 0x00, 0x01, 0x11, 0x11,
  0x11, 0x11, 0x11, 0x11, 0x11, 0x11, 0x11, 0x00, 0x01, 0x11, 0x11, 0x11, 0x11, 0x11, 0x11, 0x11,
  0x11, 0x00, 0x00, 0x00, 0x00, 0x00, 0x00, 0x00, 0x00, 0x00, 0x00, 0x00, 0x00, 0x00, 0x00, 0x00,
  0x00, 0x00, 0x00, 0x00, 0x00, 0x00, 0x00, 0x00, 0x00, 0x00, 0x00, 0x00, 0x00, 0x00, 0x00, 0x00,
  0x00, 0x00, 0x00, 0x00, 0x00, 0x00, 0x00, 0x00, 0x00, 0x00, 0x00, 0x00, 0x00, 0x00, 0x00, 0x00,
  0x00, 0x01, 0x11, 0x00, 0x10, 0x00, 0x00, 0x00, 0x00, 0x00, 0x00, 0x00, 0x00, 0x00, 0x00, 0x00,
  0x00, 0x00, 0x00, 0x00, 0x00, 0x00, 0x00, 0x00, 0x00, 0x00, 0x00, 0x00, 0x00, 0x00, 0x00, 0x00,
  0x00, 0x00, 0x00, 0x00, 0x00, 0x00, 0x00, 0x00, 0x00, 0x00, 0x00, 0x00, 0x00, 0x00, 0x00, 0x00,
  0x00, 0x00, 0x00, 0x00, 0x00, 0x00, 0x00, 0x00, 0x00, 0x00, 0x00, 0x00, 0x00, 0x00, 0x00, 0x00,
  0x00, 0x00, 0x00, 0x00, 0x00, 0x00, 0x00, 0x00, 0x00, 0x00, 0x00, 0x00, 0x00, 0x00, 0x00, 0x00,
  0x00, 0x00, 0x00, 0x00, 0x00, 0x00, 0x00, 0x00, 0x00, 0x00, 0x00, 0x00, 0x00, 0x00, 0x00, 0x00,
  0x00, 0x00, 0x00, 0x00, 0x00, 0x00, 0x00, 0x00, 0x00, 0x00, 0x00, 0x00, 0x00, 0x00, 0x00, 0x00,
  0x00, 0x12, 0x22, 0x21, 0x22, 0x21, 0x11, 0x11, 0x11, 0x11, 0x11, 0x10, 0x01, 0x11, 0x22, 0x22,
  0x21, 0x11, 0x11, 0x11, 0x11, 0x00, 0x00, 0x00, 0x00, 0x00, 0x00, 0x00, 0x00, 0x00, 0x00, 0x00,
  0x00, 0x00, 0x00, 0x00, 0x00, 0x00, 0x00, 0x00, 0x00, 0x00, 0x00, 0x00, 0x00, 0x00, 0x00, 0x00,
  0x00, 0x00, 0x00, 0x00, 0x00, 0x00, 0x00, 0x00, 0x00, 0x00, 0x00, 0x00, 0x00, 0x00, 0x00, 0x00,
  0x00, 0x01, 0x00, 0x00, 0x00, 0x01, 0x10, 0x01, 0x10, 0x00, 0x00, 0x00, 0x00, 0x00, 0x00, 0x00,
  0x00, 0x00, 0x00, 0x00, 0x00, 0x00, 0x00, 0x00, 0x00, 0x00, 0x00, 0x00, 0x00, 0x00, 0x00, 0x00,
  0x00, 0x00, 0x00, 0x00, 0x00, 0x00, 0x00, 0x00, 0x00, 0x00, 0x00, 0x00, 0x00, 0x00, 0x00, 0x00,
  0x00, 0x00, 0x00, 0x00, 0x00, 0x00, 0x00, 0x00, 0x00, 0x00, 0x00, 0x00, 0x00, 0x00, 0x00, 0x00,
  0x00, 0x00, 0x00, 0x00, 0x00, 0x00, 0x00, 0x00, 0x00, 0x00, 0x00, 0x00, 0x00, 0x00, 0x00, 0x00,
  0x00, 0x00, 0x00, 0x00, 0x00, 0x00, 0x00, 0x00, 0x00, 0x00, 0x00, 0x00, 0x00, 0x00, 0x00, 0x00,
  0x00, 0x00, 0x00, 0x00, 0x00, 0x00, 0x00, 0x00, 0x00, 0x00, 0x00, 0x00, 0x00, 0x00, 0x00, 0x00,
  0x00, 0x11, 0x00, 0x00, 0x00, 0x12, 0x22, 0x22, 0x22, 0x11, 0x12, 0x22, 0x22, 0x22, 0x22, 0x11,
  0x12, 0x22, 0x22, 0x22, 0x22, 0x22, 0x22, 0x22, 0x22, 0x00, 0x00, 0x00, 0x00, 0x00, 0x00, 0x00,
  0x00, 0x01, 0x00, 0x00, 0x00, 0x00, 0x00, 0x00, 0x00, 0x00, 0x00, 0x00, 0x00, 0x00, 0x00, 0x00,
  0x00, 0x00, 0x00, 0x00, 0x00, 0x00, 0x00, 0x00, 0x00, 0x00, 0x00, 0x00, 0x00, 0x00, 0x00, 0x00,
  0x00, 0x00, 0x00, 0x00, 0x00, 0x00, 0x00, 0x00, 0x00, 0x00, 0x00, 0x00, 0x00, 0x00, 0x00, 0x00,
  0x00, 0x00, 0x00, 0x00, 0x00, 0x00, 0x00, 0x00, 0x00, 0x00, 0x00, 0x00, 0x00, 0x00, 0x00, 0x00,
  0x00, 0x00, 0x00, 0x00, 0x00, 0x00, 0x00, 0x00, 0x00, 0x00, 0x00, 0x00, 0x00, 0x00, 0x00, 0x00,
  0x00, 0x00, 0x00, 0x00, 0x00, 0x00, 0x00, 0x00, 0x00, 0x00, 0x00, 0x00, 0x00, 0x00, 0x00, 0x00,
  0x00, 0x00, 0x00, 0x00, 0x00, 0x00, 0x00, 0x00, 0x00, 0x00, 0x00, 0x00, 0x00, 0x00, 0x00, 0x00,
  0x00, 0x00, 0x00, 0x00, 0x00, 0x00, 0x00, 0x00, 0x00, 0x00, 0x00, 0x00, 0x00, 0x00, 0x00, 0x00,
  0x00, 0x00, 0x00, 0x00, 0x00, 0x00, 0x00, 0x00, 0x00, 0x00, 0x00, 0x00, 0x00, 0x00, 0x00, 0x00,
  0x00, 0x00, 0x00, 0x01, 0x11, 0x11, 0x22, 0x22, 0x22, 0x11, 0x22, 0x12, 0x22, 0x22, 0x22, 0x22,
  0x22, 0x22, 0x22, 0x22, 0x22, 0x22, 0x22, 0x22, 0x22, 0x22, 0x22, 0x22, 0x22, 0x22, 0x22, 0x22,
  0x11, 0x22, 0x22, 0x22, 0x11, 0x21, 0x11, 0x00, 0x00, 0x00, 0x00, 0x00, 0x00, 0x00, 0x00, 0x00,
  0x00, 0x00, 0x00, 0x00, 0x00, 0x00, 0x00, 0x00, 0x00, 0x00, 0x00, 0x00, 0x00, 0x00, 0x00, 0x00,
  0x00, 0x00, 0x00, 0x00, 0x00, 0x00, 0x00, 0x00, 0x00, 0x00, 0x00, 0x00, 0x00, 0x00, 0x00, 0x00,
  0x00, 0x00, 0x00, 0x00, 0x00, 0x00, 0x00, 0x00, 0x00, 0x00, 0x00, 0x00, 0x00, 0x00, 0x00, 0x00,
  0x00, 0x00, 0x00, 0x00, 0x00, 0x00, 0x00, 0x00, 0x00, 0x00, 0x00, 0x00, 0x00, 0x00, 0x00, 0x00,
  0x00, 0x00, 0x00, 0x00, 0x00, 0x00, 0x00, 0x00, 0x00, 0x00, 0x00, 0x00, 0x00, 0x00, 0x00, 0x00,
  0x00, 0x00, 0x00, 0x00, 0x00, 0x00, 0x00, 0x00, 0x00, 0x00, 0x00, 0x00, 0x00, 0x00, 0x00, 0x00,
  0x00, 0x00, 0x00, 0x00, 0x00, 0x00, 0x00, 0x00, 0x00, 0x00, 0x00, 0x00, 0x00, 0x00, 0x00, 0x00,
  0x00, 0x00, 0x00, 0x00, 0x00, 0x00, 0x00, 0x00, 0x00, 0x00, 0x00, 0x00, 0x00, 0x00, 0x00, 0x00,
  0x00, 0x00, 0x00, 0x00, 0x00, 0x00, 0x00, 0x01, 0x11, 0x11, 0x22, 0x22, 0x22, 0x22, 0x22, 0x22,
  0x22, 0x22, 0x22, 0x22, 0x22, 0x22, 0x22, 0x22, 0x22, 0x22, 0x22, 0x22, 0x22, 0x22, 0x33, 0x22,
  0x22, 0x22, 0x22, 0x22, 0x11, 0x22, 0x22, 0x22, 0x11, 0x21, 0x22, 0x00, 0x00, 0x00, 0x00, 0x00,
  0x00, 0x00, 0x00, 0x00, 0x00, 0x00, 0x00, 0x00, 0x00, 0x00, 0x00, 0x00, 0x00, 0x00, 0x00, 0x00,
  0x00, 0x00, 0x00, 0x00, 0x00, 0x00, 0x00, 0x00, 0x00, 0x00, 0x00, 0x00, 0x00, 0x00, 0x00, 0x00,
  0x00, 0x00, 0x00, 0x00, 0x00, 0x00, 0x00, 0x00, 0x00, 0x00, 0x00, 0x00, 0x00, 0x00, 0x00, 0x00,
  0x00, 0x00, 0x00, 0x00, 0x00, 0x00, 0x00, 0x00, 0x00, 0x00, 0x00, 0x00, 0x00, 0x00, 0x00, 0x00,
  0x00, 0x00, 0x00, 0x00, 0x00, 0x00, 0x00, 0x00, 0x00, 0x00, 0x00, 0x00, 0x00, 0x00, 0x00, 0x00,
  0x00, 0x00, 0x00, 0x00, 0x00, 0x00, 0x00, 0x00, 0x00, 0x00, 0x00, 0x00, 0x00, 0x00, 0x00, 0x00,
  0x00, 0x00, 0x00, 0x00, 0x00, 0x00, 0x00, 0x00, 0x00, 0x00, 0x00, 0x00, 0x00, 0x00, 0x00, 0x00,
  0x00, 0x00, 0x00, 0x00, 0x00, 0x00, 0x00, 0x00, 0x00, 0x00, 0x00, 0x00, 0x00, 0x00, 0x00, 0x00,
  0x00, 0x00, 0x00, 0x00, 0x00, 0x00, 0x00, 0x00, 0x00, 0x00, 0x00, 0x12, 0x22, 0x22, 0x22, 0x22,
  0x22, 0x22, 0x22, 0x22, 0x22, 0x22, 0x22, 0x22, 0x22, 0x22, 0x23, 0x22, 0x22, 0x22, 0x22, 0x22,
  0x22, 0x23, 0x33, 0x32, 0x22, 0x22, 0x22, 0x22, 0x22, 0x22, 0x22, 0x22, 0x22, 0x22, 0x22, 0x00,
  0x00, 0x00, 0x00, 0x00, 0x00, 0x00, 0x00, 0x00, 0x00, 0x00, 0x00, 0x00, 0x00, 0x00, 0x00, 0x00,
  0x00, 0x00, 0x00, 0x00, 0x00, 0x00, 0x00, 0x00, 0x00, 0x00, 0x00, 0x00, 0x00, 0x00, 0x00, 0x00,
  0x00, 0x00, 0x00, 0x00, 0x00, 0x00, 0x00, 0x00, 0x00, 0x00, 0x00, 0x00, 0x00, 0x00, 0x00, 0x00,
  0x00, 0x00, 0x00, 0x00, 0x00, 0x00, 0x00, 0x00, 0x00, 0x00, 0x00, 0x00, 0x00, 0x00, 0x00, 0x00,
  0x00, 0x00, 0x00, 0x00, 0x00, 0x00, 0x00, 0x00, 0x00, 0x00, 0x00, 0x00, 0x00, 0x00, 0x00, 0x00,
  0x00, 0x00, 0x00, 0x00, 0x00, 0x00, 0x00, 0x00, 0x00, 0x00, 0x00, 0x00, 0x00, 0x00, 0x00, 0x00,
  0x00, 0x00, 0x00, 0x00, 0x00, 0x00, 0x00, 0x00, 0x00, 0x00, 0x00, 0x00, 0x00, 0x00, 0x00, 0x00,
  0x00, 0x00, 0x00, 0x00, 0x00, 0x00, 0x00, 0x00, 0x00, 0x00, 0x00, 0x00, 0x00, 0x00, 0x00, 0x00,
  0x00, 0x00, 0x00, 0x00, 0x00, 0x00, 0x00, 0x00, 0x00, 0x00, 0x11, 0x21, 0x11, 0x22, 0x22, 0x22,
  0x22, 0x22, 0x22, 0x22, 0x22, 0x22, 0x33, 0x33, 0x22, 0x23, 0x33, 0x23, 0x32, 0x33, 0x23, 0x32,
  0x32, 0x22, 0x23, 0x33, 0x23, 0x23, 0x33, 0x33, 0x33, 0x33, 0x22, 0x23, 0x33, 0x32, 0x22, 0x22,
  0x22, 0x22, 0x22, 0x22, 0x11, 0x11, 0x11, 0x00, 0x00, 0x00, 0x00, 0x00, 0x00, 0x00, 0x00, 0x00,
  0x00, 0x00, 0x00, 0x00, 0x00, 0x00, 0x00, 0x00, 0x00, 0x00, 0x00, 0x00, 0x00, 0x00, 0x00, 0x00,
  0x00, 0x00, 0x00, 0x00, 0x00, 0x00, 0x00, 0x00, 0x00, 0x00, 0x00, 0x00, 0x00, 0x00, 0x00, 0x00,
  0x00, 0x00, 0x00, 0x00, 0x00, 0x00, 0x00, 0x00, 0x00, 0x00, 0x00, 0x00, 0x00, 0x00, 0x00, 0x00,
  0x00, 0x00, 0x00, 0x00, 0x00, 0x00, 0x00, 0x00, 0x00, 0x00, 0x00, 0x00, 0x00, 0x00, 0x00, 0x00,
  0x00, 0x00, 0x00, 0x00, 0x00, 0x00, 0x00, 0x00, 0x00, 0x00, 0x00, 0x00, 0x00, 0x00, 0x00, 0x00,
  0x00, 0x00, 0x00, 0x00, 0x00, 0x00, 0x00, 0x00, 0x00, 0x00, 0x00, 0x00, 0x00, 0x00, 0x00, 0x00,
  0x00, 0x00, 0x00, 0x00, 0x00, 0x00, 0x00, 0x00, 0x00, 0x00, 0x00, 0x00, 0x00, 0x00, 0x00, 0x00,
  0x00, 0x00, 0x00, 0x00, 0x00, 0x00, 0x00, 0x00, 0x00, 0x00, 0x00, 0x00, 0x10, 0x01, 0x11, 0x21,
  0x11, 0x22, 0x22, 0x22, 0x22, 0x22, 0x23, 0x33, 0x33, 0x33, 0x33, 0x33, 0x33, 0x33, 0x33, 0x33,
  0x33, 0x33, 0x33, 0x33, 0x33, 0x33, 0x33, 0x33, 0x33, 0x33, 0x33, 0x33, 0x33, 0x33, 0x33, 0x33,
  0x33, 0x33, 0x33, 0x32, 0x23, 0x32, 0x22, 0x21, 0x11, 0x11, 0x11, 0x10, 0x00, 0x00, 0x00, 0x00,
  0x00, 0x00, 0x00, 0x00, 0x00, 0x00, 0x00, 0x00, 0x00, 0x00, 0x00, 0x00, 0x00, 0x00, 0x00, 0x00,
  0x00, 0x00, 0x00, 0x00, 0x00, 0x00, 0x00, 0x00, 0x00, 0x00, 0x00, 0x00, 0x00, 0x00, 0x00, 0x00,
  0x00, 0x00, 0x00, 0x00, 0x00, 0x00, 0x00, 0x00, 0x00, 0x00, 0x00, 0x00, 0x00, 0x00, 0x00, 0x00,
  0x00, 0x00, 0x00, 0x00, 0x00, 0x00, 0x00, 0x00, 0x00, 0x00, 0x00, 0x00, 0x00, 0x00, 0x00, 0x00,
  0x00, 0x00, 0x00, 0x00, 0x00, 0x00, 0x00, 0x00, 0x00, 0x00, 0x00, 0x00, 0x00, 0x00, 0x00, 0x00,
  0x00, 0x00, 0x00, 0x00, 0x00, 0x00, 0x00, 0x00, 0x00, 0x00, 0x00, 0x00, 0x00, 0x00, 0x00, 0x00,
  0x00, 0x00, 0x00, 0x00, 0x00, 0x00, 0x00, 0x00, 0x00, 0x00, 0x00, 0x00, 0x00, 0x00, 0x00, 0x00,
  0x00, 0x00, 0x00, 0x00, 0x00, 0x00, 0x00, 0x00, 0x00, 0x00, 0x00, 0x00, 0x00, 0x00, 0x00, 0x00,
  0x12, 0x21, 0x22, 0x22, 0x22, 0x22, 0x22, 0x22, 0x22, 0x22, 0x23, 0x33, 0x33, 0x33, 0x33, 0x33,
  0x33, 0x33, 0x33, 0x33, 0x33, 0x33, 0x33, 0x33, 0x33, 0x33, 0x33, 0x33, 0x33, 0x33, 0x33, 0x33,
  0x33, 0x33, 0x33, 0x33, 0x33, 0x33, 0x33, 0x33, 0x33, 0x33, 0x22, 0x22, 0x22, 0x22, 0x22, 0x11,
  0x00, 0x00, 0x00, 0x00, 0x00, 0x00, 0x00, 0x00, 0x00, 0x00, 0x00, 0x00, 0x00, 0x00, 0x00, 0x00,
  0x00, 0x00, 0x00, 0x00, 0x00, 0x00, 0x00, 0x00, 0x00, 0x00, 0x00, 0x00, 0x00, 0x00, 0x00, 0x00,
  0x00, 0x00, 0x00, 0x00, 0x00, 0x00, 0x00, 0x00, 0x00, 0x00, 0x00, 0x00, 0x00, 0x00, 0x00, 0x00,
  0x12, 0x00, 0x00, 0x00, 0x00, 0x00, 0x00, 0x00, 0x00, 0x00, 0x00, 0x00, 0x00, 0x00, 0x00, 0x00,
  0x00, 0x00, 0x00, 0x00, 0x00, 0x00, 0x00, 0x00, 0x00, 0x00, 0x00, 0x00, 0x00, 0x00, 0x00, 0x00,
  0x00, 0x00, 0x00, 0x00, 0x00, 0x00, 0x00, 0x00, 0x00, 0x00, 0x00, 0x00, 0x00, 0x00, 0x00, 0x00,
  0x00, 0x00, 0x00, 0x00, 0x00, 0x11, 0x00, 0x00, 0x00, 0x00, 0x00, 0x00, 0x00, 0x00, 0x00, 0x00,
  0x00, 0x00, 0x00, 0x00, 0x00, 0x00, 0x00, 0x00, 0x00, 0x00, 0x00, 0x00, 0x00, 0x00, 0x00, 0x00,
  0x00, 0x00, 0x11, 0x11, 0x22, 0x22, 0x22, 0x22, 0x22, 0x22, 0x22, 0x22, 0x33, 0x33, 0x33, 0x33,
  0x33, 0x33, 0x33, 0x33, 0x33, 0x33, 0x33, 0x33, 0x33, 0x44, 0x33, 0x33, 0x33, 0x33, 0x33, 0x33,
  0x33, 0x33, 0x33, 0x33, 0x33, 0x33, 0x33, 0x33, 0x33, 0x33, 0x33, 0x33, 0x33, 0x33, 0x33, 0x32,
  0x22, 0x22, 0x22, 0x22, 0x22, 0x22, 0x22, 0x21, 0x22, 0x21, 0x00, 0x00, 0x00, 0x00, 0x00, 0x00,
  0x00, 0x00, 0x00, 0x00, 0x00, 0x00, 0x00, 0x00, 0x00, 0x00, 0x00, 0x00, 0x00, 0x00, 0x00, 0x00,
  0x00, 0x00, 0x00, 0x00, 0x00, 0x00, 0x00, 0x00, 0x00, 0x00, 0x00, 0x00, 0x00, 0x00, 0x00, 0x00,
  0x00, 0x00, 0x00, 0x11, 0x10, 0x00, 0x00, 0x00, 0x00, 0x00, 0x00, 0x00, 0x00, 0x00, 0x00, 0x00,
  0x00, 0x00, 0x00, 0x00, 0x00, 0x00, 0x00, 0x00, 0x00, 0x00, 0x00, 0x00, 0x00, 0x00, 0x00, 0x00,
  0x00, 0x00, 0x00, 0x00, 0x00, 0x00, 0x00, 0x00, 0x00, 0x00, 0x00, 0x00, 0x00, 0x00, 0x00, 0x00,
  0x00, 0x00, 0x00, 0x00, 0x00, 0x00, 0x00, 0x00, 0x00, 0x00, 0x00, 0x00, 0x00, 0x00, 0x00, 0x00,
  0x00, 0x00, 0x00, 0x00, 0x00, 0x00, 0x00, 0x00, 0x00, 0x00, 0x00, 0x00, 0x00, 0x00, 0x00, 0x00,
  0x00, 0x00, 0x00, 0x10, 0x00, 0x00, 0x11, 0x22, 0x21, 0x12, 0x22, 0x22, 0x22, 0x22, 0x22, 0x23,
  0x33, 0x33, 0x33, 0x33, 0x33, 0x33, 0x33, 0x33, 0x33, 0x33, 0x34, 0x44, 0x44, 0x44, 0x44, 0x44,
  0x44, 0x44, 0x44, 0x43, 0x44, 0x44, 0x44, 0x33, 0x33, 0x33, 0x33, 0x33, 0x33, 0x33, 0x33, 0x33,
  0x33, 0x33, 0x33, 0x33, 0x33, 0x22, 0x32, 0x22, 0x22, 0x11, 0x22, 0x22, 0x22, 0x21, 0x00, 0x00,
  0x00, 0x00, 0x00, 0x00, 0x00, 0x00, 0x00, 0x01, 0x00, 0x00, 0x00, 0x00, 0x00, 0x00, 0x00, 0x00,
  0x00, 0x00, 0x00, 0x00, 0x00, 0x00, 0x00, 0x00, 0x00, 0x00, 0x00, 0x00, 0x00, 0x00, 0x00, 0x00,
  0x00, 0x00, 0x00, 0x00, 0x00, 0x00, 0x00, 0x12, 0x21, 0x00, 0x00, 0x00, 0x00, 0x00, 0x00, 0x00,
  0x00, 0x00, 0x00, 0x00, 0x00, 0x00, 0x00, 0x00, 0x00, 0x00, 0x00, 0x00, 0x00, 0x00, 0x00, 0x00,
  0x00, 0x00, 0x00, 0x00, 0x00, 0x00, 0x00, 0x00, 0x00, 0x00, 0x00, 0x00, 0x00, 0x00, 0x00, 0x00,
  0x00, 0x00, 0x00, 0x00, 0x00, 0x00, 0x00, 0x00, 0x00, 0x00, 0x00, 0x00, 0x00, 0x00, 0x00, 0x00,
  0x00, 0x00, 0x00, 0x00, 0x00, 0x00, 0x00, 0x00, 0x00, 0x00, 0x00, 0x00, 0x00, 0x00, 0x01, 0x10,
  0x11, 0x11, 0x10, 0x00, 0x11, 0x11, 0x12, 0x11, 0x11, 0x11, 0x11, 0x22, 0x22, 0x22, 0x22, 0x22,
  0x22, 0x23, 0x33, 0x22, 0x23, 0x33, 0x33, 0x33, 0x33, 0x33, 0x33, 0x33, 0x44, 0x44, 0x44, 0x44,
  0x44, 0x44, 0x44, 0x44, 0x44, 0x44, 0x44, 0x44, 0x44, 0x44, 0x44, 0x44, 0x44, 0x44, 0x44, 0x44,
  0x33, 0x44, 0x44, 0x33, 0x33, 0x33, 0x33, 0x33, 0x33, 0x33, 0x33, 0x22, 0x22, 0x22, 0x22, 0x22,
  0x22, 0x21, 0x11, 0x01, 0x11, 0x00, 0x00, 0x11, 0x01, 0x11, 0x10, 0x01, 0x00, 0x00, 0x00, 0x00,
  0x00, 0x00, 0x00, 0x00, 0x00, 0x00, 0x00, 0x00, 0x00, 0x00, 0x00, 0x00, 0x00, 0x00, 0x00, 0x00,
  0x00, 0x00, 0x00, 0x00, 0x00, 0x00, 0x00, 0x00, 0x00, 0x00, 0x00, 0x11, 0x21, 0x00, 0x00, 0x00,
  0x00, 0x00, 0x00, 0x00, 0x00, 0x00, 0x00, 0x00, 0x00, 0x00, 0x00, 0x00, 0x00, 0x00, 0x00, 0x00,
  0x00, 0x00, 0x00, 0x00, 0x00, 0x00, 0x00, 0x00, 0x00, 0x00, 0x00, 0x00, 0x00, 0x00, 0x00, 0x00,
  0x00, 0x00, 0x00, 0x00, 0x00, 0x00, 0x00, 0x00, 0x00, 0x00, 0x00, 0x00, 0x00, 0x00, 0x11, 0x00,
  0x00, 0x00, 0x00, 0x00, 0x00, 0x00, 0x00, 0x00, 0x00, 0x00, 0x00, 0x00, 0x00, 0x00, 0x00, 0x00,
  0x00, 0x00, 0x02, 0x21, 0x22, 0x22, 0x11, 0x11, 0x12, 0x22, 0x22, 0x22, 0x22, 0x22, 0x22, 0x22,
  0x22, 0x22, 0x33, 0x23, 0x33, 0x33, 0x33, 0x33, 0x33, 0x33, 0x33, 0x33, 0x44, 0x44, 0x43, 0x33,
  0x44, 0x44, 0x44, 0x45, 0x55, 0x54, 0x44, 0x44, 0x44, 0x44, 0x44, 0x44, 0x44, 0x44, 0x44, 0x44,
  0x44, 0x44, 0x44, 0x44, 0x44, 0x44, 0x44, 0x44, 0x44, 0x44, 0x33, 0x33, 0x33, 0x33, 0x33, 0x33,
  0x33, 0x33, 0x22, 0x22, 0x22, 0x22, 0x22, 0x12, 0x22, 0x11, 0x11, 0x21, 0x12, 0x11, 0x20, 0x00,
  0x10, 0x00, 0x00, 0x00, 0x00, 0x00, 0x00, 0x00, 0x00, 0x00, 0x00, 0x00, 0x00, 0x00, 0x00, 0x00,
  0x00, 0x00, 0x00, 0x00, 0x00, 0x00, 0x00, 0x00, 0x00, 0x00, 0x00, 0x00, 0x00, 0x00, 0x00, 0x00,
  0x00, 0x00, 0x00, 0x00, 0x00, 0x00, 0x00, 0x00, 0x00, 0x00, 0x00, 0x00, 0x00, 0x00, 0x00, 0x00,
  0x00, 0x00, 0x00, 0x00, 0x00, 0x00, 0x00, 0x00, 0x00, 0x00, 0x00, 0x00, 0x00, 0x00, 0x00, 0x00,
  0x00, 0x00, 0x00, 0x00, 0x00, 0x00, 0x00, 0x00, 0x00, 0x00, 0x00, 0x00, 0x00, 0x00, 0x00, 0x00,
  0x00, 0x00, 0x00, 0x00, 0x00, 0x00, 0x00, 0x11, 0x00, 0x00, 0x00, 0x00, 0x00, 0x00, 0x00, 0x00,
  0x00, 0x00, 0x00, 0x00, 0x00, 0x00, 0x02, 0x22, 0x22, 0x22, 0x22, 0x22, 0x22, 0x22, 0x22, 0x22,
  0x22, 0x22, 0x22, 0x23, 0x33, 0x33, 0x33, 0x33, 0x33, 0x33, 0x33, 0x33, 0x33, 0x33, 0x44, 0x44,
  0x44, 0x44, 0x44, 0x44, 0x44, 0x44, 0x44, 0x55, 0x55, 0x54, 0x44, 0x44, 0x44, 0x44, 0x44, 0x44,
  0x44, 0x44, 0x44, 0x44, 0x44, 0x44, 0x44, 0x44, 0x44, 0x44, 0x44, 0x44, 0x44, 0x44, 0x44, 0x44,
  0x33, 0x33, 0x33, 0x33, 0x33, 0x33, 0x33, 0x32, 0x32, 0x22, 0x22, 0x22, 0x22, 0x22, 0x22, 0x22,
  0x21, 0x22, 0x22, 0x00, 0x00, 0x00, 0x00, 0x00, 0x00, 0x00, 0x00, 0x00, 0x00, 0x00, 0x00, 0x00,
  0x00, 0x00, 0x00, 0x00, 0x00, 0x00, 0x00, 0x00, 0x00, 0x00, 0x00, 0x00, 0x00, 0x00, 0x00, 0x00,
  0x00, 0x00, 0x00, 0x00, 0x00, 0x00, 0x00, 0x00, 0x00, 0x00, 0x00, 0x00, 0x00, 0x00, 0x00, 0x00,
  0x00, 0x00, 0x00, 0x00, 0x00, 0x00, 0x00, 0x00, 0x00, 0x00, 0x00, 0x00, 0x00, 0x00, 0x00, 0x00,
  0x00, 0x00, 0x00, 0x00, 0x00, 0x00, 0x00, 0x00, 0x00, 0x00, 0x00, 0x00, 0x00, 0x00, 0x00, 0x00,
  0x00, 0x00, 0x00, 0x00, 0x00, 0x01, 0x11, 0x00, 0x00, 0x00, 0x11, 0x11, 0x10, 0x00, 0x00, 0x00,
  0x00, 0x00, 0x00, 0x00, 0x00, 0x00, 0x00, 0x00, 0x00, 0x11, 0x12, 0x22, 0x22, 0x22, 0x22, 0x22,
  0x22, 0x22, 0x22, 0x22, 0x22, 0x22, 0x32, 0x33, 0x33, 0x33, 0x33, 0x33, 0x33, 0x33, 0x33, 0x33,
  0x33, 0x33, 0x44, 0x44, 0x44, 0x44, 0x44, 0x44, 0x44, 0x44, 0x44, 0x55, 0x66, 0x66, 0x6a, 0x55,
  0x54, 0x44, 0x44, 0x44, 0x44, 0x44, 0x44, 0x44, 0x44, 0x44, 0x44, 0x44, 0x44, 0x44, 0x44, 0x44,
  0x44, 0x44, 0x44, 0x44, 0x44, 0x43, 0x33, 0x33, 0x33, 0x33, 0x33, 0x33, 0x33, 0x22, 0x22, 0x22,
  0x22, 0x22, 0x22, 0x22, 0x22, 0x22, 0x22, 0x11, 0x11, 0x10, 0x00, 0x00, 0x00, 0x00, 0x00, 0x00,
  0x00, 0x00, 0x00, 0x00, 0x00, 0x00, 0x00, 0x00, 0x00, 0x00, 0x00, 0x00, 0x00, 0x00, 0x00, 0x00,
  0x00, 0x00, 0x00, 0x00, 0x00, 0x00, 0x00, 0x00, 0x00, 0x00, 0x00, 0x00, 0x00, 0x00, 0x00, 0x00,
  0x00, 0x00, 0x00, 0x00, 0x00, 0x00, 0x00, 0x00, 0x00, 0x00, 0x00, 0x00, 0x00, 0x00, 0x00, 0x00,
  0x00, 0x00, 0x00, 0x00, 0x00, 0x00, 0x00, 0x00, 0x00, 0x00, 0x00, 0x00, 0x00, 0x00, 0x00, 0x00,
  0x00, 0x00, 0x00, 0x00, 0x00, 0x00, 0x00, 0x00, 0x00, 0x01, 0x11, 0x00, 0x00, 0x01, 0x12, 0x22,
  0x10, 0x00, 0x00, 0x00, 0x00, 0x00, 0x00, 0x00, 0x00, 0x00, 0x00, 0x00, 0x00, 0x11, 0x22, 0x22,
  0x22, 0x22, 0x22, 0x22, 0x22, 0x22, 0x22, 0x22, 0x22, 0x22, 0x33, 0x33, 0x33, 0x33, 0x33, 0x33,
  0x33, 0x33, 0x33, 0x33, 0x33, 0x44, 0x44, 0x44, 0x44, 0x44, 0x44, 0x44, 0x44, 0x44, 0x45, 0x66,
  0x69, 0x9a, 0xa6, 0x66, 0x66, 0x54, 0x55, 0x54, 0x44, 0x44, 0x44, 0x44, 0x55, 0x44, 0x44, 0x44,
  0x44, 0x44, 0x44, 0x44, 0x45, 0x54, 0x44, 0x44, 0x44, 0x44, 0x44, 0x43, 0x33, 0x33, 0x33, 0x33,
  0x33, 0x33, 0x33, 0x32, 0x23, 0x22, 0x22, 0x22, 0x22, 0x22, 0x22, 0x11, 0x21, 0x10, 0x00, 0x00,
  0x00, 0x00, 0x00, 0x00, 0x00, 0x00, 0x00, 0x00, 0x00, 0x00, 0x00, 0x00, 0x00, 0x00, 0x00, 0x00,
  0x00, 0x00, 0x00, 0x00, 0x00, 0x00, 0x00, 0x00, 0x00, 0x00, 0x00, 0x00, 0x00, 0x00, 0x00, 0x00,
  0x00, 0x00, 0x00, 0x00, 0x00, 0x00, 0x00, 0x00, 0x00, 0x00, 0x00, 0x00, 0x00, 0x00, 0x00, 0x00,
  0x00, 0x00, 0x00, 0x00, 0x00, 0x00, 0x00, 0x00, 0x00, 0x00, 0x00, 0x00, 0x00, 0x00, 0x00, 0x00,
  0x00, 0x00, 0x00, 0x00, 0x00, 0x00, 0x00, 0x00, 0x00, 0x00, 0x00, 0x00, 0x00, 0x02, 0x22, 0x10,
  0x00, 0x01, 0x12, 0x11, 0x11, 0x00, 0x00, 0x00, 0x00, 0x00, 0x00, 0x00, 0x00, 0x00, 0x00, 0x00,
  0x00, 0x11, 0x12, 0x22, 0x22, 0x21, 0x12, 0x22, 0x22, 0x22, 0x22, 0x22, 0x32, 0x23, 0x33, 0x33,
  0x33, 0x33, 0x33, 0x33, 0x33, 0x34, 0x44, 0x33, 0x44, 0x44, 0x44, 0x44, 0x44, 0x44, 0x44, 0x44,
  0x44, 0x44, 0x55, 0x59, 0x9c, 0x9a, 0xc9, 0x99, 0x66, 0x66, 0x55, 0x54, 0x44, 0x44, 0x44, 0x44,
  0x44, 0x44, 0x44, 0x55, 0x55, 0x55, 0x45, 0x54, 0x44, 0x44, 0x44, 0x44, 0x44, 0x44, 0x44, 0x44,
  0x43, 0x33, 0x33, 0x33, 0x33, 0x33, 0x33, 0x32, 0x23, 0x32, 0x22, 0x22, 0x22, 0x22, 0x22, 0x11,
  0x11, 0x10, 0x00, 0x00, 0x00, 0x00, 0x00, 0x00, 0x00, 0x00, 0x00, 0x00, 0x00, 0x00, 0x00, 0x00,
  0x00, 0x00, 0x00, 0x00, 0x00, 0x00, 0x00, 0x00, 0x00, 0x00, 0x00, 0x00, 0x00, 0x00, 0x00, 0x00,
  0x00, 0x00, 0x00, 0x00, 0x00, 0x00, 0x00, 0x00, 0x00, 0x00, 0x00, 0x00, 0x00, 0x00, 0x00, 0x00,
  0x00, 0x00, 0x00, 0x00, 0x00, 0x00, 0x00, 0x00, 0x00, 0x00, 0x00, 0x00, 0x00, 0x00, 0x00, 0x00,
  0x00, 0x00, 0x00, 0x00, 0x00, 0x00, 0x00, 0x00, 0x00, 0x00, 0x00, 0x00, 0x00, 0x00, 0x00, 0x00,
  0x00, 0x01, 0x11, 0x00, 0x00, 0x01, 0x11, 0x11, 0x00, 0x00, 0x00, 0x00, 0x00, 0x00, 0x00, 0x00,
  0x00, 0x11, 0x11, 0x11, 0x11, 0x12, 0x22, 0x22, 0x12, 0x22, 0x22, 0x22, 0x22, 0x22, 0x23, 0x33,
  0x33, 0x33, 0x33, 0x33, 0x33, 0x33, 0x33, 0x34, 0x44, 0x44, 0x44, 0x44, 0x44, 0x44, 0x44, 0x44,
  0x44, 0x44, 0x55, 0x45, 0x55, 0x54, 0x66, 0x69, 0x9a, 0x99, 0x88, 0x88, 0x88, 0x76, 0x66, 0x54,
  0x55, 0x55, 0x44, 0x55, 0x55, 0x55, 0x55, 0x56, 0x55, 0x56, 0x55, 0x55, 0x55, 0x45, 0x55, 0x44,
  0x55, 0x54, 0x44, 0x44, 0x44, 0x44, 0x33, 0x33, 0x33, 0x33, 0x33, 0x33, 0x33, 0x33, 0x33, 0x32,
  0x32, 0x22, 0x12, 0x22, 0x21, 0x10, 0x00, 0x00, 0x00, 0x00, 0x00, 0x00, 0x00, 0x00, 0x00, 0x00,
  0x00, 0x00, 0x00, 0x00, 0x00, 0x00, 0x00, 0x00, 0x00, 0x00, 0x00, 0x00, 0x00, 0x00, 0x00, 0x00,
  0x00, 0x00, 0x00, 0x00, 0x00, 0x00, 0x00, 0x00, 0x00, 0x00, 0x00, 0x00, 0x00, 0x00, 0x00, 0x00,
  0x00, 0x00, 0x00, 0x00, 0x00, 0x00, 0x00, 0x00, 0x00, 0x00, 0x00, 0x00, 0x00, 0x00, 0x00, 0x00,
  0x00, 0x00, 0x00, 0x00, 0x00, 0x00, 0x00, 0x00, 0x00, 0x00, 0x00, 0x00, 0x00, 0x00, 0x00, 0x00,
  0x00, 0x00, 0x00, 0x00, 0x00, 0x00, 0x00, 0x00, 0x00, 0x01, 0x11, 0x11, 0x00, 0x00, 0x00, 0x00,
  0x00, 0x00, 0x00, 0x00, 0x00, 0x11, 0x12, 0x11, 0x21, 0x12, 0x22, 0x22, 0x22, 0x22, 0x22, 0x23,
  0x33, 0x33, 0x33, 0x33, 0x33, 0x33, 0x33, 0x33, 0x34, 0x44, 0x44, 0x44, 0x44, 0x44, 0x44, 0x44,
  0x44, 0x44, 0x44, 0x44, 0x45, 0x55, 0x55, 0x55, 0x55, 0x55, 0x66, 0x99, 0x99, 0x99, 0x88, 0x88,
  0x88, 0x76, 0x66, 0x54, 0x55, 0x55, 0x66, 0x55, 0x55, 0x55, 0x56, 0x55, 0x55, 0x55, 0x55, 0x55,
  0x56, 0x6a, 0xa9, 0x54, 0xa6, 0x55, 0x55, 0x54, 0x44, 0x44, 0x44, 0x44, 0x43, 0x33, 0x33, 0x33,
  0x33, 0x33, 0x33, 0x32, 0x33, 0x22, 0x22, 0x22, 0x21, 0x10, 0x00, 0x00, 0x00, 0x00, 0x00, 0x00,
  0x00, 0x00, 0x00, 0x00, 0x00, 0x00, 0x00, 0x00, 0x00, 0x00, 0x00, 0x00, 0x00, 0x00, 0x00, 0x00,
  0x00, 0x00, 0x00, 0x00, 0x00, 0x00, 0x00, 0x00, 0x00, 0x00, 0x00, 0x00, 0x00, 0x00, 0x00, 0x00,
  0x00, 0x00, 0x00, 0x00, 0x00, 0x00, 0x00, 0x00, 0x00, 0x00, 0x00, 0x00, 0x00, 0x00, 0x00, 0x00,
  0x00, 0x00, 0x00, 0x00, 0x00, 0x00, 0x00, 0x00, 0x00, 0x00, 0x00, 0x00, 0x00, 0x00, 0x00, 0x00,
  0x00, 0x00, 0x00, 0x00, 0x00, 0x00, 0x00, 0x00, 0x00, 0x00, 0x00, 0x00, 0x00, 0x01, 0x11, 0x00,
  0x00, 0x00, 0x00, 0x00, 0x00, 0x00, 0x00, 0x00, 0x00, 0x11, 0x22, 0x22, 0x22, 0x22, 0x22, 0x22,
  0x22, 0x23, 0x33, 0x33, 0x33, 0x33, 0x33, 0x33, 0x33, 0x33, 0x34, 0x44, 0x44, 0x44, 0x44, 0x44,
  0x44, 0x44, 0x44, 0x44, 0x44, 0x44, 0x44, 0x44, 0x44, 0x44, 0x55, 0x55, 0x55, 0x55, 0x55, 0x99,
  0x99, 0x99, 0x85, 0x67, 0x88, 0x88, 0x66, 0x55, 0x55, 0x56, 0x65, 0x55, 0x55, 0x55, 0x57, 0x76,
  0x55, 0x55, 0x55, 0x55, 0x66, 0x59, 0x96, 0x44, 0x66, 0x55, 0x55, 0x55, 0x54, 0x44, 0x44, 0x44,
  0x44, 0x44, 0x33, 0x33, 0x33, 0x33, 0x33, 0x33, 0x33, 0x22, 0x22, 0x22, 0x22, 0x21, 0x00, 0x00,
  0x00, 0x00, 0x00, 0x00, 0x00, 0x00, 0x00, 0x00, 0x01, 0x10, 0x00, 0x00, 0x00, 0x00, 0x00, 0x00,
  0x00, 0x00, 0x00, 0x00, 0x00, 0x00, 0x00, 0x00, 0x00, 0x00, 0x00, 0x00, 0x00, 0x00, 0x00, 0x00,
  0x00, 0x00, 0x00, 0x00, 0x00, 0x00, 0x00, 0x00, 0x00, 0x00, 0x00, 0x00, 0x00, 0x00, 0x00, 0x00,
  0x00, 0x00, 0x00, 0x00, 0x00, 0x00, 0x00, 0x00, 0x00, 0x00, 0x00, 0x00, 0x00, 0x00, 0x00, 0x00,
  0x00, 0x00, 0x00, 0x00, 0x00, 0x00, 0x00, 0x00, 0x00, 0x00, 0x00, 0x00, 0x00, 0x00, 0x00, 0x00,
  0x00, 0x11, 0x00, 0x00, 0x00, 0x00, 0x00, 0x00, 0x00, 0x00, 0x00, 0x00, 0x00, 0x00, 0x02, 0x22,
  0x22, 0x22, 0x22, 0x23, 0x23, 0x33, 0x33, 0x33, 0x33, 0x33, 0x33, 0x33, 0x43, 0x44, 0x44, 0x44,
  0x44, 0x44, 0x44, 0x44, 0x45, 0x44, 0x44, 0x44, 0x44, 0x44, 0x44, 0x44, 0x44, 0x44, 0x46, 0x55,
  0x55, 0x55, 0x56, 0x88, 0x88, 0x86, 0x55, 0x66, 0x85, 0x66, 0x55, 0x55, 0x55, 0x55, 0x65, 0x55,
  0x55, 0x55, 0x55, 0x55, 0x55, 0x55, 0x55, 0x55, 0x64, 0xa8, 0x88, 0x69, 0x99, 0x99, 0x99, 0x55,
  0x55, 0x54, 0x44, 0x44, 0x44, 0x44, 0x44, 0x33, 0x33, 0x33, 0x33, 0x33, 0x33, 0x33, 0x32, 0x22,
  0x22, 0x22, 0x21, 0x11, 0x11, 0x10, 0x00, 0x00, 0x00, 0x00, 0x00, 0x11, 0x22, 0x21, 0x00, 0x00,
  0x00, 0x00, 0x00, 0x00, 0x00, 0x00, 0x00, 0x00, 0x00, 0x00, 0x00, 0x00, 0x00, 0x00, 0x00, 0x00,
  0x00, 0x00, 0x00, 0x00, 0x00, 0x00, 0x00, 0x00, 0x00, 0x00, 0x00, 0x00, 0x00, 0x00, 0x00, 0x00,
  0x00, 0x00, 0x00, 0x00, 0x00, 0x00, 0x00, 0x00, 0x00, 0x00, 0x00, 0x00, 0x00, 0x00, 0x00, 0x00,
  0x00, 0x00, 0x00, 0x00, 0x00, 0x00, 0x00, 0x00, 0x00, 0x00, 0x00, 0x00, 0x00, 0x00, 0x00, 0x00,
  0x00, 0x00, 0x00, 0x00, 0x00, 0x10, 0x00, 0x00, 0x00, 0x00, 0x00, 0x00, 0x00, 0x00, 0x00, 0x00,
  0x00, 0x00, 0x02, 0x22, 0x22, 0x22, 0x22, 0x23, 0x33, 0x33, 0x33, 0x33, 0x33, 0x33, 0x44, 0x44,
  0x44, 0x44, 0x44, 0x44, 0x45, 0x55, 0x44, 0x44, 0x45, 0x44, 0x44, 0x54, 0x44, 0x44, 0x44, 0x44,
  0x44, 0x55, 0x46, 0x55, 0x55, 0x55, 0x56, 0x88, 0x76, 0x76, 0x55, 0x66, 0x75, 0x66, 0x55, 0x55,
  0x55, 0x55, 0x66, 0x55, 0x55, 0x55, 0x56, 0x55, 0x55, 0x55, 0x55, 0x55, 0x67, 0xa7, 0x78, 0xa9,
  0x99, 0x69, 0x99, 0x99, 0x95, 0x55, 0x44, 0x44, 0x44, 0x44, 0x44, 0x44, 0x33, 0x33, 0x33, 0x33,
  0x33, 0x33, 0x32, 0x22, 0x32, 0x22, 0x22, 0x21, 0x11, 0x10, 0x00, 0x00, 0x00, 0x00, 0x00, 0x11,
  0x22, 0x21, 0x00, 0x00, 0x00, 0x00, 0x00, 0x00, 0x00, 0x00, 0x00, 0x00, 0x00, 0x00, 0x00, 0x00,
  0x00, 0x00, 0x00, 0x00, 0x00, 0x00, 0x00, 0x00, 0x00, 0x00, 0x00, 0x00, 0x00, 0x00, 0x00, 0x00,
  0x00, 0x00, 0x00, 0x00, 0x00, 0x00, 0x00, 0x00, 0x00, 0x00, 0x00, 0x00, 0x00, 0x00, 0x00, 0x00,
  0x00, 0x00, 0x00, 0x00, 0x00, 0x00, 0x00, 0x00, 0x00, 0x00, 0x00, 0x00, 0x00, 0x00, 0x00, 0x00,
  0x00, 0x00, 0x00, 0x00, 0x00, 0x00, 0x00, 0x00, 0x00, 0x00, 0x00, 0x00, 0x00, 0x00, 0x00, 0x00,
  0x00, 0x00, 0x00, 0x01, 0x10, 0x00, 0x02, 0x22, 0x22, 0x22, 0x33, 0x33, 0x33, 0x33, 0x33, 0x33,
  0x34, 0x44, 0x44, 0x44, 0x44, 0x44, 0x44, 0x44, 0x55, 0x55, 0x44, 0x45, 0x4a, 0x65, 0x55, 0x54,
  0x44, 0x44, 0x44, 0x44, 0x44, 0x55, 0x65, 0x55, 0x55, 0x55, 0x66, 0x88, 0x88, 0x66, 0x55, 0x66,
  0x65, 0x55, 0x55, 0x55, 0x55, 0x55, 0x66, 0x55, 0x55, 0x55, 0x55, 0x55, 0x55, 0x55, 0x55, 0x55,
  0x97, 0xa6, 0x78, 0x99, 0x99, 0xaa, 0x99, 0xca, 0x96, 0x55, 0x44, 0x44, 0x44, 0x44, 0x44, 0x44,
  0x44, 0x43, 0x33, 0x33, 0x33, 0x33, 0x33, 0x32, 0x22, 0x22, 0x22, 0x22, 0x22, 0x20, 0x00, 0x00,
  0x00, 0x00, 0x00, 0x11, 0x22, 0x21, 0x00, 0x00, 0x00, 0x00, 0x00, 0x00, 0x00, 0x00, 0x00, 0x00,
  0x00, 0x00, 0x00, 0x00, 0x00, 0x00, 0x00, 0x00, 0x00, 0x00, 0x00, 0x00, 0x00, 0x00, 0x00, 0x00,
  0x00, 0x00, 0x00, 0x00, 0x00, 0x00, 0x00, 0x00, 0x00, 0x00, 0x00, 0x00, 0x00, 0x00, 0x00, 0x00,
  0x00, 0x00, 0x00, 0x00, 0x00, 0x00, 0x00, 0x00, 0x00, 0x00, 0x00, 0x00, 0x00, 0x00, 0x00, 0x00,
  0x00, 0x00, 0x00, 0x00, 0x00, 0x00, 0x00, 0x00, 0x00, 0x00, 0x00, 0x00, 0x00, 0x01, 0x10, 0x00,
  0x00, 0x00, 0x00, 0x00, 0x01, 0x11, 0x11, 0x11, 0x12, 0x11, 0x12, 0x22, 0x22, 0x33, 0x33, 0x33,
  0x33, 0x33, 0x33, 0x44, 0x44, 0x44, 0x44, 0x44, 0x44, 0x44, 0x44, 0x44, 0x45, 0x55, 0x55, 0x55,
  0x65, 0x55, 0x55, 0x55, 0x54, 0x44, 0x44, 0x55, 0x45, 0x55, 0x55, 0x55, 0x55, 0x55, 0x55, 0x66,
  0x56, 0x55, 0x55, 0x55, 0x55, 0x55, 0x55, 0x55, 0x55, 0x55, 0x55, 0x54, 0xa4, 0x44, 0x55, 0x55,
  0x55, 0x55, 0x56, 0x68, 0x87, 0x88, 0x88, 0x99, 0xac, 0xeb, 0xbb, 0x99, 0x99, 0x95, 0x44, 0x44,
  0x44, 0x44, 0x44, 0x44, 0x44, 0x44, 0x44, 0x43, 0x33, 0x33, 0x33, 0x33, 0x33, 0x32, 0x22, 0x22,
  0x22, 0x20, 0x00, 0x00, 0x00, 0x00, 0x00, 0x11, 0x01, 0x12, 0x11, 0x10, 0x00, 0x00, 0x00, 0x00,
  0x00, 0x00, 0x00, 0x00, 0x00, 0x00, 0x11, 0x11, 0x00, 0x00, 0x00, 0x00, 0x00, 0x00, 0x00, 0x00,
  0x00, 0x00, 0x00, 0x00, 0x00, 0x01, 0x00, 0x00, 0x00, 0x00, 0x00, 0x00, 0x00, 0x00, 0x00, 0x00,
  0x00, 0x00, 0x00, 0x00, 0x00, 0x00, 0x00, 0x00, 0x00, 0x00, 0x00, 0x00, 0x00, 0x00, 0x00, 0x00,
  0x00, 0x00, 0x00, 0x00, 0x00, 0x00, 0x00, 0x00, 0x00, 0x00, 0x00, 0x00, 0x00, 0x00, 0x00, 0x00,
  0x00, 0x00, 0x00, 0x00, 0x00, 0x00, 0x01, 0x10, 0x01, 0x12, 0x22, 0x22, 0x22, 0x22, 0x22, 0x22,
  0x22, 0x33, 0x33, 0x33, 0x33, 0x33, 0x34, 0x44, 0x44, 0x44, 0x44, 0x45, 0x45, 0x54, 0x45, 0x44,
  0x45, 0x55, 0x65, 0x55, 0x55, 0x55, 0x55, 0x55, 0x55, 0x55, 0x45, 0x55, 0x55, 0x55, 0x55, 0x55,
  0x55, 0x55, 0x66, 0x65, 0x56, 0x55, 0x55, 0x55, 0x55, 0x55, 0x55, 0x55, 0x55, 0x55, 0x66, 0x54,
  0xa4, 0x54, 0x55, 0x56, 0x55, 0x55, 0x56, 0x78, 0x87, 0x88, 0x88, 0x9a, 0xaa, 0x9b, 0xbb, 0xaa,
  0xa9, 0x95, 0x44, 0x44, 0x44, 0x44, 0x44, 0x44, 0x44, 0x44, 0x44, 0x44, 0x43, 0x33, 0x33, 0x33,
  0x33, 0x32, 0x22, 0x22, 0x22, 0x21, 0x11, 0x10, 0x00, 0x00, 0x00, 0x00, 0x01, 0x11, 0x11, 0x10,
  0x00, 0x00, 0x00, 0x00, 0x00, 0x00, 0x00, 0x00, 0x00, 0x00, 0x00, 0x00, 0x00, 0x00, 0x00, 0x00,
  0x00, 0x00, 0x00, 0x00, 0x00, 0x00, 0x00, 0x00, 0x00, 0x00, 0x00, 0x00, 0x00, 0x00, 0x00, 0x00,
  0x00, 0x00, 0x00, 0x00, 0x00, 0x00, 0x00, 0x00, 0x00, 0x00, 0x00, 0x00, 0x00, 0x00, 0x00, 0x00,
  0x00, 0x00, 0x00, 0x00, 0x00, 0x00, 0x00, 0x00, 0x00, 0x00, 0x00, 0x00, 0x00, 0x00, 0x00, 0x00,
  0x00, 0x00, 0x00, 0x00, 0x00, 0x00, 0x00, 0x00, 0x00, 0x00, 0x01, 0x10, 0x01, 0x12, 0x22, 0x22,
  0x22, 0x22, 0x22, 0x22, 0x22, 0x33, 0x33, 0x33, 0x33, 0x34, 0x34, 0x44, 0x44, 0x44, 0x44, 0x45,
  0x45, 0x55, 0x56, 0x66, 0x66, 0x55, 0x44, 0x55, 0x55, 0x55, 0x55, 0x55, 0x55, 0x55, 0x45, 0x55,
  0x55, 0x55, 0x55, 0x55, 0x55, 0x55, 0x66, 0x55, 0x56, 0x55, 0x55, 0x55, 0x55, 0x55, 0x55, 0x55,
  0x55, 0x55, 0x54, 0x54, 0x64, 0x55, 0x45, 0x56, 0x55, 0x55, 0x58, 0x87, 0xc7, 0x88, 0x66, 0x9c,
  0xa9, 0x9b, 0xb6, 0xa9, 0x65, 0x56, 0x54, 0x44, 0x44, 0x44, 0x44, 0x44, 0x44, 0x44, 0x44, 0x44,
  0x44, 0x33, 0x33, 0x33, 0x33, 0x33, 0x23, 0x33, 0x22, 0x21, 0x11, 0x10, 0x00, 0x00, 0x00, 0x00,
  0x01, 0x11, 0x21, 0x10, 0x00, 0x00, 0x00, 0x00, 0x00, 0x00, 0x00, 0x00, 0x00, 0x00, 0x00, 0x00,
  0x00, 0x00, 0x00, 0x00, 0x00, 0x00, 0x00, 0x00, 0x00, 0x00, 0x00, 0x00, 0x00, 0x00, 0x00, 0x00,
  0x00, 0x00, 0x00, 0x00, 0x00, 0x00, 0x00, 0x00, 0x00, 0x00, 0x00, 0x00, 0x00, 0x00, 0x00, 0x00,
  0x00, 0x00, 0x00, 0x00, 0x00, 0x00, 0x00, 0x00, 0x00, 0x00, 0x00, 0x00, 0x00, 0x00, 0x00, 0x00,
  0x00, 0x00, 0x00, 0x00, 0x00, 0x00, 0x00, 0x00, 0x00, 0x00, 0x00, 0x00, 0x00, 0x00, 0x11, 0x11,
  0x22, 0x22, 0x22, 0x22, 0x22, 0x22, 0x22, 0x22, 0x22, 0x23, 0x33, 0x33, 0x43, 0x44, 0x44, 0x44,
  0x44, 0x45, 0x55, 0x55, 0x58, 0x88, 0x65, 0x55, 0x55, 0x55, 0x55, 0x55, 0x66, 0x55, 0x55, 0x55,
  0x55, 0x55, 0x55, 0x55, 0x55, 0x55, 0x55, 0x55, 0x55, 0x55, 0x55, 0x55, 0x55, 0x55, 0x55, 0x55,
  0x55, 0x55, 0x44, 0x44, 0x44, 0x44, 0x44, 0x44, 0x44, 0x44, 0x44, 0x55, 0x45, 0x55, 0x56, 0x99,
  0x99, 0x99, 0x99, 0x9c, 0xaa, 0x98, 0x76, 0x55, 0x55, 0x55, 0x45, 0x54, 0x44, 0x44, 0x44, 0x45,
  0x54, 0x44, 0x44, 0x44, 0x44, 0x44, 0x44, 0x33, 0x33, 0x33, 0x33, 0x33, 0x22, 0x22, 0x22, 0x21,
  0x12, 0x11, 0x21, 0x11, 0x10, 0x00, 0x00, 0x00, 0x00, 0x00, 0x00, 0x00, 0x00, 0x00, 0x00, 0x00,
  0x00, 0x00, 0x00, 0x00, 0x00, 0x00, 0x00, 0x00, 0x00, 0x00, 0x00, 0x00, 0x00, 0x00, 0x00, 0x00,
  0x00, 0x00, 0x00, 0x00, 0x00, 0x00, 0x00, 0x00, 0x00, 0x00, 0x00, 0x00, 0x00, 0x00, 0x00, 0x00,
  0x00, 0x00, 0x00, 0x00, 0x00, 0x00, 0x00, 0x00, 0x00, 0x00, 0x00, 0x00, 0x00, 0x00, 0x00, 0x00,
  0x00, 0x00, 0x00, 0x00, 0x00, 0x00, 0x00, 0x00, 0x00, 0x00, 0x00, 0x00, 0x00, 0x00, 0x00, 0x00,
  0x00, 0x00, 0x22, 0x22, 0x22, 0x22, 0x22, 0x21, 0x22, 0x22, 0x22, 0x22, 0x33, 0x33, 0x33, 0x34,
  0x44, 0x44, 0x44, 0x44, 0x44, 0x45, 0x56, 0x55, 0x58, 0x55, 0x65, 0x65, 0x55, 0x55, 0x55, 0x55,
  0x55, 0x55, 0x55, 0x55, 0x55, 0x55, 0x55, 0x55, 0x55, 0x55, 0x55, 0x55, 0x55, 0x55, 0x55, 0x55,
  0x55, 0x55, 0x55, 0x55, 0x55, 0x55, 0x44, 0x44, 0x44, 0x44, 0x44, 0x44, 0x55, 0x44, 0x44, 0x45,
  0x55, 0x55, 0x56, 0xac, 0x99, 0x99, 0x66, 0x99, 0x99, 0x98, 0x76, 0x55, 0x55, 0x55, 0x55, 0x54,
  0x44, 0x44, 0x44, 0x44, 0x45, 0x54, 0x44, 0x44, 0x44, 0x44, 0x44, 0x44, 0x33, 0x33, 0x33, 0x32,
  0x22, 0x22, 0x22, 0x11, 0x22, 0x22, 0x22, 0x11, 0x10, 0x00, 0x00, 0x00, 0x00, 0x00, 0x00, 0x00,
  0x01, 0x00, 0x00, 0x00, 0x00, 0x00, 0x00, 0x00, 0x00, 0x00, 0x00, 0x00, 0x00, 0x00, 0x00, 0x00,
  0x00, 0x00, 0x00, 0x00, 0x00, 0x00, 0x00, 0x00, 0x00, 0x00, 0x00, 0x00, 0x00, 0x00, 0x00, 0x00,
  0x00, 0x00, 0x00, 0x00, 0x00, 0x00, 0x00, 0x00, 0x00, 0x00, 0x00, 0x00, 0x00, 0x00, 0x00, 0x00,
  0x00, 0x00, 0x00, 0x00, 0x00, 0x00, 0x00, 0x00, 0x00, 0x00, 0x00, 0x00, 0x00, 0x00, 0x00, 0x00,
  0x00, 0x00, 0x00, 0x00, 0x01, 0x11, 0x12, 0x22, 0x22, 0x22, 0x22, 0x22, 0x22, 0x33, 0x32, 0x22,
  0x33, 0x33, 0x33, 0x34, 0x44, 0x44, 0x44, 0x44, 0x55, 0x55, 0x66, 0x86, 0x58, 0x87, 0x65, 0x65,
  0x55, 0x55, 0x55, 0x55, 0x55, 0x55, 0x55, 0x55, 0x55, 0x55, 0x55, 0x55, 0x66, 0x56, 0x66, 0x65,
  0x54, 0x44, 0x44, 0x99, 0xbc, 0xce, 0xee, 0xee, 0xee, 0xee, 0xee, 0xee, 0xee, 0xee, 0xee, 0xbb,
  0x54, 0x44, 0x44, 0x44, 0x55, 0x55, 0x55, 0xab, 0x99, 0x9a, 0xac, 0x96, 0x99, 0x98, 0x76, 0x55,
  0x55, 0x55, 0x54, 0x45, 0x44, 0x45, 0x65, 0x55, 0x55, 0x45, 0x54, 0x44, 0x44, 0x44, 0x44, 0x44,
  0x44, 0x44, 0x33, 0x33, 0x32, 0x22, 0x22, 0x22, 0x22, 0x22, 0x22, 0x11, 0x10, 0x00, 0x00, 0x00,
  0x00, 0x00, 0x00, 0x00, 0x01, 0x00, 0x00, 0x00, 0x00, 0x00, 0x00, 0x00, 0x00, 0x00, 0x00, 0x00,
  0x00, 0x00, 0x00, 0x00, 0x00, 0x00, 0x00, 0x00, 0x00, 0x00, 0x00, 0x00, 0x00, 0x00, 0x00, 0x00,
  0x00, 0x00, 0x00, 0x00, 0x00, 0x00, 0x00, 0x00, 0x00, 0x00, 0x00, 0x00, 0x00, 0x00, 0x00, 0x00,
  0x00, 0x00, 0x00, 0x00, 0x00, 0x00, 0x00, 0x00, 0x00, 0x00, 0x00, 0x00, 0x00, 0x00, 0x00, 0x00,
  0x00, 0x00, 0x00, 0x00, 0x00, 0x00, 0x00, 0x00, 0x02, 0x22, 0x22, 0x22, 0x22, 0x22, 0x22, 0x22,
  0x22, 0x33, 0x33, 0x33, 0x33, 0x33, 0x34, 0x44, 0x44, 0x44, 0x44, 0x55, 0x56, 0x6a, 0xa9, 0x87,
  0x78, 0x87, 0x55, 0x55, 0x55, 0x55, 0x55, 0x55, 0x55, 0x55, 0x55, 0x55, 0x55, 0x45, 0x54, 0x55,
  0x55, 0x54, 0x44, 0x54, 0x9e, 0xee, 0xee, 0xee, 0xee, 0xee, 0xee, 0xee, 0xee, 0xee, 0xee, 0xee,
  0xee, 0xee, 0xee, 0xee, 0xee, 0xee, 0xee, 0xea, 0x55, 0x44, 0x45, 0x59, 0x68, 0x8c, 0x66, 0x66,
  0x69, 0x96, 0x65, 0x55, 0x55, 0x55, 0x56, 0x65, 0x45, 0x55, 0x55, 0x55, 0x54, 0x55, 0x54, 0x44,
  0x44, 0x44, 0x44, 0x44, 0x44, 0x44, 0x44, 0x33, 0x33, 0x32, 0x22, 0x22, 0x22, 0x22, 0x22, 0x22,
  0x10, 0x00, 0x01, 0x10, 0x00, 0x00, 0x00, 0x00, 0x00, 0x00, 0x00, 0x00, 0x00, 0x01, 0x00, 0x00,
  0x00, 0x00, 0x00, 0x00, 0x00, 0x00, 0x00, 0x00, 0x00, 0x00, 0x00, 0x00, 0x00, 0x00, 0x00, 0x00,
  0x00, 0x00, 0x00, 0x00, 0x00, 0x00, 0x00, 0x00, 0x00, 0x00, 0x00, 0x00, 0x00, 0x00, 0x00, 0x00,
  0x00, 0x00, 0x00, 0x00, 0x00, 0x00, 0x00, 0x00, 0x00, 0x00, 0x00, 0x00, 0x00, 0x00, 0x00, 0x00,
  0x00, 0x00, 0x00, 0x00, 0x00, 0x00, 0x00, 0x00, 0x00, 0x00, 0x00, 0x00, 0x02, 0x22, 0x22, 0x22,
  0x22, 0x22, 0x22, 0x22, 0x33, 0x33, 0x33, 0x33, 0x33, 0x33, 0x44, 0x44, 0x44, 0x44, 0x44, 0x55,
  0x5a, 0x99, 0x99, 0x87, 0x88, 0x88, 0x55, 0x55, 0x55, 0x55, 0x55, 0x55, 0x55, 0x55, 0x55, 0x55,
  0x44, 0x45, 0x55, 0x55, 0x58, 0xee, 0xee, 0xee, 0xee, 0xee, 0xee, 0xee, 0xba, 0x65, 0x55, 0x44,
  0x43, 0x33, 0x33, 0x33, 0x33, 0x33, 0x44, 0x46, 0x7c, 0xee, 0xee, 0xee, 0xee, 0xee, 0xee, 0xee,
  0x88, 0xcc, 0xa9, 0x88, 0x89, 0x96, 0x64, 0x44, 0x44, 0x55, 0x55, 0x55, 0x55, 0x55, 0x55, 0x56,
  0x65, 0x55, 0x54, 0x55, 0x44, 0x55, 0x54, 0x44, 0x45, 0x54, 0x44, 0x33, 0x33, 0x32, 0x22, 0x32,
  0x22, 0x22, 0x22, 0x22, 0x10, 0x00, 0x00, 0x00, 0x00, 0x00, 0x00, 0x00, 0x00, 0x00, 0x00, 0x00,
  0x00, 0x00, 0x00, 0x00, 0x00, 0x00, 0x00, 0x00, 0x00, 0x00, 0x00, 0x00, 0x00, 0x00, 0x00, 0x00,
  0x00, 0x00, 0x00, 0x00, 0x00, 0x00, 0x00, 0x00, 0x00, 0x00, 0x00, 0x00, 0x00, 0x00, 0x00, 0x00,
  0x00, 0x00, 0x00, 0x00, 0x00, 0x00, 0x00, 0x00, 0x00, 0x00, 0x00, 0x00, 0x00, 0x00, 0x00, 0x00,
  0x00, 0x00, 0x00, 0x00, 0x00, 0x00, 0x00, 0x00, 0x00, 0x00, 0x00, 0x00, 0x00, 0x00, 0x00, 0x00,
  0x01, 0x12, 0x22, 0x22, 0x22, 0x22, 0x22, 0x33, 0x33, 0x33, 0x33, 0x33, 0x44, 0x44, 0x44, 0x44,
  0x44, 0x45, 0x56, 0x65, 0x6a, 0x99, 0x99, 0x87, 0x78, 0x88, 0x66, 0x65, 0x55, 0x55, 0x55, 0x55,
  0x55, 0x55, 0x55, 0x45, 0x55, 0x44, 0x4b, 0xee, 0xee, 0xee, 0xee, 0xee, 0xc7, 0x44, 0x44, 0x55,
  0x44, 0x44, 0x55, 0x77, 0x78, 0x88, 0x77, 0x77, 0x55, 0x54, 0x44, 0x44, 0x44, 0x44, 0x44, 0x44,
  0x6e, 0xee, 0xee, 0xee, 0xee, 0xee, 0xa6, 0x68, 0x87, 0x75, 0x54, 0x44, 0x45, 0x55, 0x55, 0x55,
  0x55, 0x55, 0x55, 0x55, 0x55, 0x55, 0x55, 0x44, 0x65, 0x55, 0x54, 0x54, 0x55, 0x44, 0x44, 0x44,
  0x33, 0x33, 0x33, 0x33, 0x32, 0x22, 0x22, 0x22, 0x10, 0x00, 0x00, 0x00, 0x00, 0x00, 0x00, 0x00,
  0x00, 0x00, 0x00, 0x00, 0x00, 0x00, 0x00, 0x00, 0x00, 0x00, 0x00, 0x00, 0x00, 0x00, 0x00, 0x00,
  0x00, 0x00, 0x00, 0x00, 0x00, 0x00, 0x00, 0x00, 0x00, 0x00, 0x00, 0x00, 0x00, 0x00, 0x00, 0x00,
  0x00, 0x00, 0x00, 0x00, 0x00, 0x00, 0x00, 0x00, 0x00, 0x00, 0x00, 0x00, 0x00, 0x00, 0x00, 0x00,
  0x00, 0x00, 0x00, 0x00, 0x00, 0x00, 0x00, 0x00, 0x00, 0x00, 0x00, 0x00, 0x00, 0x00, 0x00, 0x00,
  0x00, 0x00, 0x00, 0x00, 0x01, 0x12, 0x22, 0x22, 0x22, 0x22, 0x22, 0x33, 0x33, 0x33, 0x33, 0x33,
  0x44, 0x44, 0x44, 0x44, 0x44, 0x45, 0x56, 0x9c, 0xa9, 0x99, 0x99, 0x87, 0x77, 0x88, 0x76, 0x65,
  0x55, 0x55, 0x55, 0x55, 0x55, 0x54, 0x56, 0x45, 0x77, 0xee, 0xee, 0xee, 0xee, 0x95, 0x45, 0x44,
  0x57, 0xc7, 0xbc, 0xee, 0xee, 0xee, 0xee, 0xee, 0xee, 0xee, 0xee, 0xee, 0xee, 0xee, 0xee, 0xee,
  0xee, 0xee, 0xbe, 0xee, 0x75, 0x55, 0x55, 0x77, 0xee, 0xee, 0xee, 0xeb, 0xc4, 0x45, 0x54, 0x44,
  0x45, 0x55, 0x55, 0x55, 0x55, 0x55, 0x55, 0x55, 0x55, 0x55, 0x55, 0x55, 0x65, 0x55, 0x65, 0x55,
  0x55, 0x55, 0x44, 0x44, 0x43, 0x33, 0x33, 0x33, 0x32, 0x22, 0x22, 0x22, 0x20, 0x00, 0x00, 0x00,
  0x00, 0x00, 0x00, 0x00, 0x00, 0x00, 0x00, 0x00, 0x00, 0x00, 0x00, 0x00, 0x00, 0x00, 0x00, 0x00,
  0x00, 0x00, 0x00, 0x00, 0x00, 0x00, 0x00, 0x00, 0x00, 0x00, 0x00, 0x00, 0x00, 0x00, 0x00, 0x00,
  0x00, 0x00, 0x00, 0x00, 0x00, 0x00, 0x00, 0x00, 0x00, 0x00, 0x00, 0x00, 0x00, 0x00, 0x00, 0x00,
  0x00, 0x00, 0x00, 0x00, 0x00, 0x00, 0x00, 0x00, 0x00, 0x00, 0x00, 0x00, 0x00, 0x00, 0x00, 0x00,
  0x00, 0x00, 0x00, 0x00, 0x00, 0x00, 0x00, 0x00, 0x02, 0x22, 0x22, 0x22, 0x23, 0x32, 0x33, 0x33,
  0x33, 0x33, 0x33, 0x34, 0x44, 0x44, 0x44, 0x44, 0x45, 0x55, 0x66, 0x99, 0x99, 0x99, 0x99, 0x87,
  0x66, 0x78, 0x86, 0x65, 0x55, 0x55, 0x45, 0x55, 0x55, 0x54, 0x8e, 0xee, 0xee, 0xee, 0xee, 0xee,
  0xb9, 0xce, 0xee, 0xee, 0xee, 0xee, 0xee, 0xee, 0xbb, 0xbb, 0x99, 0x88, 0x86, 0x66, 0x88, 0x86,
  0x68, 0x88, 0x88, 0x97, 0xec, 0xee, 0xee, 0xee, 0xee, 0xee, 0xee, 0xe6, 0x55, 0x49, 0xee, 0xee,
  0xee, 0xee, 0x54, 0x44, 0x44, 0x44, 0x55, 0x66, 0x55, 0x55, 0x55, 0x55, 0x55, 0x55, 0x55, 0x55,
  0x55, 0x66, 0x55, 0x55, 0x55, 0x55, 0x54, 0x44, 0x44, 0x33, 0x33, 0x33, 0x33, 0x22, 0x22, 0x22,
  0x20, 0x00, 0x00, 0x00, 0x00, 0x00, 0x00, 0x00, 0x00, 0x00, 0x00, 0x00, 0x00, 0x00, 0x00, 0x00,
  0x00, 0x00, 0x00, 0x00, 0x00, 0x00, 0x00, 0x00, 0x00, 0x11, 0x00, 0x00, 0x00, 0x00, 0x00, 0x00,
  0x00, 0x00, 0x00, 0x00, 0x00, 0x00, 0x00, 0x00, 0x00, 0x00, 0x00, 0x00, 0x00, 0x00, 0x00, 0x00,
  0x00, 0x00, 0x00, 0x00, 0x00, 0x00, 0x00, 0x00, 0x00, 0x00, 0x00, 0x00, 0x00, 0x00, 0x00, 0x00,
  0x00, 0x00, 0x00, 0x00, 0x00, 0x00, 0x00, 0x00, 0x00, 0x00, 0x00, 0x11, 0x12, 0x22, 0x22, 0x22,
  0x33, 0x33, 0x33, 0x33, 0x33, 0x33, 0x34, 0x44, 0x44, 0x44, 0x44, 0x55, 0x56, 0x99, 0x99, 0x99,
  0x99, 0x98, 0x88, 0x66, 0x55, 0x66, 0x65, 0x55, 0x55, 0x54, 0x64, 0x64, 0x44, 0xee, 0xee, 0xee,
  0xee, 0xbb, 0xbe, 0xee, 0xee, 0xee, 0xeb, 0x78, 0x87, 0x88, 0xcc, 0xee, 0xee, 0xee, 0xcc, 0xcc,
  0xcc, 0xcc, 0xcc, 0xcc, 0xcc, 0xcc, 0xcc, 0xb8, 0xcc, 0xcc, 0xcc, 0xbb, 0xbe, 0xbc, 0xee, 0xdd,
  0xee, 0xe7, 0x44, 0x6b, 0xbe, 0xee, 0xee, 0xb4, 0x54, 0x44, 0x65, 0x56, 0x66, 0x67, 0x96, 0x68,
  0x55, 0x55, 0x55, 0x55, 0x55, 0x55, 0x56, 0x66, 0x99, 0x54, 0x44, 0x44, 0x44, 0x33, 0x33, 0x33,
  0x33, 0x33, 0x21, 0x12, 0x22, 0x11, 0x00, 0x01, 0x11, 0x00, 0x00, 0x00, 0x00, 0x00, 0x00, 0x00,
  0x00, 0x00, 0x00, 0x00, 0x00, 0x00, 0x00, 0x00, 0x00, 0x00, 0x00, 0x00, 0x00, 0x00, 0x00, 0x00,
  0x00, 0x00, 0x00, 0x00, 0x00, 0x00, 0x00, 0x00, 0x00, 0x00, 0x00, 0x00, 0x00, 0x00, 0x00, 0x00,
  0x00, 0x00, 0x00, 0x00, 0x00, 0x00, 0x00, 0x00, 0x00, 0x00, 0x00, 0x00, 0x00, 0x00, 0x00, 0x00,
  0x00, 0x00, 0x00, 0x00, 0x00, 0x00, 0x00, 0x00, 0x00, 0x00, 0x00, 0x00, 0x00, 0x00, 0x00, 0x11,
  0x12, 0x22, 0x22, 0x22, 0x33, 0x33, 0x33, 0x33, 0x33, 0x44, 0x44, 0x44, 0x44, 0x44, 0x45, 0x55,
  0x99, 0x99, 0x99, 0x99, 0xaa, 0x98, 0x77, 0x66, 0x55, 0x66, 0x55, 0x55, 0x55, 0x55, 0xa7, 0xee,
  0xee, 0xee, 0xeb, 0x65, 0x5b, 0xee, 0xee, 0xee, 0xee, 0x56, 0xcc, 0x8c, 0xc8, 0x88, 0x88, 0xee,
  0xee, 0xee, 0xcc, 0xcc, 0xcc, 0xcc, 0xcc, 0xcc, 0xcc, 0xcc, 0xcc, 0xbb, 0xcc, 0xcc, 0xcc, 0xcc,
  0xee, 0xec, 0xcb, 0x7b, 0x7e, 0xee, 0xee, 0xee, 0x56, 0x5b, 0xee, 0xee, 0xee, 0xe4, 0x55, 0x56,
  0x66, 0x68, 0x99, 0x66, 0x55, 0x55, 0x55, 0x55, 0x55, 0x55, 0x56, 0x66, 0x69, 0x55, 0x44, 0x44,
  0x44, 0x44, 0x44, 0x33, 0x33, 0x33, 0x22, 0x22, 0x22, 0x21, 0x10, 0x01, 0x11, 0x00, 0x00, 0x00,
  0x00, 0x00, 0x00, 0x00, 0x00, 0x00, 0x00, 0x00, 0x00, 0x00, 0x00, 0x00, 0x00, 0x00, 0x00, 0x00,
  0x00, 0x00, 0x00, 0x00, 0x00, 0x00, 0x00, 0x00, 0x00, 0x00, 0x00, 0x00, 0x00, 0x00, 0x00, 0x00,
  0x00, 0x00, 0x00, 0x00, 0x00, 0x00, 0x00, 0x00, 0x00, 0x00, 0x00, 0x00, 0x00, 0x00, 0x00, 0x00,
  0x00, 0x00, 0x00, 0x00, 0x00, 0x00, 0x00, 0x00, 0x00, 0x00, 0x00, 0x00, 0x00, 0x00, 0x00, 0x00,
  0x00, 0x00, 0x00, 0x11, 0x22, 0x22, 0x22, 0x22, 0x23, 0x33, 0x33, 0x33, 0x33, 0x44, 0x44, 0x44,
  0x44, 0x44, 0x45, 0x55, 0x99, 0x99, 0x99, 0x99, 0x66, 0x98, 0x76, 0x55, 0x55, 0x55, 0x55, 0x55,
  0x55, 0x56, 0xee, 0xee, 0xee, 0xe6, 0x66, 0x8e, 0xee, 0xeb, 0xee, 0xa6, 0x88, 0x77, 0x77, 0xcc,
  0xc8, 0x88, 0x88, 0xbe, 0xee, 0xbb, 0xcc, 0xcc, 0xcc, 0xcc, 0xcc, 0xcc, 0xcc, 0xcc, 0x9b, 0xbb,
  0xcc, 0xcc, 0xcc, 0xcc, 0xee, 0xcc, 0xce, 0x7c, 0xb8, 0x77, 0x7c, 0xee, 0xee, 0xe8, 0x54, 0x5c,
  0xee, 0xee, 0xeb, 0x68, 0x88, 0x88, 0x9a, 0x65, 0x55, 0x55, 0x55, 0x55, 0x55, 0x55, 0x59, 0x99,
  0x66, 0x95, 0x44, 0x44, 0x44, 0x44, 0x44, 0x33, 0x33, 0x33, 0x32, 0x22, 0x22, 0x22, 0x20, 0x01,
  0x11, 0x00, 0x00, 0x10, 0x01, 0x00, 0x00, 0x00, 0x00, 0x00, 0x00, 0x00, 0x00, 0x00, 0x00, 0x00,
  0x00, 0x10, 0x00, 0x00, 0x00, 0x00, 0x00, 0x00, 0x00, 0x01, 0x00, 0x00, 0x00, 0x01, 0x10, 0x00,
  0x00, 0x00, 0x00, 0x00, 0x00, 0x00, 0x00, 0x00, 0x00, 0x00, 0x00, 0x00, 0x00, 0x00, 0x00, 0x00,
  0x00, 0x00, 0x00, 0x00, 0x00, 0x00, 0x00, 0x00, 0x00, 0x00, 0x00, 0x00, 0x00, 0x00, 0x00, 0x00,
  0x22, 0x11, 0x11, 0x00, 0x00, 0x01, 0x11, 0x11, 0x22, 0x22, 0x22, 0x23, 0x33, 0x33, 0x33, 0x33,
  0x44, 0x44, 0x44, 0x44, 0x44, 0x45, 0x56, 0x68, 0x99, 0x99, 0x9a, 0xc9, 0x99, 0x98, 0x88, 0x55,
  0x55, 0x55, 0x54, 0x54, 0xce, 0xee, 0xee, 0xe4, 0x46, 0xee, 0xee, 0xee, 0x9b, 0x88, 0xbc, 0xcc,
  0x88, 0x88, 0x88, 0x8c, 0xc5, 0x58, 0x66, 0xe9, 0xac, 0xcc, 0xcc, 0xcc, 0xc9, 0xac, 0xcc, 0xc8,
  0x88, 0xcc, 0xcc, 0xcc, 0xcc, 0xcc, 0xce, 0xee, 0xee, 0xee, 0xec, 0xcc, 0xcc, 0xcc, 0xcc, 0x88,
  0x7c, 0xee, 0xee, 0xc6, 0x45, 0xbe, 0xee, 0xee, 0xee, 0x77, 0x88, 0x86, 0x66, 0x55, 0x55, 0x55,
  0x55, 0x55, 0x59, 0x99, 0x99, 0x65, 0x56, 0x65, 0x44, 0x44, 0x44, 0x43, 0x33, 0x33, 0x33, 0x33,
  0x22, 0x22, 0x21, 0x11, 0x22, 0x21, 0x11, 0x10, 0x00, 0x21, 0x10, 0x00, 0x00, 0x00, 0x00, 0x00,
  0x11, 0x20, 0x00, 0x00, 0x00, 0x00, 0x00, 0x00, 0x00, 0x00, 0x00, 0x00, 0x01, 0x12, 0x10, 0x00,
  0x00, 0x00, 0x00, 0x00, 0x00, 0x00, 0x00, 0x00, 0x00, 0x00, 0x00, 0x00, 0x00, 0x00, 0x00, 0x00,
  0x00, 0x00, 0x00, 0x00, 0x00, 0x00, 0x00, 0x00, 0x00, 0x00, 0x00, 0x00, 0x00, 0x00, 0x00, 0x00,
  0x00, 0x00, 0x00, 0x01, 0x11, 0x11, 0x11, 0x00, 0x00, 0x01, 0x11, 0x11, 0x12, 0x22, 0x33, 0x33,
  0x33, 0x33, 0x33, 0x44, 0x44, 0x44, 0x44, 0x44, 0x55, 0x55, 0x56, 0x68, 0x99, 0x9a, 0x9a, 0xca,
  0xa9, 0x98, 0x88, 0x55, 0x55, 0x55, 0x44, 0xee, 0xee, 0xee, 0x54, 0x49, 0xee, 0xee, 0xee, 0xbb,
  0xee, 0xcc, 0xbc, 0xc7, 0x78, 0x88, 0x88, 0x8c, 0x65, 0x56, 0x8c, 0x9a, 0x6c, 0xcc, 0xcc, 0xcc,
  0xca, 0xac, 0xca, 0xa8, 0x88, 0xcc, 0x9e, 0xcc, 0xcc, 0xcc, 0xce, 0xee, 0xee, 0xee, 0xec, 0xcc,
  0xcc, 0xcc, 0xcc, 0xcc, 0xcc, 0xc9, 0xee, 0xee, 0xee, 0x85, 0xce, 0xee, 0xee, 0xeb, 0x65, 0x56,
  0x66, 0x55, 0x55, 0x55, 0x55, 0x55, 0x6a, 0x69, 0x9a, 0x65, 0x56, 0x55, 0x55, 0x44, 0x44, 0x44,
  0x43, 0x33, 0x33, 0x33, 0x22, 0x22, 0x21, 0x11, 0x22, 0x21, 0x11, 0x10, 0x01, 0x11, 0x10, 0x00,
  0x00, 0x00, 0x00, 0x00, 0x11, 0x21, 0x00, 0x00, 0x00, 0x00, 0x00, 0x00, 0x00, 0x00, 0x00, 0x00,
  0x01, 0x12, 0x10, 0x00, 0x00, 0x00, 0x00, 0x00, 0x00, 0x00, 0x00, 0x00, 0x00, 0x00, 0x00, 0x00,
  0x00, 0x00, 0x00, 0x00, 0x00, 0x00, 0x00, 0x00, 0x00, 0x00, 0x00, 0x00, 0x00, 0x00, 0x00, 0x00,
  0x00, 0x00, 0x00, 0x00, 0x00, 0x00, 0x00, 0x01, 0x11, 0x12, 0x22, 0x00, 0x00, 0x01, 0x22, 0x22,
  0x22, 0x22, 0x33, 0x33, 0x33, 0x33, 0x44, 0x44, 0x44, 0x44, 0x44, 0x44, 0x44, 0x55, 0x56, 0x68,
  0x99, 0x9c, 0xa6, 0x6c, 0xa9, 0x98, 0x76, 0x55, 0x55, 0x45, 0xee, 0xee, 0xe4, 0x45, 0x5e, 0xee,
  0xe8, 0xbe, 0xcb, 0xbe, 0xee, 0xcb, 0xbc, 0xc6, 0x88, 0x88, 0x87, 0x66, 0x55, 0x56, 0x68, 0x99,
  0x9c, 0xcc, 0xcc, 0xcc, 0xcc, 0xcc, 0xca, 0x9c, 0xcc, 0xcc, 0x9e, 0xcc, 0xcc, 0xcc, 0xce, 0xee,
  0xee, 0xee, 0xec, 0xcc, 0xcc, 0xcc, 0xcc, 0xbc, 0xbb, 0xcb, 0xbc, 0x88, 0x8e, 0xee, 0xcc, 0xc8,
  0xce, 0xee, 0xeb, 0x65, 0x55, 0x55, 0x55, 0x55, 0x55, 0x55, 0x66, 0xa9, 0x9a, 0x65, 0x65, 0x55,
  0x55, 0x44, 0x44, 0x44, 0x43, 0x33, 0x33, 0x33, 0x22, 0x22, 0x22, 0x21, 0x22, 0x22, 0x21, 0x21,
  0x01, 0x11, 0x10, 0x00, 0x00, 0x00, 0x00, 0x00, 0x11, 0x21, 0x00, 0x00, 0x00, 0x00, 0x00, 0x00,
  0x00, 0x00, 0x00, 0x00, 0x01, 0x12, 0x10, 0x00, 0x00, 0x00, 0x00, 0x00, 0x00, 0x00, 0x00, 0x00,
  0x00, 0x00, 0x00, 0x00, 0x00, 0x00, 0x00, 0x00, 0x00, 0x00, 0x00, 0x00, 0x00, 0x00, 0x00, 0x00,
  0x00, 0x00, 0x00, 0x00, 0x00, 0x00, 0x00, 0x00, 0x00, 0x00, 0x02, 0x22, 0x22, 0x22, 0x22, 0x12,
  0x21, 0x11, 0x22, 0x22, 0x22, 0x22, 0x33, 0x33, 0x33, 0x34, 0x44, 0x44, 0x44, 0x44, 0x44, 0x45,
  0x55, 0x55, 0x57, 0x88, 0x9a, 0xc9, 0xaa, 0x99, 0x88, 0x86, 0x65, 0x66, 0x4e, 0xee, 0xee, 0xe4,
  0x46, 0xee, 0xee, 0xeb, 0xee, 0xcc, 0xcc, 0xcc, 0xcc, 0xcc, 0x88, 0x88, 0x88, 0x88, 0x86, 0x56,
  0x66, 0x55, 0x68, 0x88, 0xcc, 0xca, 0x9c, 0xbb, 0xbc, 0xcc, 0xcc, 0xcc, 0x9a, 0xcc, 0xbb, 0xbb,
  0xcc, 0xee, 0xee, 0xee, 0xee, 0xcc, 0xcc, 0xee, 0xee, 0xeb, 0xee, 0xee, 0xec, 0xcc, 0xcc, 0xcc,
  0xcc, 0xce, 0xee, 0xee, 0xa5, 0xee, 0xee, 0xee, 0x4a, 0x55, 0x55, 0x55, 0x55, 0x55, 0x57, 0x88,
  0x88, 0x88, 0x88, 0x9a, 0x56, 0x64, 0x44, 0x44, 0x44, 0x44, 0x33, 0x33, 0x32, 0x22, 0x22, 0x22,
  0x22, 0x22, 0x22, 0x22, 0x22, 0x11, 0x20, 0x00, 0x00, 0x00, 0x00, 0x00, 0x11, 0x21, 0x12, 0x00,
  0x00, 0x00, 0x00, 0x00, 0x00, 0x01, 0x00, 0x01, 0x22, 0x22, 0x11, 0x10, 0x00, 0x00, 0x00, 0x00,
  0x00, 0x00, 0x00, 0x00, 0x00, 0x00, 0x00, 0x00, 0x00, 0x00, 0x00, 0x00, 0x00, 0x00, 0x00, 0x00,
  0x00, 0x00, 0x00, 0x00, 0x00, 0x00, 0x00, 0x00, 0x00, 0x00, 0x00, 0x00, 0x00, 0x00, 0x01, 0x22,
  0x22, 0x22, 0x22, 0x22, 0x22, 0x22, 0x22, 0x22, 0x22, 0x22, 0x33, 0x33, 0x34, 0x44, 0x44, 0x44,
  0x44, 0x44, 0x44, 0x55, 0x55, 0x55, 0x66, 0x68, 0x99, 0x99, 0x9a, 0xc9, 0x88, 0x66, 0x54, 0x5b,
  0xee, 0xee, 0x53, 0x46, 0xee, 0xee, 0x98, 0xcb, 0xbc, 0xcc, 0xcc, 0xcc, 0xcc, 0x68, 0x87, 0x56,
  0x86, 0x68, 0x86, 0x58, 0x86, 0x55, 0x55, 0x88, 0xcc, 0xcc, 0xcc, 0xbb, 0xbc, 0xcc, 0xcc, 0xc9,
  0xac, 0xcc, 0xbb, 0xbb, 0xbc, 0xce, 0xee, 0xee, 0xce, 0xcc, 0xcc, 0xec, 0xcc, 0xcb, 0xee, 0xee,
  0xec, 0xcc, 0xcc, 0xcc, 0xce, 0xcc, 0xcb, 0xbe, 0xde, 0x54, 0x4e, 0xee, 0xeb, 0x58, 0x55, 0x55,
  0x55, 0x55, 0x66, 0x66, 0x86, 0x66, 0x88, 0x69, 0x65, 0x54, 0x44, 0x44, 0x44, 0x44, 0x33, 0x33,
  0x33, 0x32, 0x22, 0x22, 0x22, 0x22, 0x22, 0x22, 0x21, 0x11, 0x10, 0x00, 0x00, 0x00, 0x00, 0x00,
  0x11, 0x22, 0x22, 0x00, 0x00, 0x00, 0x01, 0x00, 0x00, 0x00, 0x00, 0x12, 0x22, 0x21, 0x12, 0x20,
  0x00, 0x00, 0x00, 0x00, 0x00, 0x00, 0x00, 0x00, 0x00, 0x00, 0x00, 0x00, 0x00, 0x00, 0x00, 0x00,
  0x00, 0x00, 0x00, 0x00, 0x00, 0x00, 0x00, 0x00, 0x00, 0x00, 0x00, 0x00, 0x00, 0x00, 0x00, 0x00,
  0x00, 0x00, 0x01, 0x11, 0x22, 0x22, 0x22, 0x22, 0x22, 0x22, 0x22, 0x22, 0x23, 0x33, 0x33, 0x33,
  0x34, 0x44, 0x44, 0x54, 0x45, 0x44, 0x44, 0x55, 0x55, 0x55, 0x66, 0x78, 0x9a, 0xa6, 0x96, 0x69,
  0x86, 0x54, 0x9e, 0xee, 0xee, 0x43, 0x5c, 0xee, 0xe6, 0xeb, 0xcc, 0xbb, 0xbb, 0xcc, 0xcc, 0xcc,
  0xcc, 0x87, 0x88, 0x46, 0x86, 0x78, 0x86, 0x55, 0x55, 0x55, 0x56, 0x86, 0x8a, 0xac, 0xac, 0xbb,
  0x9c, 0xca, 0xaa, 0xaa, 0xaa, 0xeb, 0xbb, 0xb9, 0xcc, 0xbc, 0xce, 0xee, 0xee, 0xcb, 0xbb, 0xeb,
  0xbb, 0xbb, 0xbb, 0xee, 0xec, 0xcc, 0xcc, 0xcc, 0xcb, 0xcc, 0xee, 0xe9, 0xbe, 0xee, 0x75, 0x45,
  0xee, 0xee, 0xc5, 0x55, 0x65, 0x55, 0x66, 0x66, 0x66, 0x66, 0x66, 0x69, 0x55, 0x45, 0x44, 0x44,
  0x44, 0x44, 0x43, 0x33, 0x33, 0x33, 0x33, 0x32, 0x22, 0x22, 0x22, 0x22, 0x21, 0x11, 0x10, 0x00,
  0x00, 0x00, 0x00, 0x00, 0x11, 0x22, 0x22, 0x11, 0x10, 0x00, 0x01, 0x00, 0x00, 0x00, 0x00, 0x11,
  0x11, 0x11, 0x11, 0x10, 0x00, 0x00, 0x00, 0x00, 0x00, 0x00, 0x00, 0x00, 0x00, 0x00, 0x00, 0x00,
  0x00, 0x00, 0x00, 0x00, 0x00, 0x00, 0x00, 0x00, 0x00, 0x00, 0x00, 0x00, 0x00, 0x00, 0x00, 0x00,
  0x00, 0x00, 0x00, 0x00, 0x00, 0x00, 0x00, 0x00, 0x22, 0x22, 0x22, 0x22, 0x22, 0x22, 0x22, 0x33,
  0x33, 0x33, 0x33, 0x34, 0x44, 0x44, 0x44, 0x44, 0x55, 0x44, 0x44, 0x55, 0x55, 0x55, 0x57, 0x88,
  0x96, 0x65, 0x66, 0x56, 0x75, 0x6e, 0xee, 0xec, 0x44, 0x4e, 0xee, 0xe9, 0xee, 0xca, 0xcc, 0xcc,
  0xcc, 0xcc, 0xcc, 0xcc, 0xcc, 0x88, 0x89, 0x4a, 0x88, 0x78, 0x86, 0x55, 0x55, 0x55, 0x65, 0x88,
  0x79, 0x6a, 0x9c, 0xc8, 0x8c, 0xa9, 0x99, 0x9c, 0x9a, 0xbb, 0xbc, 0xcc, 0xcc, 0xcc, 0xcb, 0xee,
  0xec, 0xbb, 0xbe, 0xbb, 0xcc, 0xcc, 0xcc, 0xee, 0xee, 0xee, 0xee, 0xee, 0xee, 0xee, 0xee, 0xec,
  0xc9, 0xee, 0xee, 0xb4, 0x46, 0xee, 0xee, 0x75, 0x55, 0x55, 0x55, 0x55, 0x55, 0x55, 0x55, 0x56,
  0x56, 0x65, 0x54, 0x44, 0x44, 0x44, 0x44, 0x33, 0x33, 0x33, 0x33, 0x33, 0x33, 0x22, 0x22, 0x22,
  0x21, 0x11, 0x00, 0x00, 0x01, 0x10, 0x00, 0x00, 0x22, 0x22, 0x22, 0x12, 0x10, 0x00, 0x00, 0x00,
  0x00, 0x00, 0x00, 0x00, 0x00, 0x00, 0x00, 0x00, 0x00, 0x00, 0x00, 0x00, 0x00, 0x00, 0x00, 0x00,
  0x00, 0x00, 0x00, 0x00, 0x00, 0x00, 0x00, 0x00, 0x00, 0x00, 0x00, 0x00, 0x00, 0x00, 0x00, 0x00,
  0x00, 0x00, 0x00, 0x00, 0x00, 0x00, 0x00, 0x00, 0x00, 0x00, 0x00, 0x00, 0x11, 0x22, 0x22, 0x22,
  0x22, 0x22, 0x22, 0x33, 0x33, 0x33, 0x33, 0x34, 0x44, 0x44, 0x44, 0x45, 0x55, 0x55, 0x55, 0x55,
  0x55, 0x55, 0x66, 0x68, 0x99, 0x96, 0x55, 0x44, 0xde, 0xee, 0xec, 0x43, 0xce, 0xde, 0xb9, 0xbb,
  0xee, 0xcc, 0xce, 0xec, 0xcc, 0xc8, 0xc8, 0x88, 0x88, 0x88, 0x89, 0x4a, 0x67, 0x88, 0x86, 0x65,
  0x55, 0x55, 0x66, 0x88, 0x89, 0xcc, 0x6c, 0x86, 0x89, 0x99, 0xcc, 0xc9, 0x69, 0xbb, 0xbc, 0xcc,
  0xcc, 0x88, 0xce, 0xeb, 0xec, 0xbb, 0xbb, 0xbb, 0xcc, 0xcc, 0xcc, 0xbb, 0xbb, 0xee, 0xee, 0xee,
  0xee, 0xee, 0xee, 0xec, 0xbb, 0xcc, 0x8b, 0xed, 0xc4, 0x34, 0xee, 0xee, 0x85, 0x55, 0x55, 0x55,
  0x55, 0x55, 0x56, 0x65, 0x56, 0x55, 0x44, 0x44, 0x44, 0x44, 0x44, 0x33, 0x33, 0x33, 0x33, 0x33,
  0x33, 0x22, 0x22, 0x22, 0x22, 0x00, 0x00, 0x00, 0x00, 0x00, 0x00, 0x01, 0x22, 0x22, 0x22, 0x21,
  0x10, 0x00, 0x00, 0x00, 0x00, 0x00, 0x00, 0x00, 0x11, 0x10, 0x00, 0x00, 0x00, 0x00, 0x00, 0x00,
  0x00, 0x00, 0x00, 0x00, 0x00, 0x00, 0x00, 0x00, 0x00, 0x00, 0x00, 0x00, 0x00, 0x00, 0x00, 0x00,
  0x00, 0x00, 0x00, 0x00, 0x00, 0x00, 0x00, 0x00, 0x00, 0x00, 0x00, 0x00, 0x00, 0x00, 0x00, 0x01,
  0x11, 0x22, 0x22, 0x22, 0x22, 0x22, 0x32, 0x33, 0x33, 0x33, 0x33, 0x44, 0x44, 0x44, 0x45, 0x56,
  0x66, 0x65, 0x55, 0x55, 0x55, 0x55, 0x66, 0x66, 0x99, 0x98, 0x54, 0x6e, 0xee, 0xed, 0x44, 0xbe,
  0xee, 0xec, 0xc9, 0xc9, 0xcc, 0xcc, 0xbb, 0xec, 0xcc, 0xcc, 0x87, 0x88, 0x88, 0x76, 0x66, 0x77,
  0x77, 0x76, 0x67, 0x66, 0x66, 0x86, 0x68, 0x99, 0x9a, 0xaa, 0xac, 0x99, 0x99, 0x99, 0xaa, 0xc9,
  0xcb, 0xbe, 0xeb, 0xb9, 0x9c, 0x9c, 0xce, 0xee, 0xac, 0xbb, 0xbb, 0xbb, 0xcc, 0xcc, 0xcc, 0xbb,
  0xbb, 0xee, 0xee, 0xee, 0xee, 0xee, 0xee, 0xe9, 0x9c, 0xc9, 0xee, 0x9c, 0xee, 0xe4, 0x3a, 0xee,
  0xee, 0x54, 0x55, 0x55, 0x55, 0x55, 0x55, 0x65, 0x56, 0x56, 0x55, 0x54, 0x44, 0x44, 0x44, 0x44,
  0x43, 0x33, 0x33, 0x33, 0x33, 0x32, 0x22, 0x11, 0x11, 0x11, 0x10, 0x00, 0x00, 0x00, 0x11, 0x12,
  0x11, 0x22, 0x11, 0x11, 0x11, 0x11, 0x11, 0x00, 0x00, 0x00, 0x00, 0x00, 0x00, 0x00, 0x00, 0x00,
  0x00, 0x00, 0x00, 0x00, 0x00, 0x00, 0x00, 0x00, 0x00, 0x00, 0x00, 0x00, 0x00, 0x00, 0x00, 0x00,
  0x00, 0x00, 0x00, 0x00, 0x00, 0x00, 0x00, 0x00, 0x00, 0x00, 0x00, 0x00, 0x00, 0x00, 0x00, 0x00,
  0x00, 0x00, 0x00, 0x01, 0x22, 0x22, 0x22, 0x22, 0x23, 0x33, 0x33, 0x33, 0x33, 0x33, 0x44, 0x44,
  0x44, 0x44, 0x64, 0x56, 0x69, 0x55, 0x55, 0x55, 0x55, 0x55, 0x56, 0x65, 0x99, 0x95, 0x5e, 0xee,
  0xe7, 0x44, 0xbe, 0xdb, 0xbe, 0xcc, 0xcc, 0xcc, 0xcc, 0xcc, 0xee, 0xbc, 0xcc, 0xcc, 0x88, 0x88,
  0x88, 0x66, 0x64, 0x6a, 0x88, 0x76, 0x66, 0x66, 0x78, 0x88, 0x88, 0xca, 0x9c, 0x9a, 0xcc, 0xa9,
  0x99, 0x99, 0x9a, 0xc9, 0xcb, 0xbe, 0xeb, 0xec, 0xcc, 0xcc, 0xcb, 0xee, 0xcc, 0xbb, 0xbb, 0xcc,
  0xcc, 0xcc, 0xcc, 0xcc, 0xcc, 0xcb, 0xbe, 0xee, 0xee, 0xee, 0xbe, 0xe8, 0xcc, 0xcc, 0xcc, 0xcc,
  0xc5, 0xed, 0xb4, 0x44, 0xee, 0xe7, 0x56, 0x65, 0x55, 0x55, 0x55, 0x55, 0x55, 0x55, 0x55, 0x55,
  0x44, 0x44, 0x44, 0x44, 0x44, 0x44, 0x33, 0x33, 0x33, 0x33, 0x32, 0x22, 0x21, 0x11, 0x10, 0x00,
  0x00, 0x00, 0x11, 0x12, 0x11, 0x22, 0x11, 0x11, 0x12, 0x11, 0x12, 0x00, 0x00, 0x00, 0x00, 0x00,
  0x00, 0x00, 0x00, 0x00, 0x00, 0x00, 0x00, 0x00, 0x00, 0x00, 0x00, 0x00, 0x00, 0x00, 0x00, 0x00,
  0x00, 0x00, 0x00, 0x00, 0x00, 0x00, 0x00, 0x00, 0x00, 0x00, 0x00, 0x00, 0x00, 0x00, 0x00, 0x00,
  0x00, 0x00, 0x00, 0x00, 0x00, 0x00, 0x00, 0x00, 0x22, 0x12, 0x22, 0x22, 0x23, 0x33, 0x33, 0x33,
  0x33, 0x34, 0x44, 0x44, 0x44, 0x45, 0x65, 0x59, 0x99, 0x66, 0x65, 0x55, 0x55, 0x66, 0x55, 0x55,
  0x66, 0x9e, 0xee, 0xee, 0x44, 0xee, 0xee, 0xee, 0xec, 0xc8, 0xcc, 0xcc, 0xcc, 0xcc, 0xbe, 0xec,
  0xcc, 0x88, 0x88, 0x88, 0x88, 0x87, 0x55, 0x98, 0x88, 0x77, 0x67, 0x88, 0xc6, 0x88, 0x88, 0x9c,
  0xc9, 0xcc, 0xc9, 0x99, 0x99, 0x99, 0x99, 0x99, 0x99, 0xee, 0xeb, 0xec, 0xcc, 0xcc, 0xcb, 0xbb,
  0xcc, 0xee, 0xbc, 0xcc, 0xcc, 0xcc, 0xcc, 0xcc, 0xcc, 0xcb, 0xbb, 0xee, 0xee, 0xeb, 0xbb, 0xbc,
  0xcc, 0xcc, 0xcc, 0xcc, 0x86, 0x78, 0xee, 0xe4, 0x36, 0xee, 0xeb, 0x55, 0x55, 0x55, 0x55, 0x45,
  0x55, 0x55, 0x55, 0x55, 0x54, 0x44, 0x44, 0x44, 0x44, 0x44, 0x33, 0x33, 0x33, 0x33, 0x22, 0x22,
  0x22, 0x21, 0x10, 0x00, 0x00, 0x00, 0x01, 0x22, 0x22, 0x22, 0x21, 0x12, 0x22, 0x11, 0x11, 0x00,
  0x00, 0x00, 0x00, 0x00, 0x00, 0x00, 0x00, 0x00, 0x00, 0x00, 0x00, 0x00, 0x00, 0x00, 0x00, 0x00,
  0x00, 0x00, 0x00, 0x00, 0x00, 0x00, 0x00, 0x00, 0x00, 0x00, 0x00, 0x00, 0x00, 0x00, 0x00, 0x00,
  0x00, 0x00, 0x00, 0x00, 0x00, 0x00, 0x00, 0x00, 0x00, 0x00, 0x00, 0x00, 0x22, 0x22, 0x22, 0x23,
  0x33, 0x33, 0x33, 0x33, 0x34, 0x44, 0x44, 0x44, 0x45, 0x54, 0x55, 0x59, 0x99, 0x88, 0x86, 0x56,
  0x65, 0x55, 0x55, 0xaa, 0x77, 0xee, 0xee, 0x54, 0xbe, 0xee, 0xee, 0xcc, 0xcc, 0xc8, 0xc8, 0x87,
  0xcc, 0xcc, 0x88, 0x88, 0x88, 0x88, 0x76, 0x88, 0x88, 0x66, 0x88, 0x87, 0x66, 0x66, 0x76, 0x66,
  0x88, 0x88, 0x88, 0x6c, 0xc8, 0x87, 0x69, 0x78, 0x86, 0x88, 0x9a, 0xc8, 0x85, 0xac, 0xae, 0xcc,
  0xcc, 0xcc, 0xcc, 0xaa, 0xcc, 0xcc, 0x68, 0x6c, 0xcc, 0xcc, 0xcc, 0xc8, 0x9c, 0xce, 0xee, 0xec,
  0xcc, 0xcc, 0xcc, 0xcc, 0xca, 0x99, 0xc6, 0xc8, 0x88, 0xc8, 0x8e, 0xee, 0xb4, 0x3a, 0xee, 0xee,
  0x47, 0x65, 0x55, 0x45, 0x55, 0x55, 0x55, 0x55, 0x55, 0x44, 0x44, 0x44, 0x44, 0x44, 0x33, 0x33,
  0x33, 0x33, 0x33, 0x22, 0x22, 0x21, 0x10, 0x00, 0x00, 0x00, 0x00, 0x00, 0x00, 0x00, 0x00, 0x00,
  0x00, 0x01, 0x11, 0x11, 0x11, 0x11, 0x00, 0x00, 0x00, 0x00, 0x00, 0x00, 0x00, 0x00, 0x00, 0x00,
  0x00, 0x00, 0x00, 0x00, 0x00, 0x00, 0x00, 0x00, 0x00, 0x00, 0x00, 0x00, 0x00, 0x00, 0x00, 0x00,
  0x00, 0x00, 0x00, 0x00, 0x00, 0x00, 0x00, 0x00, 0x00, 0x00, 0x00, 0x00, 0x00, 0x00, 0x00, 0x00,
  0x12, 0x22, 0x22, 0x23, 0x33, 0x33, 0x33, 0x34, 0x44, 0x44, 0x44, 0x44, 0x55, 0x55, 0x56, 0x59,
  0x99, 0x88, 0x86, 0x56, 0x65, 0x56, 0x5a, 0x57, 0xee, 0xee, 0x54, 0xee, 0xeb, 0xbe, 0xee, 0xcc,
  0xcc, 0xcc, 0xcc, 0xc7, 0xcc, 0x88, 0x88, 0x88, 0x88, 0x88, 0x88, 0x88, 0x88, 0x67, 0x88, 0x88,
  0x56, 0x66, 0x87, 0x66, 0x66, 0x78, 0x88, 0xac, 0xc8, 0x87, 0xe8, 0x78, 0x88, 0x66, 0xcd, 0x76,
  0x78, 0x9c, 0xae, 0xcc, 0xcc, 0xcc, 0xcc, 0xee, 0xcc, 0xcc, 0xcc, 0x78, 0x88, 0x8c, 0x88, 0xc7,
  0x8e, 0xce, 0xee, 0xbb, 0xbc, 0xcc, 0xcc, 0xcc, 0x69, 0xa9, 0xc7, 0xc8, 0x78, 0x88, 0x9b, 0x9b,
  0xde, 0x73, 0x3e, 0xee, 0xed, 0x65, 0x55, 0x55, 0x55, 0x55, 0x55, 0x55, 0x55, 0x54, 0x44, 0x44,
  0x44, 0x44, 0x33, 0x33, 0x33, 0x33, 0x33, 0x32, 0x22, 0x21, 0x10, 0x00, 0x00, 0x00, 0x00, 0x00,
  0x00, 0x00, 0x00, 0x00, 0x00, 0x01, 0x11, 0x11, 0x11, 0x11, 0x00, 0x00, 0x00, 0x00, 0x00, 0x00,
  0x00, 0x00, 0x00, 0x00, 0x00, 0x00, 0x00, 0x00, 0x00, 0x00, 0x00, 0x00, 0x00, 0x00, 0x00, 0x00,
  0x00, 0x00, 0x00, 0x00, 0x00, 0x00, 0x00, 0x00, 0x00, 0x00, 0x00, 0x00, 0x00, 0x00, 0x00, 0x00,
  0x00, 0x00, 0x00, 0x00, 0x12, 0x22, 0x22, 0x33, 0x33, 0x33, 0x33, 0x34, 0x44, 0x44, 0x44, 0x44,
  0x55, 0x56, 0x66, 0x59, 0x99, 0x88, 0x75, 0x55, 0x55, 0x66, 0x55, 0xee, 0xee, 0x44, 0x5e, 0xee,
  0xbb, 0xee, 0xee, 0xcc, 0xcc, 0xcc, 0xcc, 0x87, 0xcc, 0x88, 0x88, 0x78, 0x88, 0x88, 0x88, 0x88,
  0x88, 0x88, 0x88, 0x88, 0x55, 0x68, 0x88, 0x88, 0x66, 0x78, 0x88, 0xac, 0xc8, 0x87, 0xa8, 0x78,
  0x88, 0x8e, 0xee, 0xee, 0x58, 0xcc, 0xae, 0xcc, 0xcc, 0xcc, 0xcc, 0xcc, 0xcc, 0xcc, 0xcc, 0x88,
  0x68, 0x8c, 0x88, 0xc8, 0x9e, 0xae, 0xeb, 0xbb, 0xbc, 0xcc, 0xcc, 0xcc, 0x9a, 0xc9, 0x88, 0xc8,
  0x87, 0x88, 0xca, 0xcb, 0xbe, 0xee, 0x43, 0x5e, 0xee, 0xc5, 0x55, 0x55, 0x55, 0x55, 0x55, 0x55,
  0x55, 0x55, 0x44, 0x44, 0x44, 0x44, 0x33, 0x33, 0x33, 0x33, 0x33, 0x33, 0x22, 0x21, 0x10, 0x00,
  0x00, 0x00, 0x00, 0x00, 0x00, 0x00, 0x00, 0x00, 0x00, 0x01, 0x12, 0x11, 0x22, 0x22, 0x10, 0x00,
  0x00, 0x00, 0x00, 0x00, 0x00, 0x00, 0x00, 0x00, 0x00, 0x00, 0x00, 0x00, 0x00, 0x00, 0x00, 0x00,
  0x00, 0x00, 0x00, 0x00, 0x00, 0x00, 0x00, 0x00, 0x00, 0x00, 0x00, 0x00, 0x00, 0x00, 0x00, 0x00,
  0x00, 0x00, 0x00, 0x00, 0x00, 0x00, 0x01, 0x12, 0x22, 0x22, 0x22, 0x33, 0x33, 0x33, 0x34, 0x44,
  0x44, 0x44, 0x44, 0x45, 0x56, 0x88, 0x87, 0x69, 0x99, 0x86, 0x66, 0x56, 0x66, 0x64, 0xde, 0xee,
  0x43, 0x4e, 0xee, 0xcc, 0xce, 0xec, 0xbb, 0xcc, 0xcc, 0xcc, 0xcc, 0x87, 0x88, 0x8c, 0x88, 0x88,
  0x7a, 0xc9, 0x98, 0x88, 0x88, 0x88, 0x86, 0x5c, 0x87, 0x8c, 0xca, 0x99, 0x88, 0x86, 0x68, 0x88,
  0x88, 0x88, 0x88, 0x8c, 0xc8, 0xee, 0xee, 0xee, 0xe9, 0xcc, 0xcc, 0xcc, 0xcc, 0xcc, 0xcc, 0xea,
  0xcc, 0x98, 0x88, 0x88, 0x88, 0xcc, 0xcc, 0xbb, 0xbc, 0xce, 0x8e, 0xbb, 0xbc, 0xa9, 0xc9, 0xaa,
  0x99, 0x99, 0x8c, 0xc9, 0x99, 0x99, 0x99, 0xcc, 0xce, 0xae, 0xee, 0x55, 0xee, 0xee, 0x45, 0x55,
  0x45, 0x55, 0x55, 0x55, 0x55, 0x55, 0x45, 0x54, 0x44, 0x44, 0x44, 0x43, 0x43, 0x33, 0x33, 0x23,
  0x32, 0x11, 0x10, 0x00, 0x00, 0x00, 0x00, 0x00, 0x00, 0x00, 0x00, 0x00, 0x00, 0x01, 0x11, 0x22,
  0x22, 0x11, 0x21, 0x10, 0x00, 0x00, 0x00, 0x01, 0x11, 0x00, 0x00, 0x00, 0x00, 0x00, 0x00, 0x00,
  0x00, 0x00, 0x00, 0x00, 0x00, 0x00, 0x00, 0x00, 0x00, 0x00, 0x00, 0x00, 0x00, 0x00, 0x00, 0x00,
  0x00, 0x00, 0x00, 0x00, 0x00, 0x00, 0x00, 0x00, 0x00, 0x00, 0x01, 0x12, 0x22, 0x22, 0x33, 0x33,
  0x33, 0x34, 0x44, 0x44, 0x44, 0x44, 0x55, 0x55, 0x56, 0x88, 0x88, 0x8a, 0xaa, 0x86, 0x66, 0x56,
  0x66, 0x5e, 0xee, 0xe4, 0x3e, 0xee, 0xb7, 0xcc, 0xce, 0xec, 0xbb, 0xcc, 0xcc, 0xcc, 0xc7, 0x87,
  0x88, 0x88, 0x77, 0x89, 0x7a, 0xc9, 0x98, 0x67, 0x88, 0x88, 0x86, 0x9a, 0x87, 0x8a, 0xca, 0xa6,
  0x88, 0x87, 0x77, 0x77, 0x88, 0x88, 0x88, 0x8c, 0xc7, 0xee, 0xee, 0xee, 0xd7, 0xac, 0xcc, 0xcc,
  0xcc, 0xcc, 0xcc, 0xea, 0xcc, 0xc7, 0x66, 0x76, 0x88, 0x8a, 0xcc, 0xbb, 0xbc, 0xae, 0x8e, 0xbb,
  0xbc, 0xaa, 0xca, 0xa9, 0xaa, 0x99, 0x7c, 0x89, 0x99, 0xa9, 0x9a, 0xcc, 0xce, 0xee, 0xee, 0xee,
  0x44, 0xee, 0xee, 0x44, 0x55, 0x55, 0x55, 0x55, 0x55, 0x55, 0x45, 0x44, 0x44, 0x44, 0x44, 0x44,
  0x43, 0x33, 0x33, 0x33, 0x32, 0x22, 0x21, 0x00, 0x00, 0x00, 0x00, 0x00, 0x00, 0x00, 0x00, 0x00,
  0x00, 0x01, 0x11, 0x22, 0x21, 0x11, 0x11, 0x10, 0x00, 0x00, 0x00, 0x00, 0x00, 0x00, 0x00, 0x00,
  0x00, 0x00, 0x00, 0x00, 0x00, 0x00, 0x00, 0x00, 0x00, 0x00, 0x00, 0x00, 0x00, 0x00, 0x00, 0x00,
  0x00, 0x00, 0x00, 0x00, 0x00, 0x00, 0x00, 0x00, 0x00, 0x00, 0x00, 0x00, 0x00, 0x00, 0x01, 0x12,
  0x22, 0x22, 0x33, 0x33, 0x33, 0x34, 0x44, 0x44, 0x44, 0x45, 0x55, 0x55, 0x56, 0x88, 0x88, 0x8c,
  0xcc, 0x86, 0x65, 0x56, 0x65, 0xee, 0xe4, 0x34, 0xee, 0x8c, 0xde, 0xcc, 0xce, 0x9b, 0xbb, 0xcc,
  0xcc, 0xc8, 0x68, 0x68, 0x66, 0x68, 0x88, 0x89, 0x7a, 0xc9, 0x98, 0x88, 0x86, 0x78, 0x8c, 0xa9,
  0x88, 0x89, 0xcc, 0xca, 0x88, 0x87, 0x76, 0x67, 0x76, 0xcc, 0xcc, 0xcc, 0xc8, 0xee, 0xee, 0xee,
  0xe8, 0x9c, 0xcc, 0xcc, 0xcc, 0xcc, 0xcc, 0xcc, 0xc6, 0x68, 0x66, 0x67, 0x88, 0x8a, 0xeb, 0xcb,
  0xbc, 0xee, 0xc9, 0xbb, 0xbc, 0xcc, 0xcc, 0xcc, 0xca, 0x99, 0xc6, 0x89, 0x99, 0xca, 0xac, 0xcc,
  0xcc, 0xbb, 0xee, 0xbe, 0xe4, 0x33, 0xee, 0xe4, 0x44, 0x45, 0x55, 0x55, 0x55, 0x55, 0x44, 0x44,
  0x44, 0x44, 0x44, 0x44, 0x44, 0x33, 0x33, 0x33, 0x33, 0x22, 0x21, 0x00, 0x00, 0x00, 0x00, 0x00,
  0x00, 0x00, 0x00, 0x00, 0x00, 0x01, 0x21, 0x22, 0x21, 0x12, 0x12, 0x10, 0x00, 0x00, 0x00, 0x00,
  0x00, 0x00, 0x00, 0x00, 0x00, 0x00, 0x00, 0x00, 0x00, 0x00, 0x00, 0x00, 0x00, 0x00, 0x00, 0x00,
  0x00, 0x00, 0x00, 0x00, 0x00, 0x00, 0x00, 0x00, 0x00, 0x00, 0x00, 0x00, 0x00, 0x00, 0x00, 0x00,
  0x00, 0x00, 0x01, 0x22, 0x22, 0x33, 0x33, 0x33, 0x34, 0x44, 0x44, 0x44, 0x44, 0x55, 0x55, 0x56,
  0x88, 0x99, 0x88, 0x88, 0x88, 0x55, 0x55, 0x69, 0xee, 0xee, 0x33, 0xee, 0xeb, 0xcc, 0xcc, 0xcc,
  0xcc, 0xcc, 0xcc, 0xcc, 0xc8, 0x88, 0x56, 0x68, 0x67, 0x78, 0x88, 0x86, 0x78, 0x88, 0x88, 0x88,
  0x68, 0x88, 0x89, 0xac, 0x9a, 0xcc, 0x88, 0x88, 0x88, 0x88, 0x88, 0x78, 0x88, 0x88, 0xcc, 0xcc,
  0xc8, 0xee, 0xee, 0xee, 0x5e, 0xcc, 0xcc, 0xcc, 0xcc, 0xcc, 0xcc, 0xcc, 0xcc, 0x88, 0x86, 0x56,
  0x66, 0x8c, 0xcc, 0xec, 0xcc, 0xcb, 0xbb, 0xcc, 0xcb, 0xbb, 0xec, 0xcc, 0x99, 0x99, 0x99, 0x98,
  0x88, 0x96, 0x9c, 0xcc, 0xcc, 0xbb, 0xee, 0xee, 0xee, 0xe4, 0x3e, 0xee, 0xe4, 0x55, 0x55, 0x55,
  0x55, 0x55, 0x55, 0x54, 0x55, 0x54, 0x44, 0x44, 0x44, 0x44, 0x33, 0x33, 0x33, 0x33, 0x32, 0x22,
  0x00, 0x00, 0x00, 0x00, 0x00, 0x00, 0x00, 0x00, 0x00, 0x01, 0x11, 0x00, 0x10, 0x00, 0x00, 0x00,
  0x00, 0x00, 0x00, 0x00, 0x00, 0x00, 0x00, 0x00, 0x00, 0x00, 0x00, 0x00, 0x00, 0x00, 0x00, 0x00,
  0x00, 0x00, 0x00, 0x00, 0x00, 0x00, 0x00, 0x00, 0x00, 0x00, 0x00, 0x00, 0x00, 0x00, 0x00, 0x00,
  0x00, 0x00, 0x00, 0x00, 0x00, 0x00, 0x01, 0x22, 0x33, 0x23, 0x33, 0x33, 0x34, 0x44, 0x44, 0x44,
  0x44, 0x56, 0x55, 0x67, 0x88, 0x99, 0x88, 0x86, 0x66, 0x56, 0x65, 0x4e, 0xee, 0x44, 0x7d, 0xde,
  0xbc, 0xbc, 0xcc, 0xcc, 0x9c, 0xcc, 0xcc, 0x88, 0xc8, 0x88, 0x77, 0x76, 0x55, 0x66, 0x67, 0x86,
  0x66, 0x88, 0x78, 0x88, 0x78, 0x88, 0x89, 0x9a, 0x99, 0x98, 0x87, 0x87, 0x88, 0x88, 0x86, 0x67,
  0x88, 0x88, 0xc8, 0x8c, 0xc7, 0x7c, 0xee, 0xe7, 0x87, 0xcc, 0xcc, 0xcc, 0xcc, 0xcc, 0xc8, 0x88,
  0xc8, 0x88, 0x66, 0x56, 0x66, 0x8a, 0xaa, 0xac, 0xcc, 0xcb, 0xbb, 0xcc, 0xcb, 0xbb, 0xac, 0xcc,
  0xaa, 0x99, 0x99, 0x98, 0x88, 0xac, 0xcc, 0xcc, 0xcc, 0xbb, 0xeb, 0xee, 0xee, 0xee, 0x44, 0xee,
  0xed, 0x55, 0x55, 0x55, 0x55, 0x55, 0x54, 0x55, 0x56, 0x65, 0x55, 0x44, 0x44, 0x44, 0x43, 0x33,
  0x33, 0x32, 0x22, 0x22, 0x00, 0x00, 0x00, 0x00, 0x00, 0x00, 0x00, 0x00, 0x00, 0x11, 0x11, 0x00,
  0x01, 0x00, 0x00, 0x00, 0x00, 0x00, 0x00, 0x00, 0x00, 0x00, 0x00, 0x00, 0x00, 0x00, 0x00, 0x00,
  0x00, 0x00, 0x00, 0x00, 0x00, 0x00, 0x00, 0x00, 0x00, 0x00, 0x00, 0x00, 0x00, 0x00, 0x00, 0x00,
  0x00, 0x00, 0x00, 0x00, 0x00, 0x00, 0x00, 0x00, 0x00, 0x01, 0x11, 0x22, 0x23, 0x33, 0x33, 0x33,
  0x44, 0x44, 0x45, 0x55, 0x66, 0x66, 0x66, 0x68, 0x88, 0x99, 0x87, 0x66, 0x66, 0x54, 0x5e, 0xee,
  0xe4, 0x4e, 0xee, 0xcc, 0xcb, 0xbc, 0xcc, 0xcc, 0x9c, 0xcc, 0xcc, 0x88, 0xc8, 0x77, 0x75, 0x56,
  0x87, 0x66, 0x66, 0x78, 0x76, 0x88, 0x78, 0x88, 0x88, 0x88, 0x89, 0x99, 0x99, 0x88, 0x68, 0x88,
  0x77, 0x78, 0x78, 0x67, 0x88, 0xcc, 0xc8, 0x8c, 0xce, 0xda, 0x65, 0x5a, 0xeb, 0xcc, 0xcc, 0xcc,
  0xcc, 0xc8, 0x88, 0x8c, 0xc8, 0x87, 0x68, 0x86, 0x67, 0x79, 0xaa, 0xcc, 0xcc, 0xcb, 0xbe, 0xcc,
  0xce, 0xbb, 0xcc, 0xca, 0xca, 0x9a, 0x99, 0x98, 0x88, 0xaa, 0xcc, 0xcc, 0xcc, 0xbb, 0xbb, 0xee,
  0xbe, 0x8e, 0xdb, 0x55, 0xee, 0xec, 0x56, 0x55, 0x55, 0x55, 0x56, 0x65, 0x56, 0x65, 0x54, 0x54,
  0x44, 0x44, 0x44, 0x43, 0x33, 0x33, 0x32, 0x22, 0x21, 0x00, 0x00, 0x00, 0x00, 0x00, 0x00, 0x00,
  0x01, 0x11, 0x12, 0x00, 0x01, 0x00, 0x00, 0x00, 0x00, 0x00, 0x00, 0x00, 0x00, 0x00, 0x00, 0x00,
  0x00, 0x00, 0x00, 0x00, 0x00, 0x00, 0x00, 0x00, 0x00, 0x00, 0x00, 0x00, 0x00, 0x00, 0x00, 0x00,
  0x00, 0x00, 0x00, 0x00, 0x00, 0x00, 0x00, 0x00, 0x00, 0x00, 0x00, 0x00, 0x00, 0x12, 0x22, 0x22,
  0x33, 0x33, 0x33, 0x44, 0x44, 0x44, 0x55, 0x66, 0x68, 0x76, 0x88, 0x88, 0xcc, 0xc8, 0x78, 0x85,
  0x55, 0x54, 0xee, 0xec, 0x45, 0xde, 0xee, 0xee, 0xcc, 0xcc, 0xcc, 0xcc, 0xcc, 0xcc, 0xcc, 0xcc,
  0xc8, 0x66, 0x55, 0x66, 0x77, 0xa7, 0x77, 0x68, 0x66, 0x88, 0x78, 0x88, 0x88, 0x88, 0xc9, 0x99,
  0x7a, 0x78, 0x88, 0x88, 0x87, 0x68, 0x88, 0x88, 0x8c, 0xcc, 0xcc, 0xcc, 0xcc, 0x88, 0x88, 0x8c,
  0xcc, 0xcc, 0xcc, 0xcc, 0xcc, 0xc8, 0x88, 0x8c, 0xc7, 0x86, 0x86, 0x66, 0x87, 0x89, 0xac, 0xcc,
  0xcc, 0xcc, 0xca, 0xcc, 0xca, 0xcc, 0xcc, 0xa6, 0xca, 0x9c, 0x99, 0x99, 0x99, 0x6a, 0x9c, 0x87,
  0x78, 0x8c, 0xcc, 0xcc, 0xcc, 0x87, 0xce, 0xe4, 0x4e, 0xee, 0xe4, 0x55, 0x55, 0x55, 0x56, 0x55,
  0x55, 0x55, 0x55, 0x64, 0x44, 0x44, 0x44, 0x44, 0x33, 0x33, 0x32, 0x22, 0x22, 0x10, 0x00, 0x00,
  0x00, 0x00, 0x00, 0x01, 0x22, 0x11, 0x12, 0x00, 0x00, 0x00, 0x10, 0x00, 0x00, 0x00, 0x00, 0x00,
  0x00, 0x00, 0x00, 0x00, 0x00, 0x00, 0x00, 0x00, 0x00, 0x00, 0x00, 0x00, 0x00, 0x00, 0x00, 0x00,
  0x00, 0x00, 0x00, 0x00, 0x00, 0x00, 0x00, 0x00, 0x00, 0x00, 0x00, 0x00, 0x00, 0x00, 0x00, 0x00,
  0x01, 0x22, 0x22, 0x32, 0x33, 0x33, 0x33, 0x44, 0x44, 0x44, 0x44, 0x69, 0x98, 0x88, 0x86, 0x66,
  0x88, 0xc8, 0x88, 0x65, 0x54, 0xbe, 0xee, 0x44, 0xcd, 0xea, 0xee, 0xee, 0xbb, 0xbc, 0xcc, 0xcc,
  0xcc, 0xcc, 0x88, 0x86, 0x88, 0x87, 0x65, 0x68, 0x64, 0xa7, 0x77, 0x86, 0x77, 0x67, 0x88, 0x88,
  0x88, 0x88, 0x89, 0x99, 0x7e, 0x78, 0x88, 0x88, 0x88, 0x88, 0x88, 0x76, 0x8c, 0xcc, 0xcc, 0xcc,
  0xcc, 0xcc, 0xcc, 0xcc, 0xcc, 0xcc, 0xcc, 0xcc, 0xcc, 0xcc, 0xc8, 0x88, 0xc8, 0x88, 0x86, 0x68,
  0x66, 0x69, 0x99, 0xc9, 0xac, 0xcc, 0xcc, 0x88, 0xcc, 0xcc, 0xea, 0xac, 0xcc, 0xcc, 0x99, 0x99,
  0xac, 0xca, 0x9c, 0x88, 0x88, 0x88, 0x89, 0xac, 0xcc, 0x87, 0x77, 0xed, 0x54, 0x4e, 0xee, 0x65,
  0x55, 0x55, 0x55, 0x55, 0x8c, 0x66, 0x55, 0x54, 0x44, 0x44, 0x44, 0x44, 0x43, 0x33, 0x32, 0x22,
  0x21, 0x20, 0x00, 0x00, 0x00, 0x00, 0x00, 0x00, 0x11, 0x21, 0x11, 0x00, 0x00, 0x00, 0x00, 0x00,
  0x00, 0x00, 0x00, 0x00, 0x00, 0x01, 0x11, 0x00, 0x00, 0x00, 0x00, 0x00, 0x00, 0x00, 0x00, 0x00,
  0x00, 0x00, 0x00, 0x00, 0x00, 0x00, 0x00, 0x00, 0x00, 0x00, 0x00, 0x00, 0x00, 0x00, 0x00, 0x00,
  0x00, 0x21, 0x11, 0x11, 0x12, 0x22, 0x22, 0x33, 0x33, 0x33, 0x34, 0x44, 0x44, 0x44, 0x56, 0x99,
  0x98, 0x9c, 0x86, 0x66, 0x88, 0x86, 0x56, 0x64, 0x5e, 0xee, 0xe4, 0x4e, 0xee, 0xce, 0xec, 0xcc,
  0x99, 0x9c, 0xcc, 0xcc, 0xcc, 0xc8, 0x88, 0x87, 0x75, 0x55, 0x65, 0x67, 0x67, 0x65, 0x66, 0x88,
  0x88, 0x88, 0x88, 0x78, 0x88, 0x88, 0x78, 0x88, 0x7c, 0x78, 0x88, 0x88, 0x87, 0x68, 0x88, 0x88,
  0x78, 0xcc, 0xcc, 0xcc, 0xcc, 0xcc, 0xcc, 0xcc, 0xcc, 0xcc, 0xcc, 0xcc, 0xcc, 0x88, 0xc7, 0x78,
  0xc8, 0x87, 0x76, 0x66, 0x66, 0x66, 0x66, 0xc8, 0x9a, 0xa9, 0x6c, 0x88, 0xcc, 0xcc, 0xee, 0xee,
  0xcc, 0xca, 0x98, 0x89, 0xac, 0xa9, 0x98, 0x88, 0x88, 0x88, 0x89, 0x99, 0x9c, 0xca, 0xbc, 0x7e,
  0xee, 0x33, 0xee, 0xec, 0x45, 0x65, 0x55, 0x55, 0x58, 0x66, 0x55, 0x55, 0x55, 0x45, 0x44, 0x44,
  0x44, 0x33, 0x33, 0x33, 0x32, 0x11, 0x10, 0x00, 0x00, 0x00, 0x00, 0x00, 0x01, 0x11, 0x11, 0x00,
  0x00, 0x00, 0x00, 0x00, 0x00, 0x00, 0x00, 0x00, 0x00, 0x00, 0x11, 0x00, 0x00, 0x00, 0x00, 0x00,
  0x00, 0x00, 0x00, 0x00, 0x00, 0x00, 0x00, 0x00, 0x00, 0x00, 0x00, 0x00, 0x00, 0x00, 0x00, 0x00,
  0x00, 0x00, 0x00, 0x00, 0x00, 0x21, 0x11, 0x11, 0x22, 0x22, 0x33, 0x33, 0x33, 0x34, 0x44, 0x44,
  0x44, 0x54, 0x69, 0x99, 0x99, 0x6a, 0x88, 0x88, 0x88, 0x65, 0x65, 0x54, 0xee, 0xe7, 0x3b, 0xee,
  0xbb, 0xec, 0xcc, 0xcc, 0xcc, 0xcc, 0xcc, 0xcc, 0xcc, 0xc8, 0x87, 0x66, 0x65, 0x65, 0x55, 0x66,
  0x76, 0x66, 0x56, 0x68, 0x88, 0x88, 0x88, 0x68, 0x88, 0x87, 0x88, 0x88, 0x86, 0x68, 0x88, 0x88,
  0x87, 0x68, 0x88, 0x88, 0x88, 0x89, 0xcc, 0xcc, 0xcc, 0xcc, 0xcc, 0xcc, 0xcc, 0xcc, 0xcc, 0xcc,
  0xcc, 0x87, 0x68, 0x87, 0x68, 0x78, 0x65, 0x55, 0x55, 0x55, 0x55, 0x66, 0x89, 0x98, 0x8c, 0xcc,
  0xcc, 0xcc, 0xbb, 0xbc, 0xcc, 0xc9, 0x88, 0x89, 0xac, 0x66, 0x98, 0x88, 0x8c, 0x88, 0x8c, 0x88,
  0x9a, 0xc8, 0xcc, 0xc8, 0x6e, 0xe4, 0x39, 0xee, 0x45, 0x56, 0x55, 0x55, 0x56, 0x64, 0x56, 0x66,
  0x55, 0x64, 0x44, 0x44, 0x44, 0x33, 0x33, 0x33, 0x33, 0x22, 0x11, 0x00, 0x00, 0x00, 0x00, 0x00,
  0x00, 0x00, 0x00, 0x00, 0x00, 0x00, 0x00, 0x00, 0x00, 0x00, 0x00, 0x00, 0x00, 0x00, 0x00, 0x00,
  0x00, 0x00, 0x00, 0x00, 0x00, 0x00, 0x00, 0x00, 0x00, 0x00, 0x00, 0x00, 0x00, 0x00, 0x00, 0x00,
  0x00, 0x00, 0x00, 0x00, 0x00, 0x00, 0x00, 0x00, 0x00, 0x22, 0x12, 0x22, 0x22, 0x22, 0x23, 0x33,
  0x33, 0x34, 0x44, 0x44, 0x44, 0x56, 0x96, 0x99, 0x99, 0x99, 0x87, 0x88, 0x86, 0x55, 0x65, 0xee,
  0xee, 0x44, 0xee, 0xea, 0xbb, 0xcc, 0xcc, 0xbb, 0xcc, 0xcc, 0xcc, 0xcc, 0xcc, 0xcc, 0x88, 0x88,
  0x85, 0x55, 0x55, 0x66, 0x66, 0x55, 0x55, 0x56, 0x78, 0x87, 0x78, 0x86, 0xc8, 0x8c, 0x87, 0x78,
  0x88, 0x88, 0x88, 0x88, 0x88, 0x88, 0x78, 0x66, 0x8c, 0x6c, 0xcc, 0xcc, 0xcc, 0xcc, 0xcc, 0xcc,
  0xcc, 0xce, 0xcc, 0xcc, 0xcc, 0x88, 0x88, 0x66, 0x88, 0x88, 0x66, 0x65, 0x66, 0x86, 0x66, 0x88,
  0x9e, 0x98, 0x8c, 0xcc, 0xcc, 0xcc, 0xbb, 0xbc, 0xce, 0xe9, 0x88, 0xcc, 0xa9, 0x99, 0x98, 0x88,
  0x8c, 0x87, 0x88, 0x78, 0xcc, 0xcc, 0xcc, 0xcc, 0x95, 0xee, 0x73, 0x6e, 0xee, 0x56, 0x55, 0x66,
  0x56, 0x65, 0x55, 0x56, 0x66, 0x55, 0x54, 0x44, 0x44, 0x33, 0x33, 0x33, 0x33, 0x22, 0x22, 0x10,
  0x00, 0x00, 0x00, 0x00, 0x00, 0x00, 0x00, 0x00, 0x00, 0x00, 0x00, 0x00, 0x00, 0x00, 0x00, 0x00,
  0x00, 0x00, 0x00, 0x00, 0x00, 0x00, 0x00, 0x00, 0x00, 0x00, 0x00, 0x00, 0x00, 0x00, 0x00, 0x00,
  0x00, 0x00, 0x00, 0x00, 0x00, 0x00, 0x00, 0x00, 0x00, 0x00, 0x00, 0x01, 0x11, 0x22, 0x22, 0x22,
  0x22, 0x23, 0x33, 0x33, 0x33, 0x34, 0x44, 0x44, 0x45, 0x66, 0x99, 0xaa, 0xa8, 0x88, 0x88, 0x76,
  0x66, 0x45, 0x7b, 0xee, 0xe3, 0x4e, 0xee, 0x68, 0x8c, 0xcc, 0xcc, 0x99, 0xc8, 0x88, 0x88, 0x8c,
  0xcc, 0xc8, 0x87, 0x66, 0x65, 0x55, 0x55, 0x58, 0x55, 0x55, 0x55, 0x56, 0x78, 0x88, 0x88, 0x88,
  0xc8, 0x99, 0x98, 0x76, 0x66, 0x66, 0x88, 0x86, 0x78, 0x8c, 0x99, 0x67, 0x89, 0x9c, 0xcc, 0xcc,
  0xcc, 0xcc, 0xcc, 0xcc, 0xcc, 0xc8, 0x9c, 0xcc, 0xcc, 0x99, 0x98, 0x77, 0x88, 0x88, 0x78, 0x85,
  0x65, 0x66, 0x66, 0x88, 0x88, 0x88, 0x8c, 0xcc, 0xcc, 0xcc, 0xbb, 0xcc, 0xc9, 0x9a, 0xc8, 0x88,
  0x88, 0x99, 0x98, 0x88, 0x8c, 0xcc, 0xa8, 0x7c, 0xaa, 0xcc, 0xc9, 0xbb, 0xbb, 0xbd, 0xee, 0x34,
  0xee, 0xe4, 0x66, 0x68, 0x77, 0x77, 0x55, 0x56, 0x65, 0x55, 0x54, 0x44, 0x44, 0x44, 0x33, 0x33,
  0x33, 0x33, 0x32, 0x21, 0x21, 0x11, 0x11, 0x00, 0x00, 0x00, 0x00, 0x01, 0x00, 0x00, 0x00, 0x00,
  0x00, 0x00, 0x00, 0x00, 0x00, 0x00, 0x00, 0x00, 0x00, 0x00, 0x00, 0x00, 0x00, 0x00, 0x00, 0x00,
  0x00, 0x00, 0x00, 0x00, 0x00, 0x00, 0x00, 0x00, 0x00, 0x00, 0x00, 0x00, 0x00, 0x00, 0x00, 0x01,
  0x12, 0x22, 0x22, 0x22, 0x22, 0x23, 0x33, 0x33, 0x34, 0x44, 0x44, 0x44, 0x44, 0x77, 0x99, 0xac,
  0xc8, 0x88, 0x88, 0x86, 0x56, 0x54, 0xee, 0xe5, 0x34, 0xee, 0x48, 0x77, 0x78, 0x8c, 0xcc, 0x88,
  0x67, 0x88, 0x88, 0x8c, 0xcc, 0xc8, 0x87, 0x55, 0x55, 0x55, 0x55, 0x66, 0x55, 0x55, 0x55, 0x56,
  0x78, 0x88, 0x88, 0x87, 0x68, 0x99, 0x98, 0x76, 0x66, 0x66, 0x88, 0x86, 0x78, 0x8c, 0xa9, 0x67,
  0x8a, 0xc9, 0x68, 0xcc, 0xca, 0xaa, 0x88, 0xc8, 0xcc, 0xc8, 0x9a, 0xcc, 0xce, 0xa9, 0x67, 0x78,
  0x88, 0x88, 0x55, 0x55, 0x55, 0x55, 0x56, 0x68, 0x87, 0x87, 0x88, 0xcc, 0xcc, 0x88, 0xcc, 0xcc,
  0xc9, 0xac, 0xc8, 0x88, 0x88, 0x99, 0x98, 0x88, 0x8c, 0xca, 0xc8, 0x8c, 0xac, 0xcc, 0xcb, 0xee,
  0xee, 0xeb, 0xee, 0xe3, 0x3e, 0xee, 0xc5, 0x58, 0x88, 0x77, 0x55, 0x55, 0x55, 0x55, 0x54, 0x44,
  0x44, 0x44, 0x44, 0x43, 0x33, 0x33, 0x32, 0x22, 0x22, 0x21, 0x11, 0x00, 0x00, 0x00, 0x00, 0x10,
  0x00, 0x00, 0x00, 0x00, 0x00, 0x00, 0x00, 0x00, 0x00, 0x00, 0x00, 0x00, 0x00, 0x00, 0x00, 0x00,
  0x00, 0x00, 0x00, 0x00, 0x00, 0x00, 0x00, 0x00, 0x00, 0x00, 0x00, 0x00, 0x00, 0x00, 0x00, 0x00,
  0x00, 0x00, 0x00, 0x01, 0x22, 0x22, 0x22, 0x22, 0x22, 0x33, 0x33, 0x33, 0x34, 0x44, 0x44, 0x44,
  0x55, 0x66, 0x99, 0x9a, 0xc8, 0x88, 0x78, 0x75, 0x55, 0x4e, 0xee, 0xc3, 0xce, 0xe4, 0xa8, 0x66,
  0x68, 0x77, 0xcc, 0x88, 0xc8, 0x87, 0x78, 0xcc, 0xcc, 0xc8, 0x88, 0x55, 0x55, 0x55, 0x55, 0xc6,
  0x55, 0x55, 0x55, 0x56, 0x78, 0x88, 0x88, 0x88, 0x8c, 0x99, 0x98, 0x88, 0x86, 0x66, 0x88, 0x88,
  0x88, 0x76, 0x99, 0x68, 0xcc, 0xc9, 0x8c, 0xcc, 0xc9, 0x99, 0x88, 0x88, 0x88, 0x78, 0x99, 0xcc,
  0xca, 0xca, 0xa8, 0x88, 0x88, 0x88, 0x86, 0x55, 0x55, 0x55, 0x66, 0x87, 0x66, 0x77, 0x78, 0x77,
  0x7c, 0x88, 0x66, 0x97, 0x79, 0xcc, 0xc8, 0x88, 0x88, 0x99, 0x98, 0x88, 0x8c, 0x99, 0xec, 0xcc,
  0xce, 0xec, 0xcc, 0xee, 0xee, 0xeb, 0xee, 0xee, 0x33, 0xee, 0xec, 0x68, 0x88, 0x76, 0x55, 0x56,
  0x55, 0x55, 0x55, 0x44, 0x44, 0x44, 0x44, 0x44, 0x33, 0x33, 0x32, 0x22, 0x22, 0x12, 0x11, 0x00,
  0x00, 0x00, 0x01, 0x00, 0x00, 0x00, 0x01, 0x10, 0x00, 0x00, 0x00, 0x00, 0x00, 0x00, 0x00, 0x00,
  0x00, 0x00, 0x00, 0x00, 0x00, 0x00, 0x00, 0x00, 0x00, 0x00, 0x00, 0x00, 0x00, 0x00, 0x00, 0x00,
  0x00, 0x00, 0x00, 0x00, 0x00, 0x00, 0x12, 0x22, 0x21, 0x22, 0x22, 0x22, 0x33, 0x33, 0x33, 0x33,
  0x34, 0x44, 0x44, 0x45, 0x56, 0x88, 0x88, 0x88, 0x88, 0x88, 0x66, 0x54, 0x54, 0xee, 0xe4, 0x37,
  0xd5, 0x55, 0x86, 0x66, 0x65, 0x68, 0x88, 0x78, 0x88, 0x88, 0x88, 0x8c, 0x88, 0x88, 0x88, 0x74,
  0x45, 0x78, 0x88, 0x88, 0x66, 0x66, 0x66, 0x88, 0x6c, 0x99, 0x99, 0x9a, 0xc9, 0x96, 0x66, 0x99,
  0x78, 0x88, 0x66, 0x68, 0x99, 0x99, 0x99, 0x99, 0x9c, 0x99, 0xc8, 0x88, 0xcc, 0xee, 0x88, 0x88,
  0x88, 0x88, 0x99, 0xc8, 0x88, 0x88, 0x88, 0x88, 0x88, 0x76, 0x65, 0x55, 0x65, 0x88, 0x88, 0x65,
  0x55, 0x66, 0x85, 0x68, 0x86, 0x78, 0x88, 0x65, 0x55, 0x46, 0xa4, 0x44, 0x5c, 0x55, 0x68, 0x88,
  0x88, 0xcc, 0xcc, 0xa9, 0xcc, 0xbc, 0xee, 0xbb, 0xee, 0xee, 0xee, 0xee, 0xe4, 0x37, 0xee, 0xc7,
  0xa8, 0x78, 0xa6, 0x98, 0x88, 0x86, 0x86, 0x96, 0x55, 0x44, 0x44, 0x44, 0x33, 0x33, 0x33, 0x22,
  0x22, 0x22, 0x11, 0x00, 0x00, 0x00, 0x00, 0x11, 0x00, 0x00, 0x00, 0x00, 0x00, 0x00, 0x00, 0x00,
  0x00, 0x00, 0x00, 0x00, 0x00, 0x00, 0x00, 0x00, 0x00, 0x00, 0x00, 0x00, 0x00, 0x00, 0x00, 0x00,
  0x00, 0x00, 0x00, 0x00, 0x00, 0x00, 0x00, 0x00, 0x00, 0x00, 0x12, 0x22, 0x21, 0x22, 0x22, 0x22,
  0x33, 0x33, 0x33, 0x33, 0x34, 0x44, 0x44, 0x45, 0x67, 0x88, 0x88, 0x88, 0x68, 0x77, 0x55, 0x55,
  0x4e, 0xee, 0x44, 0xed, 0x87, 0x86, 0xc8, 0x87, 0x66, 0x68, 0x88, 0x88, 0x67, 0x88, 0x88, 0x88,
  0x88, 0x88, 0x77, 0x5e, 0xee, 0xeb, 0x78, 0x88, 0x66, 0x66, 0x88, 0x88, 0x78, 0x99, 0x99, 0x9a,
  0xa9, 0x99, 0xa6, 0x99, 0x87, 0x87, 0x67, 0x88, 0x99, 0x99, 0xa6, 0x99, 0x9c, 0xa9, 0xc8, 0x88,
  0x8a, 0xa9, 0x87, 0x88, 0x77, 0x66, 0x69, 0xa8, 0x88, 0x66, 0x66, 0x78, 0x87, 0x66, 0x86, 0x55,
  0x87, 0x78, 0x88, 0x65, 0x56, 0x66, 0x85, 0x85, 0x6c, 0x87, 0x86, 0x75, 0x55, 0x46, 0x68, 0xee,
  0xee, 0x44, 0x46, 0x88, 0x88, 0xcc, 0xca, 0xee, 0xcc, 0xcb, 0x9c, 0xee, 0xee, 0xee, 0xee, 0xbb,
  0xee, 0x53, 0x7e, 0xee, 0x57, 0x88, 0x9a, 0x97, 0x77, 0x76, 0x6a, 0x96, 0x65, 0x44, 0x44, 0x44,
  0x43, 0x33, 0x33, 0x33, 0x22, 0x22, 0x11, 0x00, 0x00, 0x00, 0x00, 0x00, 0x00, 0x00, 0x00, 0x00,
  0x00, 0x00, 0x00, 0x00, 0x00, 0x00, 0x00, 0x00, 0x00, 0x00, 0x00, 0x00, 0x00, 0x00, 0x00, 0x00,
  0x00, 0x00, 0x00, 0x00, 0x00, 0x00, 0x00, 0x00, 0x00, 0x00, 0x00, 0x00, 0x10, 0x01, 0x22, 0x22,
  0x22, 0x21, 0x22, 0x22, 0x33, 0x33, 0x33, 0x33, 0x44, 0x44, 0x44, 0x45, 0x68, 0x88, 0x88, 0x88,
  0x78, 0x76, 0x55, 0x55, 0xee, 0xe3, 0x4e, 0xe8, 0xd8, 0x88, 0x67, 0x88, 0x56, 0x5c, 0x88, 0x76,
  0x88, 0x86, 0x67, 0xc8, 0x8c, 0xc8, 0x76, 0xae, 0xee, 0xee, 0x88, 0x88, 0x88, 0x88, 0x88, 0x88,
  0x88, 0x99, 0x99, 0x99, 0x99, 0x99, 0x99, 0x99, 0x88, 0x88, 0x67, 0x88, 0x99, 0x99, 0x6a, 0x9e,
  0xec, 0xcc, 0xc8, 0x88, 0x89, 0x99, 0x86, 0xc8, 0x78, 0x86, 0x69, 0x98, 0x88, 0x86, 0x68, 0x88,
  0x88, 0x67, 0x65, 0x55, 0x88, 0x88, 0x88, 0x65, 0x55, 0x56, 0x65, 0x75, 0x66, 0x66, 0x66, 0x65,
  0x55, 0x45, 0x4e, 0xee, 0xee, 0xd6, 0x66, 0x88, 0x88, 0x66, 0xc9, 0xec, 0xcc, 0xcb, 0x9e, 0xee,
  0xee, 0xbb, 0xee, 0xee, 0xbe, 0xd6, 0x34, 0xee, 0xe5, 0x6c, 0xca, 0x96, 0x77, 0x68, 0x89, 0x96,
  0x65, 0x44, 0x44, 0x44, 0x44, 0x33, 0x33, 0x33, 0x22, 0x22, 0x22, 0x00, 0x00, 0x00, 0x00, 0x00,
  0x00, 0x00, 0x00, 0x00, 0x00, 0x00, 0x00, 0x00, 0x00, 0x00, 0x00, 0x00, 0x00, 0x00, 0x00, 0x00,
  0x00, 0x00, 0x00, 0x00, 0x00, 0x00, 0x00, 0x00, 0x00, 0x00, 0x00, 0x00, 0x00, 0x00, 0x00, 0x00,
  0x00, 0x12, 0x22, 0x22, 0x22, 0x22, 0x22, 0x23, 0x33, 0x33, 0x33, 0x34, 0x44, 0x44, 0x44, 0x56,
  0x65, 0x56, 0x66, 0x88, 0x85, 0x55, 0x55, 0xbe, 0xee, 0x34, 0xee, 0x9c, 0xcc, 0xcc, 0x68, 0x85,
  0x55, 0x56, 0x66, 0x68, 0x88, 0x86, 0x77, 0x88, 0x78, 0x88, 0x85, 0xee, 0xee, 0xee, 0xeb, 0xcc,
  0x89, 0xac, 0x6c, 0x69, 0x99, 0xc9, 0x99, 0xca, 0x99, 0x6c, 0xcc, 0xcc, 0x86, 0x65, 0x56, 0x88,
  0x88, 0x88, 0x8c, 0xcc, 0xcc, 0xcc, 0x7c, 0xc8, 0x88, 0x88, 0x88, 0x76, 0x78, 0x68, 0x6c, 0x88,
  0x67, 0x86, 0x68, 0x66, 0x86, 0x78, 0x67, 0x76, 0x66, 0x88, 0x88, 0x86, 0x65, 0x55, 0x55, 0x55,
  0x55, 0x55, 0x55, 0x66, 0x66, 0x55, 0x4e, 0xee, 0xee, 0xe4, 0x65, 0x56, 0x88, 0x88, 0x8c, 0xcc,
  0xcc, 0xcb, 0xee, 0xee, 0xee, 0xbe, 0xeb, 0xcc, 0xcc, 0x8e, 0xe3, 0x4e, 0xee, 0x5a, 0x96, 0x68,
  0x68, 0x68, 0x88, 0x88, 0x76, 0x55, 0x55, 0x54, 0x44, 0x33, 0x33, 0x33, 0x32, 0x22, 0x21, 0x21,
  0x10, 0x00, 0x00, 0x00, 0x00, 0x00, 0x00, 0x00, 0x00, 0x00, 0x00, 0x00, 0x00, 0x00, 0x00, 0x00,
  0x00, 0x00, 0x00, 0x00, 0x00, 0x00, 0x00, 0x00, 0x00, 0x00, 0x00, 0x00, 0x00, 0x00, 0x00, 0x00,
  0x00, 0x00, 0x00, 0x00, 0x11, 0x21, 0x11, 0x22, 0x22, 0x22, 0x23, 0x33, 0x33, 0x33, 0x33, 0x34,
  0x44, 0x44, 0x44, 0x56, 0x55, 0x55, 0x66, 0x88, 0x85, 0x55, 0x57, 0xee, 0xe3, 0x4e, 0xe9, 0xac,
  0xcc, 0xcc, 0xa6, 0x76, 0x86, 0x56, 0x67, 0x76, 0x88, 0x87, 0x66, 0x86, 0x88, 0x88, 0x87, 0xee,
  0xee, 0xee, 0xdb, 0xcc, 0x89, 0xac, 0x6a, 0x6a, 0xa9, 0xca, 0xa9, 0xa9, 0x99, 0x6a, 0xaa, 0xca,
  0x87, 0x76, 0x57, 0x88, 0x86, 0x68, 0x88, 0x78, 0xcc, 0xac, 0x8c, 0xc8, 0x78, 0x86, 0x87, 0x66,
  0x86, 0x66, 0x68, 0x88, 0x78, 0x86, 0x67, 0x77, 0x77, 0x78, 0x67, 0x77, 0x66, 0x87, 0x88, 0x87,
  0x65, 0x55, 0x55, 0x55, 0x56, 0x65, 0x55, 0x66, 0x66, 0x55, 0x5d, 0xee, 0xee, 0xe5, 0xd5, 0x56,
  0x78, 0x88, 0x8c, 0xcc, 0xcc, 0xcb, 0xee, 0xee, 0xee, 0xee, 0xeb, 0xcc, 0xcb, 0xae, 0xee, 0x33,
  0xee, 0xe7, 0x66, 0xa8, 0x66, 0x78, 0x88, 0x88, 0x76, 0x65, 0x55, 0x55, 0x44, 0x44, 0x33, 0x33,
  0x32, 0x22, 0x22, 0x21, 0x11, 0x00, 0x00, 0x00, 0x00, 0x00, 0x00, 0x00, 0x00, 0x00, 0x00, 0x00,
  0x00, 0x00, 0x00, 0x00, 0x00, 0x00, 0x00, 0x00, 0x00, 0x00, 0x00, 0x00, 0x00, 0x00, 0x00, 0x00,
  0x00, 0x00, 0x00, 0x00, 0x00, 0x00, 0x00, 0x00, 0x11, 0x21, 0x11, 0x22, 0x22, 0x22, 0x33, 0x33,
  0x33, 0x33, 0x44, 0x44, 0x44, 0x45, 0x54, 0x55, 0x55, 0x66, 0x65, 0x65, 0x56, 0x55, 0xed, 0xe7,
  0x35, 0xeb, 0x6c, 0xcc, 0xcc, 0xcc, 0xa5, 0x77, 0x56, 0x65, 0x57, 0x76, 0x88, 0x78, 0x66, 0x86,
  0x85, 0x88, 0xc8, 0xee, 0xee, 0xee, 0x5b, 0xcc, 0x89, 0xac, 0x99, 0x96, 0x6a, 0xcc, 0xa9, 0x99,
  0x99, 0x99, 0x9c, 0x99, 0x88, 0x86, 0x66, 0x86, 0x86, 0x67, 0x76, 0x66, 0x86, 0x9c, 0x88, 0x76,
  0x76, 0x66, 0x86, 0x66, 0x86, 0x66, 0x77, 0x87, 0x87, 0x87, 0x67, 0x88, 0x78, 0x7c, 0xc8, 0x88,
  0xc8, 0x86, 0x88, 0x87, 0x65, 0x55, 0x55, 0x55, 0x54, 0x55, 0x65, 0x66, 0x66, 0x55, 0x5e, 0xee,
  0xee, 0xe4, 0x65, 0x56, 0x68, 0x88, 0x8c, 0xcc, 0xcc, 0xcb, 0xee, 0xee, 0xee, 0xeb, 0xcc, 0xbc,
  0xcc, 0xba, 0x9e, 0xe3, 0x3e, 0xee, 0x66, 0x67, 0x66, 0x86, 0x78, 0x88, 0x76, 0x66, 0x6c, 0x65,
  0x44, 0x44, 0x43, 0x33, 0x33, 0x32, 0x22, 0x21, 0x11, 0x00, 0x00, 0x00, 0x00, 0x00, 0x00, 0x00,
  0x00, 0x00, 0x00, 0x00, 0x00, 0x00, 0x00, 0x00, 0x00, 0x00, 0x00, 0x00, 0x00, 0x00, 0x00, 0x00,
  0x00, 0x00, 0x00, 0x00, 0x00, 0x00, 0x00, 0x00, 0x00, 0x00, 0x00, 0x00, 0x00, 0x00, 0x12, 0x22,
  0x22, 0x22, 0x33, 0x33, 0x33, 0x34, 0x44, 0x44, 0x44, 0x45, 0x55, 0x55, 0x56, 0x88, 0x86, 0x55,
  0x56, 0x4e, 0xee, 0xe4, 0x4e, 0xc4, 0x6c, 0xcc, 0xcc, 0x88, 0x65, 0x55, 0x55, 0x55, 0x55, 0x55,
  0x66, 0x56, 0x56, 0x78, 0x88, 0x87, 0x7c, 0xde, 0xee, 0xea, 0xcc, 0xcc, 0xcc, 0xc9, 0x9a, 0xc9,
  0xac, 0x99, 0xac, 0xca, 0x99, 0xc6, 0xc6, 0x68, 0x77, 0x77, 0x76, 0x65, 0x85, 0x56, 0x7c, 0x88,
  0x88, 0x88, 0x87, 0x87, 0x67, 0x88, 0x86, 0x66, 0x78, 0x86, 0x78, 0x76, 0x66, 0x88, 0x88, 0x88,
  0x88, 0x8e, 0x9a, 0xe9, 0xca, 0x96, 0x88, 0x86, 0x65, 0x66, 0x55, 0x55, 0x55, 0x66, 0x88, 0x88,
  0x86, 0x55, 0x55, 0xee, 0xee, 0x45, 0x55, 0x66, 0x66, 0x78, 0x8c, 0x78, 0xcc, 0xcc, 0xcc, 0xce,
  0xbe, 0xb9, 0xee, 0xcb, 0xbc, 0xcc, 0x77, 0xee, 0x33, 0xee, 0xe5, 0x65, 0x56, 0x88, 0x87, 0x88,
  0x88, 0x56, 0x65, 0x55, 0x55, 0x44, 0x44, 0x33, 0x33, 0x32, 0x22, 0x21, 0x10, 0x00, 0x00, 0x00,
  0x01, 0x11, 0x00, 0x00, 0x00, 0x00, 0x00, 0x00, 0x00, 0x00, 0x00, 0x00, 0x00, 0x00, 0x00, 0x00,
  0x00, 0x00, 0x00, 0x00, 0x00, 0x00, 0x00, 0x00, 0x00, 0x00, 0x00, 0x00, 0x00, 0x00, 0x00, 0x00,
  0x00, 0x01, 0x22, 0x22, 0x22, 0x33, 0x33, 0x33, 0x33, 0x44, 0x44, 0x44, 0x44, 0x55, 0x55, 0x55,
  0x68, 0x88, 0x86, 0x55, 0x55, 0x7d, 0xee, 0x47, 0xd5, 0x45, 0x69, 0xcc, 0xcc, 0xcc, 0x66, 0x66,
  0x65, 0x55, 0x65, 0x55, 0x66, 0x55, 0x56, 0xc6, 0x88, 0x88, 0x8c, 0xcc, 0xc7, 0x57, 0xcc, 0xcc,
  0xcc, 0xcc, 0xca, 0x9c, 0xa9, 0xec, 0xcc, 0xcc, 0xcc, 0xcc, 0xcc, 0x88, 0x77, 0x74, 0x76, 0x65,
  0x55, 0x58, 0x76, 0x88, 0x88, 0x87, 0x68, 0x68, 0x88, 0x76, 0x86, 0x68, 0x88, 0x86, 0x76, 0x66,
  0x66, 0x88, 0x88, 0x68, 0x8c, 0xcc, 0xce, 0xe8, 0xcc, 0xcc, 0xc6, 0x88, 0x65, 0x66, 0x56, 0x55,
  0x55, 0x66, 0x88, 0x88, 0x86, 0x56, 0x44, 0x44, 0x44, 0x56, 0x66, 0x56, 0x8c, 0x88, 0xc8, 0x88,
  0xcc, 0xcc, 0xcc, 0xcc, 0xbb, 0xbb, 0xee, 0xbe, 0xec, 0xc8, 0x77, 0x7e, 0xd3, 0x3e, 0xee, 0x45,
  0x56, 0x88, 0x88, 0x88, 0x76, 0x66, 0x6a, 0x56, 0x55, 0x44, 0x44, 0x44, 0x33, 0x33, 0x22, 0x22,
  0x10, 0x01, 0x00, 0x11, 0x01, 0x11, 0x00, 0x01, 0x00, 0x00, 0x00, 0x00, 0x00, 0x00, 0x00, 0x00,
  0x00, 0x00, 0x00, 0x00, 0x00, 0x00, 0x00, 0x00, 0x00, 0x00, 0x00, 0x00, 0x00, 0x00, 0x00, 0x00,
  0x01, 0x11, 0x21, 0x11, 0x11, 0x12, 0x22, 0x22, 0x22, 0x23, 0x33, 0x33, 0x34, 0x44, 0x44, 0x44,
  0x44, 0x55, 0x55, 0x65, 0x67, 0x88, 0x86, 0x45, 0x57, 0xee, 0xe4, 0xbe, 0x65, 0x99, 0x9a, 0xac,
  0xcc, 0x9c, 0x68, 0x86, 0x66, 0x66, 0x86, 0x66, 0x86, 0x65, 0x56, 0x68, 0x78, 0x87, 0x88, 0xab,
  0xee, 0xeb, 0xcc, 0xcb, 0xbc, 0xcc, 0xca, 0x9a, 0xa9, 0x9c, 0xcc, 0xcc, 0xcc, 0xaa, 0x67, 0x78,
  0xa6, 0xa7, 0x76, 0x86, 0x66, 0x67, 0x76, 0x88, 0x88, 0x87, 0x68, 0x78, 0x88, 0x76, 0x88, 0x88,
  0x88, 0x86, 0x87, 0x67, 0x88, 0x88, 0x89, 0x6c, 0x8c, 0xcc, 0xc9, 0xee, 0xcc, 0xcc, 0xa7, 0x88,
  0x65, 0x66, 0x66, 0x66, 0x55, 0x66, 0x77, 0x88, 0x87, 0x66, 0x56, 0x65, 0x66, 0x56, 0x68, 0x66,
  0x86, 0x77, 0x89, 0x96, 0xcc, 0xcc, 0xcc, 0xbe, 0xee, 0xee, 0xee, 0xee, 0xeb, 0xbb, 0xaa, 0xc8,
  0xee, 0x33, 0xee, 0xd5, 0x5a, 0x88, 0x88, 0x88, 0x86, 0x66, 0x66, 0x95, 0x55, 0x44, 0x44, 0x44,
  0x33, 0x33, 0x32, 0x22, 0x11, 0x12, 0x11, 0x22, 0x11, 0x11, 0x00, 0x00, 0x00, 0x00, 0x00, 0x00,
  0x00, 0x00, 0x00, 0x00, 0x00, 0x00, 0x00, 0x00, 0x00, 0x00, 0x00, 0x00, 0x00, 0x00, 0x00, 0x00,
  0x00, 0x00, 0x00, 0x00, 0x01, 0x12, 0x21, 0x11, 0x22, 0x12, 0x22, 0x22, 0x23, 0x33, 0x33, 0x33,
  0x34, 0x44, 0x44, 0x44, 0x45, 0x55, 0x55, 0x65, 0x56, 0x86, 0x55, 0x55, 0x7e, 0xe8, 0x46, 0xde,
  0xdb, 0xea, 0xcc, 0x9c, 0xcc, 0x9e, 0x98, 0x87, 0x66, 0x76, 0x86, 0x68, 0x66, 0x65, 0x56, 0x86,
  0x88, 0x86, 0x88, 0x88, 0xcc, 0xcc, 0xcc, 0x9b, 0xbb, 0xcc, 0xce, 0xe9, 0x99, 0x9c, 0xcc, 0xcc,
  0xcc, 0x99, 0x96, 0x78, 0xc6, 0x88, 0x87, 0x88, 0x66, 0x66, 0x68, 0x88, 0x88, 0x88, 0x88, 0x88,
  0x88, 0x86, 0x88, 0x88, 0x88, 0x86, 0x78, 0x87, 0x76, 0x88, 0x8c, 0xea, 0x9c, 0xcc, 0xcb, 0xbb,
  0xcc, 0xcc, 0xa8, 0x88, 0x65, 0x56, 0x76, 0x66, 0x55, 0x55, 0x66, 0xcc, 0xc8, 0x86, 0x66, 0x65,
  0x55, 0x56, 0x68, 0x66, 0x68, 0x88, 0x8c, 0xee, 0xcc, 0xcc, 0xcb, 0xbe, 0xee, 0xee, 0xee, 0xee,
  0xeb, 0xbb, 0xcc, 0xcc, 0x7e, 0xe3, 0x4e, 0xee, 0x5c, 0x88, 0x88, 0x87, 0x66, 0x56, 0x66, 0x77,
  0x44, 0x44, 0x44, 0x44, 0x33, 0x33, 0x33, 0x22, 0x22, 0x22, 0x22, 0x22, 0x22, 0x11, 0x00, 0x00,
  0x00, 0x00, 0x00, 0x00, 0x00, 0x00, 0x00, 0x00, 0x00, 0x00, 0x00, 0x00, 0x00, 0x00, 0x00, 0x00,
  0x00, 0x00, 0x00, 0x00, 0x00, 0x00, 0x00, 0x00, 0x01, 0x11, 0x11, 0x22, 0x22, 0x22, 0x22, 0x22,
  0x33, 0x33, 0x33, 0x33, 0x34, 0x44, 0x44, 0x55, 0x55, 0x55, 0x55, 0x55, 0x68, 0x66, 0x55, 0x45,
  0xee, 0xe4, 0xde, 0x56, 0xcc, 0xc9, 0xac, 0x9c, 0xcc, 0xaa, 0x67, 0x87, 0x88, 0x88, 0x88, 0x88,
  0x68, 0x66, 0x56, 0x86, 0x68, 0x86, 0x88, 0xc8, 0x8c, 0xcc, 0xcc, 0x9b, 0xbb, 0xcc, 0xcc, 0xcc,
  0xa9, 0xcc, 0x6e, 0xaa, 0x9a, 0x9a, 0xc8, 0x88, 0x88, 0x88, 0xc8, 0x86, 0x78, 0x86, 0x57, 0x88,
  0x88, 0x78, 0x88, 0x88, 0xcc, 0x88, 0x88, 0x88, 0x88, 0x88, 0x88, 0x88, 0x88, 0x88, 0x8c, 0xcc,
  0xcc, 0xcc, 0xcb, 0xbb, 0xee, 0xcc, 0xa7, 0x88, 0x65, 0x86, 0x88, 0x55, 0x58, 0x55, 0x88, 0x8c,
  0xc8, 0x88, 0x87, 0x65, 0x55, 0x55, 0x56, 0x87, 0x77, 0x88, 0x8a, 0xac, 0xac, 0xca, 0xcb, 0xbb,
  0xee, 0xee, 0xee, 0xee, 0xbe, 0xee, 0xcc, 0xcc, 0x85, 0xee, 0x34, 0xee, 0xe4, 0x68, 0x88, 0x67,
  0x88, 0x66, 0x68, 0x66, 0x54, 0x44, 0x44, 0x44, 0x33, 0x33, 0x33, 0x22, 0x22, 0x22, 0x22, 0x22,
  0x22, 0x11, 0x00, 0x00, 0x00, 0x00, 0x00, 0x11, 0x10, 0x00, 0x00, 0x00, 0x00, 0x00, 0x00, 0x00,
  0x00, 0x00, 0x00, 0x00, 0x00, 0x00, 0x00, 0x00, 0x00, 0x00, 0x00, 0x00, 0x01, 0x11, 0x11, 0x12,
  0x22, 0x22, 0x22, 0x33, 0x33, 0x23, 0x33, 0x34, 0x44, 0x44, 0x44, 0x55, 0x55, 0x55, 0x55, 0x55,
  0x56, 0x65, 0x66, 0x4e, 0xee, 0x37, 0xec, 0x6c, 0x88, 0xc8, 0xac, 0x98, 0x88, 0xaa, 0x68, 0x86,
  0x88, 0x88, 0x88, 0x88, 0x77, 0x46, 0x55, 0x66, 0x67, 0x87, 0x88, 0xc8, 0x88, 0x8c, 0xcc, 0x9b,
  0xbb, 0xcc, 0xcc, 0xcc, 0xaa, 0xca, 0x68, 0x89, 0xaa, 0x6a, 0xc8, 0x88, 0x77, 0x88, 0x88, 0x66,
  0x66, 0x66, 0x67, 0x87, 0x88, 0x87, 0x88, 0x88, 0xcc, 0x88, 0xc8, 0x88, 0x88, 0x88, 0x89, 0x98,
  0x88, 0x88, 0x8c, 0xcc, 0xce, 0xcc, 0xcb, 0xba, 0xaa, 0xcc, 0xa8, 0x88, 0x76, 0x86, 0x68, 0x55,
  0x56, 0x55, 0x88, 0x88, 0x88, 0x88, 0x87, 0x76, 0x66, 0x66, 0x66, 0x88, 0x88, 0x66, 0x88, 0x88,
  0x6c, 0x96, 0xcc, 0xbb, 0xee, 0xee, 0xee, 0xec, 0xbe, 0xee, 0xeb, 0xbc, 0xc8, 0x8e, 0xa3, 0x4e,
  0xee, 0x48, 0xa8, 0x76, 0x68, 0x88, 0x88, 0x76, 0x54, 0x45, 0x44, 0x44, 0x43, 0x33, 0x33, 0x32,
  0x22, 0x22, 0x22, 0x22, 0x21, 0x11, 0x00, 0x00, 0x00, 0x00, 0x00, 0x00, 0x00, 0x00, 0x00, 0x00,
  0x00, 0x00, 0x00, 0x00, 0x00, 0x00, 0x00, 0x00, 0x00, 0x00, 0x00, 0x00, 0x00, 0x00, 0x00, 0x00,
  0x00, 0x00, 0x11, 0x12, 0x22, 0x22, 0x22, 0x33, 0x33, 0x23, 0x33, 0x34, 0x44, 0x44, 0x44, 0x45,
  0x55, 0x55, 0x55, 0x55, 0x55, 0x54, 0x44, 0xee, 0xe3, 0x4d, 0xb6, 0xb8, 0x88, 0xc8, 0x9c, 0x98,
  0x88, 0xca, 0x9c, 0x68, 0x88, 0x88, 0x88, 0x88, 0xaa, 0xa5, 0x55, 0x56, 0x66, 0x87, 0x78, 0x88,
  0x86, 0x8c, 0xcc, 0x9b, 0xbb, 0xcc, 0xcc, 0xcc, 0xcc, 0xca, 0x98, 0x89, 0xcc, 0x6c, 0xc8, 0x88,
  0x88, 0x88, 0x76, 0x54, 0x55, 0x56, 0x67, 0x86, 0x88, 0x88, 0x88, 0x8c, 0xcc, 0x88, 0xc8, 0x88,
  0x88, 0xc8, 0x99, 0x98, 0x88, 0x88, 0x8c, 0xcc, 0xce, 0x88, 0x8c, 0xa9, 0xcc, 0xcc, 0xa9, 0x88,
  0x88, 0x88, 0x88, 0x55, 0x55, 0x55, 0x88, 0x88, 0x88, 0xc8, 0x88, 0x88, 0x75, 0x66, 0x65, 0x56,
  0x66, 0x66, 0x87, 0x78, 0x88, 0x86, 0xcc, 0xcc, 0xbb, 0xee, 0xec, 0xbb, 0xbb, 0xee, 0xeb, 0xbc,
  0xcc, 0x57, 0xe5, 0x36, 0xee, 0xc5, 0xa7, 0x76, 0x68, 0x88, 0x88, 0x87, 0x56, 0x65, 0x44, 0x44,
  0x43, 0x33, 0x33, 0x32, 0x21, 0x22, 0x22, 0x22, 0x20, 0x00, 0x00, 0x00, 0x00, 0x00, 0x00, 0x00,
  0x00, 0x00, 0x00, 0x00, 0x00, 0x00, 0x00, 0x00, 0x00, 0x00, 0x00, 0x00, 0x00, 0x00, 0x00, 0x00,
  0x00, 0x00, 0x00, 0x00, 0x00, 0x00, 0x22, 0x22, 0x22, 0x22, 0x23, 0x33, 0x33, 0x33, 0x33, 0x44,
  0x44, 0x44, 0x44, 0x45, 0x55, 0x55, 0x55, 0x55, 0x55, 0x44, 0x4e, 0xee, 0x34, 0xee, 0x7a, 0x78,
  0x88, 0x88, 0x9c, 0xc8, 0x88, 0xca, 0x9c, 0x88, 0x8c, 0x88, 0xcc, 0x88, 0x77, 0x75, 0x55, 0x55,
  0x68, 0x86, 0x68, 0x88, 0x87, 0xcc, 0x8c, 0x9b, 0xbb, 0xcc, 0xcc, 0xcc, 0xcc, 0xcc, 0xcc, 0x89,
  0xc9, 0x9e, 0x9c, 0xcc, 0x87, 0x78, 0x66, 0x65, 0x56, 0x66, 0x66, 0x88, 0x88, 0x88, 0x88, 0x8c,
  0xcc, 0x87, 0x88, 0x88, 0x88, 0xcc, 0xcc, 0xc8, 0x8c, 0x88, 0x8c, 0xcc, 0xc9, 0x9c, 0x89, 0xac,
  0xcc, 0xc9, 0x99, 0xc8, 0x88, 0x87, 0x88, 0x56, 0x66, 0x65, 0x57, 0x88, 0x78, 0xc8, 0x88, 0x88,
  0x66, 0x55, 0x55, 0x55, 0x55, 0x66, 0x86, 0x68, 0x78, 0x88, 0x79, 0xcc, 0xee, 0xeb, 0xee, 0xbb,
  0xbb, 0xee, 0xeb, 0xbc, 0xc8, 0x65, 0xae, 0x43, 0xee, 0xe4, 0x56, 0x67, 0x88, 0x88, 0x88, 0x87,
  0x55, 0x54, 0x44, 0x44, 0x44, 0x43, 0x33, 0x33, 0x22, 0x22, 0x12, 0x22, 0x20, 0x00, 0x00, 0x00,
  0x00, 0x00, 0x00, 0x00, 0x00, 0x00, 0x00, 0x00, 0x00, 0x00, 0x00, 0x00, 0x00, 0x00, 0x00, 0x00,
  0x00, 0x00, 0x00, 0x00, 0x00, 0x00, 0x00, 0x00, 0x01, 0x12, 0x22, 0x22, 0x22, 0x22, 0x22, 0x23,
  0x33, 0x33, 0x33, 0x44, 0x44, 0x44, 0x44, 0x45, 0x55, 0x55, 0x55, 0x55, 0x54, 0x44, 0xee, 0xe3,
  0x3d, 0xec, 0xca, 0x98, 0x88, 0x86, 0x78, 0x7c, 0xa9, 0xcc, 0xc6, 0x99, 0x99, 0x88, 0xc8, 0x88,
  0x77, 0x55, 0x66, 0x55, 0x68, 0x76, 0x66, 0x66, 0x58, 0x88, 0xcc, 0xcc, 0xcc, 0xec, 0xee, 0xb9,
  0xac, 0xcc, 0xa9, 0xcc, 0xcc, 0xcc, 0xcc, 0xcc, 0x66, 0x66, 0x66, 0x55, 0x56, 0x67, 0x77, 0x88,
  0x88, 0x88, 0x88, 0x88, 0x88, 0x87, 0x88, 0x88, 0x88, 0x9c, 0xcc, 0xc9, 0x99, 0xca, 0x99, 0xac,
  0x8c, 0x88, 0x88, 0xcc, 0x9a, 0xcc, 0xa9, 0x99, 0x98, 0x87, 0x88, 0x77, 0x66, 0x77, 0x78, 0x88,
  0x78, 0x88, 0x88, 0x88, 0x66, 0x66, 0x45, 0x55, 0x66, 0x65, 0x67, 0x88, 0x78, 0x88, 0x78, 0xcc,
  0xcc, 0xce, 0xec, 0xcc, 0xcc, 0xce, 0xec, 0xcc, 0xc8, 0x77, 0x59, 0xd4, 0x4e, 0xee, 0x46, 0x69,
  0x99, 0x88, 0x88, 0x88, 0x65, 0x55, 0x44, 0x44, 0x44, 0x43, 0x33, 0x33, 0x32, 0x22, 0x22, 0x10,
  0x00, 0x00, 0x00, 0x01, 0x00, 0x00, 0x00, 0x00, 0x00, 0x00, 0x00, 0x00, 0x00, 0x00, 0x00, 0x00,
  0x00, 0x00, 0x00, 0x00, 0x00, 0x00, 0x00, 0x00, 0x00, 0x00, 0x00, 0x00, 0x01, 0x11, 0x22, 0x22,
  0x22, 0x22, 0x22, 0x23, 0x33, 0x33, 0x34, 0x44, 0x44, 0x44, 0x44, 0x45, 0x55, 0x55, 0x55, 0x55,
  0x54, 0x4e, 0xee, 0x33, 0xee, 0xba, 0xca, 0x98, 0x88, 0x88, 0x87, 0x7c, 0xa9, 0xac, 0xcc, 0xa8,
  0x77, 0x78, 0xc8, 0x88, 0x87, 0x65, 0x66, 0x56, 0x67, 0x86, 0x66, 0x66, 0x58, 0x88, 0xcc, 0xcc,
  0xcc, 0xec, 0xbb, 0xba, 0xac, 0xcc, 0xaa, 0xcc, 0xc8, 0x8c, 0xcc, 0xcc, 0x87, 0x68, 0x66, 0x55,
  0x66, 0x68, 0x88, 0x88, 0x88, 0x88, 0x88, 0x88, 0x88, 0x88, 0x88, 0x87, 0x88, 0xac, 0xaa, 0xc9,
  0x99, 0xca, 0xaa, 0xcc, 0x8c, 0x88, 0x88, 0x86, 0x9a, 0xaa, 0x99, 0x96, 0x98, 0x88, 0x77, 0x77,
  0x68, 0x88, 0x88, 0x88, 0x88, 0x88, 0x88, 0x78, 0x66, 0x56, 0x45, 0x65, 0x66, 0x55, 0x67, 0x78,
  0x88, 0x88, 0x88, 0xcc, 0xcc, 0xce, 0xec, 0xcc, 0xcc, 0xce, 0xec, 0xcc, 0xc8, 0x88, 0xca, 0x6e,
  0x43, 0xee, 0xe7, 0x78, 0x99, 0x88, 0x87, 0x88, 0x65, 0x55, 0x54, 0x44, 0x44, 0x44, 0x33, 0x33,
  0x33, 0x22, 0x22, 0x10, 0x00, 0x00, 0x00, 0x01, 0x00, 0x00, 0x00, 0x00, 0x00, 0x00, 0x00, 0x00,
  0x00, 0x00, 0x00, 0x00, 0x00, 0x00, 0x00, 0x00, 0x00, 0x00, 0x00, 0x00, 0x00, 0x00, 0x00, 0x11,
  0x01, 0x11, 0x22, 0x22, 0x22, 0x22, 0x22, 0x23, 0x33, 0x33, 0x44, 0x44, 0x44, 0x44, 0x44, 0x45,
  0x55, 0x55, 0x55, 0x54, 0x44, 0xbe, 0xe4, 0x3e, 0xec, 0xac, 0xcc, 0xcc, 0xc8, 0x88, 0x78, 0xcc,
  0xa9, 0x96, 0x6c, 0x66, 0xaa, 0x88, 0x68, 0x88, 0x88, 0x85, 0x66, 0x56, 0x66, 0x67, 0x88, 0x55,
  0x57, 0xcc, 0xcc, 0xcc, 0xcc, 0xec, 0xbb, 0xbc, 0xcc, 0xcc, 0xcc, 0xcc, 0xc8, 0x8c, 0xcc, 0xcc,
  0x88, 0x68, 0x66, 0x58, 0x78, 0x88, 0x88, 0x88, 0x88, 0x88, 0x88, 0x88, 0x88, 0x88, 0x88, 0x88,
  0x8c, 0xcc, 0xa9, 0xc9, 0x99, 0xcc, 0xcc, 0xcc, 0x8c, 0x88, 0x88, 0x88, 0x99, 0x96, 0xa9, 0x96,
  0x98, 0x88, 0x76, 0x88, 0x88, 0x88, 0x88, 0x8c, 0x88, 0x8c, 0x76, 0x65, 0x56, 0x56, 0x45, 0x66,
  0x65, 0x55, 0x66, 0x68, 0x88, 0x88, 0x87, 0x6c, 0xcc, 0xcc, 0xcc, 0xcc, 0xcc, 0xcc, 0xcc, 0xcc,
  0xcc, 0x88, 0xbc, 0xcb, 0xd4, 0x4e, 0xee, 0x66, 0x99, 0x88, 0x86, 0x66, 0x55, 0x55, 0x54, 0x44,
  0x44, 0x44, 0x43, 0x33, 0x33, 0x22, 0x22, 0x11, 0x00, 0x00, 0x00, 0x00, 0x00, 0x00, 0x00, 0x00,
  0x00, 0x00, 0x00, 0x00, 0x00, 0x00, 0x00, 0x00, 0x00, 0x00, 0x00, 0x00, 0x00, 0x00, 0x00, 0x00,
  0x00, 0x00, 0x00, 0x00, 0x00, 0x01, 0x22, 0x22, 0x22, 0x32, 0x33, 0x33, 0x33, 0x34, 0x44, 0x44,
  0x44, 0x44, 0x55, 0x55, 0x44, 0x45, 0x55, 0x64, 0x4e, 0xee, 0x43, 0xee, 0xbc, 0xcc, 0xcc, 0xcc,
  0xc8, 0x68, 0x99, 0x9c, 0xa9, 0x88, 0x88, 0x88, 0x88, 0x78, 0x88, 0x88, 0x88, 0x88, 0x66, 0x88,
  0x76, 0x86, 0x66, 0x66, 0x69, 0xac, 0xcc, 0xcc, 0xcc, 0xcc, 0xcc, 0xa9, 0xac, 0xcc, 0xcc, 0xcc,
  0xc6, 0x78, 0xc8, 0x88, 0x88, 0x75, 0x55, 0x55, 0x66, 0x88, 0x88, 0x88, 0x88, 0x88, 0x88, 0x88,
  0x85, 0x66, 0x88, 0x89, 0xcc, 0xcc, 0xa9, 0xcc, 0xa9, 0x9a, 0xcc, 0xa9, 0x99, 0x88, 0x88, 0x8c,
  0xc6, 0x96, 0xaa, 0x88, 0x88, 0x88, 0x76, 0x88, 0x86, 0x88, 0x88, 0x88, 0x89, 0x99, 0x88, 0x85,
  0x55, 0x55, 0x68, 0x66, 0x55, 0x55, 0x85, 0x56, 0x99, 0x98, 0x87, 0x8c, 0x88, 0x88, 0x88, 0x9a,
  0xcc, 0xcc, 0xcc, 0xcc, 0xcc, 0xcc, 0xcc, 0xc6, 0xed, 0x54, 0xee, 0xed, 0x86, 0x88, 0x86, 0x66,
  0x55, 0x55, 0x55, 0x44, 0x44, 0x44, 0x43, 0x33, 0x33, 0x32, 0x22, 0x11, 0x10, 0x00, 0x00, 0x00,
  0x00, 0x00, 0x00, 0x00, 0x00, 0x00, 0x00, 0x00, 0x00, 0x00, 0x00, 0x00, 0x00, 0x00, 0x00, 0x00,
  0x00, 0x00, 0x00, 0x00, 0x00, 0x00, 0x00, 0x00, 0x00, 0x00, 0x22, 0x22, 0x22, 0x33, 0x33, 0x33,
  0x33, 0x34, 0x44, 0x54, 0x44, 0x45, 0x55, 0x55, 0x44, 0x45, 0x55, 0x55, 0x8e, 0xec, 0x4e, 0xdb,
  0xba, 0xac, 0xcc, 0xcc, 0xcc, 0xc8, 0x9a, 0xac, 0xca, 0x76, 0x88, 0x88, 0x88, 0x87, 0x78, 0x88,
  0x67, 0x87, 0x86, 0x86, 0x77, 0x87, 0x77, 0x77, 0x89, 0xac, 0xec, 0xcc, 0xaa, 0xcc, 0xca, 0xa9,
  0xac, 0xcc, 0xcc, 0xcc, 0xc8, 0x88, 0x88, 0x88, 0x88, 0x75, 0x55, 0x55, 0x67, 0x88, 0x88, 0x87,
  0x78, 0x87, 0x66, 0x66, 0x85, 0x56, 0x68, 0x89, 0xaa, 0xaa, 0xaa, 0xcc, 0xca, 0x9a, 0xca, 0xaa,
  0xa9, 0x98, 0x88, 0x8c, 0xca, 0xaa, 0x96, 0x86, 0x78, 0x87, 0x67, 0x88, 0x8c, 0xc8, 0x88, 0x88,
  0x89, 0x99, 0x88, 0x85, 0x58, 0x55, 0x68, 0x76, 0x55, 0x88, 0x88, 0x88, 0xaa, 0x98, 0x87, 0x88,
  0x77, 0xcc, 0x88, 0xaa, 0xac, 0xcc, 0xcc, 0xcc, 0xcc, 0xcc, 0xcc, 0xca, 0x9e, 0xe4, 0xce, 0xee,
  0x68, 0x88, 0x87, 0x66, 0x55, 0x55, 0x55, 0x44, 0x44, 0x44, 0x44, 0x33, 0x33, 0x33, 0x32, 0x21,
  0x10, 0x00, 0x00, 0x00, 0x00, 0x00, 0x00, 0x00, 0x00, 0x00, 0x00, 0x00, 0x00, 0x00, 0x00, 0x00,
  0x00, 0x00, 0x00, 0x00, 0x00, 0x00, 0x00, 0x00, 0x00, 0x00, 0x00, 0x00, 0x00, 0x00, 0x22, 0x22,
  0x23, 0x33, 0x33, 0x33, 0x33, 0x34, 0x44, 0x54, 0x56, 0x65, 0x55, 0x55, 0x44, 0x45, 0x55, 0x44,
  0xee, 0xe3, 0xad, 0xc6, 0xc9, 0xac, 0xc8, 0x8c, 0xcc, 0xcc, 0xcc, 0xcc, 0xcc, 0x76, 0x88, 0x78,
  0x86, 0x78, 0x78, 0x88, 0x67, 0x87, 0x86, 0x86, 0x78, 0x88, 0x88, 0x87, 0x89, 0xaa, 0x9c, 0xcc,
  0xaa, 0xcc, 0xcc, 0xc9, 0xac, 0xcc, 0xcc, 0xcc, 0xc8, 0x66, 0x88, 0x88, 0x88, 0x75, 0x55, 0x55,
  0x78, 0x87, 0x87, 0x88, 0x88, 0x87, 0x66, 0x66, 0x75, 0x55, 0x66, 0x69, 0x99, 0x9e, 0xec, 0xcc,
  0xcc, 0x9a, 0xc9, 0xaa, 0xa9, 0x9c, 0x88, 0x8c, 0xcc, 0xcc, 0xa9, 0x86, 0x67, 0x76, 0x67, 0x67,
  0xcc, 0xc8, 0x88, 0x75, 0x89, 0x99, 0xc8, 0x85, 0x58, 0x58, 0x88, 0x86, 0x55, 0x66, 0x76, 0x68,
  0x66, 0x98, 0x88, 0x87, 0x88, 0x88, 0x88, 0xca, 0x9c, 0xcc, 0xcc, 0xcc, 0xcc, 0xcc, 0xcc, 0xc9,
  0x65, 0xdb, 0x44, 0xee, 0x86, 0x88, 0x88, 0x66, 0x55, 0x55, 0x55, 0x44, 0x44, 0x44, 0x44, 0x33,
  0x33, 0x33, 0x32, 0x22, 0x10, 0x00, 0x00, 0x00, 0x00, 0x00, 0x00, 0x00, 0x00, 0x00, 0x00, 0x00,
  0x00, 0x00, 0x00, 0x00, 0x00, 0x00, 0x00, 0x00, 0x00, 0x00, 0x00, 0x00, 0x00, 0x00, 0x00, 0x00,
  0x00, 0x01, 0x22, 0x23, 0x33, 0x33, 0x33, 0x33, 0x34, 0x44, 0x44, 0x44, 0x55, 0x55, 0x55, 0x55,
  0x55, 0x55, 0x54, 0x6e, 0xee, 0x47, 0xee, 0x88, 0x8c, 0xcc, 0xc8, 0x8c, 0xcc, 0xcc, 0xa9, 0x9c,
  0xa9, 0x56, 0x68, 0x88, 0x88, 0x88, 0x88, 0x88, 0x88, 0x86, 0x68, 0x87, 0x6a, 0x99, 0xac, 0x99,
  0x99, 0x99, 0x9c, 0xcc, 0xcc, 0xcc, 0x9a, 0xcc, 0xa9, 0xcc, 0xcc, 0x99, 0x99, 0x88, 0xc8, 0x88,
  0x88, 0x75, 0x56, 0x66, 0x78, 0x87, 0xa7, 0x88, 0x88, 0x86, 0x55, 0x55, 0x55, 0x55, 0x88, 0x88,
  0x88, 0xcc, 0x99, 0x99, 0xac, 0x99, 0x99, 0x99, 0x99, 0x9c, 0x89, 0x7c, 0xcc, 0xcc, 0xc8, 0x88,
  0x65, 0x56, 0x68, 0x78, 0xcc, 0xc8, 0x88, 0x68, 0x89, 0x99, 0xcc, 0xc8, 0x88, 0x88, 0x8c, 0x88,
  0x65, 0x55, 0x56, 0x57, 0x88, 0x88, 0x88, 0x88, 0x8c, 0x77, 0x88, 0x9a, 0xcc, 0xcb, 0xcb, 0xbc,
  0xcc, 0xcc, 0xcc, 0xc8, 0x86, 0x6d, 0xe4, 0xee, 0xea, 0x66, 0x66, 0x65, 0x55, 0x55, 0x55, 0x54,
  0x54, 0x44, 0x44, 0x43, 0x33, 0x33, 0x22, 0x22, 0x20, 0x00, 0x00, 0x00, 0x00, 0x00, 0x00, 0x00,
  0x00, 0x00, 0x00, 0x00, 0x00, 0x00, 0x00, 0x00, 0x00, 0x00, 0x00, 0x00, 0x00, 0x00, 0x00, 0x00,
  0x00, 0x00, 0x00, 0x00, 0x00, 0x01, 0x22, 0x22, 0x33, 0x33, 0x33, 0x33, 0x44, 0x44, 0x44, 0x46,
  0x55, 0x55, 0x55, 0x55, 0x55, 0x55, 0x54, 0xee, 0xe4, 0x4e, 0xb6, 0x88, 0x78, 0x78, 0xc8, 0x8a,
  0x99, 0x9e, 0xa9, 0x9c, 0xcc, 0x68, 0x78, 0x88, 0x88, 0x88, 0x76, 0x66, 0x68, 0x87, 0x78, 0x8c,
  0x99, 0xa6, 0x99, 0x99, 0x99, 0x99, 0x99, 0x99, 0xca, 0xac, 0xcc, 0xc9, 0x99, 0xcc, 0xcc, 0xca,
  0x96, 0x68, 0x86, 0x75, 0x86, 0x65, 0x67, 0x77, 0x66, 0x87, 0xa7, 0x88, 0x88, 0x66, 0x55, 0x65,
  0x56, 0x68, 0x88, 0x88, 0x88, 0x88, 0x99, 0x99, 0x99, 0x99, 0x99, 0x99, 0x99, 0x96, 0x8c, 0x7c,
  0xcc, 0xc8, 0x87, 0x68, 0x66, 0x58, 0x68, 0x88, 0x8c, 0xcc, 0x8c, 0x88, 0x88, 0xcc, 0xa6, 0x98,
  0x88, 0x86, 0x88, 0x86, 0x65, 0x66, 0x57, 0x78, 0x68, 0x88, 0x77, 0x88, 0x88, 0x88, 0x88, 0xcc,
  0xcc, 0xcb, 0xee, 0xec, 0xcc, 0xcc, 0xcc, 0xc8, 0x88, 0xd8, 0xe4, 0x4e, 0xee, 0x55, 0x55, 0x55,
  0x55, 0x55, 0x55, 0x54, 0x44, 0x44, 0x44, 0x44, 0x33, 0x33, 0x22, 0x21, 0x20, 0x00, 0x00, 0x00,
  0x00, 0x00, 0x00, 0x00, 0x00, 0x00, 0x00, 0x00, 0x00, 0x00, 0x00, 0x00, 0x00, 0x00, 0x00, 0x00,
  0x00, 0x00, 0x00, 0x00, 0x00, 0x00, 0x00, 0x00, 0x01, 0x12, 0x22, 0x22, 0x33, 0x33, 0x33, 0x34,
  0x44, 0x44, 0x44, 0x46, 0x55, 0x56, 0x66, 0x65, 0x55, 0x55, 0x4e, 0xee, 0x44, 0xee, 0x68, 0x88,
  0x88, 0x78, 0xc8, 0x8a, 0xaa, 0x9a, 0xaa, 0x99, 0xc9, 0x87, 0x88, 0x88, 0xc8, 0x88, 0x86, 0x66,
  0x87, 0x88, 0x87, 0x68, 0xca, 0xaa, 0xa9, 0xa6, 0x99, 0x99, 0x98, 0xaa, 0xc9, 0xaa, 0xea, 0x69,
  0x99, 0x6a, 0xca, 0xcc, 0x99, 0x68, 0x7c, 0x85, 0x66, 0x66, 0x67, 0x87, 0x66, 0x87, 0xa7, 0x88,
  0x88, 0x66, 0x66, 0x55, 0x56, 0x66, 0x78, 0x88, 0x88, 0x88, 0x86, 0x99, 0x99, 0x99, 0x99, 0x99,
  0x99, 0x96, 0x66, 0x79, 0x69, 0xc7, 0x87, 0x68, 0x78, 0x66, 0x88, 0x88, 0x8c, 0xcc, 0xc8, 0x88,
  0x88, 0xca, 0xa6, 0xa8, 0x88, 0xcc, 0x68, 0x76, 0x66, 0x66, 0x56, 0x66, 0x66, 0x66, 0x88, 0x88,
  0x76, 0x88, 0x88, 0xaa, 0xac, 0xcb, 0xee, 0xcc, 0xcc, 0xcc, 0xca, 0xa8, 0x87, 0x87, 0xee, 0x43,
  0xee, 0xe6, 0x55, 0x55, 0x55, 0x55, 0x55, 0x54, 0x44, 0x44, 0x44, 0x43, 0x33, 0x33, 0x23, 0x22,
  0x21, 0x11, 0x00, 0x00, 0x00, 0x00, 0x00, 0x00, 0x00, 0x00, 0x00, 0x00, 0x00, 0x00, 0x00, 0x00,
  0x00, 0x00, 0x00, 0x00, 0x00, 0x00, 0x00, 0x00, 0x00, 0x00, 0x00, 0x00, 0x01, 0x22, 0x22, 0x23,
  0x33, 0x33, 0x33, 0x44, 0x44, 0x44, 0x45, 0x55, 0x55, 0x66, 0x88, 0x65, 0x55, 0x54, 0x5e, 0xeb,
  0x3e, 0xe7, 0x8c, 0x87, 0x78, 0x78, 0xcc, 0xcc, 0xca, 0x9c, 0xcc, 0x96, 0xc6, 0x88, 0x88, 0x8c,
  0xc8, 0x8c, 0x76, 0x67, 0x87, 0x88, 0x88, 0x88, 0xcc, 0xcb, 0xb9, 0xc6, 0x99, 0x9a, 0xa8, 0xec,
  0xc6, 0xc9, 0xac, 0x99, 0x99, 0xce, 0xa9, 0xcc, 0x88, 0x87, 0x87, 0x78, 0x67, 0x76, 0x67, 0x86,
  0x78, 0x89, 0x99, 0x88, 0x88, 0x66, 0x68, 0x65, 0x55, 0x55, 0x66, 0x78, 0x88, 0x66, 0x66, 0x89,
  0x99, 0x99, 0x99, 0x99, 0x99, 0x88, 0x88, 0x88, 0xcc, 0xc7, 0xa7, 0x88, 0x76, 0x88, 0x88, 0x77,
  0x77, 0x88, 0x77, 0x77, 0x86, 0xc9, 0xcc, 0xc8, 0x77, 0xca, 0x98, 0x86, 0x66, 0x55, 0x55, 0x55,
  0x66, 0x65, 0x68, 0x88, 0x88, 0x88, 0x88, 0x99, 0x9c, 0xcc, 0xcc, 0xcc, 0xcc, 0xcc, 0xca, 0x98,
  0x78, 0x88, 0x5e, 0xd3, 0x5e, 0xec, 0x55, 0x55, 0x55, 0x55, 0x55, 0x54, 0x44, 0x44, 0x44, 0x43,
  0x33, 0x33, 0x33, 0x22, 0x22, 0x11, 0x00, 0x00, 0x00, 0x00, 0x00, 0x00, 0x00, 0x00, 0x00, 0x00,
  0x00, 0x00, 0x00, 0x00, 0x00, 0x00, 0x00, 0x00, 0x00, 0x00, 0x00, 0x00, 0x00, 0x00, 0x00, 0x00,
  0x01, 0x22, 0x22, 0x23, 0x33, 0x33, 0x34, 0x44, 0x44, 0x44, 0x45, 0x55, 0x55, 0x68, 0x66, 0x55,
  0x55, 0x54, 0xee, 0xe4, 0x7d, 0x75, 0x68, 0x88, 0x88, 0x88, 0xcc, 0xcc, 0xca, 0x99, 0x99, 0x98,
  0x88, 0x87, 0x87, 0x88, 0x88, 0x6c, 0x67, 0x88, 0x68, 0x88, 0x88, 0x88, 0x9c, 0xcb, 0xbb, 0x9a,
  0xcc, 0xa9, 0xee, 0xcc, 0xcc, 0xcc, 0x9a, 0xc9, 0x99, 0x9c, 0xae, 0x98, 0x88, 0x88, 0x88, 0x88,
  0x88, 0x88, 0x67, 0x86, 0x78, 0x89, 0x99, 0x88, 0x88, 0xc6, 0x86, 0x65, 0x56, 0x55, 0x88, 0x86,
  0x66, 0x65, 0x66, 0x89, 0x99, 0x99, 0x99, 0x99, 0x99, 0x88, 0x88, 0x8c, 0xcc, 0xc7, 0xa7, 0x88,
  0x88, 0x88, 0x88, 0x88, 0x88, 0x87, 0x7c, 0xcc, 0xcc, 0xcc, 0xcc, 0xc8, 0x8c, 0x99, 0x98, 0xc7,
  0x56, 0x66, 0x55, 0x55, 0x56, 0x65, 0x56, 0x86, 0x78, 0x88, 0x88, 0x99, 0x9c, 0xcc, 0xca, 0xcc,
  0x88, 0xcc, 0xcc, 0xc8, 0x88, 0x88, 0x64, 0xe7, 0x3d, 0xee, 0x55, 0x55, 0x55, 0x55, 0x55, 0x54,
  0x44, 0x44, 0x44, 0x43, 0x33, 0x33, 0x33, 0x22, 0x22, 0x22, 0x00, 0x00, 0x00, 0x00, 0x00, 0x00,
  0x00, 0x00, 0x00, 0x00, 0x00, 0x00, 0x00, 0x00, 0x00, 0x00, 0x00, 0x00, 0x00, 0x00, 0x00, 0x00,
  0x00, 0x00, 0x00, 0x11, 0x11, 0x21, 0x22, 0x23, 0x33, 0x33, 0x34, 0x44, 0x44, 0x44, 0x45, 0x55,
  0x66, 0x78, 0x66, 0x55, 0x46, 0x7d, 0xee, 0x43, 0xde, 0x57, 0x78, 0x88, 0x8c, 0x99, 0xcc, 0xcc,
  0xca, 0x99, 0x99, 0x98, 0x78, 0x66, 0x67, 0x88, 0x99, 0x88, 0x77, 0x7c, 0x77, 0x88, 0x88, 0x99,
  0x9b, 0xbb, 0xbb, 0xaa, 0xcb, 0xbb, 0xae, 0x9a, 0x9c, 0xce, 0x99, 0xa8, 0x88, 0x89, 0xc8, 0x88,
  0x68, 0x88, 0x86, 0x78, 0x99, 0x88, 0x76, 0x66, 0x88, 0x68, 0x88, 0x86, 0x88, 0x87, 0x87, 0x66,
  0x68, 0x66, 0x66, 0x67, 0x76, 0x65, 0x56, 0x66, 0x66, 0x99, 0x98, 0x88, 0x98, 0x87, 0x67, 0x88,
  0x88, 0x87, 0x87, 0x88, 0x88, 0x87, 0x78, 0x68, 0x86, 0x88, 0x87, 0x78, 0x89, 0xac, 0xaa, 0xa8,
  0x88, 0x69, 0x99, 0xc9, 0x96, 0x66, 0x68, 0x66, 0x56, 0x65, 0x56, 0x66, 0x67, 0x88, 0x78, 0x99,
  0x9a, 0xca, 0xe6, 0x9c, 0x8c, 0xc9, 0xcc, 0xc8, 0x87, 0x68, 0x75, 0xce, 0x33, 0xee, 0xe5, 0x45,
  0x55, 0x55, 0x55, 0x55, 0x44, 0x44, 0x44, 0x44, 0x33, 0x33, 0x33, 0x32, 0x22, 0x22, 0x11, 0x10,
  0x00, 0x00, 0x00, 0x00, 0x00, 0x00, 0x00, 0x00, 0x00, 0x00, 0x00, 0x00, 0x00, 0x00, 0x00, 0x00,
  0x00, 0x00, 0x00, 0x00, 0x00, 0x00, 0x00, 0x11, 0x12, 0x22, 0x22, 0x33, 0x33, 0x33, 0x34, 0x44,
  0x44, 0x45, 0x45, 0x55, 0x88, 0x88, 0x66, 0x55, 0x65, 0x4e, 0xe4, 0x3d, 0xe5, 0x88, 0x88, 0x88,
  0x89, 0xac, 0xcc, 0xcc, 0xca, 0x99, 0x99, 0x9c, 0x68, 0x55, 0x58, 0x8c, 0xc9, 0x88, 0x88, 0x68,
  0x86, 0x88, 0x88, 0xea, 0x9b, 0xbb, 0xbb, 0xcc, 0xcb, 0xbb, 0x9c, 0xaa, 0x6c, 0xc9, 0x99, 0x98,
  0x88, 0x88, 0x78, 0x86, 0x66, 0x78, 0x86, 0x78, 0x99, 0x98, 0x86, 0x55, 0x55, 0x58, 0x88, 0x86,
  0x88, 0x88, 0x88, 0x86, 0x68, 0x76, 0x56, 0x68, 0x86, 0x55, 0x55, 0x55, 0x66, 0x99, 0x98, 0x88,
  0xc8, 0x86, 0x67, 0x88, 0x88, 0x88, 0x88, 0x88, 0x88, 0x86, 0x68, 0x86, 0x86, 0x87, 0x66, 0x68,
  0x89, 0x96, 0x99, 0x98, 0x88, 0xca, 0xae, 0xca, 0x99, 0x99, 0x98, 0x76, 0x56, 0x65, 0x55, 0x55,
  0x66, 0x86, 0x88, 0x99, 0x99, 0xaa, 0xee, 0xcc, 0xcc, 0xa9, 0xcc, 0xc8, 0x87, 0x68, 0x76, 0x87,
  0xd3, 0x3e, 0xec, 0x46, 0x55, 0x55, 0x55, 0x55, 0x44, 0x44, 0x44, 0x44, 0x44, 0x33, 0x33, 0x32,
  0x22, 0x22, 0x21, 0x10, 0x00, 0x00, 0x00, 0x00, 0x00, 0x00, 0x00, 0x00, 0x00, 0x00, 0x00, 0x00,
  0x00, 0x00, 0x00, 0x00, 0x00, 0x00, 0x00, 0x00, 0x00, 0x00, 0x00, 0x11, 0x22, 0x22, 0x22, 0x33,
  0x33, 0x33, 0x44, 0x44, 0x44, 0x44, 0x55, 0x55, 0x67, 0x88, 0x66, 0x55, 0x54, 0xee, 0xe3, 0xee,
  0x6c, 0x87, 0x78, 0x88, 0x8c, 0xcc, 0xcc, 0xcc, 0xcc, 0x66, 0xa9, 0x9c, 0x86, 0x66, 0x56, 0x6c,
  0x9a, 0x88, 0x87, 0x77, 0x77, 0x88, 0x78, 0xee, 0x9b, 0xbb, 0xbb, 0xcc, 0xcb, 0xbb, 0xc9, 0xac,
  0xcc, 0xcc, 0x99, 0x97, 0x88, 0x88, 0x88, 0xc8, 0x86, 0x77, 0x68, 0x88, 0x99, 0x98, 0x66, 0x65,
  0x55, 0x58, 0x88, 0x88, 0x88, 0x88, 0x86, 0x66, 0x68, 0x75, 0x66, 0x68, 0x88, 0x65, 0x55, 0x55,
  0x66, 0x99, 0x98, 0x88, 0x88, 0x76, 0x67, 0x88, 0x88, 0x88, 0x78, 0x87, 0x88, 0x8c, 0x76, 0x86,
  0x88, 0x88, 0x86, 0x68, 0x89, 0x99, 0x9a, 0xc8, 0x8c, 0xcc, 0xcc, 0x9a, 0xc9, 0x99, 0x98, 0x78,
  0x66, 0x55, 0x55, 0x56, 0x88, 0x88, 0x88, 0x99, 0x99, 0xcc, 0xcc, 0xcc, 0xcc, 0xcc, 0xca, 0x9c,
  0x87, 0x88, 0x88, 0x8a, 0xee, 0x2e, 0xee, 0x7a, 0x55, 0x55, 0x55, 0x55, 0x55, 0x44, 0x44, 0x44,
  0x44, 0x43, 0x33, 0x33, 0x22, 0x22, 0x11, 0x10, 0x00, 0x00, 0x00, 0x00, 0x00, 0x00, 0x00, 0x00,
  0x00, 0x00, 0x00, 0x00, 0x00, 0x00, 0x00, 0x00, 0x00, 0x00, 0x00, 0x00, 0x00, 0x00, 0x00, 0x11,
  0x12, 0x22, 0x33, 0x33, 0x33, 0x33, 0x44, 0x44, 0x44, 0x44, 0x45, 0x55, 0x66, 0x88, 0x66, 0x55,
  0x4e, 0xee, 0x33, 0xee, 0xee, 0x9b, 0xec, 0xcc, 0xcc, 0x88, 0xc8, 0xc8, 0x88, 0x88, 0x88, 0xc8,
  0x87, 0x55, 0x56, 0x77, 0x68, 0x66, 0x88, 0x87, 0x88, 0x88, 0x8c, 0xcc, 0xeb, 0xbb, 0xbb, 0xcc,
  0xcb, 0xbc, 0xeb, 0xbb, 0xbb, 0xcc, 0x99, 0x99, 0x99, 0xcc, 0xc8, 0x88, 0x65, 0x66, 0x56, 0x68,
  0x99, 0x98, 0x77, 0x65, 0x55, 0x56, 0x66, 0x66, 0x67, 0x45, 0x65, 0x55, 0x59, 0x99, 0x99, 0x99,
  0x99, 0x86, 0x66, 0x65, 0x66, 0x88, 0x86, 0x88, 0x66, 0x55, 0x56, 0x66, 0x66, 0x67, 0x88, 0x8c,
  0x99, 0x99, 0x9a, 0x87, 0x8a, 0x69, 0x67, 0x76, 0x66, 0x99, 0x88, 0x89, 0xac, 0xcc, 0xcc, 0xcc,
  0xc9, 0xaa, 0x69, 0x99, 0x99, 0x97, 0x78, 0x99, 0x99, 0x98, 0x88, 0x88, 0x88, 0x66, 0xa9, 0x8c,
  0x78, 0x88, 0x7a, 0x77, 0x87, 0x77, 0x79, 0xab, 0xed, 0x43, 0xee, 0xe4, 0x46, 0x66, 0x86, 0x65,
  0x55, 0x54, 0x44, 0x44, 0x44, 0x44, 0x43, 0x33, 0x33, 0x22, 0x11, 0x10, 0x00, 0x00, 0x00, 0x00,
  0x00, 0x00, 0x00, 0x00, 0x00, 0x00, 0x00, 0x00, 0x00, 0x00, 0x00, 0x00, 0x00, 0x00, 0x00, 0x00,
  0x00, 0x00, 0x00, 0x11, 0x12, 0x22, 0x33, 0x33, 0x33, 0x44, 0x44, 0x44, 0x44, 0x44, 0x45, 0x55,
  0x68, 0x88, 0x66, 0x55, 0x7e, 0xe4, 0x4d, 0xeb, 0xee, 0xee, 0xec, 0xcc, 0xa8, 0x88, 0xc8, 0xc8,
  0x88, 0x87, 0x78, 0x88, 0x88, 0x55, 0x66, 0x87, 0x68, 0x66, 0x67, 0x88, 0x88, 0x88, 0x89, 0x98,
  0xbb, 0xbb, 0xbb, 0xcc, 0xcb, 0xbb, 0xbb, 0xbb, 0xbb, 0xaa, 0x99, 0xa9, 0x99, 0xee, 0xc8, 0x86,
  0x65, 0x55, 0x56, 0x68, 0x99, 0x98, 0x87, 0x65, 0x55, 0x55, 0x55, 0x66, 0x65, 0x46, 0x55, 0x56,
  0x69, 0x99, 0x96, 0x69, 0x99, 0x86, 0x66, 0x66, 0x66, 0x88, 0x85, 0x56, 0x65, 0x55, 0x55, 0x55,
  0x66, 0x68, 0x88, 0x86, 0x69, 0xa9, 0x9c, 0x88, 0x86, 0x99, 0x67, 0x88, 0x89, 0x99, 0x87, 0x89,
  0xaa, 0xac, 0xcc, 0xcc, 0xa9, 0xaa, 0xa9, 0x99, 0x99, 0x98, 0x89, 0x99, 0x99, 0x98, 0x88, 0x88,
  0x88, 0x88, 0xaa, 0x9c, 0x78, 0x78, 0x7a, 0x77, 0xcc, 0xaa, 0xaa, 0xab, 0xae, 0xe4, 0x4e, 0xee,
  0x76, 0x66, 0x88, 0x66, 0x65, 0x55, 0x55, 0x44, 0x44, 0x44, 0x43, 0x33, 0x33, 0x22, 0x21, 0x10,
  0x00, 0x00, 0x00, 0x00, 0x00, 0x00, 0x00, 0x00, 0x00, 0x00, 0x00, 0x00, 0x00, 0x00, 0x00, 0x00,
  0x00, 0x00, 0x00, 0x00, 0x00, 0x00, 0x00, 0x11, 0x22, 0x22, 0x33, 0x33, 0x33, 0x44, 0x44, 0x44,
  0x44, 0x44, 0x55, 0x55, 0x56, 0x68, 0x66, 0x54, 0xee, 0xe4, 0xde, 0xbb, 0xee, 0xee, 0xec, 0xca,
  0x98, 0x8c, 0x77, 0x88, 0x88, 0x86, 0x77, 0x88, 0x88, 0x55, 0xc8, 0x88, 0x68, 0x58, 0x88, 0x88,
  0x88, 0x8c, 0xc9, 0xcb, 0xbb, 0xbb, 0xbb, 0xcc, 0xcb, 0xbb, 0xbb, 0xbb, 0xba, 0x99, 0x96, 0xa9,
  0x99, 0xaa, 0xc8, 0x86, 0x55, 0x55, 0x56, 0x78, 0x99, 0x98, 0x86, 0x55, 0x55, 0x55, 0x55, 0x55,
  0x54, 0x46, 0x55, 0x55, 0x69, 0x99, 0x9a, 0xa9, 0x99, 0x88, 0x88, 0x86, 0x65, 0x88, 0x86, 0x66,
  0x65, 0x55, 0x55, 0x55, 0x56, 0x68, 0x88, 0x88, 0x89, 0xca, 0x96, 0x88, 0xc9, 0x6c, 0x88, 0x78,
  0x89, 0x99, 0x87, 0x89, 0x99, 0x9c, 0xa6, 0xca, 0x99, 0x99, 0x99, 0x99, 0x99, 0x98, 0x78, 0x99,
  0x99, 0x98, 0x88, 0x88, 0x88, 0x88, 0xc6, 0x96, 0x87, 0x66, 0x7a, 0x78, 0x87, 0x77, 0xce, 0xcc,
  0xcc, 0xee, 0xde, 0xee, 0x79, 0xa8, 0x88, 0x66, 0x66, 0x55, 0x55, 0x44, 0x44, 0x44, 0x44, 0x33,
  0x33, 0x22, 0x22, 0x10, 0x00, 0x00, 0x00, 0x00, 0x00, 0x00, 0x00, 0x00, 0x00, 0x00, 0x00, 0x00,
  0x00, 0x00, 0x00, 0x00, 0x00, 0x00, 0x00, 0x00, 0x00, 0x00, 0x00, 0x11, 0x11, 0x22, 0x22, 0x33,
  0x33, 0x44, 0x44, 0x44, 0x44, 0x44, 0x45, 0x55, 0x55, 0x66, 0x56, 0x4e, 0xee, 0x44, 0xe5, 0xee,
  0xee, 0xee, 0xec, 0xc8, 0x67, 0xa7, 0x88, 0x78, 0x67, 0x77, 0x78, 0x88, 0x87, 0x88, 0x76, 0x78,
  0x88, 0x65, 0x68, 0x78, 0x88, 0x8a, 0xca, 0xec, 0xbb, 0xbb, 0xbb, 0xae, 0xee, 0xec, 0xbb, 0xb9,
  0xba, 0x99, 0xc8, 0x8c, 0xa9, 0x96, 0x68, 0x86, 0x55, 0x55, 0x58, 0x88, 0x88, 0x86, 0x55, 0x55,
  0x55, 0x55, 0x55, 0x55, 0x55, 0x66, 0x55, 0x55, 0x59, 0x99, 0xcc, 0xcc, 0xca, 0x99, 0x99, 0x96,
  0x66, 0x99, 0x98, 0x65, 0x68, 0x65, 0x55, 0x55, 0x56, 0x68, 0x88, 0x99, 0x98, 0x86, 0x68, 0x6c,
  0xcc, 0xcc, 0xcc, 0xa9, 0x9a, 0x69, 0x88, 0x89, 0x99, 0xca, 0xac, 0xcc, 0xc9, 0xac, 0xc9, 0x99,
  0x9a, 0x89, 0x9a, 0xc9, 0xac, 0xa8, 0x76, 0x66, 0x68, 0x88, 0x88, 0x88, 0x86, 0x65, 0x56, 0x88,
  0x8c, 0xcc, 0xee, 0xbb, 0xbb, 0xae, 0xd5, 0xee, 0xed, 0x85, 0x55, 0x86, 0x55, 0x56, 0x65, 0x55,
  0x54, 0x44, 0x44, 0x33, 0x33, 0x33, 0x22, 0x10, 0x00, 0x00, 0x00, 0x00, 0x00, 0x00, 0x00, 0x00,
  0x00, 0x00, 0x00, 0x00, 0x00, 0x00, 0x00, 0x00, 0x00, 0x00, 0x00, 0x00, 0x00, 0x00, 0x00, 0x11,
  0x12, 0x22, 0x23, 0x33, 0x33, 0x44, 0x44, 0x44, 0x44, 0x44, 0x45, 0x55, 0x55, 0x56, 0x54, 0x4e,
  0xe8, 0x4e, 0xe8, 0xee, 0xee, 0xbe, 0xec, 0xc8, 0x87, 0xa7, 0x67, 0x78, 0xc8, 0xae, 0x98, 0x87,
  0x88, 0x88, 0x87, 0x78, 0x88, 0x66, 0x68, 0x77, 0x76, 0x8a, 0xaa, 0xca, 0xeb, 0xbc, 0xbb, 0x9a,
  0xaa, 0xcc, 0xbb, 0xbb, 0xbb, 0xa9, 0x88, 0x8c, 0xa9, 0xac, 0x98, 0x86, 0x65, 0x55, 0x58, 0x88,
  0x87, 0x66, 0x66, 0x55, 0x55, 0x55, 0x55, 0x55, 0x56, 0x66, 0x65, 0x55, 0x56, 0x9c, 0xcc, 0xca,
  0xaa, 0x99, 0x99, 0x96, 0x66, 0x99, 0x96, 0x66, 0x78, 0x65, 0x55, 0x56, 0x56, 0x66, 0x78, 0x96,
  0x98, 0x88, 0x86, 0x78, 0x8a, 0xac, 0xaa, 0xa9, 0x99, 0x69, 0x87, 0x69, 0xaa, 0xaa, 0xaa, 0x99,
  0x99, 0xa9, 0xaa, 0xa9, 0x9a, 0x89, 0xaa, 0xca, 0xaa, 0x68, 0x67, 0x87, 0x68, 0x88, 0x88, 0x88,
  0x86, 0x65, 0x55, 0x57, 0x8c, 0xcc, 0xee, 0xbe, 0xeb, 0xde, 0xd4, 0x7e, 0xeb, 0x45, 0x56, 0x86,
  0x55, 0x56, 0x66, 0x55, 0x54, 0x44, 0x44, 0x43, 0x33, 0x33, 0x22, 0x10, 0x00, 0x00, 0x00, 0x00,
  0x00, 0x00, 0x00, 0x00, 0x00, 0x00, 0x00, 0x00, 0x00, 0x00, 0x00, 0x00, 0x00, 0x00, 0x00, 0x00,
  0x00, 0x00, 0x00, 0x12, 0x22, 0x22, 0x23, 0x33, 0x33, 0x34, 0x44, 0x44, 0x44, 0x44, 0x45, 0x55,
  0x55, 0x55, 0x55, 0xee, 0xe3, 0xbe, 0x4b, 0xee, 0xeb, 0xbb, 0xcc, 0xc8, 0x87, 0xa7, 0x67, 0x88,
  0x67, 0x74, 0x78, 0x86, 0x66, 0x86, 0x68, 0x88, 0x88, 0x86, 0x68, 0x66, 0x75, 0x89, 0x9a, 0xc9,
  0xeb, 0xbe, 0xbb, 0xcc, 0xcc, 0xcc, 0xbb, 0xbb, 0xbb, 0xc9, 0x88, 0x8c, 0xa9, 0xcc, 0x98, 0x88,
  0x66, 0x55, 0x58, 0x88, 0x88, 0x75, 0x66, 0x55, 0x55, 0x55, 0x55, 0x55, 0x56, 0x66, 0x55, 0x55,
  0x55, 0x9e, 0xcc, 0xc9, 0x99, 0x99, 0x99, 0x96, 0x65, 0x99, 0x96, 0x66, 0x88, 0x65, 0x55, 0x56,
  0x56, 0x66, 0x78, 0x99, 0x98, 0x86, 0x66, 0x78, 0x89, 0x66, 0x99, 0x99, 0x9a, 0xc9, 0x87, 0x69,
  0x66, 0x99, 0x99, 0xcc, 0xc9, 0xa6, 0x9c, 0xa9, 0xca, 0x89, 0xca, 0x6c, 0xa9, 0x95, 0x78, 0x88,
  0x88, 0x66, 0x68, 0x88, 0x86, 0x55, 0x55, 0x57, 0xcc, 0xcc, 0xee, 0xbe, 0xeb, 0xb6, 0xee, 0x5e,
  0xee, 0x45, 0x56, 0x65, 0x55, 0x56, 0x66, 0x55, 0x44, 0x44, 0x44, 0x43, 0x33, 0x33, 0x22, 0x10,
  0x00, 0x00, 0x00, 0x00, 0x00, 0x00, 0x00, 0x00, 0x00, 0x00, 0x00, 0x00, 0x00, 0x00, 0x00, 0x00,
  0x00, 0x00, 0x00, 0x00, 0x00, 0x01, 0x21, 0x12, 0x22, 0x22, 0x33, 0x33, 0x33, 0x44, 0x44, 0x45,
  0x55, 0x55, 0x55, 0x55, 0x88, 0x55, 0x5e, 0xee, 0x44, 0xe6, 0xcc, 0xcc, 0xcc, 0xcc, 0xcc, 0xc6,
  0x88, 0x76, 0x78, 0x88, 0x88, 0x86, 0x78, 0x85, 0x55, 0x68, 0x68, 0x86, 0x86, 0x88, 0x88, 0x76,
  0x77, 0x89, 0xac, 0xcc, 0xbb, 0xba, 0xac, 0xbb, 0xbb, 0xbb, 0xcc, 0xcc, 0xcc, 0xc9, 0x99, 0x98,
  0x7c, 0xeb, 0x9c, 0x87, 0x66, 0x55, 0x56, 0x78, 0x56, 0x65, 0x55, 0x55, 0x55, 0x55, 0x55, 0x56,
  0x65, 0x66, 0x65, 0x55, 0x56, 0x68, 0x99, 0x99, 0x99, 0x99, 0x99, 0x99, 0x99, 0x99, 0x99, 0x99,
  0x88, 0x88, 0x86, 0x68, 0x88, 0x88, 0x87, 0x68, 0x65, 0x66, 0x65, 0x66, 0x87, 0x56, 0x67, 0x89,
  0x9a, 0xc6, 0x99, 0x99, 0xac, 0x99, 0xac, 0x96, 0xa9, 0x99, 0x99, 0x99, 0x87, 0x86, 0x99, 0x69,
  0xac, 0x66, 0xa9, 0x88, 0x88, 0x86, 0x66, 0x65, 0x55, 0x55, 0x55, 0x57, 0x87, 0x9c, 0x8c, 0xcc,
  0xcc, 0x88, 0x8e, 0xee, 0xee, 0xe4, 0x45, 0x56, 0x55, 0x55, 0x55, 0x56, 0x44, 0x44, 0x44, 0x43,
  0x33, 0x33, 0x22, 0x22, 0x11, 0x00, 0x00, 0x00, 0x00, 0x00, 0x00, 0x00, 0x00, 0x00, 0x00, 0x00,
  0x00, 0x00, 0x00, 0x00, 0x00, 0x00, 0x00, 0x00, 0x01, 0x01, 0x21, 0x12, 0x22, 0x23, 0x33, 0x33,
  0x33, 0x44, 0x44, 0x45, 0x55, 0x55, 0x55, 0x55, 0x88, 0x54, 0xde, 0xec, 0x3e, 0xe8, 0x88, 0xcc,
  0xcc, 0xcc, 0xcc, 0x87, 0x88, 0x77, 0x78, 0x88, 0x88, 0x88, 0x77, 0x66, 0x66, 0x87, 0x78, 0x87,
  0x87, 0x77, 0x88, 0x76, 0x88, 0x86, 0xaa, 0xac, 0xbb, 0xba, 0xaa, 0xbb, 0xbb, 0xbb, 0xac, 0xcc,
  0xcc, 0xca, 0xaa, 0xa7, 0x8c, 0xbb, 0x9c, 0xc7, 0x77, 0x55, 0x56, 0x66, 0x56, 0x55, 0x45, 0x55,
  0x55, 0x55, 0x55, 0x56, 0x65, 0x55, 0x55, 0x55, 0x45, 0x56, 0x99, 0x99, 0x99, 0x99, 0x99, 0x99,
  0x99, 0x99, 0x99, 0x99, 0x88, 0x88, 0x78, 0x78, 0x88, 0x88, 0x88, 0x76, 0x65, 0x55, 0x55, 0x66,
  0x88, 0x87, 0x78, 0x89, 0x99, 0xac, 0x99, 0x99, 0xac, 0xa9, 0x9a, 0x9a, 0xc9, 0x99, 0xaa, 0xa9,
  0x88, 0x8a, 0x99, 0xaa, 0xec, 0xa6, 0x99, 0x88, 0x88, 0x87, 0x77, 0x76, 0x55, 0x55, 0x55, 0x56,
  0x77, 0x9c, 0x8c, 0xcc, 0xcc, 0x88, 0x6e, 0xe4, 0xee, 0xed, 0x45, 0x55, 0x55, 0x55, 0x55, 0x55,
  0x44, 0x44, 0x44, 0x33, 0x33, 0x33, 0x22, 0x11, 0x11, 0x00, 0x00, 0x00, 0x00, 0x00, 0x00, 0x00,
  0x00, 0x00, 0x00, 0x00, 0x00, 0x00, 0x00, 0x00, 0x00, 0x00, 0x00, 0x00, 0x01, 0x11, 0x21, 0x22,
  0x22, 0x23, 0x33, 0x33, 0x34, 0x44, 0x44, 0x55, 0x55, 0x55, 0x55, 0x55, 0x67, 0x44, 0xee, 0xe3,
  0x5e, 0x6c, 0x87, 0xc8, 0xcc, 0xcc, 0xcc, 0x88, 0x88, 0x78, 0x87, 0x88, 0x88, 0x87, 0x86, 0x66,
  0x66, 0x78, 0x88, 0x88, 0x87, 0x77, 0x88, 0x76, 0x88, 0x86, 0x99, 0x9c, 0xbb, 0xba, 0xaa, 0xbb,
  0xbb, 0xbb, 0xab, 0xcc, 0xcc, 0xcc, 0xca, 0xa8, 0xcc, 0xbb, 0x9c, 0xc7, 0x88, 0x65, 0x56, 0x66,
  0x66, 0x56, 0x66, 0x55, 0x56, 0x65, 0x55, 0x56, 0x66, 0x66, 0x55, 0x55, 0x65, 0x55, 0x66, 0x69,
  0x99, 0x99, 0x99, 0x99, 0x99, 0x99, 0x99, 0x99, 0x86, 0x88, 0x88, 0x88, 0x88, 0x88, 0x88, 0x86,
  0x55, 0x55, 0x55, 0x66, 0x76, 0x77, 0x88, 0x89, 0xa9, 0x9e, 0xaa, 0x99, 0xac, 0xca, 0xaa, 0x9a,
  0xca, 0x99, 0xac, 0xa9, 0xc8, 0x89, 0x99, 0x99, 0xca, 0xaa, 0x99, 0x88, 0x88, 0x88, 0x88, 0x86,
  0x65, 0x55, 0x55, 0x56, 0x67, 0x8c, 0x8c, 0xcc, 0x8c, 0x87, 0x85, 0xdb, 0x5e, 0xee, 0x45, 0x55,
  0x55, 0x55, 0x55, 0x54, 0x44, 0x44, 0x44, 0x33, 0x33, 0x33, 0x22, 0x22, 0x22, 0x00, 0x00, 0x00,
  0x00, 0x00, 0x00, 0x00, 0x00, 0x00, 0x00, 0x00, 0x00, 0x00, 0x00, 0x00, 0x00, 0x00, 0x00, 0x00,
  0x01, 0x22, 0x22, 0x22, 0x22, 0x33, 0x33, 0x34, 0x44, 0x44, 0x45, 0x55, 0x55, 0x55, 0x55, 0x55,
  0x86, 0x5b, 0xee, 0x34, 0xee, 0xcc, 0x88, 0xc8, 0x8c, 0xc8, 0x78, 0x88, 0x88, 0x78, 0x87, 0x88,
  0x88, 0x88, 0x65, 0x56, 0x68, 0x88, 0x88, 0x88, 0x86, 0x66, 0x88, 0x88, 0xa9, 0x99, 0x99, 0x96,
  0x66, 0xcc, 0xcc, 0xbb, 0xbb, 0xbb, 0xbb, 0xbc, 0xc9, 0x6c, 0xcc, 0xc6, 0xcc, 0xcc, 0xcc, 0xc7,
  0xc8, 0x66, 0x56, 0x78, 0x99, 0x98, 0x86, 0x55, 0x66, 0x85, 0x55, 0x56, 0x68, 0x88, 0x65, 0x55,
  0x55, 0x55, 0x55, 0x59, 0x99, 0x99, 0x99, 0x99, 0x99, 0x99, 0x99, 0x99, 0x99, 0x99, 0xc8, 0x8c,
  0x99, 0x98, 0x88, 0x86, 0x56, 0x55, 0x55, 0x77, 0x68, 0x66, 0x88, 0x8a, 0xca, 0x9a, 0xca, 0x99,
  0xac, 0xcc, 0xcc, 0x9a, 0xcc, 0xa9, 0x9c, 0xa9, 0x77, 0x88, 0x88, 0x88, 0x99, 0xcc, 0xa9, 0x99,
  0x9c, 0xcc, 0xcc, 0x88, 0x85, 0x55, 0x55, 0x55, 0x56, 0x88, 0x88, 0xc8, 0x8c, 0xc8, 0x85, 0xcd,
  0x44, 0xee, 0x85, 0x55, 0x55, 0x55, 0x55, 0x54, 0x44, 0x44, 0x44, 0x43, 0x33, 0x33, 0x22, 0x22,
  0x21, 0x11, 0x00, 0x00, 0x00, 0x00, 0x00, 0x00, 0x00, 0x00, 0x00, 0x00, 0x00, 0x00, 0x00, 0x00,
  0x00, 0x00, 0x00, 0x00, 0x01, 0x22, 0x22, 0x22, 0x22, 0x33, 0x33, 0x34, 0x44, 0x44, 0x45, 0x45,
  0x55, 0x55, 0x56, 0x65, 0x85, 0x5e, 0xee, 0x3e, 0xeb, 0xbc, 0xcc, 0xc8, 0x8c, 0x87, 0x88, 0x87,
  0x68, 0x88, 0x88, 0x88, 0x88, 0x86, 0x66, 0x56, 0x68, 0x86, 0x88, 0x88, 0x68, 0x88, 0x88, 0x88,
  0x99, 0x99, 0x99, 0x9c, 0xcc, 0x99, 0xaa, 0xbb, 0x9b, 0xbb, 0xb9, 0xea, 0xaa, 0x9c, 0xcc, 0xcc,
  0xa9, 0xcc, 0xcc, 0xc7, 0xc8, 0x66, 0x68, 0x88, 0x99, 0x98, 0x88, 0x66, 0x88, 0x86, 0x66, 0x56,
  0x68, 0x66, 0x66, 0x66, 0x55, 0x55, 0x55, 0x59, 0x99, 0x99, 0x99, 0x99, 0x99, 0x99, 0x99, 0xe9,
  0x99, 0x99, 0x9c, 0xcc, 0xca, 0x98, 0x88, 0x88, 0x65, 0x55, 0x55, 0x88, 0x66, 0x75, 0x78, 0x99,
  0x9a, 0xcc, 0xca, 0x99, 0xac, 0xce, 0xec, 0xa9, 0xc9, 0x99, 0x99, 0xac, 0x88, 0x88, 0x88, 0x88,
  0x9e, 0xcc, 0xcc, 0xcc, 0xcc, 0xcc, 0xcc, 0xcc, 0x66, 0x65, 0x55, 0x55, 0x55, 0x88, 0x76, 0x88,
  0xc8, 0x88, 0xc8, 0x6e, 0xd4, 0xee, 0xe4, 0x55, 0x55, 0x55, 0x55, 0x54, 0x44, 0x44, 0x44, 0x44,
  0x43, 0x33, 0x32, 0x22, 0x22, 0x22, 0x10, 0x00, 0x00, 0x00, 0x00, 0x00, 0x00, 0x00, 0x00, 0x00,
  0x00, 0x00, 0x00, 0x00, 0x00, 0x00, 0x00, 0x00, 0x01, 0x22, 0x22, 0x22, 0x32, 0x33, 0x33, 0x44,
  0x44, 0x44, 0x45, 0x55, 0x55, 0x66, 0x56, 0x66, 0x89, 0xee, 0xe4, 0x3e, 0xee, 0xb9, 0x99, 0xc9,
  0x9c, 0xc6, 0x66, 0x66, 0x66, 0x67, 0x88, 0x77, 0x88, 0x87, 0x77, 0x66, 0x66, 0x87, 0x88, 0x66,
  0x68, 0x88, 0x78, 0x88, 0x99, 0x99, 0x99, 0x9a, 0x99, 0x88, 0x86, 0xbb, 0x9b, 0xbb, 0xbb, 0xb9,
  0x99, 0x9c, 0xcc, 0xcc, 0xaa, 0xcc, 0xcc, 0x99, 0xc8, 0x86, 0x68, 0x88, 0x99, 0x98, 0x88, 0x66,
  0x88, 0x86, 0x66, 0x66, 0x88, 0x76, 0x66, 0x66, 0x66, 0x66, 0x55, 0x59, 0x99, 0x99, 0x99, 0x99,
  0x9a, 0x99, 0x98, 0x8c, 0x99, 0xaa, 0xac, 0xcc, 0x99, 0x88, 0x88, 0x87, 0x8c, 0x86, 0x55, 0x66,
  0x66, 0x65, 0x86, 0x6a, 0x9a, 0xcc, 0xcc, 0xee, 0xeb, 0xca, 0xac, 0x6a, 0xc9, 0x99, 0x89, 0xae,
  0x77, 0x88, 0x88, 0x88, 0xa7, 0x9a, 0xac, 0xcc, 0xcc, 0xcc, 0xcc, 0x99, 0x68, 0x66, 0x55, 0x55,
  0x55, 0x68, 0x77, 0x78, 0x87, 0x88, 0x87, 0x8c, 0xe4, 0x7e, 0xee, 0x5a, 0x55, 0x55, 0x55, 0x55,
  0x54, 0x54, 0x44, 0x44, 0x43, 0x33, 0x32, 0x22, 0x22, 0x11, 0x10, 0x00, 0x00, 0x00, 0x00, 0x00,
  0x00, 0x00, 0x00, 0x00, 0x00, 0x00, 0x00, 0x00, 0x00, 0x00, 0x00, 0x00, 0x01, 0x22, 0x22, 0x23,
  0x33, 0x33, 0x34, 0x44, 0x44, 0x44, 0x44, 0x56, 0x55, 0x66, 0x56, 0x66, 0x99, 0xee, 0xe4, 0xce,
  0xce, 0xbb, 0xbb, 0xcc, 0xcc, 0xc6, 0x55, 0x55, 0x55, 0x56, 0x88, 0x76, 0x88, 0x88, 0x87, 0x66,
  0x55, 0x88, 0x88, 0x66, 0x68, 0x88, 0x69, 0x99, 0x99, 0x99, 0x99, 0x99, 0x88, 0x88, 0x88, 0x66,
  0x9c, 0xa9, 0x9c, 0xcc, 0xca, 0x96, 0x66, 0xcc, 0xcc, 0xcc, 0xcc, 0x9a, 0xc9, 0x99, 0x99, 0x99,
  0x99, 0x99, 0x99, 0x99, 0x99, 0x99, 0x99, 0x99, 0x98, 0x88, 0x66, 0x66, 0x46, 0x66, 0x55, 0x59,
  0x99, 0x99, 0x99, 0x99, 0xac, 0x99, 0x98, 0x88, 0x99, 0xac, 0xcc, 0xcc, 0x88, 0x88, 0x88, 0x86,
  0x65, 0x66, 0x55, 0x55, 0x55, 0x55, 0x86, 0x6a, 0x9a, 0xcc, 0xcc, 0xcb, 0xbb, 0xca, 0xac, 0x96,
  0x69, 0x66, 0x89, 0x9e, 0x77, 0x89, 0x99, 0x99, 0x97, 0x89, 0xac, 0xcc, 0xcc, 0xcc, 0xcc, 0xa9,
  0x98, 0x76, 0x55, 0x55, 0x55, 0x56, 0x88, 0x86, 0x68, 0x88, 0x88, 0x86, 0xee, 0x4e, 0xee, 0x45,
  0x55, 0x55, 0x55, 0x55, 0x54, 0x55, 0x44, 0x44, 0x43, 0x33, 0x33, 0x31, 0x22, 0x11, 0x00, 0x00,
  0x00, 0x00, 0x00, 0x00, 0x00, 0x00, 0x00, 0x00, 0x00, 0x00, 0x00, 0x00, 0x00, 0x00, 0x00, 0x01,
  0x12, 0x22, 0x22, 0x23, 0x33, 0x33, 0x34, 0x44, 0x44, 0x44, 0x44, 0x45, 0x55, 0x56, 0x88, 0x88,
  0x9e, 0xee, 0x58, 0xe8, 0xee, 0xee, 0xeb, 0xcc, 0xcc, 0x86, 0x55, 0x55, 0x55, 0x55, 0x86, 0x68,
  0x66, 0x88, 0x87, 0x65, 0x65, 0x66, 0x66, 0x78, 0x78, 0x88, 0x89, 0x6a, 0x99, 0x99, 0x9a, 0xcc,
  0x98, 0x86, 0x88, 0xaa, 0xea, 0xac, 0x99, 0x96, 0xcc, 0xcc, 0xcc, 0x69, 0xac, 0xcc, 0xcc, 0xcc,
  0xc9, 0x9a, 0xcc, 0xcc, 0xcc, 0xcc, 0x99, 0x99, 0x99, 0x99, 0x99, 0x99, 0x98, 0x88, 0x66, 0x66,
  0x65, 0x66, 0x66, 0x59, 0x99, 0x99, 0x99, 0x96, 0x69, 0xcc, 0xcc, 0x88, 0x9c, 0xcc, 0x9a, 0xa9,
  0x88, 0x88, 0x88, 0x88, 0x86, 0x55, 0x56, 0x66, 0x68, 0x86, 0x86, 0x99, 0x99, 0x9c, 0xcc, 0xcb,
  0xb9, 0xca, 0x99, 0x9a, 0x69, 0x87, 0x89, 0x99, 0x88, 0x89, 0x99, 0x99, 0x97, 0x89, 0xac, 0xcc,
  0xc9, 0xcc, 0xcc, 0xa9, 0x98, 0x76, 0x55, 0x55, 0x55, 0x55, 0x68, 0x78, 0x86, 0x6c, 0xc7, 0x86,
  0x6d, 0xc5, 0xee, 0xb4, 0x55, 0x55, 0x55, 0x56, 0x65, 0x55, 0x44, 0x44, 0x43, 0x33, 0x33, 0x32,
  0x11, 0x11, 0x00, 0x00, 0x00, 0x00, 0x00, 0x00, 0x00, 0x00, 0x00, 0x00, 0x00, 0x00, 0x00, 0x00,
  0x00, 0x00, 0x00, 0x00, 0x02, 0x22, 0x22, 0x23, 0x33, 0x33, 0x34, 0x44, 0x44, 0x44, 0x45, 0x55,
  0x55, 0x66, 0x66, 0x78, 0x8e, 0xee, 0x5e, 0xe8, 0xee, 0xee, 0xeb, 0xcc, 0xc8, 0x87, 0x76, 0x66,
  0x55, 0x56, 0x65, 0x58, 0x66, 0x99, 0x87, 0x66, 0x66, 0x67, 0x75, 0x66, 0x76, 0x66, 0x68, 0x88,
  0x9a, 0xa9, 0x99, 0x88, 0x88, 0x77, 0x88, 0x88, 0x89, 0x9a, 0x9a, 0xcc, 0xaa, 0xaa, 0xcc, 0xaa,
  0xcc, 0xcc, 0xcc, 0xcc, 0xca, 0xaa, 0xcc, 0xcc, 0xcc, 0xcc, 0x99, 0x99, 0x99, 0x99, 0x99, 0x99,
  0x99, 0x99, 0x99, 0x99, 0x97, 0x78, 0x96, 0x69, 0x99, 0x99, 0x99, 0x9c, 0xca, 0xcc, 0xcc, 0xca,
  0x9c, 0xcc, 0xaa, 0xa9, 0x99, 0x99, 0x99, 0x88, 0x86, 0x55, 0x56, 0x77, 0x67, 0x78, 0x66, 0x89,
  0x99, 0x9c, 0xcc, 0xcb, 0xbb, 0xac, 0xa9, 0x99, 0x66, 0x87, 0x76, 0xa9, 0x88, 0x66, 0x99, 0x88,
  0x87, 0x86, 0x8c, 0xcc, 0xca, 0xcc, 0xca, 0x98, 0x86, 0x65, 0x44, 0x75, 0x55, 0x55, 0x66, 0x66,
  0x76, 0x78, 0xc8, 0x66, 0x5e, 0xd4, 0xee, 0xe5, 0x55, 0x55, 0x55, 0x55, 0x55, 0x55, 0x54, 0x44,
  0x44, 0x43, 0x33, 0x33, 0x22, 0x22, 0x10, 0x00, 0x00, 0x00, 0x00, 0x00, 0x00, 0x00, 0x00, 0x00,
  0x00, 0x00, 0x00, 0x00, 0x00, 0x00, 0x00, 0x00, 0x02, 0x22, 0x22, 0x23, 0x33, 0x33, 0x34, 0x44,
  0x44, 0x44, 0x45, 0x55, 0x55, 0x66, 0x65, 0x77, 0xee, 0xe5, 0xce, 0x68, 0xaa, 0xae, 0xec, 0xcc,
  0x98, 0x88, 0x86, 0x66, 0x54, 0x44, 0x44, 0x48, 0x66, 0x99, 0x88, 0xc6, 0x68, 0x67, 0x75, 0x66,
  0x86, 0x65, 0x57, 0x78, 0x9a, 0xa9, 0x99, 0x88, 0x86, 0x88, 0x88, 0x88, 0x89, 0x9a, 0xaa, 0xaa,
  0x99, 0x9a, 0xcc, 0xca, 0x66, 0xac, 0xcc, 0xcc, 0xcc, 0xcc, 0xcc, 0xcc, 0xac, 0xcc, 0x99, 0x9a,
  0x99, 0x99, 0x99, 0x99, 0x99, 0x99, 0x99, 0x99, 0x98, 0x88, 0x99, 0x99, 0x99, 0x99, 0x99, 0x9c,
  0xca, 0xcc, 0xcc, 0xca, 0xac, 0xca, 0xca, 0x99, 0xaa, 0xaa, 0x99, 0x88, 0x86, 0x55, 0x56, 0x77,
  0x68, 0x88, 0xc8, 0x99, 0x66, 0xaa, 0xcc, 0xcc, 0xcc, 0xac, 0xa9, 0xa9, 0x96, 0x87, 0x76, 0xa9,
  0x66, 0xca, 0x69, 0x78, 0x87, 0x68, 0x8c, 0xac, 0xcc, 0xaa, 0xa9, 0x88, 0x87, 0x64, 0x74, 0x55,
  0x55, 0x55, 0x55, 0x56, 0x76, 0x87, 0x67, 0x65, 0x44, 0xed, 0x4e, 0xed, 0x55, 0x55, 0x55, 0x55,
  0x55, 0x55, 0x54, 0x45, 0x44, 0x43, 0x33, 0x33, 0x22, 0x22, 0x10, 0x00, 0x00, 0x00, 0x00, 0x00,
  0x00, 0x00, 0x00, 0x00, 0x00, 0x00, 0x00, 0x00, 0x00, 0x00, 0x00, 0x00, 0x02, 0x12, 0x22, 0x22,
  0x33, 0x33, 0x44, 0x44, 0x44, 0x44, 0x44, 0x44, 0x66, 0x68, 0x86, 0x67, 0xee, 0xe4, 0xee, 0x8c,
  0xca, 0x9c, 0xcc, 0xca, 0x98, 0x88, 0x88, 0x65, 0x54, 0xee, 0xed, 0x48, 0x88, 0x9a, 0x88, 0xc6,
  0x68, 0x66, 0x65, 0x86, 0x67, 0x65, 0x56, 0x68, 0x9a, 0x69, 0x99, 0x88, 0x88, 0x88, 0x88, 0x88,
  0x89, 0x9e, 0xc9, 0x99, 0x99, 0x9c, 0xcc, 0xc9, 0x99, 0x9a, 0xa6, 0xcc, 0xcc, 0xcc, 0xcc, 0xcc,
  0x9a, 0xcc, 0x99, 0x9c, 0xa9, 0x99, 0x99, 0x99, 0x99, 0x99, 0x99, 0x99, 0x98, 0x88, 0x99, 0x99,
  0x99, 0x99, 0x99, 0x9c, 0xa9, 0xcc, 0xcc, 0xcc, 0xcc, 0xc6, 0xca, 0x99, 0xcc, 0xcc, 0xa9, 0x88,
  0x86, 0x55, 0x56, 0x88, 0x88, 0x88, 0xc8, 0x89, 0x66, 0xc9, 0xcc, 0xcc, 0xcc, 0xca, 0x99, 0x69,
  0x96, 0x88, 0x79, 0x6a, 0x86, 0xc9, 0x69, 0x68, 0x88, 0x88, 0x8c, 0x9a, 0xcc, 0x99, 0x99, 0x9c,
  0x8c, 0xbe, 0xee, 0xe4, 0x55, 0x55, 0x55, 0x56, 0x68, 0x87, 0x66, 0x78, 0x88, 0xed, 0x4e, 0xee,
  0x65, 0x55, 0x55, 0x55, 0x55, 0x55, 0x55, 0x45, 0x44, 0x44, 0x33, 0x33, 0x32, 0x22, 0x10, 0x00,
  0x00, 0x00, 0x00, 0x00, 0x00, 0x00, 0x00, 0x00, 0x00, 0x00, 0x00, 0x00, 0x00, 0x00, 0x00, 0x00,
  0x01, 0x22, 0x10, 0x33, 0x33, 0x33, 0x44, 0x44, 0x44, 0x44, 0x44, 0x56, 0x56, 0xc6, 0x85, 0x47,
  0xee, 0x47, 0xd5, 0x88, 0x88, 0xce, 0xc9, 0xc6, 0x7c, 0x86, 0x65, 0x55, 0x5e, 0xee, 0xee, 0xe7,
  0x88, 0x8c, 0x88, 0x88, 0x88, 0x55, 0x85, 0x56, 0x86, 0x6c, 0x67, 0x76, 0x88, 0x88, 0x88, 0x88,
  0x96, 0x98, 0x88, 0x88, 0x88, 0x88, 0xc8, 0x88, 0x89, 0x69, 0x99, 0x98, 0x88, 0x66, 0x6c, 0xcc,
  0xc8, 0x99, 0x9c, 0xcc, 0xcc, 0xcc, 0xcc, 0xcc, 0xae, 0xc9, 0x99, 0x99, 0x99, 0x99, 0x99, 0x99,
  0x99, 0x99, 0xca, 0x99, 0x99, 0x99, 0x99, 0xc9, 0xac, 0xcc, 0xcc, 0xcc, 0xcc, 0xcc, 0xca, 0xac,
  0xcc, 0xc9, 0x99, 0x88, 0x88, 0x66, 0x68, 0x88, 0x89, 0x99, 0x66, 0x88, 0x68, 0x88, 0x99, 0x99,
  0xac, 0xca, 0xac, 0x99, 0x96, 0x87, 0x88, 0x78, 0x88, 0x88, 0x88, 0x86, 0x78, 0x88, 0x8c, 0xcc,
  0xcc, 0x6c, 0x78, 0x88, 0x84, 0xee, 0xee, 0xee, 0x45, 0x55, 0x55, 0x56, 0x68, 0x87, 0x88, 0x66,
  0x68, 0x5d, 0x44, 0xee, 0xb4, 0x75, 0x55, 0x55, 0x55, 0x55, 0x55, 0x55, 0x44, 0x44, 0x33, 0x33,
  0x32, 0x22, 0x22, 0x00, 0x00, 0x00, 0x00, 0x00, 0x00, 0x00, 0x00, 0x00, 0x00, 0x00, 0x00, 0x00,
  0x00, 0x00, 0x00, 0x00, 0x01, 0x22, 0x10, 0x23, 0x33, 0x33, 0x44, 0x44, 0x44, 0x44, 0x44, 0x55,
  0x56, 0x87, 0x85, 0x5e, 0xee, 0x4e, 0xe6, 0x86, 0x88, 0x89, 0x99, 0x8c, 0xcc, 0x86, 0x85, 0x55,
  0x5e, 0xee, 0xee, 0xd5, 0x88, 0x8c, 0x88, 0x88, 0x88, 0x86, 0x85, 0x56, 0x76, 0x68, 0x67, 0x66,
  0x87, 0x88, 0x88, 0x88, 0xa6, 0x98, 0x77, 0x77, 0x87, 0x78, 0x87, 0x78, 0x86, 0xa9, 0xaa, 0x98,
  0x88, 0xaa, 0xac, 0xec, 0x88, 0x99, 0xac, 0xcc, 0xcc, 0xcc, 0xcc, 0xcc, 0xae, 0xc9, 0xaa, 0x9a,
  0xaa, 0xaa, 0x99, 0x99, 0xaa, 0xa9, 0xaa, 0x99, 0x99, 0xaa, 0xaa, 0xa9, 0xac, 0xcc, 0xcc, 0xcc,
  0xcc, 0xcc, 0xca, 0xac, 0xaa, 0xaa, 0xaa, 0x88, 0x88, 0x76, 0x68, 0x88, 0x89, 0x66, 0x88, 0x58,
  0x68, 0x88, 0x99, 0x99, 0xaa, 0xc6, 0xaa, 0x9a, 0xa6, 0x88, 0x77, 0x87, 0x77, 0x88, 0x88, 0x86,
  0x78, 0x88, 0x88, 0xee, 0x9c, 0x78, 0x78, 0x88, 0x8e, 0xee, 0xee, 0xed, 0x45, 0x55, 0x55, 0x56,
  0x78, 0x88, 0x77, 0x76, 0x67, 0x6e, 0xd5, 0xee, 0xe6, 0x75, 0x66, 0x65, 0x55, 0x55, 0x65, 0x44,
  0x44, 0x44, 0x33, 0x33, 0x32, 0x22, 0x22, 0x00, 0x00, 0x00, 0x00, 0x00, 0x00, 0x00, 0x00, 0x00,
  0x00, 0x00, 0x00, 0x00, 0x00, 0x00, 0x00, 0x00, 0x01, 0x22, 0x12, 0x23, 0x33, 0x33, 0x44, 0x44,
  0x44, 0x44, 0x44, 0x55, 0x55, 0x88, 0x85, 0xde, 0xe5, 0xbe, 0x66, 0x88, 0x88, 0x79, 0x99, 0x88,
  0xcc, 0x88, 0x65, 0x55, 0x4e, 0xee, 0xee, 0xe4, 0xcc, 0xcc, 0xc8, 0x88, 0x88, 0x86, 0x65, 0x56,
  0x88, 0x66, 0x86, 0x66, 0x88, 0x68, 0x88, 0x8c, 0xa8, 0x98, 0x76, 0x65, 0x56, 0x6c, 0x76, 0x7c,
  0x89, 0x69, 0xca, 0x98, 0x88, 0x99, 0xac, 0xa8, 0x88, 0x9a, 0xcc, 0xcc, 0xcc, 0xcc, 0xcc, 0xcc,
  0xcc, 0xc9, 0xac, 0x9a, 0xcc, 0xca, 0x99, 0x99, 0xcc, 0xa9, 0x99, 0x99, 0x9a, 0xcc, 0xcc, 0x99,
  0xac, 0xcc, 0xcc, 0xcc, 0xcc, 0xcc, 0xcc, 0xa6, 0x99, 0x9c, 0xcc, 0xc8, 0x88, 0x86, 0x68, 0x88,
  0x89, 0xaa, 0x88, 0x58, 0x67, 0x88, 0x99, 0x99, 0x99, 0xc6, 0xa9, 0x9a, 0xc9, 0x87, 0x78, 0x76,
  0x67, 0x88, 0x88, 0x88, 0x68, 0x86, 0x78, 0xaa, 0x6c, 0x88, 0x88, 0x88, 0x8b, 0xee, 0xee, 0xed,
  0x46, 0x55, 0x66, 0x57, 0x88, 0x88, 0x86, 0x78, 0x86, 0x74, 0xe7, 0x4e, 0xee, 0x65, 0x66, 0x65,
  0x55, 0x56, 0x65, 0x55, 0x44, 0x44, 0x33, 0x33, 0x33, 0x22, 0x22, 0x00, 0x00, 0x00, 0x00, 0x00,
  0x00, 0x00, 0x00, 0x00, 0x00, 0x00, 0x00, 0x00, 0x00, 0x00, 0x00, 0x00, 0x02, 0x22, 0x22, 0x33,
  0x33, 0x34, 0x44, 0x44, 0x44, 0x44, 0x44, 0x55, 0x55, 0x78, 0x8d, 0xee, 0xe4, 0xee, 0x68, 0x88,
  0x88, 0x66, 0x88, 0x88, 0xcc, 0x87, 0x88, 0x55, 0x5e, 0xee, 0xee, 0xd5, 0x88, 0xcc, 0xcc, 0xc8,
  0x88, 0x86, 0x68, 0x88, 0x88, 0x88, 0x88, 0x76, 0x67, 0x8a, 0xcc, 0x88, 0x78, 0x98, 0x88, 0x88,
  0x88, 0x88, 0x88, 0x88, 0x88, 0x88, 0xca, 0x99, 0x99, 0x9c, 0xcc, 0xce, 0xec, 0x87, 0x8c, 0xcc,
  0xcc, 0xcc, 0xcc, 0xcc, 0xaa, 0xcb, 0xbb, 0xcc, 0xcc, 0xcc, 0xc9, 0xac, 0xcb, 0xbb, 0xbb, 0xbb,
  0xbb, 0xbb, 0xbc, 0xcc, 0xcc, 0xcc, 0xcc, 0xcc, 0xcc, 0xcc, 0xcc, 0xcc, 0xcc, 0xcc, 0xa9, 0x88,
  0x65, 0x56, 0x68, 0x77, 0x86, 0xa9, 0xa9, 0x65, 0x69, 0x99, 0x99, 0x99, 0x99, 0x9a, 0xa9, 0xc9,
  0x88, 0x88, 0x88, 0x76, 0xc8, 0x88, 0x87, 0x88, 0x88, 0x88, 0x88, 0x88, 0x8c, 0xc8, 0x8c, 0x88,
  0x85, 0xee, 0xee, 0xee, 0xa6, 0x66, 0x65, 0x57, 0xa7, 0x88, 0x88, 0x88, 0x86, 0x75, 0xee, 0x4e,
  0xee, 0xc5, 0x55, 0x65, 0x55, 0x55, 0x55, 0x44, 0x44, 0x44, 0x43, 0x33, 0x33, 0x22, 0x22, 0x20,
  0x00, 0x00, 0x00, 0x00, 0x00, 0x00, 0x00, 0x00, 0x00, 0x00, 0x00, 0x00, 0x00, 0x00, 0x00, 0x00,
  0x02, 0x22, 0x22, 0x33, 0x33, 0x44, 0x44, 0x44, 0x44, 0x44, 0x44, 0x55, 0x55, 0x88, 0x7e, 0xee,
  0x44, 0xdc, 0x68, 0x88, 0x77, 0x77, 0x87, 0x88, 0x8c, 0x88, 0x88, 0x65, 0x55, 0xee, 0xee, 0x67,
  0x88, 0xc8, 0x88, 0x88, 0x88, 0x87, 0x78, 0x88, 0x88, 0x88, 0x88, 0x76, 0x77, 0x86, 0xa9, 0x88,
  0xac, 0x77, 0x78, 0x88, 0x88, 0x76, 0x88, 0x88, 0x88, 0x88, 0x6c, 0xaa, 0xaa, 0x9c, 0xaa, 0xce,
  0xea, 0x68, 0x8c, 0xcc, 0xcc, 0xcc, 0xcc, 0xcc, 0xaa, 0xcb, 0xbb, 0xcc, 0xcc, 0xcc, 0xca, 0xcc,
  0xcb, 0xbb, 0xbb, 0xbb, 0xbb, 0xbb, 0xbc, 0xcc, 0xcc, 0xcc, 0xcc, 0xcc, 0xcc, 0xcc, 0xcc, 0xcc,
  0xcc, 0xca, 0x99, 0x88, 0x65, 0x66, 0x68, 0x88, 0x6a, 0xa9, 0x69, 0x65, 0x66, 0xa9, 0x99, 0x99,
  0x99, 0x9a, 0xa9, 0xa9, 0x88, 0x88, 0x88, 0x76, 0x87, 0x66, 0x87, 0x88, 0x88, 0x88, 0x86, 0x88,
  0x88, 0x88, 0x87, 0x88, 0x87, 0xde, 0xee, 0xb8, 0xee, 0x77, 0x65, 0x67, 0xa7, 0x88, 0x88, 0x88,
  0x87, 0x74, 0x7d, 0x44, 0xee, 0xc5, 0x66, 0x66, 0x66, 0x56, 0x65, 0x64, 0x44, 0x44, 0x43, 0x33,
  0x33, 0x22, 0x22, 0x20, 0x00, 0x00, 0x00, 0x00, 0x00, 0x00, 0x00, 0x00, 0x00, 0x00, 0x00, 0x00,
  0x00, 0x00, 0x00, 0x00, 0x02, 0x22, 0x22, 0x33, 0x33, 0x44, 0x44, 0x44, 0x44, 0x44, 0x44, 0x45,
  0x55, 0x67, 0x6e, 0xee, 0x4d, 0xe8, 0x88, 0x88, 0x88, 0x78, 0x88, 0x78, 0x88, 0xc8, 0x88, 0x65,
  0x56, 0x54, 0x54, 0xb8, 0x88, 0x88, 0x88, 0x87, 0x87, 0x88, 0x87, 0x88, 0x88, 0x88, 0x88, 0x88,
  0x87, 0x79, 0x99, 0x78, 0x75, 0xa8, 0x78, 0x88, 0x88, 0x88, 0x88, 0x78, 0x88, 0x88, 0x6c, 0xc6,
  0xac, 0x9c, 0xa9, 0xcc, 0xc9, 0x6c, 0xcc, 0xcc, 0xcc, 0xcc, 0xcc, 0xcc, 0xcc, 0xcb, 0xbb, 0xcc,
  0xcc, 0xcc, 0xcc, 0xcc, 0xcb, 0xbb, 0xbb, 0xbb, 0xbb, 0xbb, 0xbc, 0xcc, 0xcc, 0xcc, 0xcc, 0xcc,
  0xcc, 0xcc, 0xcc, 0xcc, 0xac, 0xc9, 0x99, 0x88, 0x66, 0x66, 0x67, 0x66, 0x56, 0x69, 0x99, 0x65,
  0x56, 0xc9, 0x99, 0x99, 0x99, 0x99, 0x99, 0x98, 0x87, 0x78, 0x78, 0x66, 0x76, 0x66, 0x78, 0x88,
  0x88, 0x88, 0x86, 0x76, 0x68, 0x88, 0x86, 0x88, 0x87, 0xa4, 0x64, 0x6e, 0xc7, 0x88, 0x66, 0x67,
  0xa7, 0x77, 0x8c, 0x88, 0x88, 0x6a, 0xae, 0xe3, 0xee, 0xe4, 0x66, 0x66, 0x66, 0x66, 0x65, 0x56,
  0x44, 0x44, 0x43, 0x33, 0x33, 0x22, 0x22, 0x20, 0x00, 0x00, 0x00, 0x00, 0x00, 0x00, 0x00, 0x00,
  0x00, 0x00, 0x00, 0x00, 0x00, 0x00, 0x00, 0x11, 0x22, 0x22, 0x33, 0x33, 0x33, 0x44, 0x44, 0x44,
  0x44, 0x44, 0x44, 0x55, 0x55, 0x65, 0xee, 0xe4, 0x7e, 0x6c, 0xc8, 0x88, 0x77, 0x88, 0x88, 0x88,
  0x88, 0x77, 0x88, 0x66, 0x55, 0x55, 0x55, 0x88, 0x88, 0x87, 0x78, 0x87, 0xa7, 0x88, 0x76, 0x78,
  0x88, 0x88, 0x78, 0x66, 0x86, 0x66, 0x55, 0x56, 0x65, 0x68, 0x88, 0x88, 0x88, 0x68, 0x89, 0x78,
  0x89, 0x99, 0xc8, 0x89, 0xac, 0xcc, 0xcc, 0xcc, 0xcc, 0xcc, 0xcc, 0xcc, 0xcc, 0xcc, 0xcc, 0xcc,
  0xcc, 0xcb, 0xbb, 0xcc, 0xcb, 0xbb, 0xbb, 0xbb, 0xbb, 0xbb, 0xbb, 0xbb, 0xbb, 0xbb, 0xbb, 0xbb,
  0xbb, 0xcc, 0xcc, 0xcc, 0xc9, 0xac, 0xca, 0x99, 0x6c, 0xc8, 0x88, 0x88, 0x88, 0x88, 0x56, 0x86,
  0x58, 0x88, 0x88, 0x55, 0x56, 0x88, 0x88, 0x86, 0x78, 0x99, 0x98, 0x66, 0x65, 0x66, 0x56, 0x65,
  0x66, 0x66, 0x68, 0x88, 0x88, 0x88, 0x88, 0x86, 0xc9, 0xc9, 0x88, 0x6c, 0x88, 0x88, 0x88, 0x87,
  0x88, 0x88, 0x88, 0x88, 0x88, 0x88, 0x8c, 0xcc, 0xcc, 0x88, 0x75, 0xe4, 0x3e, 0xec, 0x5a, 0x88,
  0x88, 0x84, 0xa5, 0x56, 0x54, 0x44, 0x44, 0x33, 0x33, 0x33, 0x22, 0x20, 0x00, 0x00, 0x00, 0x00,
  0x10, 0x00, 0x00, 0x00, 0x00, 0x00, 0x00, 0x00, 0x00, 0x00, 0x00, 0x11, 0x22, 0x22, 0x33, 0x33,
  0x33, 0x33, 0x44, 0x44, 0x44, 0x44, 0x44, 0x45, 0x55, 0x54, 0xee, 0xe4, 0xdb, 0x88, 0x88, 0x88,
  0x88, 0x86, 0x78, 0x86, 0x66, 0x87, 0x67, 0x86, 0x55, 0x55, 0x55, 0x6c, 0x88, 0x88, 0x88, 0x87,
  0xa7, 0x88, 0x88, 0x88, 0x88, 0x88, 0x87, 0x66, 0x88, 0x65, 0x55, 0x55, 0x55, 0x57, 0x88, 0x88,
  0x88, 0x87, 0x8c, 0x78, 0x89, 0x9c, 0xc8, 0x8c, 0xa9, 0xc9, 0xac, 0xcc, 0x6a, 0xcc, 0xcc, 0xcc,
  0xcc, 0xcc, 0xcc, 0xcc, 0xcc, 0xcb, 0xbb, 0xcc, 0xcb, 0xbb, 0xbb, 0xbb, 0xbb, 0xbb, 0xbb, 0xbb,
  0xbb, 0xbb, 0xbb, 0xbb, 0xbb, 0xcc, 0xcc, 0xaa, 0xc9, 0x99, 0x99, 0x99, 0xca, 0x98, 0x88, 0x88,
  0x76, 0x67, 0x78, 0x66, 0x68, 0x66, 0x86, 0x65, 0x56, 0x68, 0x88, 0x86, 0x88, 0x99, 0x98, 0x76,
  0x65, 0x55, 0x56, 0x65, 0x86, 0x68, 0x87, 0x68, 0x88, 0x88, 0x8c, 0x88, 0x89, 0x99, 0x86, 0x8c,
  0x88, 0x88, 0x88, 0x88, 0x88, 0xc8, 0x88, 0x66, 0x68, 0x88, 0x88, 0x88, 0xcc, 0x88, 0x84, 0xed,
  0x4e, 0xee, 0x5a, 0x88, 0x78, 0x87, 0xa6, 0x55, 0x54, 0x44, 0x44, 0x33, 0x33, 0x33, 0x22, 0x20,
  0x00, 0x00, 0x00, 0x00, 0x00, 0x00, 0x00, 0x00, 0x00, 0x00, 0x00, 0x00, 0x00, 0x00, 0x00, 0x11,
  0x22, 0x22, 0x33, 0x33, 0x33, 0x33, 0x44, 0x44, 0x44, 0x44, 0x44, 0x55, 0x55, 0x5d, 0xee, 0xe5,
  0xec, 0x88, 0x77, 0x88, 0x88, 0x86, 0x68, 0x86, 0x66, 0x76, 0x68, 0x66, 0x65, 0x55, 0x56, 0x66,
  0x87, 0x66, 0x78, 0x87, 0x97, 0x88, 0x88, 0x88, 0x87, 0x88, 0x87, 0x77, 0x77, 0x65, 0x55, 0x56,
  0x66, 0x67, 0x88, 0x88, 0x88, 0x87, 0x89, 0x78, 0x89, 0x86, 0x66, 0x8c, 0xaa, 0xce, 0xeb, 0xbc,
  0x69, 0x99, 0x9a, 0xac, 0xcc, 0xcc, 0xaa, 0xcc, 0xcc, 0xcb, 0xbb, 0xbb, 0xbb, 0xbb, 0xbb, 0xbb,
  0xbb, 0xbb, 0xbb, 0xbb, 0xbb, 0xbb, 0xbb, 0xbb, 0xbb, 0xcc, 0xcc, 0xaa, 0xc9, 0x99, 0x99, 0x99,
  0xca, 0xa9, 0x88, 0x88, 0x66, 0x66, 0x68, 0x66, 0x68, 0x66, 0x65, 0x65, 0x55, 0x77, 0x78, 0x86,
  0x98, 0x99, 0x98, 0x86, 0x86, 0x66, 0x66, 0x66, 0x86, 0x67, 0x66, 0x68, 0x88, 0x88, 0x8c, 0x88,
  0x86, 0x69, 0x86, 0x66, 0x88, 0x88, 0x88, 0x88, 0x88, 0xc8, 0x88, 0x66, 0x67, 0x87, 0x87, 0x78,
  0x8c, 0xc7, 0x84, 0xee, 0x37, 0xee, 0xca, 0x88, 0x87, 0x87, 0xa7, 0x66, 0x65, 0x44, 0x44, 0x43,
  0x33, 0x33, 0x22, 0x20, 0x00, 0x11, 0x12, 0x11, 0x00, 0x00, 0x00, 0x00, 0x00, 0x00, 0x00, 0x00,
  0x00, 0x00, 0x00, 0x11, 0x22, 0x22, 0x33, 0x33, 0x34, 0x44, 0x44, 0x44, 0x44, 0x44, 0x44, 0x55,
  0x55, 0x4e, 0xee, 0x4e, 0xd5, 0xcc, 0x86, 0xc8, 0x88, 0x86, 0x66, 0x65, 0x56, 0x66, 0x55, 0x67,
  0x65, 0x55, 0x56, 0x65, 0x66, 0x55, 0x68, 0x88, 0x8c, 0x88, 0x88, 0x88, 0x86, 0x88, 0x88, 0x88,
  0x87, 0x65, 0x55, 0x56, 0x66, 0x88, 0x88, 0x88, 0x88, 0xcc, 0x88, 0x89, 0x98, 0x78, 0x99, 0x9c,
  0xcc, 0xcc, 0xbb, 0xbb, 0xcc, 0xa9, 0x99, 0xac, 0xcc, 0xcc, 0x9a, 0xcc, 0xcc, 0xcb, 0xbb, 0xbb,
  0xbc, 0xcb, 0xbb, 0xbc, 0xcc, 0xcc, 0xbb, 0xbb, 0xbb, 0xbb, 0xbb, 0xbb, 0xbb, 0xcc, 0xcc, 0xcc,
  0xc9, 0x88, 0x89, 0x99, 0xcc, 0xcc, 0xa9, 0x8c, 0x65, 0x55, 0x56, 0x66, 0x66, 0x69, 0x54, 0x65,
  0x56, 0xaa, 0x88, 0x89, 0x99, 0x88, 0x89, 0x98, 0x87, 0xc6, 0x86, 0x68, 0x58, 0x86, 0x56, 0x88,
  0x88, 0x88, 0xcc, 0x88, 0x76, 0x6c, 0xc8, 0x88, 0x88, 0x88, 0x88, 0x88, 0x88, 0xc8, 0x88, 0x86,
  0x66, 0x87, 0x88, 0x88, 0xca, 0x96, 0x86, 0x5d, 0x63, 0xee, 0xed, 0x99, 0x98, 0xc8, 0x88, 0x88,
  0x85, 0x44, 0x44, 0x44, 0x33, 0x33, 0x22, 0x21, 0x10, 0x12, 0x22, 0x21, 0x00, 0x00, 0x00, 0x00,
  0x00, 0x00, 0x00, 0x00, 0x00, 0x00, 0x00, 0x11, 0x22, 0x22, 0x33, 0x33, 0x34, 0x44, 0x44, 0x44,
  0x44, 0x44, 0x45, 0x55, 0x55, 0x4e, 0xee, 0x4e, 0xe6, 0xcc, 0x88, 0x88, 0x66, 0x65, 0x55, 0x65,
  0x68, 0x66, 0x55, 0x66, 0x86, 0x66, 0x66, 0x55, 0x55, 0x55, 0x68, 0x86, 0x78, 0x88, 0x88, 0x88,
  0xc7, 0x88, 0x87, 0x88, 0x86, 0x65, 0x55, 0x55, 0x66, 0x67, 0x88, 0x86, 0x66, 0x88, 0x87, 0x96,
  0x98, 0x88, 0x9a, 0xc9, 0x6c, 0xe9, 0x99, 0xbb, 0x69, 0xca, 0x9c, 0xcc, 0xcc, 0xcc, 0x9a, 0xcc,
  0xcc, 0xcb, 0xbb, 0xbb, 0xbc, 0xcb, 0xbb, 0xbc, 0xcc, 0xcc, 0xbb, 0xbb, 0xbb, 0xbb, 0xbb, 0xbb,
  0xbb, 0xcc, 0xcc, 0xa9, 0x9e, 0xc8, 0x8c, 0xcc, 0x99, 0x99, 0x99, 0x88, 0x65, 0x56, 0x65, 0x66,
  0x89, 0x99, 0x55, 0x66, 0x56, 0x68, 0x55, 0x69, 0x99, 0x86, 0x89, 0x98, 0x88, 0x87, 0x66, 0x88,
  0x88, 0x65, 0x56, 0x88, 0x88, 0x88, 0x88, 0x88, 0x88, 0x6c, 0xc8, 0x88, 0x88, 0x88, 0x68, 0x88,
  0x86, 0x88, 0x88, 0x88, 0x77, 0x78, 0x8c, 0xcc, 0xcc, 0xcc, 0xc9, 0x6e, 0xe3, 0x7e, 0xe5, 0x99,
  0x9c, 0xc8, 0x88, 0x88, 0x85, 0x55, 0x44, 0x44, 0x33, 0x33, 0x22, 0x20, 0x00, 0x11, 0x11, 0x11,
  0x00, 0x00, 0x00, 0x00, 0x00, 0x00, 0x00, 0x00, 0x00, 0x00, 0x00, 0x12, 0x22, 0x22, 0x33, 0x34,
  0x44, 0x44, 0x44, 0x44, 0x44, 0x45, 0x55, 0x55, 0x65, 0xee, 0xe3, 0xad, 0x78, 0x88, 0x68, 0x88,
  0x66, 0x65, 0x55, 0x65, 0x56, 0x65, 0x55, 0x56, 0x67, 0x67, 0x87, 0x66, 0x66, 0x55, 0x78, 0x87,
  0x77, 0x66, 0x99, 0x99, 0xc6, 0x99, 0x96, 0x96, 0x8a, 0x66, 0x66, 0x55, 0x56, 0x65, 0x88, 0x66,
  0x56, 0x68, 0x99, 0x6a, 0x99, 0x99, 0x9a, 0xc6, 0x9c, 0x9a, 0xa9, 0xa9, 0xea, 0xaa, 0xac, 0xaa,
  0xea, 0xaa, 0x9a, 0xcc, 0xcc, 0xcb, 0xbb, 0xbb, 0xbb, 0xbb, 0xbb, 0xbb, 0xbb, 0xbb, 0xbb, 0xbb,
  0xbb, 0xbb, 0xbb, 0xbb, 0xbb, 0xcc, 0xcc, 0xa9, 0x88, 0x88, 0x88, 0x88, 0x98, 0xc9, 0x88, 0x88,
  0x65, 0x66, 0x65, 0x86, 0x68, 0x88, 0x55, 0x56, 0x55, 0x47, 0x88, 0x78, 0x88, 0x99, 0x99, 0x98,
  0x88, 0x85, 0x66, 0x66, 0x88, 0x76, 0x67, 0x66, 0x78, 0x88, 0x88, 0x88, 0x88, 0x78, 0x86, 0x78,
  0x88, 0x88, 0x78, 0x88, 0x87, 0x68, 0x88, 0x88, 0x85, 0x66, 0x69, 0x99, 0xcc, 0xcc, 0x88, 0x68,
  0xd4, 0x3e, 0xee, 0x7a, 0xec, 0xc8, 0x88, 0x88, 0x85, 0x55, 0x44, 0x44, 0x33, 0x33, 0x22, 0x21,
  0x00, 0x11, 0x11, 0x10, 0x00, 0x00, 0x00, 0x00, 0x00, 0x00, 0x00, 0x00, 0x00, 0x00, 0x00, 0x22,
  0x22, 0x33, 0x33, 0x34, 0x44, 0x44, 0x44, 0x44, 0x44, 0x45, 0x55, 0x55, 0x65, 0xee, 0xe4, 0xeb,
  0x86, 0x78, 0x87, 0x88, 0x65, 0x55, 0x55, 0x45, 0x55, 0x55, 0x55, 0x55, 0x57, 0xa7, 0x88, 0x76,
  0x66, 0x56, 0x68, 0x88, 0x88, 0xca, 0x99, 0x9a, 0xc6, 0xa9, 0x96, 0xcc, 0x8e, 0x68, 0x87, 0x55,
  0x55, 0x55, 0x66, 0x55, 0x56, 0x6c, 0x99, 0x99, 0x99, 0x99, 0x9a, 0xcc, 0xcc, 0x9c, 0xa9, 0x99,
  0xec, 0x9a, 0xcc, 0xa9, 0x99, 0x99, 0x9a, 0xcc, 0xcc, 0xcc, 0xcc, 0xbb, 0xbb, 0xbb, 0xbb, 0xbb,
  0xbb, 0xbb, 0xbb, 0xbb, 0xbb, 0xbb, 0xbb, 0xbb, 0xbb, 0xcc, 0xcc, 0xa9, 0x78, 0x88, 0x88, 0x88,
  0x88, 0xc8, 0x88, 0x86, 0x85, 0x65, 0x45, 0x68, 0x67, 0x77, 0x55, 0x55, 0x56, 0x66, 0x66, 0x88,
  0x88, 0x99, 0x99, 0x98, 0x78, 0x85, 0x64, 0x55, 0x88, 0x88, 0x68, 0x66, 0x78, 0x76, 0x68, 0x88,
  0x88, 0x87, 0x86, 0x78, 0x88, 0x88, 0x88, 0x86, 0x78, 0x66, 0x77, 0x76, 0x66, 0x66, 0x67, 0x77,
  0xcc, 0xcc, 0x87, 0x88, 0xbd, 0x4e, 0xee, 0x7c, 0xec, 0xc9, 0x88, 0x88, 0x75, 0x55, 0x44, 0x44,
  0x33, 0x33, 0x22, 0x21, 0x10, 0x00, 0x00, 0x00, 0x00, 0x00, 0x00, 0x00, 0x00, 0x00, 0x00, 0x00,
  0x00, 0x00, 0x00, 0x22, 0x22, 0x33, 0x33, 0x34, 0x44, 0x44, 0x44, 0x44, 0x55, 0x55, 0x56, 0x68,
  0x6b, 0xee, 0x54, 0xe8, 0xcc, 0x88, 0x88, 0x88, 0x65, 0x55, 0x55, 0x55, 0x66, 0x55, 0x55, 0x55,
  0x67, 0xa7, 0x88, 0x88, 0x66, 0x56, 0x88, 0x88, 0x88, 0x9a, 0xc9, 0xca, 0x99, 0xac, 0x99, 0xac,
  0xce, 0xc8, 0x88, 0x65, 0x64, 0x55, 0x56, 0x55, 0x58, 0x6c, 0xcc, 0xcc, 0x99, 0x6c, 0xca, 0x9c,
  0xcc, 0x9c, 0xa9, 0x99, 0x99, 0x96, 0x99, 0x99, 0x99, 0x99, 0xcc, 0xcc, 0xcc, 0xcc, 0xcc, 0xbb,
  0xbb, 0xbb, 0xbb, 0xbb, 0xbb, 0xbb, 0xbb, 0xbb, 0xbb, 0xbb, 0xbb, 0xbb, 0xbb, 0xcc, 0xcc, 0xcc,
  0xc8, 0x88, 0xc8, 0x88, 0x88, 0x88, 0x88, 0x88, 0x65, 0x66, 0x55, 0x56, 0x86, 0x78, 0x65, 0x55,
  0x68, 0x88, 0x88, 0x88, 0x88, 0x99, 0x99, 0x98, 0x88, 0x88, 0x85, 0x66, 0x88, 0x88, 0x87, 0x88,
  0x87, 0x66, 0x68, 0x88, 0x88, 0x87, 0x68, 0x88, 0x88, 0x87, 0x88, 0x88, 0x88, 0x66, 0x66, 0x58,
  0x76, 0x88, 0x88, 0x6c, 0xcc, 0xcc, 0xc8, 0x88, 0xde, 0x46, 0xee, 0xe6, 0xbc, 0xc9, 0x88, 0x87,
  0x65, 0x55, 0x54, 0x44, 0x43, 0x33, 0x22, 0x21, 0x10, 0x00, 0x00, 0x00, 0x00, 0x00, 0x00, 0x00,
  0x00, 0x00, 0x00, 0x00, 0x00, 0x01, 0x11, 0x22, 0x33, 0x33, 0x33, 0x34, 0x44, 0x44, 0x44, 0x45,
  0x55, 0x55, 0x66, 0x88, 0x5e, 0xee, 0x4e, 0xec, 0xcc, 0xc8, 0x68, 0x88, 0x88, 0x65, 0x55, 0x56,
  0x65, 0x66, 0x68, 0x87, 0x87, 0x77, 0x88, 0x76, 0x77, 0x68, 0x68, 0x88, 0x88, 0x86, 0xc9, 0x99,
  0x99, 0x88, 0x89, 0x99, 0xcc, 0xcc, 0xcc, 0x87, 0x65, 0x56, 0x66, 0x99, 0x97, 0x88, 0x88, 0x7a,
  0xe8, 0x88, 0x6c, 0xce, 0xec, 0x99, 0xac, 0x99, 0x99, 0x87, 0x86, 0x78, 0x99, 0xac, 0xcc, 0xcc,
  0xcc, 0xcb, 0xbb, 0xbb, 0xbb, 0xbb, 0xbb, 0xbc, 0xcc, 0xcc, 0xcc, 0xcc, 0xcb, 0xbb, 0xbb, 0xbb,
  0xbb, 0xbb, 0xbc, 0xcc, 0xcc, 0xa9, 0x98, 0x88, 0x88, 0x88, 0x88, 0x88, 0x76, 0x87, 0x66, 0x56,
  0x69, 0x99, 0x86, 0x68, 0x66, 0x68, 0x99, 0x99, 0x99, 0x96, 0x69, 0x9a, 0xc9, 0xc8, 0x89, 0x99,
  0x67, 0x88, 0x66, 0x9a, 0x99, 0x95, 0x68, 0x88, 0x88, 0x88, 0x7c, 0x88, 0x88, 0x87, 0x88, 0x88,
  0x66, 0x55, 0x55, 0x56, 0x66, 0x87, 0x87, 0x77, 0x8c, 0xcc, 0xcc, 0xcc, 0x7e, 0xe4, 0xee, 0xe5,
  0xb9, 0xcc, 0x88, 0x88, 0x75, 0x55, 0x44, 0x44, 0x43, 0x33, 0x32, 0x21, 0x12, 0x00, 0x00, 0x00,
  0x00, 0x00, 0x00, 0x00, 0x00, 0x00, 0x00, 0x00, 0x00, 0x01, 0x11, 0x22, 0x33, 0x33, 0x33, 0x44,
  0x44, 0x44, 0x44, 0x55, 0x55, 0x55, 0x67, 0x88, 0x9e, 0xee, 0x4e, 0xea, 0xec, 0xcc, 0x87, 0x88,
  0x65, 0x65, 0x55, 0x55, 0x56, 0x68, 0xcc, 0x87, 0x88, 0x78, 0x87, 0x76, 0x87, 0x66, 0x78, 0x88,
  0x77, 0x87, 0xc9, 0x99, 0x96, 0x88, 0x89, 0xce, 0xcc, 0xca, 0xa9, 0x88, 0x66, 0x66, 0x66, 0x96,
  0xa7, 0x88, 0x87, 0x6a, 0xe7, 0x68, 0xa6, 0xa9, 0xaa, 0xaa, 0xa6, 0x99, 0x99, 0x87, 0x88, 0x88,
  0x96, 0x9c, 0xcc, 0xcc, 0xcc, 0xcb, 0xbb, 0xbb, 0xbb, 0xbb, 0xbb, 0xbc, 0xcc, 0xcc, 0xcc, 0xcc,
  0xcb, 0xbb, 0xbb, 0xbb, 0xbb, 0xbb, 0xbc, 0xcc, 0xaa, 0xa9, 0x98, 0x88, 0x88, 0x88, 0x88, 0x88,
  0x76, 0x78, 0x76, 0x67, 0x89, 0x99, 0x86, 0x78, 0x66, 0x68, 0x99, 0x99, 0x99, 0x9a, 0xaa, 0xaa,
  0xa9, 0x88, 0x8a, 0xa9, 0x67, 0x88, 0x89, 0x9a, 0xaa, 0x95, 0x67, 0x88, 0x88, 0x78, 0x86, 0x78,
  0x87, 0x78, 0xcc, 0x88, 0x66, 0x65, 0x55, 0x66, 0x66, 0x78, 0x7a, 0xee, 0x8c, 0xcc, 0xcc, 0xca,
  0xce, 0xe3, 0xee, 0xe7, 0x79, 0xcc, 0x86, 0x77, 0x86, 0x55, 0x54, 0x44, 0x43, 0x33, 0x32, 0x22,
  0x21, 0x00, 0x00, 0x00, 0x00, 0x00, 0x00, 0x00, 0x00, 0x00, 0x00, 0x00, 0x00, 0x01, 0x12, 0x22,
  0x33, 0x33, 0x33, 0x44, 0x44, 0x44, 0x45, 0x55, 0x55, 0x55, 0x68, 0x86, 0xbe, 0xe6, 0x6e, 0x6e,
  0xec, 0xcc, 0x78, 0xc8, 0x65, 0x55, 0x54, 0x45, 0x66, 0x56, 0x66, 0x77, 0x88, 0x88, 0x86, 0x68,
  0x87, 0x66, 0x78, 0x88, 0x76, 0x68, 0x69, 0x99, 0x96, 0x98, 0x89, 0xec, 0xcc, 0xc9, 0x99, 0x88,
  0x86, 0x68, 0x88, 0x96, 0xa8, 0x88, 0x86, 0x6a, 0xa7, 0x88, 0x99, 0x99, 0x99, 0xc6, 0x9c, 0x99,
  0x99, 0x88, 0x78, 0x88, 0x9a, 0xac, 0xcc, 0xcc, 0xcc, 0xcb, 0xbb, 0xbb, 0xbb, 0xbb, 0xbb, 0xbc,
  0xcc, 0xcc, 0xcc, 0xcc, 0xcb, 0xbb, 0xbb, 0xbb, 0xbb, 0xbb, 0xbc, 0xca, 0x99, 0x99, 0x98, 0x88,
  0x88, 0x88, 0x88, 0x88, 0x88, 0x67, 0x88, 0x88, 0x89, 0x99, 0x87, 0x88, 0x68, 0x88, 0x99, 0x99,
  0x99, 0x99, 0xac, 0xca, 0x99, 0x88, 0x86, 0x69, 0x88, 0x76, 0x88, 0x9c, 0xcc, 0x98, 0x76, 0x88,
  0x88, 0x68, 0x88, 0x88, 0x88, 0x86, 0x88, 0x88, 0x88, 0x65, 0x55, 0x66, 0x55, 0x66, 0x87, 0x77,
  0xcc, 0xcc, 0xcc, 0xc9, 0xee, 0xd4, 0x6e, 0xeb, 0x69, 0xc9, 0x88, 0x66, 0x86, 0x44, 0x44, 0x44,
  0x43, 0x33, 0x32, 0x22, 0x11, 0x00, 0x00, 0x00, 0x00, 0x00, 0x00, 0x00, 0x00, 0x00, 0x00, 0x00,
  0x00, 0x01, 0x12, 0x22, 0x33, 0x33, 0x34, 0x44, 0x44, 0x44, 0x45, 0x55, 0x55, 0x55, 0x55, 0x64,
  0xee, 0xe6, 0xee, 0xeb, 0xec, 0xbc, 0xcc, 0x76, 0x55, 0x55, 0x55, 0x55, 0x55, 0x68, 0x88, 0x78,
  0x68, 0x88, 0x88, 0x88, 0x88, 0x88, 0x77, 0x88, 0x88, 0x88, 0x86, 0x55, 0x55, 0x78, 0x88, 0x88,
  0x9a, 0xc6, 0xaa, 0x99, 0x99, 0x99, 0x99, 0x99, 0x9c, 0xca, 0x69, 0x99, 0x68, 0x8c, 0x88, 0x89,
  0x99, 0xea, 0x99, 0x99, 0x99, 0x99, 0x99, 0x99, 0x9a, 0xcc, 0xcc, 0xcc, 0xcc, 0xcc, 0xcc, 0xcc,
  0xeb, 0xbb, 0xbb, 0xbc, 0xcc, 0xcc, 0xcc, 0xcc, 0xcc, 0xcc, 0xbb, 0xbb, 0xbb, 0xbb, 0xbc, 0xcc,
  0xc9, 0x99, 0x99, 0x99, 0x88, 0x88, 0x87, 0x88, 0x88, 0x89, 0x9c, 0xcc, 0xcc, 0xcc, 0x96, 0x68,
  0x69, 0x99, 0xca, 0x99, 0xac, 0xca, 0x99, 0x98, 0x88, 0x88, 0x88, 0x88, 0x88, 0x88, 0x89, 0xcc,
  0xcc, 0xc9, 0x99, 0xa6, 0xe9, 0x99, 0x88, 0x88, 0x88, 0x66, 0x88, 0x85, 0x55, 0x55, 0x55, 0x66,
  0x65, 0x66, 0x66, 0x86, 0xcc, 0xcc, 0xcc, 0xcc, 0xba, 0xed, 0x3e, 0xee, 0x56, 0x68, 0x88, 0x56,
  0x65, 0x55, 0x65, 0x44, 0x43, 0x33, 0x32, 0x22, 0x22, 0x00, 0x00, 0x00, 0x00, 0x00, 0x00, 0x00,
  0x00, 0x00, 0x00, 0x00, 0x00, 0x01, 0x22, 0x22, 0x33, 0x33, 0x34, 0x44, 0x44, 0x44, 0x45, 0x55,
  0x55, 0x55, 0x55, 0x54, 0xee, 0xc5, 0xee, 0xbe, 0xeb, 0xbc, 0xa8, 0x77, 0x55, 0x55, 0x55, 0x56,
  0x66, 0x66, 0x88, 0x87, 0x88, 0x88, 0x88, 0x76, 0x68, 0x88, 0x88, 0x67, 0x88, 0x66, 0x66, 0x66,
  0x55, 0x66, 0x88, 0x88, 0x9a, 0xac, 0xca, 0x99, 0x99, 0x99, 0x99, 0x99, 0x9a, 0xcc, 0xca, 0xaa,
  0xa8, 0x68, 0x88, 0x89, 0x99, 0x99, 0x99, 0xaa, 0x99, 0xaa, 0x99, 0xaa, 0x9a, 0xcc, 0xcc, 0xcc,
  0xcc, 0xcc, 0xcc, 0xcc, 0xeb, 0xbb, 0xbb, 0xbc, 0xaa, 0xaa, 0xcc, 0xcc, 0xcc, 0xcc, 0xbb, 0xbb,
  0xbb, 0xbb, 0xba, 0xaa, 0xa9, 0x99, 0x99, 0x99, 0x87, 0x68, 0x88, 0x76, 0x88, 0x89, 0x9c, 0xcc,
  0xcc, 0xcc, 0xaa, 0x98, 0x79, 0x99, 0xaa, 0x9a, 0xac, 0xca, 0xaa, 0x98, 0x86, 0x78, 0x88, 0x76,
  0x88, 0x88, 0x88, 0xac, 0xcc, 0xc9, 0xaa, 0xa7, 0xea, 0xa9, 0x88, 0x78, 0x77, 0x88, 0x88, 0x55,
  0x55, 0x55, 0x55, 0x66, 0x66, 0x88, 0x86, 0x88, 0x88, 0x88, 0xcc, 0xcc, 0xcb, 0x6e, 0x3e, 0xee,
  0x46, 0x68, 0x88, 0x66, 0x65, 0x55, 0x44, 0x44, 0x44, 0x33, 0x32, 0x22, 0x22, 0x10, 0x00, 0x00,
  0x00, 0x00, 0x00, 0x00, 0x00, 0x00, 0x00, 0x00, 0x00, 0x01, 0x22, 0x22, 0x33, 0x33, 0x34, 0x44,
  0x44, 0x44, 0x45, 0x55, 0x55, 0x55, 0x55, 0x5e, 0xee, 0xae, 0xe5, 0xbe, 0xbe, 0xec, 0xec, 0x88,
  0x65, 0x55, 0x55, 0x56, 0x66, 0x66, 0x88, 0x88, 0x87, 0x88, 0x88, 0x88, 0x68, 0x88, 0x88, 0xc8,
  0x87, 0x66, 0x65, 0x66, 0x55, 0x56, 0x88, 0x88, 0x99, 0x9c, 0xca, 0x99, 0x99, 0x99, 0x99, 0x99,
  0x96, 0xac, 0xcc, 0xcc, 0xcc, 0xc8, 0x88, 0x89, 0x99, 0x99, 0x99, 0xca, 0x99, 0xca, 0x99, 0xac,
  0x9a, 0xcc, 0xcc, 0xcc, 0xcc, 0xcc, 0xcc, 0xcc, 0xeb, 0xbb, 0xbb, 0xbc, 0x99, 0x99, 0xcc, 0xcc,
  0xcc, 0xcc, 0xbb, 0xbb, 0xbb, 0xbb, 0xb9, 0x99, 0x99, 0x99, 0x99, 0x99, 0x87, 0x67, 0x88, 0x86,
  0x88, 0x89, 0x9c, 0xc8, 0xcc, 0xcc, 0xc9, 0x98, 0x79, 0x99, 0x99, 0x9c, 0xcc, 0xcc, 0xcc, 0x98,
  0x85, 0x77, 0x77, 0x66, 0x76, 0x68, 0x88, 0x9c, 0xcc, 0xc9, 0xac, 0xe7, 0xec, 0xc9, 0x88, 0x77,
  0x87, 0x88, 0x88, 0x55, 0x55, 0x55, 0x55, 0x55, 0x56, 0x55, 0x58, 0x67, 0x78, 0x88, 0xcc, 0xcc,
  0xcb, 0xde, 0x74, 0xee, 0xe6, 0x68, 0x87, 0x66, 0x55, 0x55, 0x44, 0x44, 0x44, 0x33, 0x32, 0x22,
  0x22, 0x10, 0x00, 0x00, 0x00, 0x00, 0x00, 0x00, 0x00, 0x00, 0x00, 0x00, 0x00, 0x01, 0x12, 0x22,
  0x33, 0x33, 0x34, 0x44, 0x44, 0x44, 0x55, 0x55, 0x55, 0x55, 0x55, 0x4e, 0xee, 0x5e, 0xee, 0xee,
  0xee, 0xbc, 0xc9, 0x88, 0x66, 0x55, 0x55, 0x55, 0x55, 0x68, 0x88, 0x88, 0x88, 0xa8, 0x88, 0x88,
  0xc8, 0x88, 0x88, 0xc6, 0x86, 0x55, 0x55, 0x55, 0x55, 0x4a, 0x77, 0x88, 0x88, 0x8c, 0xca, 0x69,
  0xac, 0x99, 0x99, 0xcc, 0xcc, 0xa9, 0x9c, 0xcc, 0x89, 0x9c, 0x99, 0x99, 0x99, 0x99, 0xac, 0x9b,
  0xbb, 0xca, 0x9c, 0x9c, 0xcc, 0xcc, 0x9a, 0xcc, 0xcc, 0xcc, 0xcc, 0xcc, 0xcc, 0xcb, 0xbb, 0xbc,
  0x98, 0x88, 0x99, 0x99, 0x9a, 0xcc, 0xcc, 0xcb, 0xbb, 0xcc, 0xc9, 0x96, 0xa9, 0xac, 0x99, 0x99,
  0x87, 0x66, 0x78, 0x8c, 0x88, 0xcc, 0xcc, 0x88, 0xc9, 0xac, 0xc9, 0x98, 0x66, 0x96, 0x9a, 0xc9,
  0x99, 0x9a, 0xcc, 0x88, 0x85, 0x66, 0x65, 0x55, 0x67, 0x89, 0x9a, 0xcc, 0xa9, 0xcc, 0xcc, 0x9a,
  0xcc, 0x99, 0x8c, 0x87, 0x88, 0x88, 0x88, 0x86, 0x66, 0x65, 0x66, 0x86, 0x56, 0x56, 0x65, 0x55,
  0x68, 0x78, 0xcc, 0xcc, 0xcc, 0x6e, 0xe4, 0xee, 0xe4, 0xa6, 0x86, 0x78, 0x85, 0x55, 0x65, 0x44,
  0x44, 0x33, 0x33, 0x32, 0x22, 0x12, 0x20, 0x00, 0x00, 0x00, 0x00, 0x00, 0x00, 0x00, 0x00, 0x00,
  0x00, 0x01, 0x12, 0x33, 0x33, 0x33, 0x44, 0x44, 0x44, 0x45, 0x55, 0x55, 0x55, 0x55, 0x65, 0x8e,
  0xee, 0x6e, 0xee, 0xee, 0xee, 0xbe, 0xc9, 0x86, 0x88, 0x65, 0x55, 0x55, 0x55, 0x56, 0x86, 0x78,
  0x8c, 0xe8, 0x86, 0x88, 0xc8, 0x88, 0x87, 0x66, 0x66, 0x55, 0x55, 0x55, 0x55, 0x4a, 0x77, 0x88,
  0x87, 0x8c, 0xa9, 0x99, 0x99, 0x99, 0xac, 0xca, 0x9c, 0xcc, 0xcc, 0x98, 0x89, 0x9c, 0xc6, 0x86,
  0xcc, 0x9a, 0xa9, 0x99, 0xbb, 0xcc, 0xc9, 0x99, 0x99, 0xac, 0xcc, 0xcc, 0xcc, 0xcc, 0xcc, 0xcc,
  0xcc, 0xcb, 0xbb, 0xa9, 0x9c, 0x88, 0x99, 0x99, 0x9a, 0xcc, 0xcc, 0xcb, 0xbb, 0xcc, 0xcc, 0xcc,
  0xcc, 0xcc, 0xcc, 0xa9, 0x87, 0x77, 0x88, 0x8c, 0x88, 0x89, 0x99, 0x68, 0x89, 0x99, 0xcc, 0x98,
  0x78, 0x99, 0x99, 0x9c, 0xa9, 0x99, 0x97, 0x87, 0x68, 0x77, 0x65, 0x55, 0x78, 0x69, 0x9a, 0xcc,
  0x6a, 0xca, 0x99, 0xcc, 0xcc, 0xa9, 0x8c, 0x88, 0x88, 0x76, 0x67, 0x85, 0x65, 0x55, 0x66, 0x86,
  0x55, 0x55, 0x55, 0x66, 0x68, 0x78, 0x89, 0xcc, 0xc8, 0x7e, 0xe4, 0xee, 0xe7, 0x66, 0x87, 0x66,
  0x85, 0x64, 0x54, 0x44, 0x44, 0x33, 0x33, 0x32, 0x22, 0x21, 0x10, 0x00, 0x00, 0x00, 0x00, 0x00,
  0x00, 0x00, 0x00, 0x00, 0x00, 0x01, 0x12, 0x33, 0x33, 0x33, 0x44, 0x44, 0x44, 0x45, 0x55, 0x55,
  0x55, 0x55, 0x64, 0xee, 0xec, 0x4e, 0xee, 0xee, 0xbb, 0xbe, 0xc9, 0x86, 0x55, 0x86, 0x66, 0x66,
  0x55, 0x55, 0x66, 0x77, 0x68, 0xe8, 0x89, 0x68, 0x98, 0x88, 0x87, 0x66, 0x86, 0x66, 0x56, 0x66,
  0x55, 0x46, 0x55, 0x56, 0x87, 0x8c, 0x99, 0x99, 0x99, 0x96, 0xac, 0xaa, 0x9c, 0xcc, 0xcc, 0x98,
  0x89, 0x99, 0x6a, 0xa9, 0xaa, 0xea, 0xa9, 0x99, 0x9b, 0xcc, 0xc9, 0x99, 0x9a, 0xac, 0xcc, 0xca,
  0xaa, 0xca, 0xaa, 0x99, 0x99, 0xcb, 0x99, 0x99, 0x98, 0x88, 0x99, 0x99, 0x9a, 0xaa, 0xcc, 0xcb,
  0xbb, 0xcc, 0xca, 0xcc, 0xbb, 0xcc, 0xcc, 0xa9, 0x88, 0x88, 0x88, 0x88, 0xcc, 0x89, 0x99, 0x87,
  0x86, 0x99, 0xcc, 0x98, 0x89, 0x99, 0x99, 0x9a, 0xa9, 0xa9, 0x97, 0x76, 0x65, 0x66, 0x66, 0x66,
  0x88, 0x69, 0x99, 0xaa, 0x96, 0xc9, 0x96, 0xca, 0xaa, 0xa9, 0x69, 0x88, 0x67, 0x76, 0x66, 0x65,
  0x66, 0x65, 0x66, 0x66, 0x55, 0x55, 0x66, 0x66, 0x68, 0x8c, 0x8c, 0xcc, 0x88, 0x8a, 0xe4, 0x7e,
  0xee, 0x58, 0x88, 0x67, 0x86, 0x65, 0x65, 0x44, 0x44, 0x33, 0x33, 0x32, 0x22, 0x11, 0x10, 0x00,
  0x00, 0x00, 0x00, 0x00, 0x00, 0x00, 0x00, 0x00, 0x00, 0x01, 0x12, 0x33, 0x33, 0x33, 0x44, 0x44,
  0x44, 0x44, 0x55, 0x55, 0x55, 0x55, 0x64, 0xee, 0xd4, 0xee, 0xbb, 0xbb, 0xcc, 0xcc, 0xc9, 0x88,
  0x67, 0x88, 0x88, 0x66, 0x65, 0x66, 0x55, 0x78, 0x86, 0x88, 0xca, 0x9a, 0x99, 0x99, 0x88, 0x89,
  0xa6, 0x66, 0x46, 0x76, 0x56, 0x55, 0x56, 0x66, 0x88, 0x87, 0x78, 0x88, 0x89, 0x96, 0xcc, 0x99,
  0x9c, 0xcc, 0xcc, 0x98, 0x88, 0x88, 0x6a, 0x9c, 0xa9, 0x99, 0x99, 0x99, 0x9c, 0xcc, 0xc9, 0x99,
  0x9a, 0xcc, 0xcc, 0xc9, 0x9a, 0xc9, 0x99, 0x88, 0x88, 0xc8, 0x88, 0x88, 0x88, 0x88, 0x88, 0x89,
  0x99, 0x99, 0xac, 0xcc, 0xcc, 0xcc, 0xc9, 0xab, 0xbb, 0xbc, 0xcc, 0xa9, 0x88, 0x88, 0x88, 0x88,
  0x9c, 0xc8, 0x88, 0x88, 0x8a, 0x69, 0xcc, 0x98, 0x89, 0x99, 0x99, 0x99, 0x99, 0xca, 0x97, 0x66,
  0x65, 0x56, 0x88, 0x76, 0x88, 0x88, 0x88, 0x99, 0x88, 0x89, 0xa6, 0x66, 0x99, 0xaa, 0x99, 0x9c,
  0x87, 0x76, 0x55, 0x56, 0x66, 0x65, 0x55, 0x56, 0x55, 0x56, 0x66, 0x78, 0x99, 0xac, 0xa9, 0xcc,
  0x88, 0xc7, 0xee, 0x4e, 0xee, 0x48, 0x88, 0x88, 0x88, 0x88, 0x65, 0x54, 0x44, 0x44, 0x33, 0x22,
  0x22, 0x11, 0x10, 0x00, 0x00, 0x00, 0x00, 0x00, 0x00, 0x00, 0x00, 0x00, 0x00, 0x02, 0x22, 0x33,
  0x33, 0x33, 0x44, 0x44, 0x44, 0x44, 0x55, 0x55, 0x55, 0x55, 0x54, 0xee, 0xe4, 0xee, 0xeb, 0xbb,
  0xcc, 0xa9, 0xa9, 0x88, 0x88, 0x88, 0x88, 0x88, 0x75, 0x66, 0x56, 0x66, 0x78, 0x88, 0x99, 0x9c,
  0xca, 0x9c, 0x88, 0x89, 0x99, 0x55, 0x58, 0x86, 0x55, 0x55, 0x55, 0x66, 0x88, 0x56, 0x78, 0x88,
  0x9a, 0xa6, 0xa9, 0xca, 0x9c, 0xcc, 0xcc, 0x98, 0x88, 0x76, 0x99, 0x99, 0x66, 0x99, 0x99, 0x99,
  0x9c, 0xaa, 0xca, 0x69, 0xcc, 0xcc, 0xcc, 0xcc, 0xa9, 0x99, 0x99, 0x88, 0x88, 0x88, 0x88, 0x66,
  0x67, 0x88, 0x88, 0x89, 0x99, 0x99, 0x99, 0x99, 0xac, 0xcc, 0xcc, 0xcb, 0xbb, 0xbc, 0xcc, 0xa9,
  0x88, 0x88, 0x8c, 0xcc, 0x99, 0x98, 0x88, 0x88, 0x89, 0x99, 0xca, 0x68, 0x89, 0x99, 0x99, 0x99,
  0x99, 0x9a, 0xc5, 0x88, 0x65, 0x66, 0x56, 0x66, 0x88, 0x88, 0x88, 0x99, 0x87, 0x66, 0xa9, 0x99,
  0x99, 0xca, 0x99, 0x88, 0x86, 0x86, 0x55, 0x58, 0x66, 0x55, 0x55, 0x55, 0x55, 0x66, 0x58, 0x88,
  0x9c, 0xcc, 0xcc, 0xcc, 0xc8, 0x87, 0xbe, 0x4e, 0xee, 0x68, 0x88, 0x86, 0x86, 0x78, 0x65, 0x54,
  0x44, 0x44, 0x33, 0x32, 0x22, 0x22, 0x20, 0x00, 0x00, 0x00, 0x00, 0x00, 0x00, 0x00, 0x00, 0x00,
  0x00, 0x02, 0x23, 0x33, 0x33, 0x33, 0x44, 0x44, 0x44, 0x44, 0x55, 0x55, 0x55, 0x55, 0x54, 0xee,
  0x45, 0xeb, 0xcb, 0xbb, 0x9c, 0xc9, 0x68, 0x86, 0x77, 0x88, 0x78, 0x88, 0x76, 0x66, 0x66, 0x67,
  0x89, 0x99, 0x99, 0x9a, 0xaa, 0xaa, 0x98, 0x6a, 0x8a, 0x66, 0x66, 0x76, 0x55, 0x55, 0x65, 0x56,
  0x66, 0x56, 0x76, 0x68, 0x66, 0x69, 0xa9, 0xca, 0xaa, 0xac, 0xa6, 0x98, 0x66, 0x96, 0x9a, 0xa9,
  0xaa, 0x99, 0xaa, 0x99, 0x9c, 0x6a, 0xa9, 0x88, 0xcc, 0xcb, 0xbb, 0xcc, 0xa9, 0x99, 0x99, 0x99,
  0x99, 0x98, 0x86, 0x77, 0x57, 0x88, 0x88, 0x88, 0x99, 0x99, 0x99, 0x99, 0xac, 0xcc, 0xcc, 0xaa,
  0xbb, 0xba, 0xca, 0xa9, 0x88, 0x86, 0x88, 0x88, 0x8a, 0xa8, 0x76, 0x89, 0x98, 0x88, 0xa6, 0x87,
  0x78, 0x99, 0x99, 0x9a, 0x69, 0x89, 0x85, 0x78, 0x76, 0x67, 0x67, 0x78, 0x66, 0x88, 0x69, 0x99,
  0x99, 0x99, 0x98, 0x88, 0x88, 0x99, 0x86, 0x88, 0x86, 0x86, 0x55, 0x56, 0x88, 0x66, 0x66, 0x66,
  0x66, 0x87, 0x69, 0x99, 0xac, 0xcc, 0xac, 0xcc, 0xc8, 0x87, 0x7e, 0x44, 0xee, 0x77, 0x86, 0x87,
  0x67, 0x78, 0x55, 0x54, 0x44, 0x44, 0x33, 0x33, 0x22, 0x22, 0x21, 0x11, 0x00, 0x00, 0x00, 0x00,
  0x00, 0x00, 0x00, 0x00, 0x00, 0x02, 0x23, 0x33, 0x33, 0x33, 0x44, 0x44, 0x44, 0x44, 0x55, 0x54,
  0x44, 0x55, 0x5e, 0xee, 0x3e, 0xe7, 0xbc, 0xcc, 0x7c, 0x86, 0x88, 0x8c, 0x88, 0x78, 0x86, 0x88,
  0x88, 0x88, 0xc6, 0x78, 0x86, 0x6a, 0x99, 0x99, 0x9a, 0xc9, 0x99, 0xca, 0x7a, 0x67, 0x76, 0x66,
  0x55, 0x55, 0x65, 0x55, 0x55, 0x56, 0x66, 0x56, 0x69, 0x9a, 0xa9, 0xc9, 0xa9, 0xac, 0x96, 0xaa,
  0xea, 0xc9, 0x9a, 0xc9, 0x99, 0x99, 0xac, 0x99, 0x9c, 0x6a, 0x98, 0x88, 0xcc, 0xbb, 0xbb, 0xcc,
  0xa9, 0x99, 0x99, 0x99, 0x99, 0x99, 0x86, 0x77, 0x67, 0x88, 0x88, 0x88, 0x89, 0x99, 0x99, 0x99,
  0xac, 0xcc, 0xcc, 0xaa, 0xcc, 0xa9, 0xca, 0x99, 0x88, 0x86, 0x77, 0x88, 0x6a, 0xc8, 0x76, 0x99,
  0x98, 0x88, 0x9c, 0xaa, 0xaa, 0x99, 0x99, 0x9a, 0x69, 0x88, 0x76, 0x6c, 0x87, 0x77, 0x68, 0x88,
  0x55, 0x88, 0xc6, 0x99, 0x99, 0xcc, 0x88, 0x88, 0x88, 0x88, 0x86, 0x88, 0x86, 0x66, 0x55, 0x56,
  0x78, 0x86, 0x66, 0x67, 0x88, 0x88, 0x89, 0x99, 0xcc, 0xa6, 0xae, 0xcc, 0xcc, 0x67, 0x7e, 0xc4,
  0xee, 0xe5, 0x65, 0x55, 0x58, 0x88, 0x55, 0x55, 0x44, 0x44, 0x43, 0x33, 0x32, 0x22, 0x22, 0x11,
  0x00, 0x00, 0x00, 0x00, 0x00, 0x00, 0x00, 0x00, 0x00, 0x01, 0x23, 0x33, 0x33, 0x33, 0x44, 0x44,
  0x45, 0x55, 0x55, 0x54, 0x44, 0x55, 0x6e, 0xee, 0x4e, 0xe7, 0xcc, 0xcc, 0xc8, 0x68, 0x88, 0x78,
  0x87, 0x8c, 0x88, 0xc8, 0x88, 0x88, 0x86, 0x6c, 0x79, 0x99, 0x99, 0x99, 0x9a, 0xc9, 0xac, 0x9e,
  0x6a, 0x88, 0x88, 0x88, 0x65, 0x5c, 0x55, 0x55, 0x55, 0x56, 0x66, 0x56, 0x66, 0x99, 0x99, 0x6c,
  0xcc, 0xe9, 0x99, 0x9a, 0xec, 0x69, 0x99, 0x9c, 0xa9, 0xc9, 0x99, 0x9a, 0xc9, 0x99, 0x98, 0x88,
  0xcc, 0xbb, 0xbb, 0xcc, 0xa9, 0x99, 0x99, 0x99, 0x99, 0x99, 0x88, 0x88, 0x78, 0x88, 0x88, 0x88,
  0x88, 0x99, 0x99, 0x99, 0x99, 0x99, 0x99, 0x99, 0x99, 0x99, 0x99, 0x99, 0x88, 0x86, 0x78, 0x88,
  0x89, 0xc8, 0x78, 0x99, 0x98, 0x78, 0x99, 0x87, 0x78, 0x99, 0x6a, 0x99, 0x99, 0x86, 0x68, 0x68,
  0x88, 0x87, 0x66, 0x68, 0x55, 0x68, 0x86, 0xa9, 0xac, 0xc8, 0x88, 0x88, 0x88, 0x88, 0x88, 0x88,
  0x66, 0x65, 0x55, 0x66, 0x78, 0x88, 0x88, 0x86, 0x68, 0x88, 0x89, 0xac, 0xcc, 0xcc, 0xcc, 0xcc,
  0xc8, 0x87, 0x7e, 0xe3, 0xee, 0xe4, 0x55, 0x55, 0x58, 0x88, 0x66, 0x44, 0x44, 0x44, 0x33, 0x33,
  0x22, 0x22, 0x22, 0x21, 0x00, 0x00, 0x00, 0x00, 0x00, 0x00, 0x00, 0x00, 0x00, 0x02, 0x23, 0x33,
  0x33, 0x44, 0x44, 0x44, 0x45, 0x55, 0x55, 0x55, 0x55, 0x55, 0x5e, 0xee, 0x4e, 0xbc, 0xcc, 0xcc,
  0xc8, 0x78, 0x78, 0x88, 0x87, 0x68, 0x88, 0x88, 0x85, 0x88, 0x9a, 0x99, 0x6c, 0x96, 0x6a, 0xcc,
  0xcc, 0xca, 0xcc, 0x9a, 0x99, 0x99, 0x9a, 0x99, 0x87, 0x66, 0x66, 0x66, 0x66, 0x55, 0x66, 0x56,
  0x66, 0x69, 0x99, 0x99, 0x99, 0x66, 0x88, 0x89, 0xc9, 0x88, 0x96, 0x6c, 0xa9, 0xc9, 0x98, 0x68,
  0x9c, 0xca, 0x96, 0x88, 0x8e, 0xec, 0xcc, 0xcc, 0xca, 0x98, 0x76, 0x88, 0x8c, 0x87, 0x88, 0x88,
  0x89, 0x6a, 0x87, 0x78, 0x78, 0x8c, 0x88, 0x88, 0x88, 0x88, 0x89, 0x99, 0x99, 0x99, 0x98, 0x8c,
  0x88, 0x65, 0x66, 0x88, 0x88, 0x88, 0x78, 0x88, 0x89, 0x99, 0xc8, 0x67, 0x77, 0x88, 0x88, 0x88,
  0x88, 0x67, 0x76, 0x78, 0x78, 0x66, 0x55, 0x56, 0x55, 0x56, 0x88, 0x88, 0x99, 0x98, 0x87, 0x88,
  0x76, 0x78, 0x58, 0x76, 0x76, 0x55, 0x66, 0x66, 0x77, 0x68, 0x76, 0x66, 0x69, 0x88, 0x8c, 0xcb,
  0xbe, 0xbb, 0xeb, 0xcc, 0xcc, 0xc7, 0x76, 0xe4, 0xde, 0xe5, 0x65, 0x77, 0x76, 0x66, 0x55, 0x54,
  0x44, 0x44, 0x43, 0x33, 0x32, 0x22, 0x20, 0x11, 0x00, 0x00, 0x00, 0x00, 0x00, 0x00, 0x00, 0x00,
  0x00, 0x02, 0x23, 0x33, 0x34, 0x44, 0x44, 0x44, 0x55, 0x55, 0x55, 0x55, 0x55, 0x56, 0xee, 0xee,
  0x6e, 0xae, 0xcc, 0xcc, 0xc8, 0x88, 0x88, 0x88, 0x88, 0x88, 0x76, 0x77, 0x86, 0x88, 0x9a, 0xa9,
  0xaa, 0xcc, 0xac, 0xac, 0xcc, 0xae, 0xca, 0x99, 0x9a, 0xa9, 0x96, 0x99, 0x88, 0x76, 0x66, 0x66,
  0x66, 0x56, 0x55, 0x56, 0x67, 0x66, 0x69, 0xaa, 0xa9, 0xac, 0x88, 0x89, 0xa8, 0x88, 0x9a, 0xcc,
  0xaa, 0xca, 0x98, 0x89, 0x9c, 0xaa, 0x68, 0x78, 0x8e, 0xec, 0xcc, 0xca, 0xaa, 0x98, 0x76, 0x88,
  0x88, 0x87, 0x88, 0x88, 0x89, 0x6a, 0x88, 0x88, 0x88, 0x88, 0x88, 0x88, 0x87, 0x88, 0x89, 0x99,
  0x99, 0x99, 0x98, 0x76, 0x66, 0x65, 0x56, 0x78, 0x88, 0x77, 0x87, 0x87, 0x89, 0x66, 0x67, 0x77,
  0x88, 0x87, 0x77, 0x78, 0x78, 0xc8, 0x76, 0x78, 0x78, 0x65, 0x65, 0x56, 0x55, 0x56, 0x88, 0x88,
  0x9a, 0xe8, 0x78, 0x87, 0x86, 0x78, 0x58, 0x76, 0x76, 0x55, 0x66, 0x66, 0x77, 0x68, 0x76, 0x69,
  0xa9, 0x88, 0x8c, 0xcb, 0xce, 0xbb, 0xeb, 0xcc, 0xcc, 0xc8, 0x86, 0xe5, 0x7e, 0xee, 0x66, 0x78,
  0x86, 0x66, 0x55, 0x54, 0x44, 0x44, 0x43, 0x33, 0x32, 0x22, 0x10, 0x10, 0x00, 0x00, 0x00, 0x00,
  0x00, 0x00, 0x00, 0x00, 0x00, 0x02, 0x23, 0x33, 0x34, 0x44, 0x44, 0x44, 0x55, 0x55, 0x55, 0x55,
  0x55, 0x56, 0xee, 0xe4, 0xbe, 0xae, 0xcc, 0xcc, 0xcc, 0x88, 0x88, 0x88, 0x88, 0x87, 0x88, 0x86,
  0x88, 0x88, 0x99, 0x99, 0x99, 0x66, 0x9a, 0x6c, 0xca, 0x9a, 0xa9, 0x99, 0xac, 0xca, 0x99, 0x99,
  0x88, 0x88, 0x88, 0x88, 0x66, 0x56, 0x55, 0x55, 0x67, 0x86, 0x69, 0x66, 0x69, 0x66, 0x88, 0x89,
  0x98, 0x88, 0x9a, 0xcc, 0xcc, 0xcc, 0x98, 0x69, 0x9c, 0x6a, 0xa8, 0x88, 0x8e, 0xec, 0xcc, 0xc9,
  0x99, 0x98, 0x88, 0xc8, 0x88, 0x88, 0x88, 0x88, 0x89, 0x99, 0x88, 0x88, 0x88, 0x88, 0x88, 0x87,
  0x66, 0x88, 0x89, 0x99, 0x99, 0x99, 0x98, 0x88, 0x87, 0x65, 0x55, 0x68, 0x88, 0x67, 0x88, 0x86,
  0x89, 0x66, 0x87, 0x88, 0x88, 0x86, 0x77, 0x78, 0x68, 0x77, 0x88, 0x68, 0x68, 0x65, 0x65, 0x66,
  0x55, 0x56, 0x88, 0x88, 0x99, 0xc8, 0x88, 0xc7, 0xc8, 0x88, 0x78, 0x88, 0x66, 0x65, 0x55, 0x58,
  0x88, 0x88, 0x76, 0x89, 0xac, 0x58, 0x8c, 0xcc, 0xbb, 0xbb, 0xbb, 0xcc, 0xcc, 0xc7, 0x78, 0xec,
  0x4e, 0xee, 0x66, 0x88, 0x86, 0x66, 0x55, 0x54, 0x44, 0x44, 0x43, 0x33, 0x32, 0x21, 0x10, 0x00,
  0x00, 0x00, 0x00, 0x00, 0x00, 0x00, 0x00, 0x00, 0x00, 0x01, 0x23, 0x33, 0x34, 0x44, 0x44, 0x44,
  0x55, 0x55, 0x55, 0x55, 0x55, 0x65, 0xee, 0xd4, 0xee, 0xbc, 0xcc, 0xcc, 0xcc, 0xcc, 0xc8, 0x8c,
  0x96, 0xc6, 0x78, 0x88, 0x87, 0x88, 0xa9, 0xaa, 0xc9, 0xac, 0xcc, 0xcb, 0xbb, 0xc9, 0x6c, 0x96,
  0x9c, 0xbb, 0xb8, 0x88, 0xa9, 0x99, 0x99, 0x6a, 0x87, 0x76, 0x66, 0x65, 0x55, 0x68, 0x86, 0x88,
  0x88, 0x78, 0x88, 0x88, 0x87, 0x68, 0xcc, 0xcc, 0xcc, 0xbb, 0xbe, 0xa6, 0x99, 0x99, 0x98, 0x66,
  0x9a, 0xcc, 0xcc, 0xc9, 0x88, 0xcc, 0xcc, 0x88, 0x88, 0x88, 0x88, 0x99, 0x99, 0x99, 0x99, 0x98,
  0x88, 0x88, 0x86, 0x65, 0x55, 0x88, 0x89, 0x99, 0x99, 0x88, 0x69, 0x99, 0x66, 0x65, 0x55, 0x66,
  0x66, 0x88, 0x86, 0x78, 0x86, 0x77, 0x55, 0x68, 0x88, 0x88, 0x88, 0x88, 0x88, 0x78, 0x88, 0x87,
  0x68, 0x66, 0x98, 0x76, 0x55, 0x88, 0x88, 0x88, 0xcc, 0x98, 0x88, 0xaa, 0x98, 0x86, 0x75, 0x68,
  0x65, 0x55, 0x55, 0x58, 0x88, 0x86, 0x68, 0x86, 0x7c, 0x9a, 0xcb, 0xbb, 0xbb, 0xbb, 0xec, 0xcc,
  0xca, 0x98, 0x68, 0xee, 0x4e, 0xee, 0xd6, 0x78, 0x86, 0x65, 0x55, 0x54, 0x44, 0x44, 0x33, 0x33,
  0x22, 0x22, 0x22, 0x11, 0x00, 0x00, 0x00, 0x00, 0x00, 0x00, 0x00, 0x00, 0x00, 0x12, 0x23, 0x33,
  0x34, 0x44, 0x44, 0x45, 0x55, 0x56, 0x55, 0x55, 0x55, 0x6d, 0xee, 0xe4, 0xee, 0xca, 0xa9, 0xaa,
  0xc8, 0x8c, 0x88, 0x8c, 0xac, 0xa8, 0x68, 0x87, 0x78, 0x86, 0x66, 0x66, 0xc9, 0xaa, 0xac, 0xcb,
  0xbb, 0xca, 0xac, 0x99, 0xcc, 0xee, 0xb8, 0x76, 0xa9, 0xaa, 0xa9, 0x96, 0x78, 0x57, 0x76, 0x65,
  0x65, 0x65, 0x56, 0x88, 0x87, 0x88, 0x88, 0x88, 0x88, 0x88, 0x88, 0x8c, 0xcc, 0xbb, 0xba, 0xa8,
  0xa9, 0x99, 0x98, 0x65, 0x9c, 0xcc, 0xca, 0xa9, 0x88, 0x88, 0x88, 0x77, 0x88, 0x88, 0x88, 0x99,
  0x99, 0x99, 0x99, 0x98, 0x88, 0x86, 0x66, 0x66, 0x66, 0x88, 0x89, 0x99, 0x96, 0x88, 0x69, 0x69,
  0x66, 0x65, 0x66, 0x66, 0x66, 0x86, 0x6c, 0x88, 0x88, 0x65, 0x55, 0x66, 0x88, 0x86, 0x88, 0x88,
  0x88, 0x78, 0x88, 0x87, 0x78, 0xca, 0x68, 0x77, 0x55, 0x66, 0x67, 0x88, 0xce, 0xa8, 0x88, 0xac,
  0xa8, 0x86, 0x66, 0x66, 0x75, 0x55, 0x66, 0x68, 0x86, 0x68, 0x87, 0x88, 0x88, 0x9a, 0xce, 0xbe,
  0xbb, 0xbb, 0xb9, 0xcc, 0xca, 0xa8, 0x68, 0xbe, 0x4e, 0xee, 0x46, 0x78, 0x86, 0x55, 0x55, 0x54,
  0x44, 0x44, 0x33, 0x33, 0x22, 0x22, 0x21, 0x11, 0x00, 0x00, 0x00, 0x00, 0x00, 0x00, 0x00, 0x00,
  0x00, 0x12, 0x23, 0x33, 0x34, 0x44, 0x44, 0x45, 0x55, 0x56, 0x55, 0x55, 0x56, 0x64, 0xee, 0xb7,
  0xdb, 0xca, 0x9a, 0x69, 0xc8, 0x88, 0x88, 0x8c, 0xcc, 0x68, 0x68, 0x88, 0x87, 0x69, 0x9a, 0x66,
  0x69, 0x99, 0x9a, 0xbc, 0xbb, 0xcc, 0xcc, 0x96, 0xcc, 0xbb, 0xb8, 0x88, 0x99, 0xac, 0xc9, 0x99,
  0x86, 0x88, 0x87, 0x55, 0x65, 0x65, 0x55, 0x88, 0x88, 0x88, 0x88, 0x88, 0x88, 0x78, 0xc8, 0x8c,
  0xcc, 0xbb, 0x9a, 0xa9, 0xc9, 0x96, 0x58, 0x77, 0x6c, 0xcc, 0x96, 0x99, 0x88, 0x88, 0x88, 0x88,
  0x88, 0x87, 0x68, 0x99, 0x99, 0x99, 0x99, 0x98, 0x88, 0x86, 0x65, 0x56, 0x66, 0x88, 0x89, 0x99,
  0x96, 0x66, 0x69, 0x59, 0x55, 0x55, 0x66, 0x55, 0x66, 0x86, 0x66, 0x77, 0x68, 0x66, 0x55, 0x66,
  0x88, 0x86, 0x88, 0x88, 0x76, 0x78, 0x88, 0x88, 0x88, 0xcc, 0xc8, 0x65, 0x55, 0x56, 0x66, 0x66,
  0x9a, 0xc8, 0x88, 0xcc, 0xc8, 0x88, 0x86, 0x66, 0x86, 0x55, 0x66, 0x68, 0x86, 0x68, 0x88, 0x88,
  0x88, 0x9a, 0xc9, 0x9e, 0xbb, 0xbb, 0xb9, 0xcc, 0xcc, 0xc8, 0x68, 0x4d, 0x44, 0xee, 0x46, 0x78,
  0x85, 0x55, 0x55, 0x54, 0x44, 0x44, 0x33, 0x33, 0x22, 0x22, 0x21, 0x21, 0x00, 0x00, 0x00, 0x00,
  0x00, 0x00, 0x00, 0x00, 0x11, 0x22, 0x33, 0x33, 0x34, 0x44, 0x44, 0x45, 0x56, 0x55, 0x87, 0x65,
  0x55, 0x5b, 0xee, 0x4a, 0xe6, 0xcc, 0xc8, 0x88, 0x88, 0x88, 0xc8, 0x8c, 0xcc, 0xcc, 0xa9, 0x88,
  0x88, 0x88, 0x99, 0x88, 0x8c, 0xa9, 0xbb, 0xbb, 0xee, 0xcc, 0xa9, 0x98, 0x88, 0xaa, 0xcc, 0x96,
  0x69, 0x99, 0xcc, 0xa9, 0x87, 0x86, 0x66, 0x55, 0x66, 0x88, 0x88, 0x99, 0x99, 0xac, 0x99, 0x98,
  0x88, 0x8c, 0x88, 0x89, 0xac, 0xcc, 0xcc, 0x9a, 0xec, 0xa9, 0x69, 0x99, 0x87, 0x89, 0x98, 0x88,
  0x88, 0x86, 0x68, 0x67, 0x75, 0x56, 0x88, 0x99, 0x9c, 0xa9, 0x99, 0x99, 0x99, 0x88, 0x66, 0x88,
  0x88, 0x86, 0x88, 0x87, 0x68, 0x65, 0x56, 0x56, 0x55, 0x57, 0x88, 0x86, 0x68, 0x86, 0x55, 0x77,
  0x66, 0x65, 0x56, 0x66, 0x86, 0x68, 0x78, 0x88, 0x88, 0x88, 0x89, 0x99, 0x96, 0xa9, 0x98, 0x88,
  0x66, 0x56, 0x66, 0x55, 0x85, 0x7e, 0x8a, 0x99, 0x99, 0x99, 0x78, 0x66, 0x69, 0x99, 0x67, 0x87,
  0x77, 0x88, 0x88, 0x89, 0xe9, 0xca, 0x69, 0xac, 0xbb, 0xbc, 0xb9, 0x6c, 0x99, 0x98, 0x88, 0x6e,
  0xb4, 0xee, 0xb4, 0x78, 0x86, 0x66, 0x54, 0x64, 0x44, 0x44, 0x33, 0x33, 0x33, 0x22, 0x12, 0x21,
  0x00, 0x00, 0x00, 0x00, 0x00, 0x00, 0x00, 0x00, 0x11, 0x22, 0x33, 0x33, 0x34, 0x44, 0x44, 0x55,
  0x55, 0x56, 0x87, 0x75, 0x66, 0x6e, 0xee, 0x4e, 0xe6, 0xcc, 0xc8, 0x88, 0x78, 0x76, 0xc7, 0x6c,
  0xca, 0xec, 0xca, 0x88, 0x88, 0x66, 0x99, 0x88, 0x8c, 0xca, 0xbe, 0xeb, 0xeb, 0xcc, 0xa9, 0x98,
  0x88, 0x6a, 0x6c, 0xcc, 0xc9, 0xaa, 0xcc, 0xa9, 0x88, 0x67, 0x57, 0x65, 0x67, 0x67, 0x78, 0x99,
  0x9a, 0x9a, 0xaa, 0x68, 0x88, 0x88, 0x88, 0x89, 0xac, 0xcc, 0xaa, 0xec, 0x9c, 0xaa, 0xaa, 0xa9,
  0x88, 0xc9, 0x98, 0x88, 0x88, 0x87, 0x76, 0x66, 0x66, 0x56, 0x78, 0x99, 0x9a, 0xa9, 0x96, 0xa9,
  0xa9, 0x88, 0x77, 0x88, 0x88, 0x67, 0x87, 0x88, 0x76, 0x65, 0x55, 0x55, 0x66, 0x67, 0x88, 0x86,
  0x68, 0x76, 0x55, 0x66, 0x68, 0x55, 0x56, 0x67, 0x76, 0x78, 0x88, 0x86, 0x78, 0x88, 0x89, 0x99,
  0x99, 0xaa, 0x98, 0x88, 0x55, 0x56, 0x66, 0x56, 0x74, 0x7e, 0x8a, 0xac, 0xa9, 0x99, 0x88, 0x68,
  0x7a, 0x69, 0x77, 0x8a, 0xa9, 0x88, 0x88, 0x89, 0xaa, 0xcc, 0xca, 0xcc, 0xbe, 0xeb, 0xb9, 0x8c,
  0x69, 0xa8, 0x88, 0xce, 0xe4, 0xee, 0xe4, 0x77, 0x67, 0x66, 0x54, 0x64, 0x44, 0x44, 0x33, 0x33,
  0x33, 0x22, 0x22, 0x21, 0x00, 0x00, 0x00, 0x00, 0x00, 0x00, 0x00, 0x00, 0x11, 0x22, 0x33, 0x33,
  0x44, 0x44, 0x44, 0x55, 0x56, 0x66, 0x88, 0x85, 0x66, 0x5d, 0xee, 0x4e, 0xec, 0xcc, 0xbc, 0x88,
  0x88, 0x8c, 0x8c, 0xcc, 0xcc, 0xca, 0xaa, 0x88, 0x76, 0x66, 0xaa, 0x88, 0x8c, 0xcc, 0xae, 0xeb,
  0xe9, 0x6c, 0xa9, 0x96, 0x88, 0xaa, 0x6a, 0xaa, 0xc9, 0xac, 0xcc, 0xc9, 0x68, 0x87, 0x46, 0x66,
  0x68, 0x88, 0x88, 0x6a, 0xaa, 0x69, 0xa6, 0x98, 0x88, 0x88, 0x88, 0x8a, 0xaa, 0xcc, 0x99, 0xaa,
  0xac, 0xaa, 0x9a, 0xaa, 0x88, 0xc9, 0x98, 0x77, 0x78, 0x88, 0x66, 0x66, 0x55, 0x66, 0x87, 0x89,
  0x99, 0x99, 0x9a, 0x69, 0xc9, 0x88, 0x77, 0x88, 0x78, 0x67, 0x88, 0x66, 0x86, 0x65, 0x55, 0x55,
  0x66, 0x65, 0x88, 0x86, 0x78, 0x76, 0x56, 0x56, 0x56, 0x55, 0x66, 0x77, 0x76, 0x87, 0x77, 0x86,
  0x78, 0x88, 0x89, 0x99, 0x99, 0xcc, 0x97, 0x77, 0x66, 0x66, 0x66, 0x56, 0xa6, 0xaa, 0x8e, 0xcc,
  0xc9, 0x98, 0x78, 0x7c, 0x79, 0x69, 0x88, 0x87, 0x77, 0x88, 0x88, 0x89, 0xac, 0xcc, 0xcc, 0xcc,
  0xba, 0xbe, 0xe9, 0x99, 0xcc, 0xcc, 0xcc, 0xbb, 0xd4, 0xee, 0xe6, 0x88, 0x68, 0x75, 0x54, 0x64,
  0x44, 0x44, 0x43, 0x33, 0x33, 0x22, 0x22, 0x21, 0x00, 0x00, 0x00, 0x00, 0x00, 0x00, 0x00, 0x00,
  0x11, 0x22, 0x33, 0x33, 0x44, 0x44, 0x44, 0x46, 0x56, 0x99, 0x88, 0x85, 0x55, 0x5e, 0xec, 0x4d,
  0xbe, 0xee, 0xbc, 0x88, 0x88, 0x6c, 0x89, 0xac, 0xcc, 0xca, 0x99, 0xc8, 0x76, 0x86, 0xac, 0x8e,
  0xcc, 0xcc, 0xca, 0xa9, 0xbb, 0xac, 0xa9, 0x99, 0xac, 0x6a, 0xc9, 0x9a, 0xc9, 0xac, 0xcc, 0xcc,
  0xc8, 0x87, 0x46, 0x68, 0x88, 0x88, 0x88, 0x6c, 0xc9, 0x99, 0x99, 0x98, 0x88, 0x88, 0x88, 0x8c,
  0xa9, 0xc8, 0x9e, 0xcc, 0xcc, 0x99, 0x99, 0xac, 0xac, 0xc8, 0x88, 0x88, 0x88, 0x88, 0x78, 0x88,
  0x88, 0x88, 0x88, 0x78, 0x89, 0x99, 0x99, 0x98, 0x88, 0x88, 0x88, 0x88, 0x78, 0x88, 0x88, 0x88,
  0x86, 0x65, 0x56, 0x66, 0x88, 0x89, 0xac, 0x99, 0x65, 0x75, 0x55, 0x46, 0x45, 0x55, 0x88, 0x76,
  0x88, 0x86, 0x88, 0x88, 0x88, 0x88, 0x88, 0x88, 0x85, 0x67, 0x85, 0x55, 0x88, 0x75, 0x56, 0x66,
  0x66, 0x8a, 0xa9, 0xcc, 0xc8, 0x78, 0x88, 0x77, 0x88, 0x88, 0x88, 0x86, 0x86, 0x69, 0xac, 0x99,
  0xac, 0xcc, 0xcc, 0xcc, 0x9c, 0xbb, 0xee, 0xbb, 0xaa, 0xcc, 0xcc, 0xb8, 0xe4, 0xbe, 0xe7, 0x99,
  0xa8, 0x85, 0x55, 0x55, 0x44, 0x44, 0x43, 0x33, 0x33, 0x22, 0x22, 0x11, 0x00, 0x00, 0x00, 0x00,
  0x00, 0x00, 0x00, 0x00, 0x12, 0x22, 0x33, 0x33, 0x44, 0x44, 0x44, 0x56, 0x56, 0x99, 0x87, 0x65,
  0x66, 0xbe, 0xe7, 0x7e, 0x9e, 0xee, 0xbc, 0x88, 0x88, 0x88, 0x89, 0x9c, 0x6c, 0xcc, 0xcc, 0x88,
  0x77, 0x88, 0xec, 0xce, 0xcc, 0xcc, 0xca, 0xab, 0x9b, 0xc9, 0x6a, 0x69, 0x99, 0xcc, 0xc9, 0x6c,
  0xc9, 0xac, 0xc8, 0x88, 0x88, 0x85, 0x7a, 0x68, 0x88, 0x88, 0x88, 0x99, 0x9c, 0xcc, 0x96, 0x68,
  0x88, 0x8c, 0xc8, 0x79, 0x99, 0x78, 0x8c, 0x9c, 0xec, 0xcc, 0xa9, 0xaa, 0x99, 0xec, 0x88, 0x88,
  0x88, 0x88, 0x8c, 0x88, 0x87, 0x88, 0x88, 0x88, 0x89, 0x99, 0x99, 0x98, 0x88, 0x88, 0x8c, 0xcc,
  0x88, 0x88, 0x88, 0x88, 0x88, 0x65, 0x57, 0x88, 0x88, 0x89, 0xaa, 0x99, 0x98, 0x88, 0x66, 0x46,
  0x45, 0x55, 0x88, 0x88, 0x67, 0x88, 0x88, 0x66, 0xc6, 0x88, 0x78, 0x88, 0x86, 0x78, 0x85, 0x66,
  0x66, 0x66, 0x56, 0x68, 0x66, 0x8c, 0xa9, 0x99, 0x98, 0x68, 0x88, 0x88, 0x78, 0x88, 0x88, 0x87,
  0xcc, 0x99, 0xc9, 0x9a, 0xa9, 0x9a, 0xcc, 0xcc, 0xcc, 0xbb, 0xbb, 0xbb, 0xcc, 0xcc, 0xcc, 0x9d,
  0xe5, 0xbe, 0xee, 0xac, 0xc8, 0x66, 0x55, 0x55, 0x44, 0x44, 0x43, 0x33, 0x33, 0x32, 0x22, 0x21,
  0x00, 0x00, 0x00, 0x00, 0x00, 0x00, 0x00, 0x00, 0x12, 0x23, 0x33, 0x33, 0x44, 0x44, 0x45, 0x66,
  0x56, 0x99, 0x66, 0x65, 0x66, 0xee, 0xec, 0xde, 0xbe, 0xee, 0xbc, 0x99, 0x96, 0x88, 0x8c, 0xce,
  0x9b, 0x8a, 0xca, 0x88, 0x88, 0x9c, 0xac, 0xce, 0xcc, 0xcc, 0xbe, 0xeb, 0xbb, 0xca, 0x6a, 0xa9,
  0x6a, 0x99, 0x98, 0x69, 0xc9, 0xcc, 0x88, 0x88, 0x88, 0x85, 0x46, 0x67, 0x77, 0x88, 0x88, 0x88,
  0x9c, 0xaa, 0x9a, 0x97, 0x67, 0x8c, 0xc9, 0xca, 0xa9, 0x88, 0x9e, 0xaa, 0xbb, 0xca, 0x69, 0xa9,
  0x6a, 0xcc, 0x77, 0x88, 0x88, 0x88, 0x88, 0x88, 0x77, 0x88, 0x77, 0x87, 0x89, 0xaa, 0x9a, 0xb8,
  0x68, 0xc9, 0xcc, 0xcc, 0xc9, 0x88, 0x87, 0x77, 0x88, 0x65, 0x56, 0x88, 0x89, 0x9a, 0x99, 0x99,
  0x98, 0x86, 0x66, 0x46, 0x46, 0x66, 0x88, 0x88, 0x66, 0x76, 0x66, 0x67, 0x87, 0x78, 0x87, 0x88,
  0x88, 0x88, 0x86, 0x68, 0x77, 0x66, 0x66, 0x68, 0x77, 0x89, 0x98, 0x99, 0x88, 0x87, 0x88, 0x88,
  0x88, 0x88, 0x68, 0x88, 0x99, 0x99, 0xa9, 0xaa, 0xa9, 0xaa, 0xcc, 0xcc, 0xbb, 0xbb, 0xbb, 0xbb,
  0xcc, 0xcc, 0xcc, 0xc6, 0xec, 0x7e, 0xee, 0xbb, 0xe8, 0x76, 0x55, 0x54, 0x44, 0x44, 0x43, 0x33,
  0x33, 0x32, 0x22, 0x11, 0x11, 0x10, 0x00, 0x00, 0x00, 0x00, 0x00, 0x00, 0x12, 0x23, 0x33, 0x33,
  0x44, 0x44, 0x54, 0x66, 0x56, 0x99, 0x56, 0x66, 0x66, 0xee, 0xe7, 0xee, 0xee, 0xee, 0xbc, 0xcc,
  0xcc, 0x98, 0x69, 0x9a, 0xbe, 0xee, 0x99, 0x99, 0x99, 0xcc, 0xcc, 0xcc, 0xcc, 0xcc, 0xbb, 0xce,
  0xbb, 0xcc, 0xa9, 0x99, 0xa6, 0x88, 0x88, 0x87, 0x8c, 0xcc, 0x88, 0x76, 0x88, 0x85, 0x55, 0x68,
  0x88, 0x89, 0x99, 0x87, 0x8c, 0xa9, 0x99, 0x66, 0x88, 0x8c, 0xcc, 0xcc, 0xa9, 0x99, 0x9e, 0xcb,
  0xbb, 0xce, 0x9e, 0xac, 0xac, 0xcc, 0x87, 0x88, 0x87, 0x68, 0x88, 0x88, 0x76, 0x88, 0x67, 0xc6,
  0x89, 0xac, 0xbb, 0xb9, 0xae, 0xac, 0xcc, 0xcc, 0xcc, 0x88, 0xc7, 0x79, 0x99, 0x65, 0x56, 0x99,
  0x9a, 0xcc, 0xcc, 0x99, 0x98, 0x86, 0x55, 0x77, 0x66, 0x66, 0x88, 0x88, 0x66, 0x66, 0x66, 0x66,
  0x88, 0x88, 0x88, 0x88, 0x88, 0x66, 0x66, 0x68, 0x88, 0x76, 0x67, 0x88, 0x88, 0x88, 0x88, 0x68,
  0x88, 0x88, 0x88, 0x99, 0x99, 0x99, 0x99, 0x99, 0x99, 0x99, 0x99, 0xea, 0xa9, 0xcc, 0xcc, 0xcc,
  0xbb, 0xbc, 0xcc, 0xcc, 0xcc, 0xcc, 0xcc, 0xcc, 0xee, 0x4e, 0xee, 0xbe, 0xec, 0x76, 0x55, 0x5a,
  0x55, 0x44, 0x44, 0x43, 0x33, 0x32, 0x22, 0x11, 0x11, 0x10, 0x00, 0x00, 0x00, 0x00, 0x00, 0x00,
  0x12, 0x23, 0x33, 0x33, 0x44, 0x44, 0x44, 0x66, 0x69, 0x99, 0x66, 0x59, 0x99, 0xee, 0xe4, 0xee,
  0xee, 0xee, 0xbc, 0xcc, 0xce, 0x9c, 0x89, 0xcc, 0xbb, 0xba, 0x69, 0x9a, 0xaa, 0xcc, 0xcc, 0xca,
  0x9c, 0xce, 0xbb, 0xbb, 0xbb, 0x99, 0x99, 0x99, 0x99, 0x88, 0x88, 0x87, 0x88, 0x8c, 0xc8, 0x78,
  0x88, 0x86, 0x56, 0x88, 0x88, 0x89, 0x99, 0x87, 0x66, 0xa9, 0x96, 0x68, 0x88, 0x88, 0xcc, 0xc6,
  0xac, 0xce, 0x99, 0xcb, 0xbb, 0x8a, 0x99, 0x9e, 0xca, 0x9c, 0x77, 0x87, 0x88, 0x88, 0x88, 0x88,
  0x67, 0x66, 0x86, 0x75, 0x89, 0xac, 0xbb, 0xbc, 0xcc, 0xcc, 0xcc, 0xcc, 0xcc, 0xc8, 0x88, 0x88,
  0x99, 0x65, 0x69, 0x99, 0x99, 0x99, 0xac, 0xc9, 0x98, 0x88, 0x66, 0x88, 0x68, 0x88, 0x88, 0x88,
  0x87, 0x76, 0x58, 0x58, 0x88, 0x88, 0x77, 0x77, 0x86, 0x55, 0x68, 0x88, 0x78, 0x88, 0x88, 0x88,
  0x87, 0x77, 0x68, 0x88, 0x8c, 0x88, 0x88, 0x9c, 0xcc, 0xcc, 0xca, 0x96, 0xa9, 0x9c, 0xcc, 0x99,
  0xac, 0xcc, 0xc9, 0x99, 0xbb, 0xbc, 0x9a, 0xcc, 0xcc, 0xcc, 0xcc, 0xce, 0xee, 0x4e, 0xee, 0xbb,
  0xb8, 0x88, 0x55, 0x55, 0x44, 0x44, 0x44, 0x43, 0x33, 0x33, 0x22, 0x22, 0x21, 0x10, 0x00, 0x00,
  0x00, 0x00, 0x00, 0x00, 0x11, 0x22, 0x33, 0x33, 0x44, 0x44, 0x55, 0x66, 0x58, 0x88, 0x86, 0x68,
  0x89, 0xee, 0xe4, 0xee, 0xee, 0xee, 0xbc, 0x96, 0xaa, 0xac, 0x9a, 0xcc, 0xcb, 0xaa, 0x99, 0xc8,
  0x9a, 0xcb, 0xbb, 0xcc, 0xac, 0xa9, 0xbb, 0xbb, 0xbb, 0xa9, 0x99, 0x99, 0x99, 0x88, 0x88, 0x87,
  0x77, 0x7c, 0x87, 0x88, 0x87, 0x66, 0x56, 0x66, 0x89, 0x99, 0x99, 0x99, 0x99, 0x99, 0x86, 0x69,
  0x6c, 0xc9, 0xbb, 0xbc, 0xcc, 0xbe, 0xbb, 0x9b, 0xba, 0xaa, 0x69, 0x9a, 0xaa, 0xcc, 0x99, 0x99,
  0x87, 0x88, 0x88, 0x88, 0x78, 0x68, 0x77, 0x77, 0x68, 0x8c, 0xbb, 0xbb, 0xbb, 0xcc, 0xbe, 0xbc,
  0xcc, 0x78, 0x89, 0x98, 0x68, 0x87, 0x66, 0x66, 0x99, 0x99, 0xa9, 0x6a, 0x96, 0x66, 0x66, 0x99,
  0x9c, 0x99, 0x88, 0x88, 0x87, 0x66, 0x66, 0x66, 0x66, 0x88, 0x77, 0x87, 0x87, 0x68, 0x88, 0x88,
  0x78, 0x88, 0x87, 0x78, 0x88, 0x89, 0x99, 0x87, 0x88, 0x77, 0x88, 0x9c, 0xaa, 0xaa, 0x9a, 0xa9,
  0x9e, 0xbb, 0xbb, 0xba, 0xac, 0xcc, 0xca, 0xac, 0xbb, 0xbb, 0xbb, 0xcc, 0xcc, 0xcc, 0xcc, 0xbe,
  0xee, 0x4e, 0xee, 0xbc, 0xc8, 0x88, 0x64, 0x55, 0x44, 0x44, 0x44, 0x33, 0x33, 0x33, 0x22, 0x22,
  0x21, 0x10, 0x00, 0x00, 0x00, 0x00, 0x00, 0x00, 0x11, 0x22, 0x33, 0x33, 0x44, 0x44, 0x45, 0x66,
  0x57, 0x88, 0x87, 0x68, 0x7c, 0xee, 0xe4, 0xee, 0xee, 0xee, 0xbc, 0xcc, 0xa9, 0xac, 0xee, 0xcc,
  0xcc, 0xca, 0xa6, 0x88, 0x8c, 0xab, 0xbb, 0xbc, 0xaa, 0xaa, 0xbb, 0xbb, 0xbb, 0xa9, 0x99, 0xa9,
  0x99, 0x77, 0x88, 0x89, 0xaa, 0x98, 0x67, 0x77, 0x86, 0x65, 0x56, 0x66, 0x69, 0x99, 0x99, 0x99,
  0x69, 0x99, 0x86, 0x6a, 0x6c, 0xaa, 0xbb, 0xbc, 0xcc, 0xbb, 0xbb, 0xbe, 0xca, 0xac, 0xc9, 0x9a,
  0xaa, 0xa6, 0xa6, 0xa9, 0x88, 0x88, 0x8c, 0x88, 0x88, 0x88, 0x68, 0x88, 0x88, 0x8c, 0xbb, 0xbb,
  0xbb, 0xcc, 0xbe, 0xbc, 0xcc, 0x88, 0xca, 0x99, 0x68, 0x77, 0x68, 0x88, 0xaa, 0xaa, 0xaa, 0xcc,
  0xcc, 0xca, 0xaa, 0xaa, 0xac, 0xa9, 0x68, 0x88, 0x77, 0x66, 0x66, 0x66, 0x66, 0x68, 0x88, 0x88,
  0x87, 0x68, 0x87, 0x78, 0x88, 0x88, 0x88, 0xc8, 0x88, 0x89, 0xaa, 0x88, 0x68, 0x88, 0x88, 0x9c,
  0x99, 0xaa, 0xca, 0xc9, 0x9e, 0xbb, 0xbb, 0xba, 0xac, 0xcc, 0xaa, 0xcc, 0xca, 0xbc, 0xbb, 0xcc,
  0xcc, 0xcc, 0xcc, 0xbe, 0xee, 0x6e, 0xee, 0xcc, 0xc8, 0x88, 0x64, 0x65, 0x44, 0x44, 0x44, 0x33,
  0x33, 0x33, 0x22, 0x22, 0x21, 0x10, 0x00, 0x00, 0x00, 0x00, 0x00, 0x00, 0x12, 0x23, 0x33, 0x33,
  0x44, 0x44, 0x55, 0x55, 0x58, 0x88, 0x88, 0x88, 0x6e, 0xee, 0xe4, 0xdb, 0xee, 0xee, 0xbc, 0xcc,
  0xca, 0xac, 0xca, 0x6c, 0xcc, 0xcc, 0xc6, 0x77, 0x86, 0x9b, 0xbb, 0xea, 0x99, 0xac, 0xbb, 0xbb,
  0x9b, 0x69, 0x99, 0x69, 0x99, 0x67, 0x88, 0x87, 0x77, 0x78, 0x67, 0x76, 0x86, 0x65, 0x66, 0x55,
  0x69, 0x99, 0x99, 0x96, 0x69, 0x99, 0x86, 0x66, 0x99, 0x9c, 0xbb, 0xbc, 0xcc, 0xbb, 0xbb, 0xbb,
  0xcc, 0x9a, 0xc9, 0xac, 0xca, 0x9a, 0xa6, 0xa9, 0x88, 0x8c, 0xcc, 0xcc, 0x88, 0x87, 0x68, 0x88,
  0x88, 0x8c, 0xbb, 0xbb, 0xbb, 0xcc, 0xbb, 0xbc, 0xa9, 0xcc, 0xcc, 0xa9, 0x88, 0x76, 0x88, 0xcc,
  0xcc, 0xcc, 0xcc, 0xcc, 0xcc, 0xcc, 0xcc, 0xcc, 0xcc, 0xcc, 0xcc, 0x88, 0x68, 0x88, 0x66, 0x88,
  0x78, 0x87, 0x78, 0x88, 0x86, 0x77, 0x78, 0x88, 0xc8, 0x88, 0x88, 0xc8, 0x88, 0x8c, 0xcc, 0x8c,
  0x68, 0x88, 0x88, 0x86, 0x96, 0xac, 0xcc, 0xc9, 0xab, 0xbb, 0xbb, 0xbb, 0xcc, 0xca, 0x99, 0xac,
  0xca, 0x9e, 0xbb, 0xcc, 0xcc, 0xcc, 0xcc, 0xbe, 0xee, 0x7e, 0xee, 0xec, 0x88, 0x88, 0x54, 0x64,
  0x44, 0x44, 0x44, 0x43, 0x33, 0x33, 0x22, 0x21, 0x11, 0x10, 0x00, 0x00, 0x00, 0x00, 0x00, 0x00,
  0x12, 0x33, 0x33, 0x33, 0x44, 0x44, 0x55, 0x55, 0x65, 0x56, 0x66, 0x65, 0x8e, 0xee, 0xc4, 0xee,
  0xee, 0xbb, 0xbc, 0xcc, 0xcc, 0xcc, 0xcc, 0xcc, 0xae, 0x99, 0xac, 0x99, 0x99, 0x9a, 0xc9, 0x99,
  0x9b, 0xb9, 0x9b, 0xbc, 0xcc, 0xc9, 0x87, 0x69, 0x99, 0x88, 0x8c, 0xcc, 0xc9, 0x88, 0x66, 0x88,
  0x86, 0x66, 0x65, 0x68, 0x78, 0x89, 0x99, 0x66, 0x67, 0xc6, 0x86, 0x68, 0x89, 0x99, 0xbb, 0xbb,
  0xbb, 0xbb, 0xbb, 0xbb, 0xc9, 0xa6, 0x98, 0x86, 0xc6, 0x6a, 0x9a, 0xc9, 0xac, 0xcc, 0xcc, 0xcc,
  0xc9, 0x99, 0x68, 0x99, 0x9b, 0xbb, 0xbb, 0xbb, 0xee, 0xbb, 0xbc, 0xcc, 0x69, 0xca, 0x9c, 0xa9,
  0x88, 0x88, 0x89, 0xac, 0xcc, 0xcc, 0xcc, 0xbb, 0xbb, 0xbb, 0xc9, 0xcc, 0xcc, 0xcc, 0xcc, 0xa9,
  0x98, 0x88, 0x66, 0x86, 0x88, 0x88, 0x78, 0x87, 0x68, 0x87, 0x68, 0x88, 0xc8, 0x8c, 0x88, 0x88,
  0x88, 0xcc, 0xcc, 0x99, 0x99, 0x99, 0x99, 0x99, 0x99, 0xac, 0xcc, 0xcc, 0xce, 0xeb, 0xbc, 0xcb,
  0xbb, 0xcc, 0xcc, 0xae, 0x9c, 0xcc, 0xca, 0x9c, 0xbb, 0xbb, 0xee, 0xee, 0xee, 0x6e, 0xee, 0xb8,
  0x86, 0xc6, 0x55, 0x55, 0x44, 0x44, 0x44, 0x44, 0x33, 0x22, 0x22, 0x21, 0x00, 0x00, 0x00, 0x00,
  0x00, 0x00, 0x00, 0x00, 0x22, 0x33, 0x33, 0x33, 0x44, 0x44, 0x55, 0x55, 0x65, 0x56, 0x66, 0x65,
  0x6e, 0xee, 0x56, 0xee, 0xee, 0xbb, 0xbc, 0xcc, 0xcc, 0xcc, 0xaa, 0xae, 0xe9, 0xa9, 0xaa, 0x99,
  0x9a, 0xaa, 0xca, 0xaa, 0x9b, 0xbb, 0xeb, 0xba, 0xca, 0xa9, 0x87, 0x66, 0x69, 0x88, 0x8a, 0xaa,
  0xaa, 0x98, 0x88, 0x78, 0x87, 0x66, 0x56, 0x58, 0x68, 0x89, 0x99, 0x66, 0x67, 0x87, 0x86, 0x78,
  0x8c, 0xc9, 0xbb, 0xbb, 0xbb, 0xbe, 0xeb, 0xbb, 0xca, 0x6a, 0xa8, 0x87, 0xcc, 0xaa, 0xaa, 0xc9,
  0x66, 0xac, 0xcc, 0xcc, 0xc9, 0x69, 0x88, 0x9a, 0xab, 0xbb, 0xbb, 0xbb, 0xee, 0xbb, 0xbc, 0xca,
  0x69, 0xaa, 0xa6, 0x69, 0x88, 0x88, 0x89, 0xac, 0xcc, 0xcc, 0xcc, 0xbb, 0xbb, 0xbb, 0xca, 0xcc,
  0xcc, 0xcc, 0xcc, 0xa9, 0x69, 0x88, 0x67, 0x87, 0x78, 0x67, 0x88, 0x87, 0x67, 0x88, 0x68, 0x88,
  0x88, 0x8c, 0x88, 0x88, 0x78, 0x8a, 0xaa, 0x99, 0x99, 0xaa, 0xa9, 0x99, 0xa9, 0x9a, 0xaa, 0xcc,
  0xcb, 0xbb, 0xbc, 0xcb, 0xbb, 0xcc, 0xcc, 0xae, 0x9c, 0xcc, 0xaa, 0xac, 0xb8, 0xee, 0xee, 0xee,
  0xee, 0xa7, 0xee, 0xe6, 0x87, 0x86, 0x55, 0x55, 0x44, 0x44, 0x44, 0x44, 0x33, 0x22, 0x22, 0x11,
  0x00, 0x00, 0x00, 0x00, 0x00, 0x00, 0x00, 0x01, 0x22, 0x33, 0x33, 0x34, 0x44, 0x44, 0x55, 0x55,
  0x55, 0x55, 0x55, 0x55, 0x5e, 0xee, 0x47, 0xeb, 0xee, 0xbb, 0xbc, 0xcc, 0xcc, 0xcc, 0x99, 0x9a,
  0xe6, 0xa9, 0x99, 0x99, 0xac, 0xcc, 0xcc, 0xca, 0x9b, 0xbb, 0x99, 0x99, 0xc6, 0x99, 0x87, 0x66,
  0x69, 0x88, 0x89, 0x99, 0x9c, 0x98, 0x88, 0x88, 0x88, 0x86, 0x56, 0x58, 0x67, 0x89, 0x99, 0x88,
  0x88, 0x88, 0x88, 0x88, 0xc9, 0x99, 0xbb, 0xbb, 0xbb, 0xbb, 0xbb, 0xbb, 0xcc, 0x9a, 0xcc, 0x88,
  0xcc, 0xcc, 0xcc, 0xc9, 0x99, 0x9c, 0xcc, 0xcc, 0xc9, 0x69, 0x6c, 0xcc, 0xcb, 0xbb, 0xbb, 0xbb,
  0xbb, 0xb9, 0xbc, 0xc9, 0x99, 0xaa, 0xc9, 0x6c, 0x88, 0x88, 0xcc, 0xcc, 0xcc, 0xcc, 0xcc, 0xbb,
  0xbb, 0xbb, 0xcc, 0xcc, 0xcc, 0xcc, 0xcc, 0xa9, 0xa8, 0x88, 0x78, 0x88, 0x76, 0x86, 0x88, 0x88,
  0x86, 0x66, 0x88, 0x88, 0x88, 0xcc, 0x88, 0xc8, 0x77, 0x89, 0x99, 0x99, 0x99, 0xcc, 0xc9, 0x99,
  0xca, 0x99, 0x9a, 0xcc, 0xcb, 0xbb, 0xbc, 0xcb, 0xbb, 0xcc, 0xcc, 0xcc, 0x9c, 0xcc, 0x9a, 0xcc,
  0xb8, 0xee, 0xee, 0xee, 0xee, 0xe8, 0xee, 0xe5, 0x88, 0x66, 0x55, 0x55, 0x44, 0x44, 0x44, 0x44,
  0x33, 0x22, 0x22, 0x11, 0x00, 0x00, 0x00, 0x00, 0x00, 0x00, 0x01, 0x12, 0x22, 0x33, 0x33, 0x34,
  0x44, 0x44, 0x44, 0x44, 0x56, 0x99, 0x99, 0x96, 0x6e, 0xee, 0x4b, 0xdc, 0xee, 0xbb, 0xbb, 0xbb,
  0xc9, 0xaa, 0x6a, 0x69, 0x6a, 0x99, 0x99, 0xa9, 0x99, 0xaa, 0x99, 0x69, 0xcc, 0xcc, 0x99, 0x99,
  0x69, 0x66, 0x78, 0x85, 0x55, 0x88, 0x75, 0x65, 0x88, 0x87, 0x88, 0x78, 0x88, 0x88, 0x88, 0x76,
  0x88, 0x89, 0x99, 0x96, 0x66, 0x78, 0x99, 0x99, 0x9a, 0xcc, 0xcc, 0xcc, 0xcc, 0xbe, 0xce, 0xe9,
  0xbb, 0xca, 0x99, 0x99, 0x66, 0x9c, 0xcc, 0xcc, 0x99, 0xcc, 0xcc, 0xcc, 0xc9, 0x9a, 0xaa, 0xbb,
  0xbb, 0xbb, 0xbb, 0xbc, 0x9a, 0xca, 0xa9, 0xc9, 0x99, 0x86, 0x88, 0x87, 0x9c, 0x78, 0x8c, 0xcc,
  0xcc, 0xcc, 0xa9, 0xbb, 0xbb, 0xbb, 0xcc, 0xcc, 0xcc, 0xa9, 0x9c, 0xcc, 0x87, 0x86, 0x7a, 0x78,
  0x88, 0x87, 0x79, 0x67, 0x8c, 0x88, 0x89, 0x99, 0xcc, 0xc9, 0xc9, 0x87, 0x67, 0x88, 0x68, 0x88,
  0x89, 0x9e, 0x9a, 0xa9, 0xc9, 0xac, 0xcc, 0xcc, 0xcc, 0xcc, 0xcc, 0xcc, 0xcc, 0xcc, 0xcc, 0x87,
  0x8c, 0x99, 0xee, 0xcc, 0x9e, 0xee, 0xee, 0xee, 0xee, 0xe7, 0xee, 0xed, 0x88, 0x55, 0x55, 0x55,
  0x44, 0x44, 0x44, 0x44, 0x33, 0x22, 0x22, 0x11, 0x00, 0x00, 0x00, 0x00, 0x00, 0x00, 0x01, 0x12,
  0x22, 0x33, 0x33, 0x34, 0x44, 0x44, 0x44, 0x44, 0x56, 0x99, 0x99, 0x96, 0x6e, 0xee, 0x4e, 0xec,
  0xee, 0xbe, 0xeb, 0xbb, 0xca, 0xa9, 0xa6, 0xc9, 0x6a, 0x99, 0x99, 0x69, 0xaa, 0xaa, 0xaa, 0xcc,
  0xc6, 0x9a, 0xa6, 0xa9, 0x66, 0x77, 0x78, 0x88, 0x66, 0x77, 0x65, 0x68, 0x78, 0x78, 0x87, 0x88,
  0x88, 0x87, 0x77, 0x67, 0x88, 0x89, 0xa9, 0x99, 0x67, 0x68, 0x99, 0x99, 0xaa, 0xca, 0xcc, 0xcc,
  0xcc, 0xbe, 0xbe, 0xee, 0xbb, 0xec, 0xa9, 0x66, 0xcc, 0xcc, 0xcc, 0xcc, 0xcc, 0xcc, 0xcc, 0xca,
  0xa9, 0x9a, 0xec, 0xbb, 0xbb, 0xce, 0xbb, 0xbc, 0x9a, 0xce, 0xa9, 0xc9, 0x99, 0x87, 0x88, 0x85,
  0x9c, 0x78, 0x89, 0xac, 0x77, 0x7c, 0xab, 0xbb, 0xbb, 0xba, 0xac, 0xcc, 0xcc, 0xaa, 0xac, 0xc8,
  0x87, 0x87, 0x7a, 0x78, 0x88, 0x78, 0x79, 0x97, 0x88, 0x86, 0x8a, 0xaa, 0xcc, 0xca, 0xc9, 0x87,
  0x78, 0x88, 0x78, 0x88, 0x89, 0xac, 0xaa, 0xa9, 0xc9, 0x9a, 0xcc, 0xcc, 0xaa, 0xcc, 0xcc, 0xcc,
  0xcc, 0xca, 0xac, 0x88, 0x88, 0x99, 0xee, 0xcc, 0xbe, 0xee, 0xee, 0xee, 0xbe, 0xe6, 0xee, 0xe5,
  0x86, 0x66, 0x55, 0x55, 0x54, 0x44, 0x44, 0x44, 0x33, 0x32, 0x22, 0x11, 0x00, 0x00, 0x00, 0x00,
  0x00, 0x00, 0x01, 0x12, 0x23, 0x33, 0x33, 0x34, 0x44, 0x44, 0x44, 0x44, 0x56, 0x99, 0x99, 0x96,
  0x5e, 0xee, 0x4e, 0xec, 0xeb, 0xce, 0xeb, 0xbb, 0xcc, 0xa9, 0x96, 0xc9, 0x99, 0x99, 0x99, 0x99,
  0x66, 0xcc, 0xcc, 0xcc, 0xcc, 0xa9, 0xcc, 0x69, 0x66, 0x88, 0x78, 0x88, 0x66, 0x68, 0x85, 0x67,
  0x76, 0x86, 0x68, 0x88, 0x87, 0x8a, 0xa6, 0x68, 0x88, 0x86, 0x69, 0x99, 0x97, 0x86, 0x99, 0x99,
  0xa6, 0x69, 0xcc, 0xcc, 0xcc, 0xbc, 0xbe, 0xe9, 0xcc, 0xbc, 0xc9, 0xac, 0xcc, 0xcc, 0xbc, 0xcc,
  0xcc, 0xcc, 0xcc, 0xce, 0xe9, 0x9a, 0xcc, 0xbb, 0xbb, 0xbb, 0xbb, 0xbc, 0x9a, 0xcc, 0xa9, 0xc9,
  0x99, 0x87, 0x87, 0x85, 0x9c, 0x78, 0xc9, 0xac, 0xea, 0xec, 0xcc, 0xbb, 0xbb, 0xba, 0x9c, 0xcc,
  0xcc, 0xcc, 0xcc, 0x98, 0x87, 0x78, 0x7a, 0x78, 0x76, 0x88, 0x79, 0x97, 0x88, 0x68, 0x8c, 0xcc,
  0xcc, 0xcc, 0xc9, 0x87, 0x77, 0x65, 0x78, 0x77, 0x89, 0xac, 0xcc, 0xaa, 0xc9, 0x99, 0xac, 0xcc,
  0xaa, 0xcc, 0xcc, 0xcc, 0xca, 0xca, 0x9c, 0x88, 0x88, 0x89, 0x9b, 0xcc, 0xbe, 0xeb, 0xbb, 0xbb,
  0xbb, 0xe7, 0xee, 0xe4, 0x86, 0x66, 0x55, 0x54, 0x54, 0x44, 0x44, 0x44, 0x33, 0x33, 0x22, 0x11,
  0x00, 0x00, 0x00, 0x00, 0x00, 0x00, 0x01, 0x12, 0x22, 0x32, 0x33, 0x34, 0x44, 0x44, 0x44, 0x44,
  0x59, 0x99, 0x99, 0x99, 0x5e, 0xee, 0x4e, 0xeb, 0xeb, 0xee, 0xbc, 0xcc, 0xc9, 0x99, 0x9a, 0xc9,
  0x88, 0x89, 0x99, 0x77, 0x8e, 0xcc, 0xcc, 0xcc, 0xcc, 0xa9, 0xcc, 0xcc, 0x99, 0x88, 0x68, 0x88,
  0x76, 0x87, 0x76, 0x55, 0x55, 0x55, 0x87, 0x78, 0x88, 0x76, 0x66, 0x68, 0x88, 0x88, 0x88, 0x99,
  0x95, 0x55, 0x9c, 0x98, 0x89, 0x9c, 0xcc, 0xcc, 0xcc, 0xbe, 0xeb, 0xee, 0xcc, 0xbb, 0xbb, 0xbb,
  0xbb, 0xbb, 0xcb, 0xbb, 0xbb, 0xbb, 0xbb, 0xcc, 0xcc, 0x9a, 0xcc, 0xcc, 0xcc, 0xcc, 0xca, 0x9c,
  0x6a, 0xc9, 0x99, 0xc8, 0x76, 0x94, 0xa5, 0x56, 0x77, 0x78, 0xc7, 0x77, 0x88, 0x8c, 0xcc, 0xcc,
  0xcc, 0xca, 0x9c, 0xbb, 0xbc, 0xcc, 0xc9, 0x9c, 0x86, 0x67, 0x68, 0x8c, 0xcc, 0x9a, 0xaa, 0x98,
  0x88, 0x88, 0xc8, 0x88, 0xca, 0x9c, 0x99, 0x88, 0x65, 0x69, 0x7a, 0x67, 0x88, 0x88, 0x87, 0x9c,
  0x98, 0x78, 0x6c, 0xcc, 0xcc, 0xcc, 0xcc, 0x9c, 0x86, 0x88, 0x87, 0x78, 0x78, 0x8c, 0xcc, 0xee,
  0xbe, 0xec, 0xcc, 0xcc, 0xee, 0xe5, 0xee, 0xe4, 0x66, 0x65, 0x55, 0x55, 0x44, 0x44, 0x44, 0x43,
  0x33, 0x33, 0x22, 0x11, 0x00, 0x00, 0x00, 0x00, 0x00, 0x00, 0x01, 0x12, 0x22, 0x32, 0x33, 0x34,
  0x44, 0x44, 0x44, 0x44, 0x56, 0x69, 0x99, 0x99, 0x5e, 0xee, 0x4e, 0xbc, 0xee, 0xeb, 0xb9, 0xac,
  0x99, 0x99, 0x99, 0x99, 0xc6, 0x89, 0x99, 0x86, 0x69, 0x9a, 0xcc, 0x6a, 0x99, 0x99, 0xcc, 0xc9,
  0x99, 0x6c, 0x88, 0x88, 0x76, 0x88, 0x76, 0x66, 0x55, 0x66, 0x78, 0x88, 0x87, 0x88, 0x88, 0x88,
  0x88, 0x88, 0x88, 0x99, 0x95, 0x66, 0x99, 0x98, 0x89, 0x69, 0xcc, 0xcc, 0xcc, 0xbb, 0xbb, 0xbb,
  0xcc, 0xbb, 0xbb, 0xbb, 0xbb, 0xbb, 0xbb, 0xbb, 0xbb, 0xbb, 0xbb, 0xcc, 0xc9, 0xcc, 0xc9, 0x99,
  0xcc, 0xee, 0xcc, 0xc9, 0x99, 0x96, 0xcc, 0x98, 0x88, 0x67, 0xa5, 0x55, 0x68, 0x88, 0xc7, 0x77,
  0x88, 0x86, 0x69, 0xcc, 0xcc, 0xcc, 0xcc, 0xbb, 0xbc, 0xcc, 0xcc, 0x98, 0x88, 0x86, 0x77, 0x8c,
  0xcc, 0xce, 0xec, 0x98, 0x88, 0x8c, 0xcc, 0x88, 0xca, 0x99, 0x99, 0x68, 0x85, 0x69, 0x7a, 0x88,
  0x88, 0x88, 0xc8, 0x99, 0x98, 0x76, 0x99, 0x99, 0xac, 0xcc, 0xcc, 0xcc, 0x6c, 0xc8, 0x68, 0x87,
  0x68, 0x88, 0xcb, 0xbb, 0xee, 0xbe, 0xec, 0xcc, 0xee, 0xe4, 0xee, 0xe4, 0x66, 0x65, 0x65, 0x55,
  0x54, 0x44, 0x44, 0x44, 0x33, 0x32, 0x22, 0x11, 0x00, 0x00, 0x00, 0x00, 0x00, 0x00, 0x01, 0x12,
  0x22, 0x32, 0x33, 0x34, 0x44, 0x44, 0x44, 0x45, 0x56, 0x69, 0x99, 0x66, 0x6e, 0xeb, 0x4e, 0xbc,
  0xee, 0xeb, 0xba, 0xac, 0x99, 0x99, 0x99, 0x99, 0x86, 0x89, 0x96, 0x88, 0x8a, 0xa9, 0xaa, 0x6c,
  0xa6, 0xa9, 0xcc, 0xc9, 0x98, 0x76, 0x88, 0x88, 0x76, 0x66, 0x66, 0x66, 0x66, 0x66, 0x78, 0x77,
  0x78, 0x88, 0x88, 0x86, 0x88, 0x77, 0x78, 0x98, 0x96, 0x68, 0x99, 0x98, 0x86, 0x99, 0xcc, 0xcc,
  0xcc, 0xbb, 0xbb, 0xbb, 0xcc, 0xbb, 0xbb, 0xbb, 0xbb, 0xbb, 0xbb, 0xbb, 0xbb, 0xbb, 0xbb, 0xaa,
  0xaa, 0x69, 0xc9, 0x98, 0x69, 0x99, 0x68, 0xc9, 0x98, 0x86, 0x99, 0x96, 0x66, 0x87, 0xa5, 0x55,
  0x68, 0x88, 0xc9, 0xaa, 0x88, 0x8c, 0x88, 0xcc, 0xcc, 0xaa, 0xac, 0xbb, 0xbc, 0xcc, 0xca, 0xc8,
  0x88, 0x6c, 0x88, 0x8c, 0xcc, 0xc9, 0x89, 0x98, 0x88, 0x99, 0xcc, 0x9c, 0xc9, 0xa8, 0x69, 0x67,
  0x86, 0x69, 0x79, 0x77, 0x88, 0x78, 0x88, 0x86, 0x97, 0x78, 0xa8, 0xa9, 0xac, 0xcc, 0xcc, 0xcc,
  0x66, 0x66, 0x66, 0x66, 0x68, 0x88, 0x8b, 0xbb, 0xee, 0xbe, 0xec, 0xcc, 0xca, 0xe4, 0xee, 0xe4,
  0x88, 0x66, 0x65, 0x55, 0x55, 0x54, 0x44, 0x44, 0x33, 0x32, 0x22, 0x11, 0x00, 0x00, 0x00, 0x00,
  0x00, 0x00, 0x01, 0x22, 0x22, 0x32, 0x33, 0x34, 0x44, 0x44, 0x44, 0x55, 0x56, 0x65, 0x65, 0x56,
  0xbe, 0xec, 0x4d, 0xbc, 0xee, 0xbe, 0xbc, 0xcc, 0x88, 0x76, 0x88, 0x88, 0x66, 0x68, 0x86, 0x88,
  0x8a, 0xe9, 0x99, 0x6c, 0xc6, 0xec, 0x6a, 0xc8, 0x88, 0x88, 0x76, 0x88, 0x88, 0x55, 0x58, 0x88,
  0x88, 0x66, 0x88, 0x76, 0x88, 0x88, 0x88, 0x96, 0x98, 0x78, 0x88, 0x88, 0x78, 0x88, 0x99, 0x98,
  0x88, 0x8c, 0xcc, 0xcc, 0xcc, 0xcc, 0xcc, 0xcc, 0xcc, 0xbb, 0xbc, 0xcc, 0xbb, 0xbb, 0xbb, 0xbb,
  0xbb, 0xbc, 0xcc, 0x99, 0x9c, 0x9a, 0xc9, 0x88, 0x88, 0x88, 0x86, 0x88, 0x86, 0x88, 0x88, 0x88,
  0x65, 0x56, 0x65, 0x55, 0x68, 0x88, 0xc8, 0x88, 0x88, 0x87, 0x88, 0xcc, 0xcc, 0x99, 0x9c, 0xcc,
  0xcc, 0xcc, 0xc9, 0x9c, 0x89, 0x6c, 0xcc, 0xcc, 0xcc, 0xc7, 0x88, 0x88, 0x88, 0x9a, 0xcc, 0xcc,
  0xca, 0x67, 0x68, 0x68, 0x86, 0x67, 0x68, 0x88, 0x88, 0x68, 0x88, 0x88, 0x86, 0x68, 0xe9, 0xe9,
  0xac, 0xcc, 0xcc, 0xcc, 0x66, 0x55, 0x55, 0x55, 0x56, 0x66, 0x86, 0x6c, 0xbe, 0xec, 0xcc, 0xcc,
  0xce, 0xe5, 0xee, 0xe6, 0xa8, 0x88, 0x55, 0x55, 0x55, 0x64, 0x44, 0x44, 0x33, 0x32, 0x22, 0x21,
  0x00, 0x00, 0x00, 0x00, 0x00, 0x00, 0x01, 0x12, 0x22, 0x32, 0x33, 0x34, 0x44, 0x44, 0x44, 0x45,
  0x55, 0x56, 0x55, 0x56, 0xbe, 0xe8, 0x4d, 0x8c, 0xee, 0xbe, 0xb6, 0x6e, 0x86, 0x78, 0x88, 0x88,
  0x66, 0x68, 0x85, 0x78, 0x8a, 0xe6, 0x99, 0x6c, 0x68, 0xa8, 0x6a, 0xc8, 0x77, 0x88, 0x78, 0x88,
  0x87, 0x66, 0x57, 0x87, 0x68, 0x88, 0x88, 0x88, 0x88, 0x78, 0x68, 0x99, 0x88, 0x88, 0x88, 0x88,
  0x88, 0x88, 0x9a, 0x68, 0x88, 0x88, 0xcc, 0xcc, 0xcc, 0xcc, 0xcc, 0xcc, 0xcc, 0xbb, 0xbc, 0xcc,
  0xbb, 0xbb, 0xbb, 0xbb, 0xbb, 0xb9, 0xac, 0xcc, 0xc9, 0xcc, 0xc9, 0x96, 0x88, 0x86, 0xc8, 0x88,
  0x78, 0xcc, 0x88, 0x86, 0x65, 0x56, 0x65, 0x55, 0x66, 0x68, 0x88, 0x88, 0x88, 0x8c, 0xcc, 0xcc,
  0xcc, 0xcc, 0xcc, 0xcc, 0xcc, 0x96, 0x9c, 0xcc, 0x89, 0xcc, 0xcc, 0xc8, 0x8c, 0x88, 0xcc, 0x88,
  0x8c, 0xcc, 0xcc, 0xa9, 0x9a, 0x68, 0xc6, 0x88, 0x77, 0x88, 0x88, 0x88, 0x88, 0x78, 0x86, 0x78,
  0x87, 0x87, 0x6e, 0xcc, 0xaa, 0x96, 0xcc, 0xcc, 0x66, 0x55, 0x55, 0x55, 0x55, 0x68, 0x89, 0x9c,
  0xbe, 0xec, 0xcc, 0xcc, 0xca, 0xe5, 0xbe, 0xeb, 0xac, 0x88, 0x65, 0x55, 0x55, 0x64, 0x54, 0x44,
  0x33, 0x22, 0x22, 0x21, 0x00, 0x00, 0x00, 0x00, 0x00, 0x00, 0x00, 0x12, 0x22, 0x22, 0x33, 0x33,
  0x44, 0x44, 0x44, 0x45, 0x55, 0x56, 0x55, 0x55, 0x8e, 0xe7, 0x4d, 0xbe, 0xee, 0xbb, 0xbc, 0xaa,
  0x86, 0x66, 0x66, 0x66, 0x55, 0x66, 0x66, 0x76, 0x78, 0xc6, 0x88, 0x88, 0x88, 0x98, 0xcc, 0x88,
  0xc7, 0x88, 0x88, 0x67, 0x66, 0x86, 0x67, 0x88, 0x88, 0x88, 0x88, 0x88, 0x87, 0x86, 0x7c, 0x99,
  0x98, 0x76, 0x77, 0x67, 0x88, 0x88, 0x86, 0x78, 0x88, 0x99, 0xcc, 0xc8, 0xcc, 0x87, 0xee, 0xcc,
  0xcc, 0xbb, 0xbc, 0xcc, 0xbb, 0xba, 0xbb, 0xeb, 0xbb, 0xb9, 0xac, 0xcc, 0xcb, 0xbb, 0xc9, 0x87,
  0x86, 0x66, 0x87, 0x88, 0x88, 0x86, 0x78, 0x85, 0x55, 0x55, 0x55, 0x55, 0x66, 0x86, 0x78, 0x88,
  0x88, 0x8c, 0xcc, 0xc6, 0xac, 0xcb, 0xbb, 0xee, 0xbc, 0xae, 0xac, 0xcc, 0x9c, 0xcc, 0xcc, 0x98,
  0x7c, 0x88, 0xcc, 0x99, 0x9c, 0xcc, 0xcc, 0xa9, 0xc6, 0xe9, 0x96, 0x99, 0x88, 0x67, 0x88, 0x99,
  0x99, 0xc9, 0x86, 0x78, 0x78, 0x56, 0x7a, 0x88, 0x89, 0xa6, 0x9c, 0x8c, 0x66, 0x55, 0x55, 0x55,
  0x56, 0x68, 0x88, 0x8c, 0xbe, 0xbc, 0xcc, 0xcc, 0xce, 0xe7, 0x5e, 0xeb, 0xcc, 0xc9, 0x86, 0x65,
  0x55, 0x54, 0x44, 0x44, 0x33, 0x32, 0x22, 0x21, 0x00, 0x00, 0x00, 0x00, 0x00, 0x00, 0x00, 0x01,
  0x22, 0x22, 0x33, 0x33, 0x34, 0x44, 0x44, 0x44, 0x45, 0x55, 0x55, 0x55, 0xbe, 0xe5, 0x4e, 0xee,
  0xeb, 0xcc, 0xcc, 0xa9, 0x66, 0x65, 0x55, 0x55, 0x55, 0x55, 0x66, 0x76, 0x77, 0x86, 0x77, 0x88,
  0x88, 0x76, 0xc8, 0x67, 0x68, 0x88, 0x66, 0x66, 0x65, 0x86, 0x67, 0x87, 0x68, 0x76, 0x88, 0x88,
  0x88, 0x88, 0x8c, 0x99, 0x9c, 0x86, 0x67, 0x67, 0x88, 0x88, 0x76, 0x66, 0x79, 0x99, 0xcc, 0xc8,
  0x8c, 0x8c, 0xa9, 0xc6, 0x6c, 0xcc, 0xcc, 0xcc, 0xcc, 0xa9, 0xcb, 0xeb, 0xbc, 0xc9, 0xac, 0xcc,
  0xcb, 0xbb, 0xc9, 0x88, 0x86, 0x78, 0x86, 0x88, 0x66, 0x8c, 0x88, 0x85, 0x55, 0x55, 0x55, 0x55,
  0x55, 0x86, 0x78, 0x88, 0x88, 0x8c, 0xcc, 0xc9, 0xcc, 0xcb, 0xbb, 0xee, 0xbc, 0xe9, 0xcc, 0xcc,
  0xcc, 0xcc, 0xca, 0xa6, 0x8c, 0x88, 0xcc, 0xca, 0x9c, 0xcc, 0xcc, 0xa9, 0xee, 0x99, 0x99, 0x99,
  0x88, 0xc8, 0x88, 0xcc, 0xcc, 0xc9, 0x88, 0x87, 0x88, 0x56, 0x88, 0x88, 0x8c, 0xc9, 0x98, 0x88,
  0x55, 0x55, 0x44, 0x55, 0x56, 0x78, 0x88, 0x8c, 0xcc, 0xcc, 0xcc, 0xcc, 0xce, 0xec, 0x6e, 0xee,
  0xec, 0xcc, 0x86, 0x65, 0x55, 0x54, 0x44, 0x44, 0x33, 0x32, 0x22, 0x21, 0x00, 0x00, 0x00, 0x00,
  0x00, 0x00, 0x00, 0x00, 0x12, 0x22, 0x33, 0x33, 0x34, 0x44, 0x44, 0x44, 0x55, 0x55, 0x55, 0x55,
  0xbe, 0xe4, 0x4e, 0xee, 0xbb, 0xca, 0x99, 0x99, 0x55, 0x55, 0x55, 0x55, 0x55, 0x55, 0x66, 0x66,
  0x67, 0x66, 0x66, 0x77, 0x78, 0x88, 0x78, 0x87, 0x88, 0x88, 0x88, 0x86, 0x65, 0x88, 0x77, 0x78,
  0x88, 0x88, 0x88, 0x88, 0x88, 0x88, 0x8c, 0xc9, 0x9c, 0x88, 0x88, 0x88, 0x88, 0x88, 0x86, 0x68,
  0x89, 0x9c, 0xcc, 0xcc, 0xc8, 0x8e, 0x7a, 0x99, 0x99, 0xcc, 0xcc, 0xa9, 0xcc, 0xcc, 0xcb, 0xbb,
  0xaa, 0xa9, 0x99, 0xcc, 0xcb, 0xbb, 0xc9, 0x88, 0x88, 0x88, 0x88, 0x88, 0x88, 0x8c, 0x88, 0x86,
  0x55, 0x55, 0x55, 0x55, 0x56, 0x88, 0x7c, 0xcc, 0xcc, 0xcc, 0xcc, 0xcc, 0xcc, 0xcb, 0xbb, 0xbb,
  0xbc, 0xcc, 0x9c, 0xcc, 0x99, 0xec, 0xcc, 0xcc, 0xcc, 0x88, 0xcc, 0xcc, 0xcc, 0xcc, 0xcc, 0xcc,
  0xca, 0x9c, 0x9a, 0xc9, 0x88, 0xc8, 0x8c, 0xcc, 0xcc, 0xc9, 0x88, 0x88, 0x88, 0x88, 0x88, 0x8c,
  0xcc, 0xc9, 0x88, 0x86, 0x55, 0x55, 0x44, 0x44, 0x45, 0x68, 0x88, 0xcc, 0xcc, 0xcc, 0xcc, 0xcc,
  0x9e, 0xec, 0x4e, 0xee, 0xec, 0xcc, 0x86, 0x65, 0x55, 0x44, 0x44, 0x44, 0x33, 0x32, 0x22, 0x21,
  0x00, 0x00, 0x00, 0x00, 0x00, 0x00, 0x00, 0x00, 0x12, 0x22, 0x33, 0x33, 0x34, 0x44, 0x44, 0x44,
  0x55, 0x55, 0x55, 0x54, 0xbe, 0xe4, 0x4e, 0xcc, 0xbb, 0xca, 0x99, 0x99, 0x65, 0x55, 0x44, 0x54,
  0x44, 0xee, 0x74, 0x66, 0x65, 0x55, 0x55, 0x55, 0x55, 0x66, 0x78, 0x88, 0x88, 0x88, 0x88, 0x86,
  0x67, 0x67, 0x77, 0x87, 0x68, 0x88, 0x78, 0x88, 0x88, 0x88, 0xcc, 0xcc, 0xcc, 0xcc, 0x88, 0x88,
  0x88, 0x88, 0x87, 0x78, 0x89, 0xcc, 0xca, 0x9c, 0x88, 0x86, 0x68, 0x67, 0x88, 0x88, 0x8c, 0xcc,
  0xbb, 0xbb, 0xbb, 0xca, 0xaa, 0xcc, 0xcc, 0xcc, 0xcc, 0xcc, 0xcc, 0xca, 0x9c, 0x66, 0x88, 0x88,
  0x88, 0x96, 0x98, 0x87, 0x76, 0x55, 0x55, 0x55, 0x55, 0x66, 0x88, 0xcc, 0xcc, 0xcc, 0xcc, 0xcc,
  0xbb, 0xbb, 0xbb, 0xcc, 0xc8, 0x8c, 0xc8, 0x8c, 0x88, 0x87, 0x88, 0x8c, 0x88, 0x88, 0x88, 0x88,
  0x88, 0x68, 0x7e, 0xec, 0x6a, 0x99, 0x99, 0xe9, 0xe9, 0x9c, 0x8c, 0xcc, 0xcc, 0xca, 0x99, 0xac,
  0x99, 0xe9, 0x9a, 0xcc, 0x88, 0xcc, 0xc8, 0x65, 0x55, 0x54, 0xee, 0x54, 0x57, 0xa9, 0xcc, 0xcc,
  0xcc, 0xcc, 0xcc, 0xcc, 0xc6, 0xee, 0x4e, 0xee, 0xbb, 0xbb, 0x99, 0x97, 0x66, 0x55, 0x44, 0x44,
  0x33, 0x32, 0x22, 0x21, 0x00, 0x00, 0x00, 0x00, 0x00, 0x00, 0x00, 0x00, 0x12, 0x22, 0x33, 0x33,
  0x33, 0x34, 0x44, 0x44, 0x55, 0x55, 0x55, 0x54, 0xee, 0xe4, 0x6e, 0xee, 0xbb, 0xaa, 0x99, 0x99,
  0x66, 0x65, 0x55, 0x54, 0xed, 0xee, 0xee, 0x46, 0x66, 0x55, 0x65, 0x66, 0x55, 0x66, 0x88, 0x77,
  0x88, 0x88, 0x88, 0x86, 0x78, 0x77, 0x88, 0x77, 0x68, 0x88, 0x78, 0x88, 0x88, 0x8c, 0xcc, 0xcc,
  0xcc, 0xcc, 0x88, 0x88, 0x88, 0x88, 0x88, 0x77, 0x89, 0xcc, 0xca, 0xa8, 0x88, 0x88, 0x88, 0xc8,
  0x87, 0x78, 0x8c, 0xcc, 0xbe, 0xeb, 0xeb, 0xca, 0xaa, 0xaa, 0xac, 0xcc, 0xcc, 0xcc, 0xea, 0xaa,
  0x9a, 0x96, 0x88, 0x88, 0x88, 0xa9, 0x98, 0x88, 0x88, 0x65, 0x55, 0x55, 0x55, 0x66, 0x88, 0x88,
  0xcc, 0xcc, 0xcc, 0xcc, 0xbb, 0xbb, 0xbb, 0xcc, 0xa8, 0x76, 0x88, 0x76, 0x88, 0x77, 0x78, 0x77,
  0x87, 0x78, 0x87, 0x88, 0x88, 0x68, 0x69, 0xaa, 0x6a, 0xa9, 0xaa, 0xca, 0xc9, 0xa8, 0x8c, 0xca,
  0x6c, 0xca, 0xaa, 0xac, 0xaa, 0xea, 0x9a, 0xcc, 0x88, 0xcc, 0xcc, 0x86, 0x55, 0xce, 0xee, 0xee,
  0x45, 0xa9, 0xcc, 0xcc, 0xcc, 0xcc, 0xcc, 0xc8, 0x86, 0xee, 0x4e, 0xee, 0x7b, 0xbb, 0xa9, 0x98,
  0x66, 0x55, 0x44, 0x44, 0x33, 0x32, 0x22, 0x21, 0x00, 0x00, 0x00, 0x00, 0x00, 0x00, 0x00, 0x00,
  0x12, 0x22, 0x33, 0x33, 0x34, 0x44, 0x44, 0x44, 0x45, 0x55, 0x55, 0x54, 0xee, 0xe4, 0x7e, 0xce,
  0xbb, 0x99, 0x99, 0x99, 0x66, 0x65, 0x55, 0x5e, 0xee, 0xee, 0xee, 0x55, 0x56, 0x56, 0x68, 0x66,
  0x55, 0x55, 0x88, 0x88, 0x88, 0x88, 0x88, 0x86, 0x88, 0x87, 0x88, 0x88, 0x88, 0x88, 0x88, 0x88,
  0x88, 0x8c, 0xcc, 0xcc, 0xcc, 0xc8, 0x88, 0x88, 0x88, 0x88, 0x88, 0x76, 0x89, 0xcc, 0xcc, 0xc8,
  0x88, 0x88, 0xcc, 0xcc, 0x86, 0x68, 0x8c, 0xcc, 0xbb, 0xbb, 0xeb, 0xcc, 0xca, 0x99, 0x6a, 0xcc,
  0xcc, 0xca, 0xa9, 0x99, 0x99, 0xaa, 0x88, 0x88, 0x88, 0xcc, 0xcc, 0xc8, 0x88, 0x66, 0x55, 0x55,
  0x55, 0x66, 0x88, 0x88, 0xcc, 0xcc, 0xcc, 0xcc, 0xbb, 0xbb, 0xbb, 0xce, 0xa6, 0x66, 0x88, 0x88,
  0x68, 0x68, 0x77, 0x86, 0xc6, 0xc7, 0x76, 0x87, 0x66, 0x88, 0x69, 0x99, 0x6a, 0xc9, 0x66, 0x9c,
  0xa9, 0xc8, 0x8c, 0xcc, 0xcc, 0xcc, 0xcc, 0xcc, 0xcc, 0xcc, 0x9a, 0xcc, 0xcc, 0xcc, 0xcc, 0x86,
  0x65, 0xee, 0xee, 0xee, 0xe4, 0xb9, 0xcc, 0xcc, 0xcc, 0xcc, 0xcc, 0xc8, 0x86, 0xee, 0x4e, 0xee,
  0xbb, 0xbb, 0xca, 0x98, 0x86, 0x54, 0x54, 0x44, 0x33, 0x32, 0x22, 0x21, 0x00, 0x00, 0x00, 0x00,
  0x00, 0x00, 0x00, 0x00, 0x12, 0x22, 0x33, 0x33, 0x33, 0x44, 0x44, 0x45, 0x56, 0x55, 0x55, 0x54,
  0xee, 0xe4, 0x4e, 0xee, 0xbb, 0xca, 0x98, 0x87, 0x66, 0x65, 0x66, 0x5d, 0xee, 0xee, 0xee, 0xe5,
  0x88, 0x66, 0x68, 0x65, 0x57, 0x66, 0x88, 0x88, 0x88, 0x88, 0x78, 0x86, 0x78, 0x88, 0x8c, 0x88,
  0x88, 0x88, 0x88, 0x88, 0x88, 0x8c, 0xcc, 0xcc, 0xcc, 0xc8, 0x8c, 0xcc, 0xcc, 0x87, 0x88, 0x86,
  0x89, 0xcc, 0x9e, 0xc8, 0x8c, 0xcc, 0xee, 0xcc, 0xc6, 0x9a, 0xca, 0x8b, 0xcc, 0xee, 0xbb, 0xc9,
  0x9a, 0xc8, 0x8c, 0xcc, 0xcc, 0xcc, 0xc9, 0x99, 0x96, 0xcc, 0xc8, 0x8c, 0x88, 0x9c, 0xcc, 0xcc,
  0x78, 0x75, 0x65, 0x55, 0x55, 0x68, 0x88, 0x88, 0xcc, 0xcc, 0xcc, 0xcc, 0xcc, 0xcb, 0xbb, 0xcc,
  0xa8, 0x78, 0x58, 0x86, 0x55, 0x66, 0x6c, 0xcc, 0x88, 0x88, 0x87, 0x75, 0x66, 0x77, 0x68, 0x78,
  0xc8, 0x8c, 0x88, 0x99, 0x99, 0x9c, 0xcc, 0xcc, 0xce, 0x6a, 0xbb, 0xbc, 0xcc, 0xcc, 0x6a, 0xcc,
  0xcc, 0xcc, 0xc6, 0x76, 0x56, 0xee, 0xee, 0xee, 0xe4, 0xa9, 0xcc, 0xcc, 0xcc, 0xcc, 0xcc, 0xc8,
  0x85, 0xee, 0x4e, 0xee, 0x9b, 0xbb, 0xe9, 0x99, 0x99, 0x96, 0x44, 0x44, 0x43, 0x33, 0x22, 0x22,
  0x21, 0x10, 0x00, 0x00, 0x00, 0x00, 0x00, 0x00, 0x12, 0x12, 0x33, 0x33, 0x33, 0x44, 0x44, 0x45,
  0x55, 0x55, 0x55, 0x54, 0xee, 0xe4, 0x4e, 0xee, 0xeb, 0xca, 0x98, 0x88, 0x77, 0x66, 0x65, 0x7e,
  0xee, 0xee, 0xee, 0xe7, 0x68, 0x66, 0x78, 0x66, 0x55, 0x67, 0x68, 0x88, 0x88, 0x87, 0x78, 0x88,
  0x88, 0x68, 0x88, 0x88, 0x88, 0x88, 0x88, 0x77, 0x88, 0x8c, 0xcc, 0xcc, 0xcc, 0xc8, 0x8c, 0xcc,
  0xc8, 0x88, 0x88, 0x87, 0x8c, 0xcc, 0xae, 0xc8, 0x8c, 0xcc, 0xca, 0xc9, 0x88, 0x99, 0xab, 0x8b,
  0xcc, 0xbe, 0xbb, 0xc9, 0xaa, 0xc8, 0x88, 0xaa, 0xac, 0xcc, 0xca, 0xa9, 0xa8, 0x87, 0x88, 0x68,
  0x78, 0xaa, 0xec, 0xcc, 0x87, 0x76, 0x76, 0x66, 0x55, 0x57, 0x88, 0x77, 0xaa, 0xcc, 0xcc, 0xcc,
  0xcc, 0xcb, 0xbb, 0xca, 0x68, 0x87, 0x55, 0x54, 0x44, 0x66, 0x6a, 0xac, 0x88, 0x88, 0x8a, 0xa6,
  0x65, 0x77, 0x78, 0x78, 0x88, 0x77, 0x89, 0x69, 0x99, 0x9c, 0xcc, 0xcc, 0xca, 0xab, 0xbb, 0xbc,
  0xcc, 0xcc, 0xcc, 0xcc, 0xcc, 0xcc, 0x97, 0x85, 0x54, 0xde, 0xee, 0xee, 0xd7, 0xaa, 0xcc, 0xcc,
  0xee, 0xec, 0xcc, 0xc8, 0x85, 0xee, 0x4e, 0xee, 0xbb, 0xbb, 0xec, 0xc9, 0x99, 0x96, 0x44, 0x44,
  0x43, 0x33, 0x22, 0x22, 0x21, 0x10, 0x00, 0x00, 0x00, 0x00, 0x00, 0x00, 0x12, 0x12, 0x33, 0x33,
  0x33, 0x33, 0x45, 0x44, 0x55, 0x55, 0x55, 0x55, 0xee, 0xe4, 0x4e, 0xee, 0xeb, 0xca, 0x98, 0x88,
  0x88, 0x86, 0x65, 0x74, 0xee, 0xee, 0xee, 0x48, 0x68, 0x67, 0x85, 0x66, 0x56, 0x67, 0x66, 0x67,
  0x68, 0x67, 0x68, 0x88, 0x88, 0x8c, 0x88, 0x87, 0x88, 0x78, 0x88, 0x88, 0x88, 0x88, 0x88, 0x8c,
  0xcc, 0x8c, 0xc8, 0xcc, 0x88, 0x88, 0xcc, 0x88, 0xcc, 0xcc, 0xcc, 0xcc, 0xcc, 0xcc, 0xcc, 0xc9,
  0x88, 0x99, 0x9b, 0xbb, 0xcc, 0xbb, 0xbb, 0xc9, 0xac, 0xc8, 0x88, 0x69, 0xac, 0xcc, 0xcc, 0xa9,
  0x68, 0x8c, 0x88, 0x67, 0x88, 0xca, 0xec, 0xc8, 0x87, 0x88, 0x76, 0x66, 0x55, 0x57, 0x88, 0x88,
  0x9a, 0xcc, 0xcc, 0xcc, 0xcc, 0xcb, 0xbb, 0xcc, 0xcc, 0x88, 0x55, 0x5a, 0xa6, 0x66, 0x99, 0x98,
  0xcc, 0xc8, 0x77, 0x77, 0x55, 0x77, 0x88, 0x88, 0x88, 0x76, 0x79, 0x69, 0x99, 0x9c, 0xcc, 0xcc,
  0xcc, 0xcb, 0xbb, 0xbc, 0xcc, 0xcc, 0xcc, 0xcc, 0x66, 0xcc, 0x98, 0x86, 0x54, 0xbe, 0xee, 0xee,
  0x57, 0xaa, 0xcc, 0xcc, 0xc8, 0xcc, 0xcc, 0xc8, 0x8d, 0xee, 0x4e, 0xee, 0xbb, 0xbb, 0xe9, 0x99,
  0x99, 0x96, 0x44, 0x44, 0x43, 0x33, 0x22, 0x22, 0x21, 0x10, 0x00, 0x00, 0x00, 0x00, 0x00, 0x00,
  0x12, 0x22, 0x33, 0x33, 0x33, 0x44, 0x44, 0x44, 0x44, 0x45, 0x55, 0x55, 0xee, 0xe4, 0x4e, 0xee,
  0xeb, 0xcc, 0xc8, 0x88, 0x99, 0x99, 0x66, 0x66, 0x4e, 0xee, 0xe5, 0x99, 0x98, 0x88, 0x88, 0x66,
  0x87, 0x76, 0x88, 0x76, 0x88, 0x88, 0x88, 0x88, 0x88, 0x88, 0x88, 0x87, 0x98, 0x78, 0x88, 0x88,
  0x88, 0x88, 0x88, 0x8c, 0xcc, 0x88, 0x88, 0xc8, 0x8c, 0x88, 0xcc, 0x98, 0x88, 0x8c, 0x88, 0x8c,
  0x88, 0x88, 0x68, 0x89, 0x99, 0xca, 0x9a, 0xec, 0xcc, 0xa9, 0x9a, 0xc9, 0xac, 0xcc, 0xa9, 0xcc,
  0xc8, 0xcc, 0xc9, 0x98, 0x88, 0x8c, 0x86, 0x88, 0x88, 0x96, 0x99, 0xc8, 0xc7, 0x88, 0x65, 0x46,
  0x55, 0x66, 0x88, 0x88, 0x99, 0x9c, 0xa9, 0x9c, 0xa9, 0xcc, 0xcc, 0xcc, 0xc9, 0x66, 0x55, 0x55,
  0x68, 0x88, 0x68, 0x88, 0x8c, 0xcc, 0x88, 0x68, 0x76, 0x66, 0x88, 0x88, 0x88, 0x88, 0x68, 0x88,
  0x99, 0x9b, 0xbb, 0xbb, 0xbb, 0xbb, 0xcc, 0xcc, 0xcb, 0xbb, 0xcc, 0xcc, 0xca, 0xac, 0xcc, 0x88,
  0x87, 0x4e, 0xee, 0xeb, 0x69, 0x99, 0xcc, 0xcc, 0x88, 0xcc, 0xcc, 0xc8, 0x86, 0xec, 0x4e, 0xee,
  0xbe, 0xee, 0xca, 0x99, 0x96, 0x45, 0x44, 0x44, 0x43, 0x33, 0x32, 0x21, 0x21, 0x10, 0x00, 0x00,
  0x00, 0x00, 0x00, 0x00, 0x12, 0x22, 0x33, 0x33, 0x33, 0x34, 0x44, 0x44, 0x55, 0x55, 0x55, 0x55,
  0xee, 0xe4, 0x4e, 0xee, 0xbb, 0xca, 0x98, 0x88, 0x99, 0x99, 0x96, 0x65, 0x44, 0x44, 0x44, 0xcc,
  0xc8, 0x88, 0x86, 0x77, 0x88, 0x87, 0x88, 0x87, 0x88, 0x88, 0x88, 0x88, 0x88, 0x88, 0x88, 0x87,
  0x98, 0x78, 0x86, 0x68, 0x88, 0x88, 0x88, 0x88, 0x76, 0x88, 0x88, 0xc8, 0x88, 0x88, 0xc9, 0x98,
  0x88, 0x88, 0x88, 0x88, 0x78, 0x88, 0x78, 0x89, 0xc9, 0x6a, 0x6c, 0xa9, 0xae, 0xa9, 0x99, 0x96,
  0xcc, 0xc9, 0xac, 0xca, 0x98, 0xc9, 0x99, 0x88, 0x86, 0x68, 0x87, 0x88, 0x88, 0x9a, 0xa9, 0xa8,
  0xc7, 0x68, 0x65, 0x55, 0x56, 0x88, 0x88, 0x88, 0xaa, 0x99, 0x99, 0x6c, 0xcc, 0x9a, 0xcc, 0xca,
  0x99, 0xa6, 0x65, 0x55, 0x56, 0x88, 0x78, 0x78, 0x88, 0xcc, 0x88, 0x78, 0x76, 0x66, 0x68, 0x88,
  0x86, 0x68, 0x78, 0x88, 0x6a, 0x9b, 0xbb, 0xeb, 0xbb, 0xb9, 0x9e, 0xec, 0xcb, 0xbb, 0xcc, 0xc9,
  0x6a, 0xec, 0xcc, 0x88, 0x68, 0x74, 0x44, 0x67, 0xcc, 0xcc, 0xcc, 0xcc, 0xc8, 0xcc, 0xcc, 0xc8,
  0xce, 0xec, 0x4e, 0xee, 0xbe, 0xec, 0xcc, 0xa9, 0x96, 0x56, 0x44, 0x44, 0x43, 0x33, 0x32, 0x21,
  0x21, 0x10, 0x00, 0x00, 0x00, 0x00, 0x00, 0x00, 0x12, 0x22, 0x33, 0x33, 0x33, 0x34, 0x44, 0x44,
  0x55, 0x55, 0x55, 0x55, 0xee, 0xe4, 0x4e, 0xce, 0xee, 0xbb, 0x98, 0x89, 0x99, 0x99, 0x66, 0x86,
  0x64, 0x85, 0x88, 0xca, 0xac, 0x98, 0x86, 0x78, 0x88, 0x88, 0x88, 0x88, 0x88, 0x88, 0x88, 0x88,
  0x88, 0xc8, 0x88, 0x87, 0x98, 0x79, 0x86, 0x78, 0x88, 0x87, 0x77, 0x88, 0x76, 0x88, 0x88, 0x88,
  0x88, 0x87, 0x68, 0x78, 0x88, 0x88, 0x67, 0x8c, 0x78, 0x88, 0x88, 0x89, 0xa9, 0x6a, 0x96, 0x9a,
  0xcc, 0xa9, 0xaa, 0x99, 0xaa, 0xc6, 0x99, 0xca, 0xac, 0x68, 0x99, 0x88, 0xcc, 0x87, 0x78, 0x87,
  0x78, 0x9c, 0x96, 0x98, 0x88, 0x86, 0x76, 0x66, 0x68, 0x66, 0x88, 0xcc, 0xca, 0xa9, 0x99, 0x6a,
  0xcc, 0x9c, 0xcc, 0xaa, 0x99, 0xa6, 0x86, 0x66, 0x67, 0x88, 0x88, 0x87, 0x88, 0xc8, 0x88, 0x88,
  0x87, 0x66, 0x88, 0x88, 0x87, 0x68, 0x88, 0x8c, 0x6c, 0xee, 0xeb, 0xeb, 0xbb, 0x9a, 0x99, 0xac,
  0xcb, 0xbb, 0xcc, 0xc9, 0x69, 0xc9, 0xcc, 0x88, 0x88, 0xa7, 0xa9, 0xe9, 0xbb, 0xbb, 0xbc, 0xcc,
  0xcc, 0xcc, 0xcc, 0xcc, 0xcd, 0xec, 0x4e, 0xee, 0x8e, 0xbb, 0xca, 0xa9, 0x96, 0x56, 0x44, 0x44,
  0x43, 0x33, 0x33, 0x21, 0x21, 0x00, 0x00, 0x00, 0x00, 0x00, 0x00, 0x00, 0x12, 0x22, 0x33, 0x33,
  0x33, 0x34, 0x44, 0x44, 0x45, 0x55, 0x55, 0x55, 0xee, 0xe4, 0x4e, 0xee, 0xee, 0xbb, 0x99, 0xca,
  0x87, 0x66, 0x56, 0x86, 0x66, 0x65, 0x88, 0xca, 0xac, 0xe8, 0x88, 0x87, 0x78, 0x88, 0x88, 0x88,
  0x88, 0x8c, 0x88, 0x88, 0x8c, 0xc8, 0x88, 0x87, 0x78, 0x7a, 0x87, 0x88, 0x88, 0x86, 0x66, 0x88,
  0x88, 0x88, 0x88, 0x87, 0x78, 0x88, 0x96, 0x98, 0x86, 0x88, 0x88, 0x87, 0x68, 0x88, 0x8c, 0x66,
  0x99, 0x9a, 0xca, 0xec, 0xcc, 0xa9, 0xca, 0x9c, 0xaa, 0xca, 0xee, 0xcc, 0xc7, 0x88, 0xc8, 0x88,
  0xc7, 0x88, 0x85, 0x55, 0x88, 0x87, 0x65, 0x67, 0x88, 0x78, 0x78, 0x78, 0x88, 0x88, 0xcc, 0xcc,
  0xcc, 0xca, 0x69, 0xa6, 0x97, 0xcc, 0xcc, 0x99, 0x99, 0x99, 0x88, 0x68, 0x88, 0x88, 0x88, 0x88,
  0x78, 0xc8, 0x88, 0x88, 0x87, 0x66, 0x88, 0x88, 0x88, 0x89, 0x99, 0x9c, 0x6c, 0xcb, 0xbb, 0xbb,
  0xbc, 0xa6, 0x99, 0xac, 0xcc, 0xcc, 0xc8, 0xc8, 0x88, 0xc8, 0x77, 0x8c, 0xa9, 0x99, 0x9a, 0xcb,
  0x9b, 0xbb, 0xbb, 0xcc, 0xcc, 0xcc, 0xcc, 0xcc, 0xee, 0xec, 0x5e, 0xee, 0xac, 0xa9, 0xca, 0x99,
  0x96, 0x56, 0x44, 0x44, 0x43, 0x33, 0x22, 0x21, 0x10, 0x00, 0x00, 0x00, 0x00, 0x00, 0x00, 0x00,
  0x12, 0x22, 0x33, 0x33, 0x33, 0x44, 0x44, 0x44, 0x55, 0x55, 0x55, 0x55, 0xbe, 0xe4, 0x4e, 0xee,
  0xee, 0xbb, 0xbc, 0xa9, 0x86, 0x66, 0x68, 0x88, 0x87, 0x66, 0x78, 0xcc, 0xcc, 0xcc, 0xc8, 0x88,
  0x88, 0x88, 0x88, 0x88, 0xcc, 0xcc, 0x88, 0x88, 0x88, 0xcc, 0x88, 0x88, 0x88, 0x98, 0x96, 0x66,
  0x67, 0x88, 0x87, 0x68, 0x88, 0x66, 0x67, 0x88, 0x68, 0x88, 0x66, 0x87, 0x88, 0x76, 0x87, 0x68,
  0x88, 0x88, 0x89, 0x96, 0xc9, 0x99, 0x96, 0xa9, 0xc6, 0x66, 0xca, 0x99, 0xaa, 0x9e, 0xea, 0xca,
  0x96, 0x88, 0x8c, 0x88, 0xc8, 0x88, 0x86, 0x68, 0x66, 0x66, 0x66, 0x65, 0x76, 0x67, 0x88, 0x88,
  0x78, 0x88, 0xcc, 0xcc, 0x9a, 0xa9, 0xac, 0xc9, 0x98, 0x69, 0x9c, 0xc6, 0x99, 0x99, 0x67, 0x88,
  0x88, 0x88, 0x88, 0x8c, 0x87, 0x88, 0x88, 0x88, 0x88, 0x66, 0x88, 0x88, 0x88, 0x89, 0x99, 0x99,
  0x99, 0xcb, 0xbb, 0xbb, 0x99, 0xcc, 0xc9, 0x99, 0xac, 0xcc, 0x87, 0x86, 0x78, 0x88, 0x88, 0x8c,
  0x69, 0xcc, 0xcc, 0xcc, 0xb9, 0xeb, 0xeb, 0xcc, 0xcc, 0xcc, 0xcc, 0xcc, 0xee, 0xec, 0x6e, 0xee,
  0x69, 0x6c, 0x99, 0x99, 0x96, 0x54, 0x44, 0x44, 0x33, 0x33, 0x32, 0x21, 0x00, 0x00, 0x00, 0x00,
  0x00, 0x00, 0x00, 0x00, 0x12, 0x22, 0x33, 0x33, 0x33, 0x44, 0x44, 0x44, 0x55, 0x55, 0x56, 0x55,
  0x5e, 0xe7, 0x4e, 0xbe, 0xee, 0xbb, 0xba, 0x99, 0x86, 0x68, 0x88, 0x88, 0x78, 0xcc, 0x88, 0xcc,
  0xcc, 0xcc, 0xc8, 0x88, 0x86, 0x88, 0x78, 0x88, 0xc7, 0x88, 0x88, 0x88, 0x88, 0xc8, 0x88, 0x88,
  0x88, 0x87, 0x76, 0x66, 0x66, 0x68, 0x76, 0x66, 0x68, 0x65, 0x66, 0x88, 0x66, 0x86, 0x44, 0x58,
  0x78, 0x78, 0x87, 0x77, 0x78, 0x88, 0x88, 0x68, 0x98, 0x89, 0x9a, 0x9a, 0xcc, 0xca, 0xaa, 0x99,
  0xaa, 0x68, 0xa8, 0xc9, 0x88, 0x97, 0x88, 0x88, 0xc8, 0x88, 0x86, 0x66, 0x66, 0x66, 0x68, 0x86,
  0x77, 0x77, 0x88, 0x88, 0x78, 0x88, 0x8c, 0xcc, 0xa9, 0x69, 0xaa, 0xa9, 0x99, 0xc9, 0xac, 0xc9,
  0x98, 0x86, 0x7a, 0x78, 0x88, 0x87, 0x89, 0x9c, 0x87, 0x88, 0x88, 0x88, 0x88, 0x66, 0x88, 0x88,
  0x99, 0x96, 0x99, 0x99, 0x99, 0xab, 0xbe, 0xbb, 0xba, 0xaa, 0xa9, 0x98, 0x69, 0x9c, 0x87, 0x66,
  0x66, 0x68, 0x88, 0x88, 0x6c, 0x9c, 0xcc, 0xcc, 0xbb, 0xeb, 0xeb, 0xcc, 0xcc, 0xcc, 0xcc, 0xcc,
  0xc8, 0xe7, 0x5e, 0xee, 0x89, 0x6a, 0x88, 0x99, 0x66, 0x55, 0x44, 0x44, 0x33, 0x33, 0x22, 0x21,
  0x10, 0x00, 0x00, 0x00, 0x00, 0x00, 0x00, 0x00, 0x12, 0x22, 0x33, 0x33, 0x33, 0x44, 0x44, 0x44,
  0x44, 0x45, 0x56, 0x54, 0x4e, 0xe7, 0x4e, 0xbc, 0xeb, 0xbb, 0xb9, 0x99, 0x86, 0x68, 0x88, 0x88,
  0x6c, 0xcc, 0xcc, 0xcc, 0xcc, 0xcc, 0xc6, 0x78, 0x86, 0x88, 0x88, 0x88, 0x6c, 0x68, 0x88, 0x88,
  0x88, 0xc8, 0x76, 0x78, 0x88, 0x88, 0x86, 0x65, 0x55, 0x58, 0x66, 0x55, 0x68, 0x65, 0x66, 0x88,
  0x66, 0x86, 0x55, 0x68, 0x77, 0x88, 0x86, 0x87, 0x68, 0x88, 0x88, 0x87, 0x88, 0x87, 0x69, 0xac,
  0x66, 0x69, 0x99, 0x99, 0x9a, 0xcc, 0xec, 0xcc, 0x88, 0xc7, 0x88, 0x88, 0xc8, 0x8c, 0x88, 0x86,
  0x66, 0x55, 0x68, 0x88, 0x88, 0x88, 0x88, 0x88, 0x8c, 0x88, 0xc7, 0x66, 0xca, 0x99, 0xaa, 0x99,
  0x99, 0xc6, 0x9c, 0xca, 0x98, 0x66, 0x89, 0x88, 0x88, 0x88, 0x77, 0x7c, 0x88, 0x88, 0x88, 0x88,
  0x88, 0x66, 0x88, 0x88, 0x99, 0x9c, 0x99, 0x99, 0x99, 0x9c, 0xae, 0xbb, 0xbc, 0x96, 0xa9, 0x88,
  0x88, 0x8c, 0x86, 0x66, 0x55, 0x68, 0x88, 0x86, 0x6c, 0x8c, 0xcc, 0xcc, 0xcc, 0xcc, 0xea, 0xcc,
  0xcc, 0xcc, 0xcc, 0xcc, 0xc8, 0xe8, 0xee, 0xeb, 0xe9, 0x99, 0x88, 0x89, 0x65, 0x56, 0x44, 0x44,
  0x43, 0x33, 0x22, 0x22, 0x10, 0x00, 0x00, 0x00, 0x00, 0x00, 0x00, 0x00, 0x12, 0x22, 0x33, 0x33,
  0x33, 0x44, 0x44, 0x44, 0x44, 0x45, 0x44, 0x44, 0x4e, 0xec, 0x4e, 0xbc, 0xeb, 0xbb, 0xb9, 0x99,
  0x88, 0x88, 0x67, 0x88, 0xc8, 0xcc, 0xcc, 0xcc, 0xcc, 0x88, 0x8c, 0x88, 0x88, 0x77, 0x77, 0x88,
  0x88, 0x87, 0x88, 0x88, 0x88, 0x88, 0x88, 0x87, 0x66, 0x88, 0x86, 0x65, 0x55, 0x56, 0x77, 0x55,
  0x68, 0x65, 0x55, 0x66, 0x86, 0x78, 0x66, 0x88, 0x86, 0x86, 0x77, 0x66, 0x66, 0x88, 0x68, 0x88,
  0x78, 0x88, 0xc9, 0xac, 0x96, 0xcc, 0x99, 0x96, 0xa9, 0x98, 0xa8, 0x88, 0x78, 0x97, 0x88, 0x88,
  0xcc, 0xcc, 0x88, 0x77, 0x66, 0x56, 0x66, 0x88, 0x88, 0x88, 0x88, 0x78, 0x86, 0x78, 0x88, 0x88,
  0x99, 0x99, 0x99, 0x9c, 0xcc, 0xcc, 0xcc, 0x99, 0x9c, 0x88, 0x87, 0x98, 0x88, 0x87, 0x77, 0x78,
  0x88, 0x88, 0x88, 0x87, 0x88, 0x88, 0x88, 0x88, 0x99, 0x99, 0xca, 0x99, 0xac, 0xcc, 0xcc, 0xcb,
  0xbc, 0xca, 0x9a, 0x66, 0x88, 0x78, 0x86, 0x65, 0x55, 0x68, 0x77, 0x67, 0x88, 0xcc, 0xcc, 0xcc,
  0xcc, 0xcc, 0xcc, 0xcc, 0xcc, 0xcc, 0xcc, 0xcc, 0xc5, 0xe7, 0xee, 0xe7, 0xa9, 0x99, 0x88, 0x89,
  0x96, 0x56, 0x44, 0x44, 0x43, 0x33, 0x22, 0x21, 0x00, 0x00, 0x00, 0x00, 0x00, 0x00, 0x00, 0x00,
  0x12, 0x22, 0x33, 0x33, 0x33, 0x44, 0x44, 0x44, 0x44, 0x54, 0x44, 0x45, 0x4e, 0xee, 0x4e, 0xee,
  0xeb, 0xca, 0x99, 0x99, 0x88, 0x88, 0x77, 0x88, 0xc8, 0x88, 0x8c, 0xc8, 0x8c, 0x88, 0x88, 0x88,
  0x8c, 0xa9, 0x88, 0x88, 0x88, 0x88, 0x78, 0x88, 0x88, 0x88, 0x88, 0x66, 0x55, 0x66, 0x66, 0x55,
  0x55, 0x55, 0x66, 0x55, 0x66, 0x79, 0x99, 0x66, 0x69, 0x99, 0x68, 0x68, 0x86, 0x67, 0x88, 0x76,
  0x57, 0x68, 0x78, 0x87, 0x88, 0x88, 0x78, 0x86, 0xa6, 0xa9, 0x96, 0x66, 0xaa, 0xcc, 0xa9, 0x78,
  0x78, 0x88, 0x88, 0x86, 0x88, 0x88, 0x86, 0x68, 0x87, 0x66, 0x77, 0x88, 0x88, 0x87, 0x88, 0x77,
  0x65, 0x68, 0x67, 0x88, 0x99, 0x96, 0xec, 0xcc, 0xbb, 0xbe, 0xeb, 0xbb, 0xbc, 0x99, 0x87, 0x96,
  0x98, 0x88, 0x88, 0x8c, 0xcc, 0x88, 0x78, 0x88, 0x88, 0xc8, 0x88, 0x78, 0x99, 0x99, 0x99, 0x99,
  0x9a, 0xcc, 0xa9, 0xb9, 0xcc, 0xa9, 0x96, 0x67, 0x76, 0x66, 0x65, 0x55, 0x55, 0x68, 0x76, 0x77,
  0x88, 0xc8, 0xc8, 0xcc, 0xcc, 0xcc, 0xca, 0x99, 0xcc, 0xcc, 0xcc, 0xcc, 0xb9, 0xe7, 0xee, 0xe7,
  0x6c, 0xcc, 0x88, 0x88, 0x66, 0x55, 0x44, 0x44, 0x33, 0x33, 0x22, 0x22, 0x21, 0x00, 0x00, 0x00,
  0x00, 0x00, 0x00, 0x00, 0x12, 0x22, 0x33, 0x33, 0x33, 0x44, 0x44, 0x44, 0x44, 0x54, 0x44, 0x54,
  0x4e, 0xee, 0x4e, 0xec, 0xbb, 0xca, 0xa9, 0x99, 0x88, 0x88, 0x88, 0x87, 0x88, 0x88, 0x8c, 0x88,
  0x88, 0x87, 0x77, 0x78, 0x8a, 0xa9, 0x88, 0x8c, 0x88, 0x68, 0x88, 0x88, 0x77, 0x88, 0x88, 0x66,
  0x55, 0x66, 0x66, 0x55, 0x55, 0x55, 0x55, 0x55, 0x66, 0x89, 0x99, 0x66, 0x69, 0x99, 0x67, 0x57,
  0x86, 0x67, 0x75, 0x86, 0x57, 0x67, 0x78, 0x77, 0x78, 0x88, 0x78, 0x68, 0xa6, 0xc6, 0x9a, 0xa6,
  0xaa, 0xcc, 0xa9, 0x88, 0x88, 0x88, 0x88, 0x86, 0x87, 0x87, 0x86, 0x77, 0x87, 0x68, 0x88, 0xc8,
  0x88, 0x87, 0x88, 0x87, 0x65, 0x68, 0x77, 0x88, 0x99, 0x96, 0xec, 0xcc, 0xbb, 0xbe, 0xeb, 0xbb,
  0xba, 0xaa, 0x88, 0x77, 0x77, 0x88, 0x78, 0x8a, 0x96, 0x86, 0x88, 0xc8, 0x88, 0x8c, 0x86, 0x88,
  0x99, 0x99, 0x99, 0x9a, 0x99, 0xaa, 0xaa, 0xc9, 0xac, 0xaa, 0xaa, 0x98, 0x76, 0x65, 0x55, 0x55,
  0x66, 0x68, 0x88, 0x88, 0x76, 0x87, 0x88, 0x88, 0x6c, 0xcc, 0xca, 0x99, 0xcc, 0xcc, 0xcc, 0xcc,
  0xba, 0xe7, 0xee, 0xe4, 0xaa, 0xaa, 0x88, 0x88, 0x66, 0x55, 0x44, 0x44, 0x33, 0x33, 0x32, 0x22,
  0x21, 0x10, 0x00, 0x00, 0x00, 0x00, 0x00, 0x00, 0x12, 0x22, 0x33, 0x33, 0x33, 0x34, 0x44, 0x44,
  0x44, 0xa4, 0x45, 0x54, 0x4e, 0xee, 0x4e, 0xeb, 0xbb, 0xcc, 0xc9, 0x99, 0x88, 0x88, 0x55, 0x5c,
  0x88, 0xcc, 0xcc, 0x88, 0x88, 0x87, 0x66, 0x78, 0x89, 0x99, 0xc8, 0x8c, 0x88, 0x88, 0x88, 0x88,
  0x76, 0x88, 0x88, 0x66, 0x55, 0x66, 0x56, 0x65, 0x55, 0x55, 0x55, 0x55, 0x68, 0x89, 0x99, 0x88,
  0x89, 0x99, 0x86, 0x66, 0x86, 0x65, 0x56, 0x88, 0x68, 0x88, 0x78, 0x68, 0x88, 0x88, 0x88, 0x88,
  0x6a, 0xaa, 0x99, 0x99, 0xce, 0xcc, 0xa9, 0x78, 0x88, 0x88, 0x88, 0x88, 0x88, 0x86, 0x88, 0x78,
  0x88, 0x88, 0x8c, 0xcc, 0xcc, 0x88, 0x88, 0x87, 0x55, 0x68, 0x77, 0x88, 0x99, 0x99, 0xec, 0x66,
  0xab, 0xbb, 0xbb, 0xbb, 0xb9, 0xac, 0x88, 0x99, 0x98, 0x88, 0x68, 0x89, 0x99, 0x88, 0x88, 0xc8,
  0x88, 0x88, 0x88, 0x88, 0x99, 0x99, 0x99, 0x96, 0x99, 0x99, 0x6a, 0xca, 0x9c, 0xca, 0x69, 0x88,
  0x66, 0x65, 0x55, 0x55, 0x66, 0x88, 0x88, 0x88, 0x88, 0x88, 0x88, 0x88, 0x9c, 0xcc, 0xca, 0x99,
  0xcc, 0xcc, 0xcc, 0xcc, 0xba, 0xe4, 0xee, 0xe4, 0xa9, 0x99, 0x88, 0x88, 0x86, 0x55, 0x44, 0x44,
  0x43, 0x33, 0x32, 0x22, 0x11, 0x10, 0x00, 0x00, 0x00, 0x00, 0x00, 0x00, 0x11, 0x22, 0x33, 0x33,
  0x33, 0x33, 0x44, 0x44, 0x45, 0x55, 0x55, 0x54, 0x4e, 0xee, 0x4e, 0xec, 0xbb, 0xca, 0x99, 0x99,
  0x99, 0x98, 0x86, 0x66, 0x68, 0x8c, 0x88, 0x88, 0x88, 0x88, 0x65, 0x78, 0x89, 0x6a, 0x9a, 0xcc,
  0xcc, 0xcc, 0xcc, 0x98, 0x88, 0x88, 0x88, 0x76, 0x55, 0x55, 0x55, 0x55, 0x55, 0x55, 0x55, 0x54,
  0x55, 0x68, 0x88, 0x88, 0x88, 0x87, 0x68, 0x76, 0x77, 0x68, 0x88, 0x88, 0x66, 0x88, 0x89, 0x99,
  0x88, 0x66, 0x88, 0x88, 0x77, 0x78, 0x89, 0xc9, 0x88, 0x86, 0x86, 0x67, 0x78, 0x97, 0x88, 0x88,
  0x88, 0x88, 0x88, 0x89, 0x99, 0x9c, 0xcc, 0xcc, 0xcc, 0x99, 0x98, 0x68, 0x86, 0x78, 0x88, 0x88,
  0x88, 0x89, 0xac, 0xcc, 0xbb, 0xbb, 0xbb, 0xbb, 0xbc, 0xcc, 0xcc, 0xcc, 0xcb, 0xb9, 0xbc, 0xcc,
  0xcc, 0xc8, 0x8c, 0xcc, 0xcc, 0xcc, 0xc8, 0x88, 0x66, 0x68, 0x88, 0x88, 0x88, 0x88, 0xec, 0xcc,
  0xc9, 0xca, 0x99, 0x88, 0x65, 0x55, 0x55, 0x55, 0x55, 0x68, 0x78, 0x86, 0x88, 0x88, 0x88, 0x88,
  0xac, 0xcc, 0xcc, 0x88, 0xcc, 0xcc, 0xcc, 0xbe, 0xbe, 0xe7, 0xee, 0xe4, 0xb8, 0x88, 0x88, 0x86,
  0x55, 0x55, 0x44, 0x44, 0x43, 0x33, 0x32, 0x22, 0x22, 0x10, 0x00, 0x00, 0x00, 0x00, 0x00, 0x00,
  0x11, 0x22, 0x22, 0x33, 0x33, 0x33, 0x44, 0x44, 0x45, 0x55, 0x55, 0x54, 0x4e, 0xee, 0x4e, 0xe8,
  0xee, 0xca, 0xa9, 0x99, 0x96, 0x68, 0x67, 0x86, 0x68, 0x88, 0x88, 0x78, 0x87, 0x88, 0x85, 0x67,
  0x89, 0x6a, 0xae, 0xac, 0xaa, 0xac, 0xcc, 0xa8, 0x88, 0x87, 0x87, 0x55, 0x55, 0x55, 0x55, 0x55,
  0x55, 0x55, 0x55, 0x55, 0x66, 0x68, 0x76, 0x87, 0x76, 0x77, 0x78, 0x77, 0x77, 0x78, 0x87, 0x66,
  0x77, 0x88, 0x89, 0xa8, 0x76, 0x88, 0x68, 0x66, 0xaa, 0x68, 0x88, 0xca, 0x88, 0x88, 0x86, 0x77,
  0x78, 0x97, 0x78, 0x88, 0x88, 0x88, 0x88, 0x8a, 0x9a, 0xac, 0xcc, 0xcc, 0xca, 0x6a, 0x68, 0x87,
  0x66, 0x68, 0x77, 0x76, 0x66, 0x69, 0xac, 0xac, 0xbb, 0xbb, 0xbb, 0xbb, 0xbc, 0xcc, 0xac, 0xcc,
  0xcb, 0xbb, 0xcc, 0xac, 0xaa, 0x88, 0x9c, 0xcc, 0xcc, 0xcc, 0xc8, 0x78, 0x66, 0x66, 0x88, 0x88,
  0x78, 0x87, 0xe9, 0xa9, 0x9a, 0xa9, 0xa9, 0x88, 0x76, 0x65, 0x66, 0x55, 0x55, 0x67, 0x88, 0x88,
  0x78, 0x77, 0x88, 0x78, 0x9e, 0xec, 0xac, 0x88, 0xcc, 0xcc, 0xcc, 0xbe, 0xee, 0xe4, 0xee, 0xe4,
  0x78, 0x87, 0x88, 0x76, 0x55, 0x65, 0x44, 0x44, 0x43, 0x33, 0x32, 0x22, 0x21, 0x10, 0x00, 0x00,
  0x00, 0x00, 0x00, 0x00, 0x12, 0x22, 0x22, 0x33, 0x33, 0x33, 0x44, 0x44, 0x44, 0x45, 0x55, 0x45,
  0x4e, 0xed, 0x4e, 0xeb, 0xee, 0xcc, 0xc9, 0x99, 0x96, 0x68, 0x66, 0x66, 0x78, 0x88, 0x8c, 0x86,
  0x68, 0x66, 0x55, 0x66, 0x89, 0x99, 0xce, 0x96, 0x99, 0x9c, 0xcc, 0xc8, 0xcc, 0x87, 0x88, 0x66,
  0x55, 0x55, 0x55, 0x55, 0x55, 0x55, 0x55, 0x55, 0x55, 0x68, 0x76, 0x88, 0x86, 0x78, 0x88, 0x88,
  0x88, 0x88, 0x87, 0x66, 0x78, 0x88, 0x89, 0xc9, 0x86, 0x78, 0x88, 0x66, 0x44, 0x78, 0x86, 0xac,
  0x87, 0x68, 0x88, 0x88, 0x88, 0x97, 0x68, 0x88, 0x88, 0x8c, 0xcc, 0xcc, 0xee, 0xcc, 0xcc, 0xcc,
  0xa9, 0x6a, 0x68, 0x87, 0x66, 0x68, 0x85, 0x56, 0x66, 0x69, 0x66, 0x6c, 0xbb, 0xbb, 0xbb, 0xbb,
  0xbc, 0xcc, 0x9c, 0xcc, 0xcb, 0xbb, 0xca, 0x9c, 0xa9, 0x88, 0xcc, 0xcc, 0xcc, 0xcc, 0xc8, 0x68,
  0x55, 0x56, 0x88, 0x88, 0x68, 0x86, 0xe8, 0x9a, 0xcc, 0x96, 0xa9, 0x88, 0x86, 0x65, 0x66, 0x55,
  0x88, 0x66, 0x86, 0x88, 0x87, 0x88, 0x87, 0x88, 0xc9, 0xac, 0x99, 0x6c, 0xcc, 0xcc, 0xcc, 0xbe,
  0xee, 0xe7, 0xee, 0xe6, 0xac, 0x88, 0x88, 0x75, 0x55, 0x66, 0x44, 0x44, 0x43, 0x33, 0x32, 0x22,
  0x21, 0x10, 0x00, 0x00, 0x00, 0x00, 0x00, 0x00, 0x11, 0x21, 0x23, 0x33, 0x33, 0x33, 0x44, 0x44,
  0x44, 0x45, 0x55, 0x44, 0x4e, 0xee, 0x8e, 0xe7, 0xcc, 0xca, 0x98, 0x78, 0x88, 0x65, 0x66, 0x56,
  0x58, 0x8c, 0x8c, 0xc8, 0x87, 0x86, 0x55, 0x55, 0x66, 0xac, 0xcc, 0xc9, 0x9e, 0xec, 0x88, 0xcc,
  0x88, 0x87, 0xa8, 0x66, 0x55, 0x55, 0x55, 0x55, 0x55, 0x55, 0x55, 0x55, 0x66, 0x88, 0x76, 0x66,
  0x68, 0x88, 0x88, 0x88, 0x89, 0x78, 0x66, 0x68, 0x88, 0x88, 0x88, 0x78, 0x88, 0x66, 0x66, 0x78,
  0x88, 0x88, 0x86, 0x88, 0x8c, 0xcc, 0xcc, 0xca, 0x9c, 0x88, 0x88, 0x88, 0x89, 0xac, 0xbb, 0xbb,
  0xbb, 0xbb, 0xbe, 0xbc, 0xcc, 0x99, 0x98, 0x87, 0x66, 0x55, 0x86, 0x55, 0x55, 0x65, 0x66, 0x88,
  0x9b, 0xba, 0x9c, 0xbb, 0xbc, 0xcc, 0xc9, 0xab, 0xbb, 0xbb, 0xbb, 0xbc, 0xcc, 0xcc, 0xcc, 0x9a,
  0xc6, 0xcc, 0xc8, 0x65, 0x56, 0x66, 0x66, 0x86, 0x77, 0x69, 0xec, 0xac, 0xcc, 0x66, 0xaa, 0x69,
  0x69, 0x66, 0x66, 0x65, 0x56, 0x75, 0x68, 0x88, 0x88, 0xcc, 0xc8, 0x8c, 0xc8, 0xcc, 0xcc, 0xcc,
  0xcc, 0xcc, 0xcc, 0xcc, 0xee, 0xe7, 0xee, 0xe5, 0x68, 0x88, 0x65, 0x55, 0x55, 0x55, 0x44, 0x44,
  0x43, 0x33, 0x32, 0x21, 0x00, 0x00, 0x00, 0x00, 0x00, 0x00, 0x00, 0x00, 0x11, 0x22, 0x23, 0x33,
  0x33, 0x33, 0x44, 0x44, 0x44, 0x45, 0x55, 0x44, 0x4e, 0xee, 0xe6, 0xd7, 0xcc, 0xca, 0x98, 0x66,
  0x67, 0x65, 0x55, 0x55, 0x67, 0x68, 0x88, 0x88, 0x87, 0x66, 0x55, 0x56, 0xca, 0xaa, 0xcc, 0xc9,
  0xac, 0xaa, 0x88, 0xc8, 0x88, 0x87, 0xa8, 0x66, 0x55, 0x55, 0x55, 0x55, 0x55, 0x55, 0x55, 0x55,
  0x66, 0x88, 0x77, 0x77, 0x76, 0x78, 0x88, 0x88, 0x69, 0x76, 0x66, 0x78, 0x76, 0x66, 0x68, 0x77,
  0x68, 0x66, 0x56, 0x78, 0x88, 0x88, 0xc8, 0x66, 0x68, 0x8e, 0xec, 0xca, 0x98, 0x88, 0x88, 0x88,
  0x89, 0x9a, 0xbb, 0xbe, 0xbb, 0xbb, 0xcb, 0xbc, 0xcc, 0x99, 0x98, 0x87, 0x57, 0x78, 0x86, 0x65,
  0x55, 0x55, 0x66, 0x88, 0x9b, 0xbb, 0xac, 0xbb, 0xbc, 0xcc, 0xca, 0xbb, 0xee, 0xbb, 0xee, 0xec,
  0xcc, 0xca, 0xaa, 0xac, 0xca, 0xc7, 0xc8, 0x88, 0x55, 0x67, 0x66, 0x67, 0x88, 0x66, 0xae, 0xec,
  0xca, 0xca, 0x99, 0x99, 0x69, 0x96, 0x76, 0x65, 0x56, 0x88, 0x78, 0x66, 0x88, 0x88, 0x88, 0x8c,
  0xc8, 0xcc, 0xa8, 0x88, 0x9a, 0xca, 0xea, 0xac, 0xee, 0xb4, 0xee, 0xe6, 0x88, 0x88, 0x55, 0x55,
  0x55, 0x44, 0x44, 0x44, 0x43, 0x33, 0x32, 0x21, 0x00, 0x00, 0x00, 0x00, 0x00, 0x00, 0x00, 0x00,
  0x11, 0x22, 0x23, 0x33, 0x33, 0x33, 0x44, 0x44, 0x44, 0x45, 0x55, 0x54, 0x4c, 0xee, 0xea, 0xec,
  0xcc, 0xcc, 0x98, 0x76, 0x67, 0x75, 0x66, 0x66, 0x77, 0x58, 0x78, 0x87, 0x68, 0x66, 0x55, 0x55,
  0x59, 0x99, 0x6a, 0xca, 0xbb, 0xc9, 0x88, 0xc8, 0x8c, 0x87, 0xa8, 0x66, 0x65, 0x55, 0x55, 0x55,
  0x55, 0x65, 0x55, 0x56, 0x66, 0x88, 0x88, 0x88, 0x86, 0x88, 0x88, 0x65, 0x66, 0x76, 0x65, 0x56,
  0x66, 0x58, 0x88, 0x87, 0x67, 0x66, 0x55, 0x68, 0x87, 0x77, 0x66, 0x86, 0x76, 0x79, 0xac, 0x69,
  0x98, 0x88, 0x88, 0x88, 0x89, 0x99, 0xbb, 0xbe, 0xbb, 0xbc, 0xbb, 0xbc, 0xcc, 0xaa, 0xa8, 0x77,
  0x78, 0x88, 0x88, 0x66, 0x56, 0x55, 0x66, 0x8c, 0xbb, 0xbb, 0xbb, 0xbb, 0xbb, 0xeb, 0xbb, 0xbb,
  0xee, 0xbe, 0xee, 0xbb, 0xbb, 0xca, 0x99, 0xcc, 0xc9, 0x78, 0xc8, 0x88, 0x86, 0x68, 0x88, 0x67,
  0x66, 0xc6, 0xae, 0xbb, 0xba, 0xeb, 0xaa, 0x99, 0xa9, 0x99, 0x86, 0x6c, 0x66, 0x89, 0x88, 0x66,
  0xc8, 0x88, 0x8c, 0xcc, 0xcc, 0xcc, 0x98, 0x88, 0x99, 0xca, 0xea, 0x9c, 0xae, 0x7c, 0xee, 0xc5,
  0x88, 0x88, 0x65, 0x55, 0x55, 0x45, 0x44, 0x44, 0x33, 0x33, 0x32, 0x21, 0x00, 0x00, 0x00, 0x00,
  0x00, 0x00, 0x00, 0x00, 0x00, 0x12, 0x23, 0x33, 0x33, 0x33, 0x44, 0x44, 0x44, 0x44, 0x55, 0x54,
  0x49, 0xee, 0xe4, 0xee, 0xcc, 0xcc, 0x68, 0x87, 0x67, 0x76, 0x68, 0x88, 0x87, 0x68, 0x68, 0x88,
  0x8c, 0x66, 0x55, 0x55, 0x59, 0x99, 0x9a, 0xcb, 0xb9, 0x88, 0x88, 0xcc, 0xcc, 0x88, 0x88, 0x88,
  0x65, 0x55, 0x55, 0x55, 0x56, 0x66, 0x66, 0x68, 0x88, 0x89, 0x99, 0xa6, 0x99, 0x99, 0x88, 0x88,
  0x86, 0x56, 0x56, 0x65, 0x55, 0x66, 0x68, 0x88, 0x68, 0x87, 0x66, 0x78, 0x86, 0x67, 0x67, 0x88,
  0x7a, 0x79, 0x9c, 0xca, 0x9c, 0x99, 0xa9, 0x99, 0x97, 0x78, 0x9a, 0xcb, 0xbb, 0xbe, 0xbc, 0xcc,
  0xcc, 0xcc, 0xc8, 0x88, 0x88, 0x9c, 0xa8, 0x88, 0x65, 0x68, 0x88, 0xac, 0xcc, 0xcb, 0xbb, 0xbb,
  0xbb, 0xbb, 0xbb, 0xbb, 0xbb, 0xbe, 0xee, 0xbb, 0xbb, 0xca, 0x99, 0xc9, 0x88, 0x88, 0xcc, 0x88,
  0x78, 0x88, 0x88, 0x86, 0x78, 0xca, 0x6a, 0xbb, 0xbb, 0xb9, 0xcc, 0xa9, 0xc9, 0x99, 0x96, 0x6c,
  0xa9, 0x99, 0xac, 0xca, 0x9c, 0xcc, 0xcc, 0xcc, 0xcc, 0xcc, 0xc8, 0x88, 0x88, 0x8a, 0xec, 0x9c,
  0xae, 0x4e, 0xee, 0x86, 0x88, 0x88, 0x55, 0x54, 0x44, 0x44, 0x44, 0x44, 0x33, 0x33, 0x22, 0x21,
  0x11, 0x10, 0x00, 0x00, 0x00, 0x00, 0x00, 0x00, 0x00, 0x12, 0x22, 0x33, 0x33, 0x33, 0x44, 0x44,
  0x44, 0x44, 0x55, 0x54, 0x58, 0xee, 0xe4, 0xee, 0xcc, 0xc8, 0x88, 0x88, 0x86, 0x68, 0x67, 0x88,
  0x88, 0x86, 0xc6, 0x88, 0x88, 0x66, 0x55, 0x55, 0x69, 0x99, 0x66, 0x6b, 0x99, 0x88, 0x87, 0x8c,
  0xa9, 0x88, 0x76, 0x78, 0x65, 0x55, 0x55, 0x55, 0x66, 0x66, 0x77, 0x68, 0x88, 0x69, 0x99, 0x99,
  0x9a, 0xa9, 0x88, 0x76, 0x66, 0x56, 0x56, 0x65, 0x55, 0x86, 0x88, 0x88, 0x86, 0x66, 0x68, 0x78,
  0x67, 0x88, 0x87, 0x88, 0x7e, 0x7c, 0x9a, 0xaa, 0x9a, 0x9a, 0xa9, 0xac, 0x98, 0x88, 0xca, 0x9b,
  0xbb, 0xbb, 0xbc, 0xcc, 0xcc, 0xca, 0x98, 0x68, 0x88, 0x9c, 0xa6, 0x68, 0x87, 0x68, 0x88, 0xcc,
  0xcc, 0x9b, 0xbb, 0xbb, 0xbb, 0xbb, 0xbb, 0xbb, 0xbe, 0xeb, 0xbb, 0xbb, 0xbb, 0xcc, 0xcc, 0x96,
  0x68, 0x88, 0x88, 0x76, 0x88, 0x88, 0x88, 0x88, 0x88, 0x89, 0xac, 0xbb, 0xbb, 0xb9, 0xcc, 0xcc,
  0xcc, 0xa9, 0xcc, 0xc6, 0xcc, 0xcc, 0xcc, 0x9e, 0x9e, 0xcc, 0xcc, 0xaa, 0xcc, 0xcc, 0x88, 0x88,
  0x87, 0x8c, 0xcc, 0xc9, 0xae, 0x4e, 0xee, 0x86, 0xc6, 0x66, 0x45, 0x54, 0x44, 0x44, 0x44, 0x44,
  0x43, 0x33, 0x22, 0x21, 0x11, 0x10, 0x00, 0x00, 0x00, 0x00, 0x00, 0x00, 0x11, 0x22, 0x22, 0x33,
  0x33, 0x33, 0x33, 0x44, 0x44, 0x44, 0x55, 0x55, 0x56, 0xee, 0xe4, 0xee, 0xcc, 0x88, 0x88, 0x88,
  0x98, 0x88, 0x76, 0x89, 0xcc, 0x96, 0x96, 0x77, 0x78, 0x65, 0x55, 0x55, 0x66, 0x98, 0x6c, 0xc9,
  0xb9, 0x88, 0x87, 0x8c, 0x98, 0x88, 0x89, 0x98, 0x86, 0x66, 0x55, 0x55, 0x67, 0x66, 0x88, 0x68,
  0x88, 0x69, 0x99, 0x99, 0x96, 0x99, 0x88, 0x67, 0x76, 0x66, 0x67, 0x65, 0x66, 0x66, 0x88, 0x77,
  0x75, 0x56, 0x78, 0x78, 0x77, 0x89, 0x98, 0x88, 0x76, 0x5a, 0x9a, 0x6a, 0x99, 0x96, 0x6e, 0xec,
  0x99, 0x98, 0xca, 0xae, 0xbb, 0xbb, 0xbb, 0xbe, 0xac, 0xca, 0xa9, 0x8c, 0x99, 0x9a, 0x96, 0x77,
  0x87, 0x78, 0x99, 0xbb, 0xbc, 0xee, 0xbb, 0xbb, 0xbb, 0xbb, 0xbb, 0xbb, 0xbe, 0xeb, 0xbb, 0xbe,
  0xeb, 0xcc, 0xcc, 0xa9, 0x98, 0x66, 0x88, 0x77, 0x87, 0x78, 0x88, 0x88, 0x77, 0x8a, 0xac, 0xbb,
  0xbb, 0xbb, 0xca, 0xac, 0xcc, 0xa9, 0xca, 0xaa, 0xac, 0xca, 0xac, 0x9a, 0xec, 0x99, 0x9c, 0xee,
  0xbe, 0xbc, 0x88, 0x78, 0x78, 0x8c, 0xcc, 0xca, 0xee, 0x4e, 0xee, 0x7c, 0xcc, 0x87, 0x65, 0x45,
  0x55, 0x44, 0x44, 0x44, 0x33, 0x33, 0x32, 0x21, 0x11, 0x00, 0x00, 0x00, 0x00, 0x00, 0x00, 0x00,
  0x11, 0x22, 0x22, 0x33, 0x33, 0x33, 0x33, 0x44, 0x44, 0x44, 0x45, 0x55, 0x55, 0xee, 0xe4, 0xee,
  0xcc, 0x88, 0xc8, 0x88, 0xcc, 0x98, 0x69, 0x9e, 0xcc, 0xc9, 0x99, 0x87, 0x86, 0x55, 0x56, 0x55,
  0x56, 0x88, 0x9a, 0xc9, 0xca, 0x99, 0x88, 0x88, 0x88, 0x99, 0x99, 0x99, 0x88, 0x86, 0x55, 0x55,
  0x67, 0x69, 0x99, 0x99, 0x69, 0x99, 0x99, 0x99, 0x99, 0x99, 0x88, 0x58, 0x89, 0x69, 0x88, 0x85,
  0x88, 0x88, 0x88, 0x87, 0x66, 0x88, 0x88, 0x88, 0x88, 0x8e, 0x99, 0xc8, 0x88, 0x89, 0x99, 0x9e,
  0x9c, 0x99, 0x9c, 0xcc, 0x9c, 0xa9, 0xcc, 0xce, 0xcb, 0xbb, 0xbb, 0xba, 0xec, 0xcc, 0xcc, 0xcc,
  0xcc, 0xa9, 0x98, 0x88, 0x88, 0x89, 0xac, 0xbb, 0xbc, 0xcb, 0xbb, 0xcc, 0xcb, 0xbb, 0xbb, 0xbb,
  0xbb, 0xbb, 0xbb, 0xbe, 0xeb, 0xcc, 0xcc, 0xca, 0x99, 0x99, 0x98, 0x88, 0x67, 0x77, 0x77, 0x88,
  0x88, 0x8c, 0xcc, 0xbb, 0xbb, 0xbb, 0xc9, 0xac, 0xcc, 0xa9, 0xca, 0x9c, 0xcc, 0xc9, 0xac, 0x9a,
  0xcc, 0xbb, 0xbc, 0xee, 0xbe, 0xbc, 0xcc, 0x68, 0x6c, 0xcc, 0xcc, 0xcc, 0xee, 0x4e, 0xee, 0x5c,
  0xcc, 0x88, 0x65, 0x55, 0x55, 0x44, 0x44, 0x44, 0x33, 0x33, 0x32, 0x21, 0x00, 0x00, 0x00, 0x00,
  0x00, 0x00, 0x00, 0x00, 0x12, 0x22, 0x22, 0x33, 0x33, 0x33, 0x34, 0x44, 0x44, 0x44, 0x55, 0x55,
  0x55, 0xee, 0xe4, 0xde, 0xcc, 0x88, 0xcc, 0x7c, 0x99, 0x98, 0x89, 0x9c, 0xcc, 0xcc, 0xa9, 0x88,
  0x85, 0x66, 0x55, 0x55, 0x58, 0x88, 0x9a, 0xcc, 0xca, 0x6c, 0xcc, 0xc8, 0x88, 0xcc, 0xc9, 0x99,
  0x88, 0x86, 0x55, 0x55, 0x88, 0x86, 0xca, 0x99, 0x99, 0xca, 0x99, 0xca, 0x9a, 0xec, 0x88, 0x88,
  0x79, 0x96, 0x88, 0x88, 0x66, 0xc8, 0x88, 0x88, 0x88, 0x88, 0x88, 0x88, 0x88, 0x69, 0xa9, 0x88,
  0x88, 0x89, 0xac, 0xcc, 0xcc, 0xca, 0x9c, 0xcc, 0xcc, 0xa9, 0xcc, 0xcb, 0xbb, 0xbb, 0xbb, 0xcb,
  0xa9, 0xcc, 0xcc, 0xcc, 0xcc, 0xa9, 0xc8, 0x88, 0x66, 0x8e, 0xa9, 0xbb, 0xba, 0xcb, 0xbb, 0xcc,
  0xcb, 0xbb, 0xbb, 0xbb, 0xbb, 0xbb, 0xbb, 0xbb, 0xbb, 0x99, 0xac, 0x99, 0x99, 0x99, 0x98, 0x88,
  0x88, 0x77, 0x77, 0x88, 0x88, 0x89, 0xac, 0xbb, 0xbb, 0xbb, 0xcc, 0xcc, 0xc9, 0x99, 0xcc, 0xca,
  0x69, 0x9c, 0xcc, 0xcc, 0xcc, 0xbb, 0xbc, 0xcc, 0xbb, 0x98, 0xc8, 0xcc, 0x88, 0xcc, 0xcc, 0xcc,
  0xee, 0x4e, 0xee, 0x7c, 0xcc, 0x88, 0x65, 0x55, 0x55, 0x44, 0x44, 0x44, 0x33, 0x33, 0x22, 0x22,
  0x10, 0x00, 0x00, 0x00, 0x00, 0x00, 0x00, 0x00, 0x12, 0x22, 0x22, 0x33, 0x33, 0x33, 0x33, 0x44,
  0x44, 0x44, 0x55, 0x55, 0x55, 0xee, 0xec, 0xce, 0xbe, 0x77, 0x8c, 0xac, 0xaa, 0xc9, 0x66, 0x6c,
  0xca, 0xaa, 0x99, 0x87, 0x76, 0x86, 0x55, 0x55, 0x56, 0x99, 0x9a, 0xcc, 0xcc, 0xcc, 0x99, 0x98,
  0x88, 0xaa, 0xc9, 0xa8, 0x98, 0x76, 0x77, 0x77, 0x88, 0x88, 0x88, 0x69, 0x66, 0x69, 0x9a, 0xcc,
  0xa9, 0xcc, 0x99, 0x9c, 0x98, 0x88, 0x87, 0x86, 0x69, 0xc6, 0x98, 0x89, 0x69, 0x88, 0x89, 0x99,
  0x99, 0x99, 0xaa, 0xc9, 0x99, 0x69, 0x9a, 0xca, 0xac, 0xcc, 0xac, 0xcc, 0xaa, 0x99, 0xbe, 0xbb,
  0xbb, 0xbb, 0xbb, 0xbc, 0xca, 0xca, 0xab, 0xbb, 0xce, 0x6a, 0xca, 0x99, 0x86, 0x68, 0x9c, 0xba,
  0xa6, 0xac, 0xbb, 0xbb, 0xbb, 0xee, 0xbb, 0xbb, 0xbb, 0xbb, 0xee, 0xee, 0xeb, 0xbb, 0xba, 0xa6,
  0x99, 0x88, 0x68, 0x88, 0x88, 0x89, 0x89, 0xcc, 0xcc, 0xcb, 0xbb, 0xeb, 0xbe, 0xbb, 0xbb, 0xbc,
  0xc9, 0x99, 0xaa, 0xc8, 0x99, 0x9a, 0xae, 0xee, 0xbe, 0xbb, 0xbc, 0xcc, 0xbb, 0xbb, 0xbb, 0xcc,
  0x88, 0xcc, 0xcc, 0xb6, 0xee, 0xce, 0xed, 0x9b, 0xec, 0x88, 0x65, 0x55, 0x55, 0x44, 0x44, 0x44,
  0x33, 0x33, 0x22, 0x21, 0x00, 0x00, 0x00, 0x00, 0x00, 0x00, 0x00, 0x00, 0x12, 0x22, 0x22, 0x33,
  0x33, 0x33, 0x44, 0x44, 0x44, 0x44, 0x55, 0x55, 0x55, 0x6e, 0xe7, 0x7e, 0xb9, 0x88, 0x8c, 0xcc,
  0xcc, 0xcc, 0xcc, 0xcc, 0xca, 0xaa, 0x99, 0x87, 0x8c, 0x86, 0x55, 0x55, 0x56, 0xa9, 0xaa, 0xcc,
  0xcc, 0xcc, 0xa9, 0xa8, 0x88, 0x9a, 0xaa, 0xc8, 0x99, 0x76, 0x88, 0x88, 0x88, 0x88, 0x88, 0xca,
  0xac, 0xca, 0xac, 0xcc, 0xc9, 0xac, 0xa9, 0xaa, 0x98, 0x88, 0x87, 0x8a, 0xee, 0xc6, 0x98, 0x79,
  0x69, 0x87, 0x69, 0x99, 0x9a, 0xaa, 0xcc, 0xae, 0xcc, 0xca, 0xaa, 0xca, 0xac, 0xcc, 0xcc, 0xcc,
  0x9a, 0x9a, 0xbe, 0xbe, 0xeb, 0xbe, 0xeb, 0xbb, 0xcc, 0xce, 0xeb, 0xbb, 0xce, 0x6c, 0xac, 0xa9,
  0x86, 0x68, 0x8c, 0xc9, 0x6a, 0xee, 0xcc, 0xbb, 0xbc, 0xa9, 0xbb, 0xbb, 0xbb, 0xcc, 0xcc, 0xce,
  0xec, 0xbb, 0xba, 0xa6, 0x99, 0x87, 0x68, 0x88, 0x88, 0x88, 0x89, 0xc9, 0x66, 0xcb, 0xbb, 0xbe,
  0xbe, 0xbb, 0xbb, 0xbc, 0xaa, 0xa9, 0x96, 0x58, 0x88, 0x9a, 0x9e, 0xee, 0xbe, 0xec, 0xcc, 0xcc,
  0xcc, 0xbb, 0xbb, 0xcc, 0xcc, 0xcc, 0xcc, 0xb7, 0xee, 0xee, 0xee, 0xee, 0xec, 0x87, 0x65, 0x55,
  0x55, 0x44, 0x44, 0x43, 0x33, 0x32, 0x22, 0x21, 0x00, 0x00, 0x00, 0x00, 0x00, 0x00, 0x00, 0x00,
  0x12, 0x22, 0x22, 0x33, 0x33, 0x33, 0x44, 0x44, 0x44, 0x44, 0x45, 0x55, 0x55, 0x5e, 0xee, 0x6e,
  0x6e, 0x88, 0xcc, 0xcc, 0xcc, 0xcc, 0xcc, 0xcc, 0xcc, 0xac, 0xa9, 0x86, 0x67, 0x88, 0x65, 0x55,
  0x66, 0xae, 0xcc, 0xcc, 0xcc, 0xcc, 0xa9, 0xc8, 0x88, 0x99, 0x9c, 0xc8, 0xa9, 0x77, 0x88, 0x88,
  0x88, 0x88, 0x88, 0xcc, 0xcc, 0xca, 0xac, 0xcc, 0xc9, 0xac, 0xce, 0xa9, 0x98, 0x88, 0x88, 0x89,
  0x99, 0xcc, 0x98, 0x6c, 0x69, 0x87, 0x8a, 0x99, 0x6c, 0xca, 0xca, 0x99, 0x9a, 0xcc, 0xcc, 0xcc,
  0xcc, 0xcc, 0xcc, 0xcc, 0x9c, 0x6c, 0xbb, 0xbb, 0xbb, 0xbb, 0xbb, 0xb9, 0xac, 0xcc, 0xcb, 0xbb,
  0xcc, 0xcc, 0x9a, 0xa9, 0x66, 0x88, 0x78, 0xc9, 0xac, 0xcc, 0xcc, 0xbb, 0xbc, 0xce, 0xbb, 0xbb,
  0xbb, 0xcc, 0xcc, 0xc9, 0xac, 0xbb, 0xbc, 0x99, 0x99, 0xc6, 0x88, 0x77, 0x88, 0x8c, 0xcc, 0xc9,
  0x99, 0xcb, 0xbb, 0xbe, 0xbb, 0xbb, 0xbb, 0xbc, 0x9a, 0xa9, 0x99, 0x58, 0x66, 0x9a, 0x69, 0x6b,
  0xbb, 0xac, 0xcc, 0xcc, 0xcc, 0xbb, 0xbb, 0xcc, 0xcc, 0xcc, 0xcc, 0xc7, 0xed, 0xee, 0xe7, 0xee,
  0xec, 0x88, 0x66, 0x55, 0x55, 0x54, 0x44, 0x43, 0x33, 0x32, 0x22, 0x21, 0x00, 0x00, 0x00, 0x00,
  0x00, 0x00, 0x00, 0x00, 0x12, 0x22, 0x22, 0x33, 0x33, 0x33, 0x44, 0x44, 0x44, 0x44, 0x55, 0x55,
  0x55, 0x4e, 0xee, 0x4e, 0xba, 0xcc, 0xcc, 0xcc, 0xbb, 0xbe, 0xbb, 0x69, 0xca, 0x9c, 0xa9, 0x86,
  0x65, 0x56, 0x65, 0x66, 0x86, 0xa9, 0xbb, 0xbc, 0xcb, 0xbb, 0xa9, 0x9c, 0xcc, 0xcc, 0xcc, 0xca,
  0xaa, 0x69, 0x99, 0x99, 0x88, 0x86, 0x78, 0xcc, 0xcc, 0xca, 0x99, 0xcc, 0xcb, 0xbb, 0xe9, 0x6a,
  0x99, 0x9c, 0xca, 0x9a, 0xec, 0xbb, 0xb9, 0x99, 0x99, 0x99, 0x99, 0xa6, 0xc6, 0x6c, 0xa6, 0x88,
  0xcc, 0xcb, 0xbb, 0xcc, 0xcc, 0xcb, 0xbb, 0xbb, 0xb9, 0x9e, 0xbb, 0xbb, 0xbb, 0xbb, 0xbc, 0xcc,
  0xcc, 0xcc, 0xce, 0xec, 0xcc, 0xbb, 0xb9, 0x88, 0x6a, 0x99, 0x99, 0x86, 0x99, 0xcb, 0xbb, 0xbe,
  0xeb, 0xbb, 0xbb, 0xbc, 0xaa, 0xc9, 0x9c, 0xc9, 0xac, 0x9a, 0xa9, 0x9a, 0xc9, 0x99, 0x99, 0x99,
  0x9a, 0xcc, 0xcc, 0xcc, 0xcc, 0x9c, 0xcc, 0x9b, 0xbb, 0xbb, 0xbb, 0xbc, 0xc8, 0x66, 0x88, 0x89,
  0x6a, 0x99, 0x99, 0x99, 0x99, 0x9a, 0xcc, 0xcc, 0xcc, 0x86, 0x86, 0xcc, 0xcc, 0xcc, 0xcc, 0x9b,
  0xed, 0xee, 0xe7, 0xee, 0xec, 0xcc, 0x65, 0x54, 0x45, 0x44, 0x44, 0x33, 0x33, 0x32, 0x22, 0x22,
  0x10, 0x00, 0x00, 0x00, 0x00, 0x00, 0x00, 0x00, 0x12, 0x22, 0x22, 0x33, 0x33, 0x33, 0x44, 0x44,
  0x44, 0x44, 0x55, 0x56, 0x55, 0x5b, 0xee, 0x4e, 0xea, 0xcc, 0xcc, 0xee, 0xbe, 0xbe, 0xbb, 0x9a,
  0xcc, 0xaa, 0xaa, 0x86, 0x76, 0x56, 0x86, 0x67, 0x89, 0xaa, 0xbb, 0xbc, 0xcb, 0xeb, 0xba, 0xac,
  0xcc, 0xcc, 0xcc, 0xca, 0xaa, 0x6a, 0x99, 0x99, 0x67, 0x86, 0x78, 0xca, 0xec, 0x9a, 0xaa, 0xcc,
  0xcb, 0xbb, 0xaa, 0x99, 0x99, 0x9c, 0xca, 0xaa, 0xca, 0xbb, 0xba, 0x9a, 0x99, 0x99, 0x99, 0xa9,
  0xcc, 0xca, 0xc8, 0x87, 0xce, 0xcb, 0xbb, 0xcc, 0xa6, 0xcb, 0xbb, 0xbe, 0xb9, 0xae, 0xbb, 0xbe,
  0xbb, 0xbb, 0x96, 0xca, 0xac, 0xcc, 0xca, 0xcc, 0xcc, 0xbb, 0xb9, 0xc8, 0x9a, 0xae, 0xa9, 0x76,
  0xc9, 0xcb, 0xbb, 0xbb, 0xbb, 0xbb, 0xbb, 0xbc, 0x9a, 0xa9, 0xee, 0xea, 0xac, 0xaa, 0xa6, 0x96,
  0x69, 0x99, 0xa9, 0x99, 0x9a, 0xca, 0xc6, 0x6c, 0xcc, 0xaa, 0xac, 0x9b, 0xbb, 0xbb, 0xbb, 0xbc,
  0xa8, 0x76, 0x88, 0x79, 0x6a, 0x99, 0x99, 0x99, 0x9a, 0xee, 0xcc, 0xcc, 0xc8, 0x8c, 0x88, 0xcc,
  0xcc, 0xcc, 0xcc, 0x9b, 0xdd, 0xee, 0xe8, 0xee, 0xec, 0xcc, 0x65, 0x54, 0x45, 0x44, 0x44, 0x43,
  0x33, 0x32, 0x22, 0x22, 0x10, 0x00, 0x00, 0x00, 0x00, 0x00, 0x00, 0x00, 0x12, 0x22, 0x23, 0x33,
  0x33, 0x33, 0x44, 0x44, 0x44, 0x44, 0x55, 0x56, 0x65, 0x54, 0xee, 0x5b, 0xe6, 0xee, 0xcc, 0xee,
  0xbe, 0xbb, 0xbb, 0xcc, 0x66, 0xc9, 0xac, 0x86, 0x86, 0x55, 0x66, 0x88, 0x8c, 0xcc, 0xbb, 0xbc,
  0xcb, 0x9b, 0xbc, 0xcc, 0xcc, 0xcc, 0xcc, 0xcc, 0xc9, 0xae, 0x99, 0x99, 0x88, 0x88, 0x88, 0xc9,
  0xec, 0xcc, 0xcc, 0xcc, 0xcb, 0xbb, 0xcc, 0xca, 0x99, 0x9c, 0xcc, 0xcc, 0xa9, 0xbb, 0xbc, 0xaa,
  0x99, 0x99, 0x99, 0xac, 0xcc, 0xa9, 0xc9, 0x88, 0x9a, 0xcb, 0xbb, 0xcc, 0xce, 0xcb, 0xbb, 0xeb,
  0xb9, 0xac, 0xbb, 0xbe, 0xcb, 0xbb, 0xa9, 0xc9, 0xac, 0xcc, 0xcc, 0xcc, 0xcc, 0xbb, 0xb9, 0x88,
  0xc9, 0xac, 0xa9, 0x88, 0xc9, 0xcb, 0xbb, 0xbb, 0xbb, 0xbb, 0xbb, 0xbc, 0xca, 0x99, 0xc8, 0x6c,
  0xcc, 0xca, 0xaa, 0x99, 0x99, 0x9a, 0xc9, 0x99, 0x9a, 0xc9, 0x6a, 0xac, 0xcc, 0xc9, 0xac, 0xee,
  0xbb, 0xbb, 0xbb, 0xbc, 0x98, 0x88, 0x86, 0x89, 0x99, 0x99, 0x99, 0x99, 0xac, 0xcc, 0xcc, 0xcc,
  0xc8, 0x8c, 0xcc, 0xcc, 0xcc, 0xcc, 0xcc, 0x9e, 0xee, 0xee, 0xe8, 0xee, 0xec, 0xcc, 0x55, 0x54,
  0x45, 0x44, 0x44, 0x43, 0x33, 0x32, 0x22, 0x21, 0x00, 0x00, 0x00, 0x00, 0x00, 0x00, 0x00, 0x00,
  0x11, 0x21, 0x22, 0x33, 0x33, 0x44, 0x44, 0x44, 0x44, 0x45, 0x55, 0x5c, 0xc6, 0x55, 0xee, 0xe9,
  0xd9, 0xee, 0xbe, 0xbe, 0xbb, 0xbe, 0xbb, 0xbb, 0x9a, 0xcb, 0xb9, 0x99, 0x98, 0x87, 0x88, 0x88,
  0xcc, 0xcc, 0xca, 0xaa, 0x9a, 0xbb, 0xbb, 0xbb, 0xbb, 0xbb, 0xbc, 0xcb, 0xbb, 0xbe, 0xc9, 0x99,
  0xa9, 0x66, 0xaa, 0xb9, 0xbb, 0xeb, 0xcc, 0x96, 0x6c, 0xcc, 0xbb, 0xbc, 0x9a, 0xcc, 0x9b, 0xb9,
  0xbb, 0xbb, 0xbb, 0xbb, 0xcc, 0xcc, 0xcc, 0xa9, 0xcc, 0xcc, 0xcc, 0xcc, 0xcc, 0xcb, 0xbb, 0xbb,
  0xbc, 0xcc, 0xcc, 0xcc, 0xcb, 0xbb, 0xbb, 0xbb, 0xbb, 0xcc, 0xcc, 0xc9, 0xac, 0xee, 0xcc, 0xcc,
  0xcc, 0xa9, 0xcc, 0xa6, 0xcc, 0xcc, 0xa9, 0x96, 0xcc, 0xca, 0xbb, 0x9e, 0xcc, 0xaa, 0xbb, 0xbb,
  0xbb, 0xbb, 0xca, 0x6b, 0xb9, 0xcc, 0x69, 0x96, 0x68, 0x88, 0x86, 0x69, 0x99, 0x9a, 0xcc, 0xcc,
  0xcc, 0xcb, 0xbb, 0xbe, 0x9b, 0xbb, 0xcc, 0xcc, 0xc8, 0x87, 0x88, 0x88, 0x88, 0x88, 0x88, 0x88,
  0x77, 0xcc, 0xcc, 0xcc, 0xcc, 0xcc, 0xcc, 0xcc, 0xcc, 0xcc, 0xcc, 0xce, 0xee, 0xee, 0x48, 0xee,
  0xec, 0xa9, 0x86, 0x65, 0x44, 0x44, 0x44, 0x33, 0x33, 0x32, 0x22, 0x21, 0x00, 0x00, 0x00, 0x00,
  0x00, 0x00, 0x00, 0x00, 0x11, 0x22, 0x22, 0x33, 0x33, 0x44, 0x44, 0x44, 0x45, 0x45, 0x55, 0x57,
  0x76, 0x54, 0xee, 0xe5, 0xee, 0xee, 0xee, 0xee, 0xbb, 0xbe, 0xee, 0xbb, 0xba, 0xab, 0xeb, 0x99,
  0x96, 0x87, 0x87, 0x88, 0x8c, 0xcc, 0xc9, 0x6a, 0xab, 0xbb, 0xbb, 0xbb, 0xbb, 0xeb, 0xbc, 0xeb,
  0xee, 0xb9, 0xaa, 0xa9, 0xea, 0xc6, 0x9a, 0xbb, 0xee, 0xbb, 0xcc, 0xac, 0xcc, 0xcb, 0xcb, 0xbc,
  0xac, 0xcc, 0xbb, 0xbb, 0xbb, 0xeb, 0xbb, 0xbb, 0xcc, 0xcc, 0xcc, 0xca, 0xcc, 0xcc, 0xcc, 0xca,
  0xac, 0xcb, 0xbb, 0xbb, 0xbc, 0xcc, 0xcc, 0xaa, 0xae, 0xeb, 0xbb, 0xbb, 0xbb, 0xcc, 0xcc, 0xca,
  0xaa, 0x9a, 0xcc, 0xaa, 0xcc, 0xca, 0xcc, 0xcc, 0xcc, 0xcc, 0xaa, 0xaa, 0xcc, 0xcb, 0xbb, 0xae,
  0xce, 0xce, 0xbb, 0xbb, 0xbb, 0xbe, 0xca, 0xae, 0xeb, 0xaa, 0x69, 0x98, 0x76, 0x66, 0x7a, 0xa9,
  0x96, 0x66, 0xaa, 0xce, 0xae, 0xab, 0xbb, 0xbb, 0xbe, 0xbb, 0xcc, 0xcc, 0xa7, 0x77, 0x87, 0x68,
  0x88, 0x87, 0x77, 0x67, 0x78, 0xcc, 0xc8, 0x8c, 0xcc, 0xcc, 0xcc, 0xcc, 0xcc, 0xcc, 0xcc, 0xbd,
  0xee, 0xee, 0x59, 0xbe, 0xec, 0xca, 0x86, 0x65, 0x54, 0x44, 0x44, 0x33, 0x33, 0x32, 0x22, 0x21,
  0x00, 0x00, 0x00, 0x00, 0x00, 0x00, 0x00, 0x00, 0x11, 0x22, 0x22, 0x33, 0x33, 0x44, 0x44, 0x44,
  0x44, 0x55, 0x55, 0x56, 0x66, 0x54, 0xee, 0xe4, 0xbe, 0xee, 0xeb, 0xee, 0xbb, 0xbb, 0x9b, 0xbb,
  0xbb, 0x9b, 0xeb, 0x99, 0x9c, 0x88, 0x86, 0x88, 0x8a, 0xac, 0xca, 0x9c, 0xbb, 0xbb, 0xcb, 0xbb,
  0xcc, 0xee, 0xbc, 0xc9, 0xeb, 0x99, 0x9c, 0xa9, 0x99, 0xcc, 0xaa, 0xbb, 0xbb, 0xbb, 0xcc, 0xcc,
  0xcc, 0xcb, 0xbb, 0xbc, 0xac, 0xcc, 0xbb, 0xbb, 0xbb, 0xbb, 0xbb, 0xbb, 0xcc, 0xcc, 0xcc, 0xcc,
  0xcc, 0xcc, 0xcc, 0xc9, 0xac, 0xcb, 0xbb, 0xee, 0xbc, 0xcc, 0xcc, 0xa9, 0xab, 0xbb, 0xcb, 0xbb,
  0xbb, 0xcc, 0xcc, 0xc6, 0x69, 0x9a, 0xc6, 0x9a, 0xcc, 0xcc, 0xcc, 0xcc, 0xcc, 0xcc, 0xcc, 0xcc,
  0xcc, 0xcb, 0xbb, 0xca, 0x6e, 0xae, 0xbb, 0xbb, 0xbb, 0xbe, 0xca, 0x9b, 0xbb, 0x99, 0xa9, 0x98,
  0x85, 0x66, 0x7c, 0xa9, 0x9a, 0xa9, 0x96, 0x69, 0x9e, 0xee, 0xeb, 0xee, 0xbe, 0xbb, 0xcc, 0xcc,
  0xa8, 0x88, 0x88, 0x87, 0x67, 0x78, 0x77, 0x67, 0x87, 0xcc, 0xc8, 0x88, 0xc8, 0x88, 0x8c, 0xcc,
  0xcc, 0xcc, 0xce, 0xee, 0xee, 0xee, 0xd9, 0xbe, 0xea, 0xcc, 0xc7, 0x55, 0x54, 0x44, 0x44, 0x33,
  0x33, 0x22, 0x22, 0x21, 0x00, 0x00, 0x00, 0x00, 0x00, 0x00, 0x00, 0x00, 0x11, 0x22, 0x22, 0x33,
  0x33, 0x33, 0x44, 0x44, 0x44, 0x65, 0x55, 0x55, 0x55, 0x54, 0xee, 0xe4, 0xee, 0x9e, 0xbb, 0xee,
  0xbb, 0xbb, 0xbe, 0xbb, 0xbb, 0xbc, 0xa9, 0xca, 0xac, 0x99, 0x99, 0x9a, 0xc9, 0xac, 0xca, 0x9c,
  0xcb, 0xbb, 0xbb, 0xb9, 0xee, 0xee, 0xeb, 0xcb, 0xbb, 0xac, 0x9c, 0xcc, 0xa9, 0xcc, 0xcb, 0xbb,
  0xbb, 0xbe, 0xeb, 0xbb, 0xbb, 0xbb, 0x9c, 0x69, 0x99, 0x99, 0xbb, 0xbb, 0xeb, 0xbb, 0xbb, 0xbb,
  0xbb, 0xca, 0x9c, 0x88, 0x88, 0x89, 0xcc, 0xcc, 0xcc, 0xcc, 0xcc, 0xbb, 0xbb, 0xbb, 0xbb, 0xbc,
  0xcb, 0xbb, 0xee, 0xbb, 0xbb, 0xcc, 0xcc, 0x99, 0x99, 0xca, 0x99, 0xaa, 0x9c, 0xcc, 0xce, 0xac,
  0xcc, 0xcc, 0xcc, 0xcc, 0xcc, 0xcb, 0xbb, 0xcc, 0xce, 0xce, 0xbb, 0xbb, 0xbb, 0xbb, 0xcc, 0xcb,
  0xbb, 0xcc, 0xa9, 0x98, 0x88, 0x99, 0x99, 0x99, 0x9a, 0x69, 0x99, 0x99, 0xac, 0xce, 0xec, 0xbb,
  0xbb, 0xbb, 0xbb, 0xbc, 0xc9, 0x6a, 0x88, 0x86, 0x77, 0x68, 0x66, 0x78, 0x78, 0x88, 0x88, 0x87,
  0xcc, 0x88, 0x7c, 0xcc, 0xcc, 0xce, 0xee, 0xee, 0xee, 0xee, 0xeb, 0xee, 0xb6, 0x88, 0xc8, 0x55,
  0x54, 0x44, 0x44, 0x33, 0x33, 0x22, 0x21, 0x00, 0x00, 0x00, 0x00, 0x00, 0x00, 0x00, 0x00, 0x00,
  0x11, 0x22, 0x22, 0x23, 0x33, 0x34, 0x44, 0x44, 0x44, 0x44, 0x55, 0x55, 0x55, 0x55, 0x8e, 0xec,
  0x5e, 0xbe, 0xee, 0xeb, 0xbb, 0xee, 0xbb, 0xbb, 0xbe, 0xe9, 0x99, 0x99, 0x99, 0xcc, 0xc9, 0x96,
  0xac, 0xa9, 0xae, 0xcb, 0xbb, 0xb9, 0xbb, 0xeb, 0xee, 0xbe, 0xeb, 0xbb, 0xbb, 0xbc, 0x9c, 0x6a,
  0xcc, 0xcc, 0xcb, 0xbb, 0xbb, 0xbb, 0xbb, 0xbe, 0xeb, 0xbb, 0xc9, 0x66, 0xcc, 0x69, 0xbb, 0xbb,
  0xbb, 0xee, 0xee, 0xbb, 0xbb, 0xce, 0xa6, 0x78, 0x88, 0x86, 0x9a, 0xcc, 0xaa, 0xc9, 0x99, 0xbb,
  0xbb, 0xbb, 0xbb, 0xa9, 0x9b, 0xbb, 0xbb, 0xbb, 0xbb, 0xcc, 0xcc, 0xcc, 0xa9, 0x9a, 0xcc, 0xcc,
  0xcc, 0xcc, 0xcc, 0xcc, 0xcc, 0xcc, 0xcc, 0xcc, 0xcc, 0x68, 0xbb, 0xcc, 0xce, 0xce, 0xbb, 0xbb,
  0xbb, 0xbb, 0xcc, 0xce, 0xeb, 0xcc, 0xcc, 0x98, 0x8c, 0x9a, 0xc9, 0xac, 0xa6, 0x9c, 0x9a, 0xc9,
  0xac, 0xcb, 0xbb, 0xbb, 0xbb, 0xbb, 0xbb, 0xe9, 0x9c, 0xa9, 0x88, 0x88, 0x88, 0x88, 0x88, 0x66,
  0x66, 0x87, 0xc7, 0x88, 0xcc, 0xcc, 0xcc, 0xcc, 0xc8, 0xce, 0xee, 0xee, 0xee, 0xee, 0xeb, 0xeb,
  0xbc, 0xcc, 0xc6, 0x65, 0x44, 0x44, 0x43, 0x33, 0x33, 0x22, 0x20, 0x00, 0x00, 0x00, 0x00, 0x00,
  0x00, 0x00, 0x00, 0x00, 0x11, 0x22, 0x22, 0x23, 0x33, 0x34, 0x44, 0x44, 0x44, 0x44, 0x56, 0x55,
  0x55, 0x55, 0x5e, 0xee, 0x4e, 0x9b, 0xee, 0xeb, 0xee, 0xee, 0xbb, 0xbb, 0xbb, 0x9a, 0xaa, 0x99,
  0x99, 0xaa, 0xa9, 0x99, 0x9c, 0xaa, 0xaa, 0xcb, 0xbb, 0xbb, 0xbb, 0xeb, 0xee, 0xbe, 0xeb, 0xeb,
  0xb9, 0xbe, 0x9c, 0x6a, 0xcc, 0xcc, 0xcb, 0xbb, 0xee, 0xbb, 0xbe, 0xee, 0xeb, 0xbb, 0xca, 0xac,
  0xcc, 0x69, 0xbb, 0xbb, 0xbb, 0xee, 0xee, 0xbb, 0xbb, 0xce, 0xa8, 0x88, 0x88, 0x96, 0x9a, 0xac,
  0xca, 0xae, 0xaa, 0xbb, 0xbb, 0xbb, 0xbb, 0xba, 0xab, 0xbe, 0xbb, 0xbe, 0xbe, 0xbb, 0xbb, 0xbc,
  0xaa, 0xaa, 0xcc, 0xcc, 0xcc, 0xcc, 0xcc, 0xcc, 0xcc, 0xcc, 0xcc, 0xcc, 0xcc, 0xce, 0xee, 0xcc,
  0xce, 0xce, 0xbb, 0xbb, 0xbb, 0xbb, 0xae, 0xce, 0xeb, 0xcc, 0xca, 0x99, 0x6c, 0xaa, 0xc9, 0x86,
  0x6a, 0xaa, 0x9a, 0xa9, 0xac, 0xab, 0xbb, 0xbb, 0xbb, 0xbb, 0xbb, 0xea, 0xaa, 0xaa, 0x88, 0x88,
  0x88, 0x88, 0x87, 0x77, 0x66, 0x68, 0x87, 0x77, 0x8c, 0xcc, 0xcc, 0xcc, 0xc8, 0xce, 0xeb, 0xee,
  0xee, 0xee, 0xeb, 0xee, 0xb8, 0x8c, 0x66, 0x65, 0x44, 0x44, 0x43, 0x33, 0x32, 0x22, 0x21, 0x00,
  0x00, 0x00, 0x00, 0x00, 0x00, 0x00, 0x00, 0x00, 0x11, 0x22, 0x22, 0x23, 0x33, 0x34, 0x44, 0x44,
  0x44, 0x44, 0x46, 0x55, 0x55, 0x55, 0x5e, 0xee, 0x4e, 0xcc, 0xcb, 0xbb, 0xee, 0xeb, 0xbb, 0x9b,
  0xce, 0xec, 0xcc, 0x99, 0x99, 0x99, 0x99, 0x99, 0x9c, 0xcc, 0x9a, 0xcb, 0xbb, 0xcc, 0xbb, 0xbb,
  0xee, 0xbb, 0xbc, 0xe8, 0x66, 0x8a, 0x96, 0xac, 0x6a, 0xcc, 0xcb, 0xbb, 0xee, 0xbb, 0xee, 0xee,
  0xb9, 0xac, 0xcc, 0xcc, 0xcc, 0xa9, 0xca, 0x6b, 0xbb, 0xbb, 0xee, 0xbb, 0xbb, 0xcc, 0xc8, 0x76,
  0x6a, 0x99, 0x99, 0x9c, 0xa9, 0xae, 0xeb, 0xbb, 0xbc, 0xcb, 0xbb, 0xbb, 0xbb, 0xbe, 0xbb, 0xbe,
  0xeb, 0xbb, 0xbb, 0xbc, 0xcc, 0xcc, 0xcc, 0xcc, 0xcc, 0xcc, 0xcc, 0xcc, 0xcc, 0xcc, 0xcc, 0xcc,
  0x96, 0xcc, 0xcc, 0xcc, 0xcc, 0xcc, 0xbb, 0xbb, 0xbb, 0xcc, 0x9e, 0xca, 0xec, 0xcc, 0xce, 0x9a,
  0xac, 0xcc, 0xc8, 0x86, 0x6b, 0xe9, 0x99, 0x99, 0xac, 0xeb, 0xbb, 0xbb, 0xbb, 0xbb, 0xbb, 0xbb,
  0xb9, 0xac, 0x99, 0x99, 0x9a, 0x69, 0x66, 0x78, 0x88, 0x88, 0x68, 0x66, 0x8c, 0xcc, 0xcc, 0xcc,
  0xc8, 0x8c, 0xbe, 0xe7, 0xee, 0xe9, 0xee, 0xaa, 0xc8, 0x88, 0x65, 0x55, 0x44, 0x44, 0x43, 0x33,
  0x22, 0x22, 0x21, 0x00, 0x00, 0x00, 0x00, 0x00, 0x00, 0x00, 0x00, 0x00, 0x11, 0x22, 0x22, 0x23,
  0x33, 0x34, 0x44, 0x44, 0x44, 0x45, 0x55, 0x66, 0x66, 0x65, 0x67, 0xee, 0x4e, 0xec, 0xce, 0xeb,
  0xbb, 0xbb, 0xbb, 0xbb, 0xec, 0x9c, 0xa9, 0xcc, 0xa9, 0xa6, 0x99, 0x9a, 0xcc, 0xcc, 0x9a, 0xcb,
  0x9b, 0xcc, 0xbb, 0xbb, 0xee, 0xbe, 0xcc, 0xe6, 0x86, 0x66, 0x9a, 0xac, 0xaa, 0xcc, 0xcb, 0xbb,
  0xbb, 0xbe, 0xbb, 0xee, 0xbc, 0xcc, 0xcc, 0xcc, 0xca, 0x99, 0x96, 0xab, 0xbb, 0xbe, 0xeb, 0xee,
  0xbb, 0xcc, 0xcc, 0xcc, 0xc6, 0xac, 0xcc, 0xcc, 0xcc, 0xcb, 0xbb, 0xbe, 0xec, 0xcb, 0xbb, 0xbb,
  0xb9, 0xeb, 0xbb, 0xbb, 0xbb, 0xbb, 0xbb, 0xbc, 0xcc, 0xcc, 0xcc, 0xcc, 0xcc, 0xcc, 0xcc, 0xcc,
  0xcc, 0xcc, 0xa9, 0xc8, 0x66, 0x9a, 0xaa, 0xca, 0x99, 0xac, 0xbb, 0xbb, 0xee, 0xcc, 0xcc, 0xcc,
  0xcc, 0xcc, 0xce, 0xcc, 0xcc, 0xcc, 0xcc, 0x88, 0x8a, 0xe9, 0xcc, 0xcc, 0xcc, 0xcb, 0xeb, 0x9b,
  0xbb, 0xbe, 0xbe, 0xbb, 0xbc, 0xcc, 0x9a, 0x69, 0x99, 0x9a, 0x88, 0x88, 0x77, 0x66, 0x87, 0x88,
  0xc8, 0xc8, 0x86, 0xcc, 0xcc, 0xcc, 0xbe, 0xe7, 0xee, 0xe9, 0xee, 0xa9, 0x98, 0x78, 0x55, 0x54,
  0x44, 0x44, 0x33, 0x32, 0x22, 0x22, 0x20, 0x00, 0x00, 0x00, 0x00, 0x00, 0x00, 0x00, 0x00, 0x00,
  0x11, 0x22, 0x22, 0x23, 0x33, 0x33, 0x44, 0x44, 0x44, 0x45, 0x65, 0x68, 0x88, 0x66, 0x64, 0xee,
  0x45, 0xdb, 0xce, 0xeb, 0xeb, 0xbb, 0xbb, 0xbb, 0x88, 0x8c, 0xaa, 0xca, 0xa6, 0xaa, 0xaa, 0xaa,
  0xce, 0xee, 0xac, 0xcb, 0xbb, 0xcc, 0xcb, 0xbb, 0xce, 0xbe, 0xec, 0xa8, 0x86, 0x55, 0x66, 0x68,
  0xcc, 0xcc, 0xec, 0xba, 0xbb, 0xee, 0xbb, 0xbb, 0xbb, 0xbb, 0xbb, 0xbc, 0xca, 0x99, 0x6a, 0xc8,
  0x99, 0xbe, 0xeb, 0xec, 0xbe, 0xee, 0xbb, 0xbb, 0xbb, 0xba, 0xcb, 0xbb, 0xbb, 0xbb, 0xbb, 0xbe,
  0xec, 0xcb, 0xbb, 0xbb, 0xbb, 0xba, 0xbb, 0xbb, 0xbb, 0xbb, 0xbb, 0xbb, 0xbb, 0xbb, 0xbb, 0xbe,
  0xeb, 0xbc, 0xcc, 0xcc, 0xcc, 0xcc, 0x6a, 0xc9, 0x6a, 0x96, 0x66, 0xaa, 0xa9, 0xac, 0xab, 0xbb,
  0x9a, 0xca, 0xca, 0xa8, 0x9c, 0x88, 0x88, 0x89, 0xcc, 0xcc, 0xc9, 0x99, 0x9a, 0xe9, 0xbb, 0xbb,
  0xbb, 0xbe, 0xbe, 0xbb, 0xbb, 0xeb, 0xbe, 0xbb, 0xbb, 0xbb, 0xaa, 0x69, 0x99, 0x96, 0x88, 0x88,
  0x66, 0x66, 0x89, 0xcc, 0x99, 0x98, 0x88, 0xcc, 0xcc, 0xcb, 0xbe, 0xda, 0xee, 0x7e, 0xeb, 0x99,
  0x88, 0x66, 0x55, 0x54, 0x44, 0x44, 0x43, 0x32, 0x22, 0x21, 0x20, 0x00, 0x00, 0x00, 0x00, 0x00,
  0x00, 0x00, 0x00, 0x00, 0x11, 0x22, 0x22, 0x23, 0x33, 0x33, 0x44, 0x44, 0x44, 0x45, 0x46, 0x68,
  0x88, 0x88, 0x85, 0xee, 0xe4, 0xdb, 0xee, 0xec, 0xeb, 0xbc, 0xcc, 0xcc, 0x88, 0x86, 0x9c, 0xca,
  0x6a, 0x9a, 0xcc, 0xce, 0xcb, 0xbb, 0xcc, 0xcb, 0xbb, 0xcc, 0xcc, 0xcb, 0xbb, 0xcc, 0xcc, 0x96,
  0x65, 0x55, 0x56, 0x67, 0x88, 0x8c, 0xec, 0xa9, 0xbb, 0xee, 0xbb, 0xbb, 0xbc, 0xbb, 0xbb, 0xbc,
  0xca, 0x99, 0x6c, 0xc8, 0x8c, 0xcc, 0xbb, 0xcb, 0xbe, 0xee, 0xbb, 0xbb, 0xbb, 0xb9, 0xcb, 0xbb,
  0xbb, 0xbb, 0xb8, 0xbb, 0xbc, 0xcb, 0xbb, 0xba, 0xcc, 0xa9, 0xbb, 0xbb, 0xeb, 0xbb, 0xbb, 0xbb,
  0xbb, 0xbb, 0xbb, 0xbe, 0xeb, 0xbc, 0xcc, 0xcc, 0xcc, 0xcc, 0xc6, 0xc9, 0x6a, 0x99, 0x96, 0x9a,
  0xc9, 0xaa, 0x9c, 0xac, 0x9a, 0xc9, 0xaa, 0x98, 0x88, 0x88, 0x88, 0x89, 0xcc, 0xcc, 0xc9, 0x99,
  0x9a, 0xbb, 0xbb, 0xbb, 0xbb, 0xbc, 0xa9, 0xcc, 0xcb, 0xbe, 0xbe, 0xbb, 0xbb, 0xbb, 0xca, 0x99,
  0x99, 0x99, 0x98, 0x86, 0x88, 0x67, 0x8c, 0x66, 0x9c, 0x98, 0x88, 0x88, 0xcc, 0xcb, 0xbd, 0x7e,
  0xee, 0x7e, 0xcc, 0xc8, 0x86, 0x88, 0x55, 0x54, 0x44, 0x44, 0x43, 0x32, 0x22, 0x22, 0x10, 0x00,
  0x00, 0x00, 0x00, 0x00, 0x00, 0x00, 0x00, 0x00, 0x11, 0x12, 0x22, 0x23, 0x33, 0x33, 0x44, 0x44,
  0x44, 0x44, 0x55, 0x88, 0x88, 0x85, 0x65, 0xee, 0xd4, 0xbe, 0xac, 0xcc, 0xbb, 0xb9, 0x99, 0x99,
  0xc8, 0x89, 0x99, 0x99, 0x99, 0x99, 0xec, 0xcc, 0xcb, 0xbb, 0xcc, 0xcb, 0xbb, 0xcc, 0xcc, 0xc9,
  0xbb, 0xca, 0x99, 0x66, 0x55, 0x55, 0x56, 0x66, 0x67, 0x8c, 0xec, 0x9a, 0xeb, 0xee, 0xeb, 0xbb,
  0xbe, 0xeb, 0xbb, 0xbc, 0xcc, 0xc9, 0x9e, 0xcc, 0xcc, 0xcc, 0xbb, 0xee, 0xbb, 0xee, 0xbb, 0xbb,
  0xbb, 0xbc, 0xcb, 0xbb, 0xbb, 0xbb, 0xbb, 0xbb, 0xbc, 0xcb, 0xb9, 0xb6, 0x9c, 0xcc, 0xbb, 0xbe,
  0xeb, 0xbb, 0xbb, 0xbb, 0xbb, 0xbb, 0xbb, 0xbb, 0xbb, 0xbc, 0xcc, 0xcc, 0xcc, 0xcc, 0xcc, 0xc9,
  0x99, 0x99, 0x99, 0x99, 0x99, 0xac, 0xcc, 0x69, 0xca, 0x9c, 0x9a, 0xc8, 0x88, 0x88, 0x88, 0x89,
  0xcc, 0xca, 0x99, 0x99, 0x99, 0x9b, 0xbb, 0xbb, 0xbb, 0xbc, 0xcc, 0xcc, 0xcb, 0xbb, 0xee, 0xeb,
  0xbb, 0xbb, 0x99, 0x99, 0x99, 0x9c, 0xcc, 0x88, 0x88, 0x68, 0x89, 0x99, 0xc9, 0x98, 0x88, 0x88,
  0x8c, 0xcc, 0xed, 0x7e, 0xee, 0x7b, 0xcc, 0x88, 0xcc, 0x88, 0x55, 0x55, 0x44, 0x44, 0x43, 0x32,
  0x22, 0x21, 0x10, 0x00, 0x00, 0x00, 0x00, 0x00, 0x00, 0x00, 0x00, 0x00, 0x00, 0x02, 0x22, 0x22,
  0x33, 0x33, 0x44, 0x44, 0x44, 0x54, 0x65, 0x58, 0x88, 0x65, 0x55, 0x8e, 0xec, 0x4e, 0x6c, 0xcc,
  0xcc, 0x88, 0x87, 0xe7, 0x58, 0x69, 0x99, 0x7c, 0x69, 0xcc, 0xc9, 0xac, 0xcc, 0xcc, 0xea, 0xac,
  0xcc, 0xcc, 0x88, 0x89, 0x99, 0xca, 0x96, 0x55, 0x55, 0x55, 0x55, 0x55, 0x55, 0x87, 0xc9, 0xbb,
  0xbb, 0xee, 0xec, 0xcc, 0xcb, 0xbb, 0xcc, 0xcc, 0x9a, 0xa6, 0xca, 0x6c, 0xcc, 0xcc, 0xbb, 0xbe,
  0xee, 0xee, 0xeb, 0xbb, 0xbb, 0xbb, 0xbb, 0xbb, 0xbb, 0xbb, 0xbb, 0xbb, 0x9c, 0xcc, 0xcc, 0xcc,
  0xcc, 0xcc, 0xbb, 0xbb, 0xbb, 0xbb, 0xbb, 0xbb, 0xbb, 0xbb, 0xbe, 0xeb, 0xbb, 0xbb, 0xb9, 0xcc,
  0xcc, 0xcc, 0xcc, 0xcc, 0xcc, 0xca, 0x96, 0x66, 0x89, 0x9a, 0xcc, 0xcc, 0xc9, 0x88, 0x88, 0x87,
  0x78, 0x86, 0x88, 0x89, 0xec, 0xae, 0xcc, 0x96, 0xcc, 0xcc, 0xcb, 0xbb, 0xbb, 0xbc, 0xcc, 0x9b,
  0xbb, 0xbb, 0xeb, 0xe9, 0xbc, 0xa9, 0xe9, 0x99, 0x99, 0x99, 0xac, 0xc8, 0x88, 0xca, 0x99, 0xa6,
  0x88, 0x88, 0x88, 0x88, 0x88, 0x89, 0xeb, 0xee, 0xee, 0xde, 0xeb, 0xca, 0x9c, 0xcc, 0x67, 0x54,
  0x44, 0x43, 0x33, 0x32, 0x22, 0x21, 0x10, 0x00, 0x00, 0x00, 0x00, 0x00, 0x00, 0x00, 0x00, 0x00,
  0x00, 0x02, 0x22, 0x22, 0x33, 0x33, 0x34, 0x44, 0x54, 0x44, 0x56, 0x57, 0x77, 0x65, 0x55, 0x4d,
  0xee, 0x5e, 0xe8, 0x88, 0x88, 0x87, 0x57, 0xe7, 0x78, 0x8a, 0xa9, 0x87, 0x89, 0xaa, 0xca, 0xcc,
  0xcc, 0xcc, 0x9a, 0xac, 0xcc, 0xc8, 0x88, 0x7a, 0xa9, 0x66, 0x96, 0x65, 0x55, 0x55, 0x55, 0x55,
  0x55, 0x88, 0xc9, 0xbb, 0xbb, 0xeb, 0xac, 0xcc, 0xcb, 0xbb, 0xcc, 0xcc, 0xa9, 0x69, 0xcc, 0xcc,
  0xac, 0xcc, 0xbb, 0xbe, 0xee, 0xee, 0xee, 0xeb, 0xbb, 0xbb, 0xbb, 0xbb, 0xbb, 0xbb, 0xbb, 0xbe,
  0xec, 0xcc, 0xcc, 0xcc, 0xcc, 0xcc, 0xbb, 0xbb, 0xee, 0xbb, 0xbb, 0xbb, 0xbb, 0xbb, 0xbc, 0xeb,
  0xbb, 0xbb, 0xbe, 0xee, 0xca, 0xac, 0xaa, 0xaa, 0xaa, 0x69, 0x96, 0x67, 0x7a, 0x99, 0xac, 0xcc,
  0xc9, 0x88, 0x88, 0x87, 0x78, 0x87, 0x76, 0xc9, 0xcc, 0xae, 0xcc, 0xcc, 0xcc, 0xcc, 0x6a, 0xbb,
  0xbb, 0xbc, 0xce, 0xee, 0xbb, 0xbb, 0xeb, 0xeb, 0xbc, 0xaa, 0xeb, 0x9a, 0xaa, 0xaa, 0xac, 0xc8,
  0x88, 0xaa, 0xa9, 0xa6, 0x88, 0x87, 0x78, 0x88, 0x88, 0x8e, 0xe7, 0xee, 0xe8, 0xce, 0xee, 0xec,
  0xac, 0x86, 0x87, 0x54, 0x54, 0x43, 0x33, 0x32, 0x22, 0x21, 0x10, 0x00, 0x00, 0x00, 0x00, 0x00,
  0x00, 0x00, 0x00, 0x00, 0x00, 0x02, 0x22, 0x22, 0x33, 0x33, 0x34, 0x44, 0x54, 0x44, 0x55, 0x55,
  0x56, 0x65, 0x55, 0x5c, 0xee, 0x4d, 0xe6, 0x88, 0x88, 0x77, 0x67, 0xa8, 0x78, 0x8c, 0xa9, 0x88,
  0x69, 0x9a, 0xcc, 0x6e, 0xcc, 0xcc, 0x9a, 0xcc, 0xc9, 0x68, 0x76, 0x66, 0x65, 0x55, 0x55, 0x55,
  0x44, 0x55, 0x55, 0x55, 0x55, 0x66, 0x68, 0xbb, 0xbb, 0xbb, 0xcc, 0xcc, 0xcb, 0xbb, 0xcc, 0xa6,
  0xcc, 0xcc, 0xcc, 0xcc, 0x6c, 0xcc, 0xbb, 0xbb, 0xbe, 0xee, 0xee, 0xeb, 0xbb, 0xbb, 0xbb, 0xbb,
  0xbb, 0xbb, 0xbb, 0xbb, 0xbc, 0xcc, 0xcc, 0xcc, 0xcc, 0xcc, 0xbb, 0xbb, 0xee, 0xbb, 0xbb, 0xbb,
  0xbb, 0xbb, 0xbb, 0xbb, 0xbb, 0xbb, 0xbb, 0xcc, 0xca, 0x9c, 0xa9, 0x99, 0x99, 0xca, 0x99, 0x68,
  0x6a, 0x69, 0x9c, 0xcc, 0x68, 0x8c, 0x88, 0x86, 0x88, 0x88, 0x77, 0x66, 0x9c, 0xcc, 0xcc, 0xcc,
  0xcc, 0xcc, 0xcb, 0xbb, 0xbb, 0xbc, 0xae, 0xbb, 0xb9, 0x9e, 0xbb, 0xbb, 0xbc, 0xcc, 0xbe, 0xec,
  0xcc, 0xcc, 0xcc, 0xc8, 0x88, 0x9a, 0x69, 0xac, 0x88, 0x86, 0x66, 0x78, 0x88, 0x8e, 0xe7, 0xee,
  0xe6, 0xce, 0xee, 0xee, 0xcc, 0x88, 0x86, 0x54, 0x54, 0x43, 0x33, 0x32, 0x22, 0x22, 0x20, 0x00,
  0x00, 0x00, 0x00, 0x00, 0x00, 0x00, 0x00, 0x00, 0x11, 0x22, 0x22, 0x23, 0x33, 0x33, 0x34, 0x44,
  0x44, 0x44, 0x44, 0x44, 0x55, 0x55, 0x54, 0x44, 0xee, 0x7e, 0xed, 0x86, 0x78, 0x66, 0x68, 0x78,
  0x9a, 0xc6, 0x66, 0x99, 0x99, 0xcc, 0xca, 0xec, 0xcb, 0xbb, 0x99, 0x98, 0x87, 0x65, 0x55, 0x55,
  0x44, 0x44, 0x44, 0x44, 0x34, 0x44, 0xa5, 0x55, 0x55, 0x88, 0x6c, 0xa9, 0xac, 0xcc, 0xcc, 0xbb,
  0xbc, 0xcc, 0xa9, 0x86, 0x78, 0x8c, 0x6c, 0x89, 0xac, 0xcc, 0xbb, 0xbb, 0xbb, 0xbb, 0xbb, 0xbb,
  0xee, 0xbb, 0xbb, 0xcc, 0xbb, 0xbb, 0xbb, 0xbb, 0xbc, 0xce, 0xa9, 0x99, 0xcc, 0xcc, 0xbb, 0xbb,
  0xbb, 0xbb, 0xbb, 0xbb, 0xbb, 0xbb, 0xee, 0xee, 0xbe, 0xeb, 0xbb, 0xbb, 0xbb, 0xbe, 0x99, 0x9c,
  0xa9, 0xcc, 0xc9, 0x68, 0x88, 0x88, 0x99, 0x99, 0x98, 0x88, 0x88, 0x88, 0x88, 0x88, 0x88, 0x88,
  0x9c, 0xce, 0xac, 0xa9, 0xcc, 0xcc, 0x9a, 0xbb, 0xbb, 0xeb, 0xeb, 0x8e, 0xc9, 0xbb, 0x9b, 0xbc,
  0xcc, 0xa9, 0xbb, 0xbe, 0xac, 0xcc, 0xcc, 0x98, 0x88, 0x88, 0x88, 0x87, 0x68, 0x78, 0x85, 0x78,
  0x88, 0x8e, 0xe5, 0xee, 0xee, 0xee, 0xee, 0xcc, 0xc8, 0x88, 0x54, 0x44, 0x44, 0x44, 0x43, 0x32,
  0x11, 0x00, 0x00, 0x00, 0x00, 0x00, 0x00, 0x00, 0x00, 0x00, 0x00, 0x00, 0x11, 0x22, 0x22, 0x22,
  0x33, 0x33, 0x33, 0x44, 0x44, 0x44, 0x44, 0x44, 0x55, 0x55, 0x55, 0x44, 0xee, 0xe5, 0xe5, 0x88,
  0x88, 0x8c, 0xc8, 0x78, 0xaa, 0xcc, 0xcc, 0x9a, 0xa9, 0xcc, 0xcc, 0xcc, 0xcb, 0xbb, 0xaa, 0x97,
  0x66, 0x55, 0x55, 0x54, 0xff, 0xff, 0xff, 0xff, 0xff, 0xf3, 0x56, 0x55, 0x55, 0x88, 0x78, 0xa9,
  0xac, 0xcc, 0xcc, 0xeb, 0xbc, 0xaa, 0x6a, 0x98, 0x77, 0x78, 0x78, 0x7a, 0xcc, 0xcc, 0xbb, 0xbb,
  0xbb, 0xbb, 0xbb, 0xbb, 0xeb, 0xbb, 0xbb, 0xcc, 0xbb, 0xbb, 0xbb, 0xbb, 0xbc, 0xaa, 0xaa, 0xaa,
  0xcc, 0xcc, 0xbb, 0xbb, 0xee, 0xee, 0xeb, 0xbb, 0xbb, 0xbb, 0xee, 0xee, 0xee, 0xeb, 0xbb, 0xbb,
  0xbb, 0xba, 0x6a, 0x9c, 0xca, 0xaa, 0xa9, 0x78, 0x88, 0x88, 0x99, 0x99, 0x96, 0x88, 0x88, 0x88,
  0x88, 0x67, 0x88, 0x89, 0xac, 0xaa, 0xce, 0xaa, 0xcc, 0xcc, 0xab, 0xbb, 0xbb, 0xbb, 0xcb, 0x8a,
  0x8b, 0xec, 0x9b, 0xbc, 0xcc, 0xca, 0xbb, 0xbc, 0xcc, 0xcc, 0xcc, 0x98, 0x88, 0x88, 0x86, 0x66,
  0x78, 0x76, 0x87, 0x58, 0x66, 0x6e, 0xe7, 0xee, 0x4e, 0xee, 0xeb, 0xca, 0xa8, 0x76, 0x55, 0x54,
  0x44, 0x44, 0x43, 0x32, 0x11, 0x00, 0x00, 0x00, 0x00, 0x00, 0x00, 0x00, 0x00, 0x00, 0x00, 0x00,
  0x11, 0x22, 0x22, 0x22, 0x33, 0x33, 0x33, 0x44, 0x44, 0x44, 0x44, 0x44, 0x55, 0x55, 0x55, 0x44,
  0x7e, 0xe4, 0xee, 0x8c, 0xcc, 0xcc, 0xc8, 0x87, 0x66, 0xc6, 0x9c, 0x9a, 0xa9, 0xcc, 0xcc, 0xcc,
  0xcb, 0xbb, 0xca, 0x98, 0x65, 0x55, 0x55, 0x53, 0xff, 0xff, 0xff, 0xff, 0xff, 0xf3, 0x56, 0x55,
  0x55, 0x87, 0x88, 0xc9, 0xac, 0xcc, 0xcc, 0x99, 0x9c, 0x99, 0x99, 0x68, 0x88, 0x88, 0x88, 0x8c,
  0xcc, 0xcc, 0xbb, 0xbb, 0xbb, 0xbb, 0xbb, 0xbb, 0xbb, 0xbb, 0xbb, 0xcc, 0xbb, 0xbb, 0xbb, 0xbb,
  0xbc, 0x9a, 0xcc, 0xcc, 0xce, 0xcc, 0xbb, 0xbb, 0xee, 0xee, 0xeb, 0xbb, 0xbb, 0xbb, 0xbb, 0xbe,
  0xeb, 0xbb, 0xbb, 0xbb, 0xbb, 0xb9, 0x6a, 0x96, 0x66, 0x99, 0x99, 0x88, 0x88, 0x78, 0x99, 0x99,
  0x96, 0x88, 0x88, 0x88, 0x88, 0x67, 0x88, 0x89, 0xcc, 0xaa, 0xc9, 0xec, 0xcc, 0xcc, 0xcb, 0xbb,
  0xbb, 0xbb, 0xbb, 0xce, 0x8b, 0x9b, 0xeb, 0xbc, 0xcc, 0xcc, 0xbb, 0xb6, 0xac, 0xcc, 0xcc, 0x98,
  0x87, 0x88, 0x86, 0x66, 0x77, 0x76, 0x76, 0x67, 0x67, 0x8d, 0x4e, 0xee, 0xee, 0xee, 0xbb, 0xca,
  0x98, 0x76, 0x55, 0x54, 0x44, 0x44, 0x43, 0x32, 0x11, 0x00, 0x00, 0x00, 0x00, 0x00, 0x00, 0x00,
  0x00, 0x00, 0x00, 0x00, 0x00, 0x12, 0x22, 0x23, 0x33, 0x33, 0x33, 0x34, 0x44, 0x44, 0x44, 0x44,
  0x44, 0x55, 0x54, 0x45, 0x4e, 0xeb, 0x6e, 0x9c, 0xcc, 0xcc, 0xc9, 0x86, 0x66, 0x58, 0x8c, 0x9a,
  0xa9, 0xcb, 0xbb, 0xbe, 0xbb, 0xbb, 0x9a, 0xc8, 0x65, 0x44, 0x44, 0x42, 0xff, 0xff, 0xff, 0xff,
  0xff, 0xf4, 0x65, 0x55, 0x55, 0x57, 0x87, 0xcc, 0x78, 0x88, 0xcc, 0xcc, 0xc8, 0x66, 0x88, 0x89,
  0x99, 0x99, 0x88, 0x8c, 0xcc, 0xcc, 0xcc, 0xcb, 0xbb, 0xbb, 0xbe, 0xec, 0xbb, 0xbb, 0xbb, 0xbb,
  0xbb, 0xbb, 0xbb, 0xcc, 0xcc, 0xce, 0xac, 0xbb, 0xbe, 0xec, 0xbb, 0xbb, 0xbb, 0xbb, 0xbb, 0xbb,
  0xbb, 0xcc, 0xcb, 0xbb, 0xbe, 0xeb, 0xbb, 0xbb, 0xcc, 0xc9, 0x99, 0x99, 0x99, 0xca, 0x99, 0x88,
  0x88, 0x66, 0x99, 0x99, 0x69, 0x88, 0x88, 0x88, 0x78, 0x86, 0x88, 0x88, 0x8c, 0xcc, 0xcc, 0xa9,
  0xcc, 0xcc, 0xcb, 0xbb, 0xbb, 0xbb, 0xbb, 0xee, 0xcc, 0xcc, 0xc9, 0xac, 0xcc, 0xcc, 0x9a, 0xcc,
  0xcc, 0xcc, 0xcc, 0xc8, 0x86, 0x88, 0x85, 0x55, 0x55, 0x55, 0x55, 0x55, 0x46, 0xee, 0x4e, 0xee,
  0xee, 0xec, 0xcc, 0xcc, 0xc8, 0x88, 0x54, 0x44, 0x44, 0x44, 0x33, 0x32, 0x11, 0x00, 0x00, 0x00,
  0x00, 0x00, 0x00, 0x00, 0x00, 0x00, 0x00, 0x00, 0x00, 0x02, 0x22, 0x22, 0x33, 0x33, 0x33, 0x34,
  0x44, 0x44, 0x44, 0x44, 0x44, 0x44, 0x55, 0x45, 0x4e, 0xee, 0x4e, 0xec, 0xcc, 0xcc, 0xcc, 0x87,
  0x66, 0x66, 0x88, 0xcc, 0xcc, 0xcb, 0xbb, 0xbb, 0xbb, 0xbb, 0xcc, 0xc8, 0x75, 0x55, 0x44, 0x4d,
  0xff, 0xff, 0xff, 0xff, 0xff, 0xfa, 0x55, 0x55, 0x55, 0x56, 0x77, 0x99, 0x78, 0x88, 0x88, 0x88,
  0x88, 0x77, 0x88, 0x56, 0x9a, 0xa9, 0x88, 0x89, 0xac, 0xcc, 0xcc, 0xcb, 0xbb, 0xbb, 0xbc, 0xcc,
  0xcb, 0xbb, 0xbb, 0xcb, 0xbb, 0xbb, 0xbb, 0xcc, 0xc9, 0xcc, 0xcc, 0xbb, 0xbe, 0xec, 0x9b, 0xbb,
  0xbb, 0xbe, 0xeb, 0xbb, 0xbb, 0xcc, 0xcb, 0xbb, 0xbc, 0xbb, 0xbb, 0xbb, 0xca, 0xac, 0xa9, 0x99,
  0xac, 0xca, 0x99, 0x87, 0x66, 0x78, 0x9a, 0x69, 0x69, 0x68, 0x88, 0x88, 0x66, 0x86, 0x66, 0x77,
  0x88, 0xca, 0x99, 0x99, 0xaa, 0xc9, 0xcb, 0xbb, 0xbb, 0xcb, 0xbb, 0xca, 0xec, 0xcc, 0xcc, 0xcc,
  0xca, 0x9a, 0x9a, 0xcc, 0x7c, 0xcc, 0xcc, 0xc8, 0x87, 0x67, 0x85, 0x55, 0x55, 0x55, 0x55, 0x55,
  0x45, 0xe4, 0xee, 0xe8, 0xee, 0xec, 0xcc, 0xcc, 0xcc, 0x88, 0x55, 0x54, 0x44, 0x43, 0x33, 0x32,
  0x21, 0x00, 0x00, 0x00, 0x00, 0x00, 0x00, 0x00, 0x00, 0x00, 0x00, 0x00, 0x00, 0x01, 0x22, 0x22,
  0x32, 0x33, 0x33, 0x34, 0x44, 0x44, 0x44, 0x44, 0x55, 0x55, 0x55, 0x55, 0x46, 0xee, 0xde, 0xe6,
  0xac, 0xcc, 0xcc, 0xc8, 0x65, 0x68, 0x78, 0xcc, 0xcc, 0xce, 0xeb, 0xbb, 0xbb, 0xbb, 0xcc, 0xc7,
  0x74, 0x44, 0x44, 0x4f, 0xff, 0xff, 0xff, 0xff, 0xff, 0xfa, 0x55, 0x55, 0x55, 0x56, 0x77, 0x99,
  0x78, 0x88, 0x88, 0x87, 0x76, 0x78, 0x85, 0x66, 0x56, 0x69, 0x88, 0x99, 0x99, 0xac, 0xcc, 0xcb,
  0xbb, 0xbb, 0xbb, 0xbb, 0xbb, 0xba, 0xee, 0xbb, 0xbb, 0xbb, 0xbb, 0xbb, 0xba, 0xcc, 0xcc, 0xbb,
  0xbe, 0xb8, 0x9b, 0xbb, 0xbb, 0xba, 0xbb, 0xbb, 0xbb, 0xaa, 0xeb, 0xbb, 0xbb, 0xbb, 0xeb, 0xbb,
  0xca, 0xaa, 0xa9, 0x99, 0x66, 0x66, 0x99, 0x87, 0x66, 0x78, 0x9c, 0x9a, 0x69, 0x68, 0x87, 0x66,
  0x66, 0x66, 0x66, 0x67, 0x78, 0x99, 0x99, 0x99, 0xaa, 0xea, 0xab, 0xbb, 0xbb, 0xbb, 0xbb, 0xba,
  0xec, 0xcc, 0xcc, 0xcc, 0xc9, 0x99, 0x96, 0x66, 0x69, 0x99, 0xcc, 0xc8, 0x88, 0x66, 0x75, 0x55,
  0x55, 0x55, 0x55, 0x55, 0x5e, 0xe3, 0xee, 0xeb, 0xee, 0xec, 0x99, 0xca, 0x66, 0x77, 0x55, 0x54,
  0x44, 0x33, 0x33, 0x31, 0x11, 0x00, 0x00, 0x00, 0x00, 0x00, 0x00, 0x00, 0x00, 0x00, 0x00, 0x00,
  0x00, 0x01, 0x12, 0x22, 0x22, 0x23, 0x33, 0x33, 0x44, 0x44, 0x44, 0x44, 0x55, 0x55, 0x55, 0x55,
  0x54, 0xee, 0xe6, 0xe8, 0x9c, 0xcc, 0xcc, 0xc8, 0x65, 0x58, 0x87, 0x88, 0xcc, 0xcb, 0xbb, 0xbb,
  0xbb, 0xbb, 0xea, 0xc7, 0x65, 0x44, 0x44, 0x4f, 0xff, 0xff, 0xff, 0xff, 0xff, 0xfd, 0xa5, 0x55,
  0x44, 0x46, 0x68, 0x7c, 0xcc, 0x88, 0x88, 0x88, 0x65, 0x66, 0x55, 0x66, 0x56, 0x99, 0x66, 0x98,
  0x88, 0x9c, 0xcc, 0xcb, 0xbb, 0xbb, 0xbb, 0xbb, 0xcc, 0xcc, 0xaa, 0xcc, 0xbb, 0xbb, 0xbb, 0xbb,
  0xbc, 0xcc, 0xcc, 0xbb, 0xbb, 0xbb, 0xbb, 0xbb, 0xbb, 0xcc, 0xe9, 0xcc, 0xa9, 0x99, 0xec, 0xcc,
  0xcc, 0xcc, 0xac, 0xcc, 0xcc, 0xc9, 0x99, 0x99, 0x99, 0xaa, 0x99, 0x88, 0x88, 0x88, 0x9c, 0xcc,
  0x99, 0x99, 0x66, 0x55, 0x55, 0x55, 0x55, 0x56, 0x68, 0x88, 0x88, 0x88, 0x99, 0xec, 0x9a, 0xbb,
  0xbb, 0xbb, 0xbb, 0xbb, 0x9c, 0xcc, 0xcc, 0xcc, 0xc8, 0x88, 0x86, 0x68, 0x88, 0x88, 0x8c, 0xc8,
  0x88, 0x66, 0x64, 0x44, 0x55, 0x55, 0x55, 0x55, 0xee, 0xd4, 0xee, 0x9e, 0xee, 0xcc, 0xcc, 0xcc,
  0xc8, 0x66, 0x54, 0x44, 0x44, 0x33, 0x33, 0x20, 0x00, 0x00, 0x00, 0x00, 0x00, 0x00, 0x00, 0x00,
  0x00, 0x00, 0x00, 0x00, 0x00, 0x01, 0x11, 0x22, 0x22, 0x22, 0x33, 0x33, 0x34, 0x44, 0x44, 0x44,
  0x44, 0x45, 0x55, 0x55, 0x55, 0x4e, 0xe4, 0xee, 0x9c, 0xcc, 0x88, 0x88, 0x55, 0x58, 0x88, 0x88,
  0xcc, 0xcb, 0xbb, 0xeb, 0xbb, 0xbb, 0xca, 0x97, 0x65, 0x44, 0x44, 0x3f, 0xff, 0xff, 0xff, 0xff,
  0xff, 0xfd, 0x55, 0x55, 0x44, 0x47, 0x87, 0x6c, 0xcc, 0xc8, 0x8c, 0x87, 0x65, 0x54, 0x55, 0x55,
  0x66, 0x66, 0x66, 0x98, 0x88, 0xcc, 0xcc, 0xcb, 0xbb, 0xbb, 0xbb, 0xe9, 0xcc, 0xcc, 0xca, 0x9c,
  0xbb, 0xbb, 0xbb, 0xbb, 0xbc, 0xcc, 0xcc, 0xbb, 0xbb, 0xbb, 0xbb, 0xbb, 0xbb, 0xcc, 0xcc, 0xcc,
  0xa9, 0xca, 0x9a, 0xca, 0x9c, 0xa9, 0x6a, 0xac, 0xca, 0x9c, 0xc6, 0x99, 0x99, 0xca, 0x99, 0x88,
  0x88, 0x88, 0x99, 0x99, 0x99, 0x99, 0x65, 0x55, 0x55, 0x55, 0x55, 0x56, 0x88, 0x88, 0x86, 0x78,
  0x6a, 0xcc, 0xcb, 0xbb, 0xbb, 0xbe, 0xee, 0xbb, 0xbc, 0xca, 0x99, 0x99, 0x98, 0x88, 0x67, 0x88,
  0x88, 0xc8, 0x8c, 0xcc, 0x88, 0x86, 0x64, 0x44, 0x55, 0x55, 0x55, 0x55, 0x6e, 0x4e, 0xee, 0x9b,
  0xbc, 0xcc, 0xcc, 0xcc, 0xc8, 0x88, 0x54, 0x44, 0x44, 0x33, 0x32, 0x21, 0x00, 0x00, 0x00, 0x00,
  0x00, 0x00, 0x00, 0x00, 0x00, 0x00, 0x00, 0x00, 0x00, 0x01, 0x11, 0x22, 0x22, 0x22, 0x33, 0x33,
  0x34, 0x44, 0x44, 0x44, 0x44, 0x55, 0x55, 0x55, 0x55, 0x5e, 0xe5, 0x7e, 0xba, 0xbc, 0x98, 0x88,
  0x66, 0x57, 0x78, 0x88, 0x8a, 0xcc, 0xbb, 0xbb, 0xbb, 0xbb, 0xca, 0xa7, 0x65, 0x44, 0x44, 0x3f,
  0xff, 0xff, 0xff, 0xff, 0xff, 0xf6, 0x65, 0x55, 0x44, 0x47, 0x88, 0x8c, 0x88, 0x88, 0x78, 0x87,
  0x66, 0x55, 0x54, 0x45, 0x54, 0x56, 0xa5, 0xe9, 0x99, 0xcc, 0xcc, 0xcb, 0xbb, 0xbb, 0xbb, 0xeb,
  0xca, 0xac, 0xca, 0x9b, 0xbb, 0xeb, 0xbb, 0xbb, 0xba, 0xcc, 0xcc, 0xaa, 0xaa, 0xaa, 0xbe, 0xeb,
  0xbb, 0xbb, 0xaa, 0xc9, 0x98, 0xca, 0x96, 0x6c, 0xac, 0xaa, 0xaa, 0xac, 0xbb, 0xba, 0xa6, 0xa9,
  0x99, 0xcb, 0xbb, 0x99, 0x99, 0x99, 0x99, 0x6a, 0xa7, 0xa8, 0x65, 0x55, 0x54, 0x55, 0x56, 0x67,
  0x86, 0x67, 0x89, 0x89, 0xca, 0xab, 0xbb, 0xbb, 0xbb, 0xbb, 0xce, 0xbb, 0xbc, 0xa9, 0x98, 0x99,
  0x98, 0x88, 0x65, 0x76, 0x77, 0x88, 0x8c, 0xcc, 0x88, 0x76, 0x75, 0x55, 0x55, 0x55, 0x55, 0x55,
  0xed, 0x3e, 0xe4, 0xbb, 0xbc, 0xee, 0xbe, 0xcc, 0xc6, 0x89, 0x54, 0x44, 0x43, 0x33, 0x32, 0x20,
  0x00, 0x00, 0x00, 0x00, 0x00, 0x00, 0x00, 0x00, 0x00, 0x00, 0x00, 0x00, 0x00, 0x00, 0x01, 0x22,
  0x22, 0x22, 0x33, 0x33, 0x34, 0x44, 0x45, 0x44, 0x44, 0x55, 0x55, 0x55, 0x55, 0x4e, 0xee, 0x4e,
  0xeb, 0xbc, 0xc9, 0x88, 0x66, 0x56, 0x78, 0x88, 0x89, 0xcc, 0xca, 0xbb, 0xbb, 0xbb, 0xc6, 0x68,
  0x65, 0x44, 0x44, 0xdf, 0xff, 0xff, 0xff, 0xff, 0xff, 0xd5, 0x65, 0x55, 0x44, 0x48, 0x88, 0x8c,
  0x88, 0x88, 0x68, 0x87, 0x64, 0x53, 0x33, 0x33, 0x32, 0x33, 0x34, 0x69, 0x99, 0xcc, 0xcc, 0xcb,
  0xbb, 0xbb, 0xbc, 0xcc, 0xca, 0xac, 0xce, 0xeb, 0xba, 0x9c, 0xcc, 0xcc, 0xc9, 0xcc, 0xcc, 0xa9,
  0x99, 0x99, 0xca, 0x9c, 0xcb, 0xbb, 0xa9, 0x68, 0x88, 0x66, 0x99, 0x6c, 0xcc, 0xcc, 0xce, 0xec,
  0xbb, 0xb9, 0x99, 0xc9, 0x99, 0xcb, 0xbb, 0x99, 0x99, 0x99, 0x99, 0x9a, 0x54, 0x54, 0x44, 0x44,
  0x45, 0x55, 0x56, 0x88, 0x86, 0x66, 0x89, 0x99, 0xca, 0x9b, 0xbb, 0xbb, 0xbb, 0xbb, 0xee, 0xcc,
  0xcc, 0x96, 0x68, 0x99, 0x98, 0x88, 0x56, 0x46, 0x77, 0x8c, 0xcc, 0xcc, 0x88, 0x7a, 0x78, 0x66,
  0x55, 0x55, 0x55, 0x55, 0xd4, 0x7e, 0xed, 0xbb, 0xbc, 0xee, 0xbe, 0xcc, 0xc6, 0xc6, 0x44, 0x44,
  0x43, 0x33, 0x32, 0x20, 0x00, 0x00, 0x00, 0x00, 0x00, 0x00, 0x00, 0x00, 0x00, 0x00, 0x00, 0x00,
  0x00, 0x00, 0x00, 0x22, 0x22, 0x22, 0x33, 0x33, 0x34, 0x44, 0x44, 0x54, 0x55, 0x55, 0x55, 0x66,
  0x55, 0x68, 0xee, 0x4e, 0xee, 0xcc, 0xc9, 0x88, 0x66, 0x56, 0x78, 0x87, 0x89, 0x96, 0xac, 0xbb,
  0xbb, 0xbc, 0xcc, 0xc7, 0x65, 0x44, 0x44, 0xff, 0xff, 0xff, 0xff, 0xff, 0xff, 0xd6, 0x95, 0x55,
  0x44, 0x77, 0x8c, 0xcc, 0x88, 0xcc, 0x8c, 0x88, 0x86, 0xdf, 0xff, 0xff, 0xff, 0xff, 0xfd, 0xa9,
  0x99, 0x99, 0xac, 0xcb, 0xbb, 0xbb, 0xbc, 0xcc, 0xca, 0x99, 0xcb, 0xb9, 0x9a, 0xc6, 0xcc, 0xcc,
  0xcc, 0x99, 0x9c, 0xa9, 0x99, 0xa6, 0x99, 0x9c, 0xcb, 0xbb, 0xbc, 0xc8, 0x88, 0x6a, 0x99, 0xac,
  0xcc, 0xcc, 0xcc, 0xcc, 0xbb, 0xb9, 0xac, 0xcc, 0xa9, 0x9b, 0xb9, 0x99, 0x99, 0x99, 0x99, 0x96,
  0x43, 0x33, 0x33, 0x33, 0x34, 0x46, 0x68, 0x88, 0x88, 0x66, 0x89, 0xac, 0xca, 0x9b, 0xbb, 0xbb,
  0xbb, 0xbb, 0xbb, 0xca, 0x99, 0x99, 0x88, 0x99, 0x96, 0x66, 0x56, 0x68, 0x68, 0x88, 0x88, 0xcc,
  0xcc, 0x7a, 0x78, 0x87, 0x55, 0x55, 0x56, 0x4e, 0xe4, 0xee, 0xec, 0xec, 0xbc, 0xcb, 0xbb, 0x9e,
  0x66, 0x96, 0x44, 0x44, 0x43, 0x33, 0x32, 0x20, 0x00, 0x00, 0x00, 0x00, 0x00, 0x00, 0x00, 0x00,
  0x00, 0x00, 0x00, 0x00, 0x00, 0x00, 0x00, 0x00, 0x02, 0x22, 0x23, 0x33, 0x33, 0x44, 0x44, 0x54,
  0x55, 0x55, 0x55, 0x86, 0x66, 0x65, 0xde, 0xe4, 0xee, 0x8c, 0xc8, 0x88, 0x66, 0x58, 0x56, 0x88,
  0x89, 0x9a, 0xc9, 0x9b, 0xec, 0xcb, 0xcc, 0xc8, 0x65, 0x44, 0x44, 0xff, 0xff, 0xff, 0xff, 0xff,
  0xff, 0x36, 0x96, 0x67, 0x57, 0x76, 0x88, 0x78, 0x88, 0x88, 0xcc, 0x87, 0x65, 0xff, 0xff, 0xff,
  0xff, 0xff, 0xf3, 0xa9, 0x6c, 0x88, 0x9c, 0xcc, 0xcc, 0xcc, 0xcb, 0xbb, 0xa9, 0x99, 0xca, 0x99,
  0x88, 0x88, 0x88, 0x99, 0xac, 0xec, 0x99, 0x99, 0x98, 0x88, 0x99, 0xec, 0xcc, 0xc6, 0xcc, 0xc8,
  0x86, 0x56, 0x56, 0x89, 0xcc, 0xcc, 0xcb, 0xbb, 0xca, 0x9c, 0xcc, 0x96, 0xcc, 0xa9, 0x99, 0xaa,
  0x99, 0x99, 0x99, 0x63, 0xff, 0xff, 0xff, 0xff, 0xff, 0xd8, 0x78, 0x88, 0x88, 0x66, 0xac, 0xcc,
  0xcc, 0xce, 0xbe, 0xee, 0xbb, 0xbe, 0xbe, 0xee, 0xbc, 0x96, 0x68, 0x88, 0x86, 0x67, 0x55, 0x58,
  0x78, 0x86, 0x88, 0x87, 0x88, 0x78, 0x78, 0x87, 0x44, 0x55, 0x56, 0x4e, 0xb7, 0xee, 0x9b, 0xec,
  0xbb, 0xbb, 0xcc, 0x9a, 0x99, 0x95, 0x44, 0x44, 0x33, 0x33, 0x21, 0x20, 0x00, 0x00, 0x00, 0x00,
  0x00, 0x00, 0x00, 0x00, 0x00, 0x00, 0x00, 0x00, 0x00, 0x00, 0x00, 0x00, 0x02, 0x22, 0x23, 0x33,
  0x33, 0x44, 0x44, 0x54, 0x55, 0x55, 0x55, 0x66, 0x66, 0x66, 0x5e, 0xe4, 0xee, 0x9c, 0xcc, 0x68,
  0x66, 0x58, 0x55, 0x88, 0x89, 0x9a, 0xa9, 0x9b, 0xea, 0xaa, 0x88, 0x87, 0x65, 0x44, 0x44, 0xff,
  0xff, 0xff, 0xff, 0xff, 0xff, 0x49, 0x96, 0x78, 0x67, 0x8c, 0xc8, 0x78, 0x88, 0x88, 0xcc, 0x87,
  0x64, 0xff, 0xff, 0xff, 0xff, 0xff, 0xf3, 0xaa, 0xa6, 0x8c, 0xc6, 0xce, 0xec, 0xcc, 0xce, 0xbb,
  0xa9, 0x96, 0xaa, 0xa9, 0x88, 0x87, 0x78, 0x99, 0x96, 0x99, 0xaa, 0x99, 0x98, 0x88, 0xa9, 0xea,
  0xcc, 0xc6, 0x97, 0x65, 0x66, 0x56, 0x68, 0x78, 0xac, 0xca, 0xcb, 0xbb, 0xca, 0xac, 0x96, 0x96,
  0xcc, 0xa9, 0xa9, 0xaa, 0x99, 0x99, 0x99, 0xa2, 0xff, 0xff, 0xff, 0xff, 0xff, 0xd8, 0xa7, 0x88,
  0x88, 0xcc, 0xcc, 0xcc, 0xcc, 0xce, 0xbe, 0xeb, 0xeb, 0xbe, 0xbe, 0xee, 0xbc, 0xa9, 0x86, 0x77,
  0x86, 0x77, 0x55, 0x57, 0x78, 0x88, 0x78, 0x88, 0x77, 0x88, 0x87, 0x87, 0x44, 0x55, 0x55, 0x5e,
  0x4e, 0xee, 0xbb, 0xee, 0xee, 0xbb, 0xcc, 0x99, 0x99, 0x65, 0x44, 0x44, 0x33, 0x33, 0x21, 0x20,
  0x00, 0x00, 0x00, 0x00, 0x00, 0x00, 0x00, 0x00, 0x00, 0x00, 0x00, 0x00, 0x00, 0x00, 0x00, 0x00,
  0x02, 0x22, 0x23, 0x33, 0x33, 0x44, 0x44, 0x44, 0x44, 0x55, 0x55, 0x56, 0x76, 0x66, 0x5e, 0xe6,
  0x5e, 0x9c, 0xc9, 0x8c, 0x65, 0x55, 0x55, 0x88, 0x89, 0x99, 0x9e, 0xeb, 0xb9, 0x99, 0x88, 0x76,
  0x65, 0x44, 0x54, 0xff, 0xff, 0xff, 0xff, 0xff, 0xff, 0x49, 0x96, 0x88, 0x88, 0xcc, 0xc8, 0x87,
  0x88, 0x86, 0x8c, 0xc8, 0x83, 0xff, 0xff, 0xff, 0xff, 0xff, 0xfa, 0x6c, 0xcc, 0x7c, 0x89, 0xca,
  0xac, 0xcc, 0xce, 0x99, 0x69, 0x66, 0x96, 0xa9, 0x88, 0x88, 0x88, 0x99, 0x99, 0x99, 0xec, 0xa9,
  0x98, 0x88, 0xca, 0x69, 0xcc, 0xcc, 0x86, 0x85, 0x55, 0x55, 0x58, 0x66, 0xac, 0xa9, 0xcb, 0xbb,
  0xca, 0x6c, 0xcc, 0x9c, 0xcc, 0xcc, 0xc9, 0x99, 0x99, 0x99, 0x99, 0xad, 0xff, 0xff, 0xff, 0xff,
  0xff, 0x35, 0x96, 0x88, 0x88, 0xcc, 0xcc, 0xcc, 0xcc, 0xcb, 0xbe, 0xee, 0xee, 0xbe, 0xee, 0xbb,
  0xbc, 0xc9, 0x88, 0x66, 0x88, 0x76, 0x55, 0x56, 0x78, 0x88, 0x8c, 0x88, 0x76, 0x88, 0x87, 0x87,
  0x74, 0x55, 0x54, 0xee, 0x5e, 0xea, 0xbe, 0xee, 0xee, 0xbb, 0xcc, 0x99, 0x95, 0x64, 0x44, 0x43,
  0x33, 0x33, 0x22, 0x20, 0x00, 0x00, 0x00, 0x00, 0x00, 0x00, 0x00, 0x00, 0x00, 0x00, 0x00, 0x00,
  0x00, 0x01, 0x11, 0x00, 0x01, 0x22, 0x22, 0x33, 0x33, 0x34, 0x44, 0x44, 0x54, 0x44, 0x55, 0x56,
  0x66, 0x56, 0x6e, 0xee, 0x4e, 0xe6, 0xcc, 0xcc, 0x87, 0x65, 0x66, 0x88, 0x88, 0x89, 0xce, 0xa9,
  0x98, 0x76, 0x88, 0x86, 0x55, 0x54, 0x4d, 0xff, 0xff, 0xff, 0xff, 0xff, 0xff, 0xa8, 0x87, 0x6c,
  0xcc, 0xcc, 0x88, 0x88, 0x88, 0xcc, 0xcc, 0x86, 0x63, 0xff, 0xff, 0xff, 0xff, 0xff, 0xfe, 0xbc,
  0xcc, 0x9e, 0xac, 0xc9, 0x88, 0x77, 0x88, 0x88, 0x67, 0x76, 0x88, 0xaa, 0x77, 0x65, 0x66, 0x58,
  0x89, 0xc6, 0x9e, 0xec, 0x99, 0x99, 0x88, 0x88, 0x66, 0x88, 0x65, 0x55, 0x55, 0x66, 0x55, 0x5c,
  0xc8, 0x9c, 0xcc, 0xcc, 0xca, 0x9c, 0xe6, 0x99, 0x9a, 0xa9, 0xcc, 0xc6, 0x99, 0x99, 0x88, 0x5f,
  0xff, 0xff, 0xff, 0xff, 0xff, 0x49, 0x68, 0x89, 0xc6, 0xcc, 0xcc, 0xcc, 0xcc, 0xcb, 0xbe, 0xeb,
  0xee, 0xee, 0xee, 0xcc, 0xcc, 0xc9, 0x88, 0x88, 0x88, 0x88, 0x55, 0x56, 0x66, 0x88, 0x88, 0x86,
  0x68, 0x88, 0x88, 0x88, 0x86, 0x65, 0x64, 0xee, 0x6e, 0xeb, 0xee, 0xee, 0xeb, 0xbe, 0xec, 0x99,
  0x9c, 0x65, 0x44, 0x44, 0x33, 0x32, 0x22, 0x20, 0x00, 0x00, 0x00, 0x00, 0x00, 0x00, 0x00, 0x00,
  0x00, 0x00, 0x00, 0x00, 0x00, 0x01, 0x11, 0x10, 0x01, 0x22, 0x22, 0x23, 0x33, 0x34, 0x44, 0x44,
  0x44, 0x44, 0x45, 0x56, 0x66, 0x55, 0x65, 0xee, 0xc4, 0xee, 0xcb, 0xcc, 0x87, 0x76, 0x66, 0x66,
  0x78, 0x89, 0x9a, 0xaa, 0xa8, 0x8c, 0x68, 0x76, 0x55, 0x54, 0x4d, 0xff, 0xff, 0xff, 0xff, 0xff,
  0xf3, 0x68, 0x67, 0x88, 0x88, 0xcc, 0x66, 0x78, 0x88, 0xc8, 0x8c, 0x86, 0x6d, 0xff, 0xff, 0xff,
  0xff, 0xff, 0xde, 0xec, 0xcc, 0xac, 0x9a, 0xa9, 0x87, 0x77, 0x78, 0x87, 0x77, 0x66, 0x88, 0xa6,
  0x87, 0x75, 0x56, 0x67, 0x79, 0xa6, 0x99, 0xaa, 0x99, 0x99, 0x77, 0x86, 0x66, 0x88, 0x65, 0x65,
  0x55, 0x65, 0x55, 0x58, 0x88, 0x89, 0xcc, 0xca, 0xca, 0xac, 0xe7, 0x99, 0x9a, 0xac, 0xec, 0xa6,
  0x99, 0x99, 0x87, 0x4f, 0xff, 0xff, 0xff, 0xff, 0xff, 0x49, 0x68, 0x89, 0xaa, 0xcc, 0xcc, 0xcc,
  0xcc, 0xcb, 0xee, 0xeb, 0xee, 0xee, 0xee, 0xcc, 0xcc, 0xc9, 0x88, 0x88, 0x88, 0x88, 0x66, 0x56,
  0x66, 0x88, 0x88, 0x87, 0x76, 0x67, 0x88, 0x77, 0x86, 0x65, 0x5e, 0xe4, 0xee, 0xcb, 0xee, 0xee,
  0xeb, 0xbe, 0xec, 0xc9, 0x96, 0x55, 0x44, 0x33, 0x33, 0x32, 0x22, 0x10, 0x00, 0x00, 0x00, 0x00,
  0x00, 0x00, 0x00, 0x00, 0x00, 0x00, 0x00, 0x00, 0x00, 0x01, 0x12, 0x10, 0x01, 0x22, 0x22, 0x23,
  0x33, 0x33, 0x44, 0x44, 0x44, 0x44, 0x44, 0x55, 0x55, 0x55, 0x57, 0xbe, 0xe4, 0xee, 0xdb, 0xcc,
  0x88, 0x86, 0x66, 0x66, 0x68, 0x86, 0xac, 0xcc, 0xc8, 0x76, 0x67, 0x65, 0x55, 0x54, 0x4d, 0xff,
  0xff, 0xff, 0xff, 0xff, 0xf3, 0xe8, 0x66, 0x68, 0x88, 0xcc, 0x88, 0x66, 0x66, 0xc8, 0x8c, 0x88,
  0x8d, 0xff, 0xff, 0xff, 0xff, 0xff, 0x2a, 0xec, 0xcc, 0xc9, 0x99, 0x98, 0x86, 0x77, 0x66, 0x68,
  0x86, 0x66, 0x56, 0xa6, 0x86, 0x85, 0x55, 0x86, 0x69, 0x99, 0x99, 0x99, 0x99, 0x99, 0x88, 0x76,
  0x66, 0x88, 0x65, 0x65, 0x55, 0x55, 0x55, 0x46, 0x88, 0x66, 0xcc, 0xa9, 0xcc, 0xc9, 0xe8, 0x99,
  0x6a, 0xa9, 0xac, 0x99, 0x99, 0x99, 0x86, 0x4f, 0xff, 0xff, 0xff, 0xff, 0xff, 0x59, 0x68, 0x88,
  0x9c, 0xcc, 0xcc, 0xcc, 0xcc, 0xcb, 0xee, 0xeb, 0xbb, 0xbb, 0xbb, 0xcc, 0xcc, 0x66, 0x86, 0x78,
  0x88, 0x88, 0x66, 0x55, 0x66, 0x88, 0x88, 0x88, 0x76, 0x66, 0x68, 0x88, 0x88, 0x65, 0x6d, 0xbe,
  0xee, 0x8b, 0xbb, 0xbe, 0xeb, 0xbb, 0xcc, 0xe9, 0x96, 0x55, 0x44, 0x43, 0x33, 0x32, 0x22, 0x10,
  0x00, 0x00, 0x00, 0x00, 0x00, 0x00, 0x00, 0x00, 0x00, 0x00, 0x00, 0x00, 0x00, 0x00, 0x00, 0x00,
  0x01, 0x22, 0x22, 0x23, 0x33, 0x33, 0x44, 0x44, 0x44, 0x44, 0x44, 0x56, 0x55, 0x55, 0x56, 0x6e,
  0xe4, 0x4e, 0xee, 0xcc, 0xc8, 0x78, 0x66, 0x66, 0xca, 0x99, 0x99, 0xe8, 0xa9, 0x99, 0x55, 0x54,
  0x44, 0x44, 0x4d, 0xff, 0xff, 0xff, 0xff, 0xff, 0xf3, 0x46, 0x67, 0x77, 0x88, 0xc8, 0xcc, 0x66,
  0x88, 0x88, 0x88, 0x88, 0x8f, 0xff, 0xff, 0xff, 0xff, 0xff, 0xdc, 0xbc, 0x8c, 0xcc, 0x98, 0x88,
  0x88, 0x87, 0x68, 0x88, 0x55, 0x55, 0x55, 0x65, 0x66, 0x55, 0x55, 0x66, 0x68, 0x88, 0x88, 0x99,
  0x98, 0x76, 0x55, 0x55, 0x56, 0x88, 0x88, 0x86, 0x55, 0x56, 0x45, 0x55, 0x55, 0x66, 0x88, 0x8c,
  0x88, 0x88, 0x88, 0x78, 0x86, 0x68, 0x88, 0x88, 0x86, 0x65, 0x54, 0x4f, 0xff, 0xff, 0xff, 0xff,
  0xfd, 0x6c, 0xcc, 0x98, 0x88, 0xcc, 0xcc, 0xcc, 0xcc, 0xce, 0xee, 0xcc, 0xcc, 0xcc, 0x88, 0xc8,
  0x88, 0x66, 0x88, 0x65, 0x65, 0x55, 0x8a, 0x88, 0x88, 0x88, 0x86, 0x66, 0x68, 0x77, 0x88, 0x88,
  0x88, 0x86, 0xee, 0x7e, 0xe6, 0xab, 0xee, 0xee, 0xee, 0xbb, 0xcc, 0x96, 0x65, 0x54, 0x44, 0x33,
  0x33, 0x22, 0x22, 0x10, 0x00, 0x00, 0x00, 0x00, 0x00, 0x00, 0x00, 0x00, 0x00, 0x00, 0x00, 0x00,
  0x00, 0x00, 0x00, 0x00, 0x12, 0x11, 0x22, 0x23, 0x23, 0x33, 0x44, 0x44, 0x44, 0x44, 0x44, 0x45,
  0x55, 0x55, 0x55, 0x58, 0xee, 0x4e, 0xeb, 0xcc, 0xc8, 0x88, 0x77, 0x76, 0x66, 0x9a, 0xaa, 0xe8,
  0xaa, 0xa9, 0x55, 0x54, 0x44, 0x44, 0x4f, 0xff, 0xff, 0xff, 0xff, 0xff, 0xf5, 0x77, 0x77, 0x77,
  0x88, 0xc6, 0x66, 0x55, 0x66, 0x6c, 0xc8, 0x88, 0x8f, 0xff, 0xff, 0xff, 0xff, 0xff, 0xdb, 0xec,
  0x8c, 0xaa, 0x98, 0x87, 0x68, 0x87, 0x76, 0x78, 0x55, 0x55, 0x55, 0x56, 0x65, 0x55, 0x55, 0x55,
  0x68, 0x88, 0x88, 0x95, 0x98, 0x77, 0x55, 0x55, 0x66, 0x88, 0x88, 0x65, 0x55, 0x55, 0x55, 0x55,
  0x55, 0x67, 0x87, 0x66, 0x66, 0x68, 0x66, 0x68, 0x55, 0x56, 0x68, 0x88, 0x88, 0x55, 0x57, 0xdf,
  0xff, 0xff, 0xff, 0xff, 0xf3, 0x9a, 0xcc, 0xac, 0x88, 0x9a, 0x98, 0x8c, 0xcc, 0xce, 0xeb, 0xcc,
  0xc8, 0x88, 0x88, 0x87, 0x66, 0x66, 0x66, 0x66, 0x55, 0x55, 0x6e, 0x88, 0x88, 0x86, 0x87, 0x66,
  0x87, 0x88, 0x88, 0x88, 0x88, 0x97, 0xde, 0xee, 0xe6, 0x6b, 0xec, 0xbe, 0xee, 0xbb, 0x6c, 0x96,
  0x64, 0x44, 0x44, 0x33, 0x32, 0x22, 0x21, 0x10, 0x00, 0x00, 0x00, 0x00, 0x00, 0x00, 0x00, 0x00,
  0x00, 0x00, 0x00, 0x00, 0x00, 0x00, 0x00, 0x11, 0x12, 0x11, 0x22, 0x22, 0x23, 0x33, 0x33, 0x44,
  0x44, 0x44, 0x44, 0x45, 0x55, 0x55, 0x55, 0x54, 0xee, 0x44, 0xee, 0xac, 0xcc, 0xc8, 0x78, 0x86,
  0x69, 0x9a, 0xcc, 0xec, 0xec, 0xa9, 0x65, 0x54, 0x44, 0x44, 0x4f, 0xff, 0xff, 0xff, 0xff, 0xff,
  0xf5, 0x67, 0x87, 0x77, 0x75, 0x56, 0x56, 0x55, 0x66, 0x67, 0x8c, 0xc8, 0x6f, 0xff, 0xff, 0xff,
  0xff, 0xff, 0xcb, 0xe8, 0x88, 0x69, 0x87, 0x66, 0x67, 0x77, 0x76, 0x55, 0x55, 0x55, 0x55, 0x56,
  0x55, 0x55, 0x55, 0x55, 0x68, 0x76, 0x65, 0x59, 0x97, 0x78, 0x55, 0x55, 0x66, 0x86, 0x68, 0x65,
  0x55, 0x55, 0x55, 0x55, 0x55, 0x67, 0x66, 0x66, 0x66, 0x67, 0x66, 0x67, 0x55, 0x56, 0x67, 0x76,
  0x66, 0x55, 0x54, 0xdf, 0xff, 0xff, 0xff, 0xff, 0xfd, 0xae, 0xec, 0xcc, 0xc8, 0x99, 0x98, 0x76,
  0x69, 0xbb, 0xbb, 0xaa, 0x86, 0x76, 0x68, 0x76, 0x66, 0x66, 0x66, 0x66, 0x55, 0x55, 0x6a, 0x67,
  0x78, 0x88, 0x77, 0x68, 0x67, 0x88, 0x88, 0x88, 0x99, 0x8e, 0xe7, 0xee, 0xda, 0x6b, 0xeb, 0xbe,
  0xee, 0xbb, 0x6c, 0x96, 0x54, 0x44, 0x43, 0x33, 0x32, 0x22, 0x21, 0x10, 0x00, 0x00, 0x00, 0x00,
  0x00, 0x00, 0x00, 0x00, 0x00, 0x00, 0x00, 0x00, 0x00, 0x00, 0x01, 0x00, 0x01, 0x11, 0x22, 0x22,
  0x23, 0x33, 0x33, 0x34, 0x44, 0x44, 0x44, 0x45, 0x55, 0x55, 0x55, 0x55, 0x8e, 0xe3, 0xee, 0x59,
  0x99, 0x99, 0x7a, 0x9a, 0x98, 0x89, 0xcc, 0xcc, 0xcc, 0xa9, 0x66, 0x54, 0x44, 0x44, 0x3f, 0xff,
  0xff, 0xff, 0xff, 0xff, 0xf5, 0x66, 0x88, 0x76, 0x44, 0x45, 0x55, 0x55, 0x55, 0x56, 0x6c, 0xc8,
  0x7d, 0xdd, 0x33, 0x3d, 0xdd, 0xdd, 0xcc, 0xc8, 0x88, 0x87, 0x76, 0x88, 0x65, 0x55, 0x55, 0x54,
  0x44, 0x44, 0x45, 0x55, 0x55, 0x55, 0x55, 0x55, 0x56, 0x55, 0x55, 0x56, 0x65, 0x66, 0x55, 0x55,
  0x56, 0x65, 0x56, 0x55, 0x55, 0x55, 0x55, 0x55, 0x55, 0x55, 0x55, 0x55, 0x55, 0x55, 0x55, 0x55,
  0x55, 0x55, 0x55, 0x55, 0x55, 0x55, 0x45, 0xff, 0xff, 0xff, 0xff, 0xff, 0xfd, 0xbb, 0xec, 0xca,
  0xa9, 0xc6, 0x87, 0x88, 0x77, 0x89, 0x99, 0x99, 0x87, 0x65, 0x55, 0x55, 0x55, 0x55, 0x56, 0x55,
  0x55, 0x66, 0x86, 0x66, 0x78, 0x88, 0x76, 0x88, 0x88, 0x88, 0xcc, 0xcc, 0xbb, 0xbd, 0xaa, 0xee,
  0x6a, 0x96, 0xac, 0xbb, 0xba, 0x98, 0x87, 0x65, 0x44, 0x44, 0x33, 0x33, 0x32, 0x22, 0x10, 0x00,
  0x00, 0x00, 0x00, 0x00, 0x00, 0x00, 0x00, 0x00, 0x00, 0x00, 0x00, 0x00, 0x00, 0x00, 0x00, 0x00,
  0x02, 0x22, 0x22, 0x22, 0x22, 0x33, 0x33, 0x34, 0x44, 0x44, 0x44, 0x44, 0x45, 0x55, 0x55, 0x55,
  0x5b, 0xe4, 0x5d, 0xb5, 0x99, 0x99, 0x7a, 0x9a, 0xc8, 0x89, 0xcc, 0xce, 0xac, 0xa9, 0x55, 0x54,
  0x44, 0x44, 0x3f, 0xff, 0xff, 0xff, 0xff, 0xff, 0xf6, 0xe8, 0x88, 0x76, 0x44, 0x45, 0x55, 0x55,
  0x55, 0x56, 0x67, 0x88, 0x67, 0x7a, 0x77, 0x7b, 0xbe, 0xbb, 0xcc, 0x86, 0x66, 0x88, 0x76, 0x66,
  0x55, 0x55, 0x45, 0x54, 0x44, 0x44, 0x65, 0x44, 0x55, 0x65, 0x55, 0x55, 0x55, 0x55, 0x55, 0x55,
  0x55, 0x55, 0x55, 0x55, 0x56, 0x56, 0x54, 0x45, 0x55, 0x45, 0x66, 0x55, 0x55, 0x55, 0x55, 0x54,
  0x45, 0x54, 0x55, 0x56, 0x65, 0x55, 0x54, 0x55, 0x55, 0x55, 0x44, 0xff, 0xff, 0xff, 0xff, 0xff,
  0xfd, 0xee, 0xec, 0xca, 0x99, 0x66, 0x66, 0x66, 0x67, 0x89, 0x99, 0x99, 0x85, 0x65, 0x55, 0x55,
  0x54, 0x55, 0x54, 0x44, 0x55, 0x66, 0x88, 0x86, 0x66, 0x88, 0x76, 0x78, 0x88, 0x88, 0x8c, 0xcc,
  0xe9, 0xde, 0x5e, 0xea, 0x9a, 0xcc, 0xcc, 0xbb, 0xb9, 0xa6, 0x86, 0x54, 0x44, 0x44, 0x33, 0x33,
  0x32, 0x22, 0x10, 0x00, 0x00, 0x00, 0x00, 0x00, 0x00, 0x00, 0x00, 0x00, 0x00, 0x00, 0x00, 0x00,
  0x00, 0x00, 0x00, 0x00, 0x01, 0x22, 0x22, 0x22, 0x22, 0x33, 0x33, 0x33, 0x33, 0x44, 0x44, 0x44,
  0x45, 0x55, 0x55, 0x55, 0x55, 0xec, 0x48, 0xe6, 0x99, 0x99, 0x7a, 0xbb, 0xb9, 0x9b, 0xcc, 0xcc,
  0xa9, 0x98, 0x55, 0x54, 0x44, 0x44, 0x3f, 0xff, 0xff, 0xff, 0xff, 0xff, 0xd9, 0xa9, 0x75, 0x55,
  0x55, 0x55, 0x55, 0x56, 0x65, 0x55, 0x54, 0x55, 0x56, 0x58, 0x99, 0xcc, 0xcc, 0xc8, 0x88, 0x65,
  0x55, 0x66, 0x66, 0x65, 0x55, 0x55, 0x4a, 0x54, 0x44, 0x44, 0x55, 0x44, 0x44, 0x45, 0x55, 0x55,
  0x55, 0x55, 0x65, 0x55, 0x55, 0x55, 0x66, 0x66, 0x55, 0x54, 0x44, 0x44, 0x44, 0x66, 0x66, 0x66,
  0x55, 0x55, 0x55, 0x44, 0x44, 0x44, 0x55, 0x55, 0x54, 0x54, 0x44, 0x45, 0x45, 0x55, 0x55, 0xff,
  0xff, 0xff, 0xff, 0xff, 0xfe, 0xee, 0xec, 0xc9, 0x88, 0x66, 0x66, 0x66, 0x66, 0x68, 0x66, 0x66,
  0x55, 0x75, 0x55, 0x44, 0x44, 0x44, 0x44, 0x44, 0x55, 0x55, 0x66, 0x66, 0x66, 0x88, 0x77, 0x68,
  0x88, 0x76, 0x8c, 0xcc, 0xc8, 0xed, 0xce, 0xbd, 0x9a, 0xac, 0xcc, 0xbb, 0xb9, 0x66, 0x86, 0x54,
  0x43, 0x33, 0x33, 0x32, 0x22, 0x21, 0x10, 0x00, 0x00, 0x00, 0x00, 0x00, 0x00, 0x00, 0x00, 0x00,
  0x00, 0x00, 0x00, 0x00, 0x00, 0x00, 0x00, 0x00, 0x01, 0x22, 0x22, 0x22, 0x22, 0x32, 0x33, 0x33,
  0x33, 0x34, 0x44, 0x44, 0x45, 0x55, 0x55, 0x55, 0x55, 0xce, 0xe5, 0x59, 0x99, 0x99, 0xac, 0xb9,
  0x9b, 0xbb, 0xcc, 0xca, 0x98, 0x88, 0x55, 0x54, 0x44, 0x44, 0xdf, 0xff, 0xff, 0xff, 0xff, 0xff,
  0xda, 0xac, 0x74, 0x44, 0x55, 0x54, 0x44, 0x44, 0x55, 0x54, 0x44, 0x44, 0x46, 0x78, 0xcc, 0xcc,
  0xc8, 0x8c, 0x65, 0x54, 0x44, 0x55, 0x55, 0x55, 0x55, 0x55, 0x43, 0x44, 0xaa, 0xa4, 0x44, 0x44,
  0x44, 0x44, 0x55, 0x45, 0x55, 0x55, 0x45, 0x55, 0x55, 0x55, 0x65, 0x55, 0x55, 0x55, 0x44, 0x44,
  0x44, 0x55, 0x56, 0x66, 0x55, 0x55, 0x54, 0x44, 0x44, 0x44, 0x44, 0x43, 0x33, 0x35, 0x54, 0x45,
  0x45, 0x55, 0x4e, 0xff, 0xff, 0xff, 0xff, 0xff, 0xfe, 0xee, 0xec, 0xc9, 0x88, 0x65, 0x55, 0x55,
  0x44, 0x44, 0x34, 0x45, 0x44, 0x54, 0x44, 0x44, 0x44, 0x44, 0x44, 0x55, 0x45, 0x55, 0x66, 0x66,
  0x66, 0x88, 0x88, 0x66, 0x68, 0x86, 0x8c, 0xcc, 0xc7, 0x5c, 0xee, 0x69, 0x99, 0x9c, 0xcc, 0xcc,
  0xa9, 0x65, 0x44, 0x44, 0x43, 0x33, 0x33, 0x32, 0x11, 0x21, 0x00, 0x00, 0x00, 0x00, 0x00, 0x00,
  0x00, 0x00, 0x00, 0x00, 0x00, 0x00, 0x00, 0x00, 0x00, 0x00, 0x00, 0x00, 0x01, 0x11, 0x22, 0x22,
  0x22, 0x22, 0x33, 0x33, 0x33, 0x34, 0x44, 0x44, 0x45, 0x55, 0x55, 0x55, 0x55, 0x5e, 0x58, 0x99,
  0x96, 0xa9, 0x99, 0xbb, 0xbb, 0xbb, 0xcc, 0xca, 0x98, 0x67, 0x55, 0x54, 0x44, 0x44, 0xff, 0xff,
  0xff, 0xff, 0xff, 0xff, 0xd7, 0xa9, 0x44, 0x44, 0x55, 0x54, 0x44, 0x44, 0x44, 0x44, 0x44, 0x44,
  0x44, 0x55, 0x88, 0x88, 0x88, 0x88, 0x55, 0x44, 0x44, 0x55, 0x54, 0x44, 0x44, 0x44, 0x44, 0x3d,
  0xdd, 0xff, 0xfd, 0x34, 0x44, 0x44, 0x44, 0x45, 0x54, 0x55, 0x45, 0x55, 0x54, 0x44, 0x44, 0x45,
  0x55, 0x55, 0x44, 0x44, 0x44, 0x55, 0x55, 0x66, 0x55, 0x54, 0x44, 0x44, 0x44, 0x44, 0x44, 0x33,
  0xdd, 0xff, 0xdd, 0x34, 0x44, 0x44, 0x5e, 0xff, 0xff, 0xff, 0xff, 0xff, 0xf8, 0xee, 0xea, 0xc9,
  0x86, 0x55, 0x54, 0x44, 0x44, 0x33, 0x3d, 0xdd, 0xd3, 0x34, 0x44, 0x44, 0x44, 0x44, 0x44, 0x44,
  0x44, 0x45, 0x66, 0x98, 0x66, 0x68, 0x86, 0x67, 0x77, 0x88, 0x8e, 0xcc, 0x8c, 0x8e, 0xee, 0xa6,
  0x9a, 0xcc, 0xcc, 0x99, 0x99, 0x65, 0x44, 0x44, 0x43, 0x33, 0x32, 0x22, 0x22, 0x21, 0x00, 0x00,
  0x00, 0x00, 0x00, 0x00, 0x00, 0x00, 0x00, 0x00, 0x00, 0x00, 0x00, 0x00, 0x00, 0x00, 0x00, 0x00,
  0x10, 0x01, 0x12, 0x22, 0x22, 0x23, 0x33, 0x33, 0x33, 0x44, 0x44, 0x44, 0x45, 0x55, 0x55, 0x55,
  0x55, 0x54, 0x48, 0x99, 0xaa, 0x9b, 0xb9, 0xbb, 0xbb, 0xbb, 0xcc, 0x88, 0x88, 0x66, 0x55, 0x54,
  0x44, 0x34, 0xff, 0xff, 0xff, 0xff, 0xff, 0xff, 0xaa, 0x66, 0x54, 0x44, 0x44, 0x46, 0x44, 0x44,
  0x44, 0x44, 0x44, 0x44, 0x44, 0x45, 0x55, 0x65, 0xad, 0xa8, 0x65, 0x44, 0x44, 0x44, 0x44, 0x55,
  0x54, 0x33, 0x3f, 0xff, 0xff, 0xff, 0xff, 0xff, 0xf2, 0x46, 0x54, 0x45, 0x54, 0x55, 0x55, 0x55,
  0x54, 0x42, 0x22, 0x22, 0x22, 0x22, 0x22, 0x22, 0x33, 0x23, 0x34, 0xa5, 0x55, 0x54, 0x44, 0x44,
  0x44, 0x43, 0x3f, 0xff, 0xff, 0xff, 0xff, 0xff, 0xd3, 0x56, 0x55, 0xff, 0xff, 0xff, 0xff, 0xff,
  0xfb, 0xeb, 0xec, 0xc9, 0x87, 0x76, 0x55, 0x45, 0x32, 0xff, 0xff, 0xff, 0xff, 0xff, 0x33, 0x44,
  0x44, 0x32, 0x33, 0x33, 0x33, 0x33, 0x3a, 0x96, 0x66, 0x78, 0x86, 0x67, 0x78, 0x88, 0x8c, 0xcc,
  0xc9, 0x9e, 0xee, 0xe6, 0x9a, 0xcc, 0xcc, 0x99, 0x99, 0x65, 0x44, 0x44, 0x33, 0x33, 0x32, 0x22,
  0x22, 0x10, 0x00, 0x00, 0x00, 0x00, 0x00, 0x00, 0x00, 0x00, 0x00, 0x00, 0x00, 0x00, 0x00, 0x00,
  0x00, 0x00, 0x00, 0x00, 0x10, 0x00, 0x12, 0x22, 0x22, 0x23, 0x33, 0x33, 0x33, 0x44, 0x44, 0x44,
  0x44, 0x45, 0x55, 0x55, 0x55, 0x55, 0x56, 0x9a, 0xaa, 0xab, 0xbb, 0xcc, 0xbb, 0xb9, 0xc8, 0x88,
  0x88, 0x76, 0x55, 0x54, 0x44, 0x33, 0xff, 0xff, 0xff, 0xff, 0xff, 0xff, 0x6e, 0x65, 0x54, 0x44,
  0x44, 0x4d, 0xdd, 0xdd, 0xdd, 0xdd, 0xdd, 0xdd, 0xdd, 0xdd, 0xdd, 0xdd, 0xdd, 0xd3, 0x55, 0x44,
  0x44, 0x44, 0x44, 0x44, 0x44, 0xdf, 0xff, 0xff, 0xff, 0xff, 0xff, 0xff, 0xff, 0xfd, 0x34, 0x44,
  0x44, 0x55, 0x55, 0x55, 0x54, 0x3f, 0xff, 0xff, 0xff, 0xff, 0xff, 0xff, 0xff, 0xff, 0xfd, 0xea,
  0x55, 0x54, 0x44, 0x44, 0xd3, 0xdf, 0xff, 0xff, 0xff, 0xff, 0xff, 0xff, 0xff, 0xd3, 0x42, 0xff,
  0xff, 0xff, 0xff, 0xff, 0xd8, 0xbb, 0xbc, 0xc9, 0x87, 0x75, 0x43, 0x4d, 0xff, 0xff, 0xff, 0xff,
  0xff, 0xff, 0xff, 0xd3, 0x54, 0xdf, 0xff, 0xff, 0xff, 0xff, 0xf5, 0x45, 0x56, 0x77, 0x66, 0x57,
  0x78, 0x78, 0xc8, 0x8c, 0xce, 0xee, 0xee, 0xea, 0xaa, 0xcc, 0xcc, 0x99, 0x99, 0x65, 0x44, 0x44,
  0x33, 0x33, 0x32, 0x21, 0x11, 0x10, 0x00, 0x00, 0x00, 0x00, 0x00, 0x00, 0x00, 0x00, 0x00, 0x00,
  0x00, 0x00, 0x00, 0x00, 0x00, 0x00, 0x00, 0x00, 0x00, 0x00, 0x12, 0x22, 0x12, 0x23, 0x33, 0x33,
  0x33, 0x44, 0x44, 0x44, 0x44, 0x45, 0x55, 0x55, 0x66, 0x65, 0x56, 0x96, 0x9a, 0xab, 0xbb, 0xcc,
  0xbb, 0xb9, 0xc8, 0x88, 0x88, 0x76, 0x55, 0x54, 0x44, 0x34, 0xff, 0xff, 0xff, 0xff, 0xff, 0xff,
  0xaa, 0x55, 0x54, 0x44, 0x44, 0x4f, 0xff, 0xff, 0xff, 0xff, 0xff, 0xff, 0xff, 0xff, 0xff, 0xff,
  0xff, 0xf3, 0x44, 0x44, 0x44, 0x44, 0x44, 0x44, 0x3f, 0xff, 0xff, 0xff, 0xff, 0xff, 0xff, 0xff,
  0xff, 0xff, 0xfd, 0x44, 0x45, 0x55, 0x55, 0x55, 0x44, 0x3f, 0xff, 0xff, 0xff, 0xff, 0xff, 0xff,
  0xff, 0xff, 0xf3, 0x76, 0x55, 0x54, 0x44, 0x44, 0x4f, 0xff, 0xff, 0xff, 0xff, 0xff, 0xff, 0xff,
  0xff, 0xff, 0x3d, 0xff, 0xff, 0xff, 0xff, 0xff, 0xdb, 0xbb, 0xbc, 0x68, 0x86, 0x54, 0x4d, 0xff,
  0xff, 0xff, 0xff, 0xff, 0xff, 0xff, 0xff, 0xff, 0x32, 0xff, 0xff, 0xff, 0xff, 0xff, 0xf6, 0x65,
  0x55, 0x66, 0x65, 0x57, 0x78, 0x68, 0xc8, 0x8c, 0xca, 0xbb, 0xbb, 0xcc, 0xcc, 0xcc, 0xcc, 0x99,
  0x99, 0x65, 0x44, 0x44, 0x33, 0x33, 0x32, 0x22, 0x21, 0x00, 0x00, 0x00, 0x00, 0x00, 0x00, 0x00,
  0x00, 0x00, 0x00, 0x00, 0x00, 0x00, 0x00, 0x00, 0x00, 0x00, 0x00, 0x00, 0x00, 0x00, 0x02, 0x12,
  0x22, 0x22, 0x33, 0x33, 0x33, 0x34, 0x44, 0x44, 0x44, 0x45, 0x56, 0x65, 0x56, 0x6a, 0x99, 0x99,
  0x99, 0x9c, 0xcc, 0xbb, 0xbb, 0xb9, 0xc8, 0x88, 0x85, 0x55, 0x55, 0x54, 0x44, 0x3d, 0xff, 0xff,
  0xff, 0xff, 0xff, 0xfd, 0x65, 0x54, 0x44, 0x44, 0x44, 0x4f, 0xff, 0xff, 0xff, 0xff, 0xff, 0xff,
  0xff, 0xff, 0xff, 0xff, 0xff, 0xf3, 0x44, 0x44, 0x44, 0x44, 0x44, 0x3f, 0xff, 0xff, 0xff, 0xff,
  0xff, 0xff, 0xff, 0xff, 0xff, 0xff, 0xff, 0xd4, 0x44, 0x45, 0x54, 0x44, 0x44, 0xdf, 0xff, 0xff,
  0xff, 0xff, 0xff, 0xff, 0xff, 0xff, 0xf4, 0x98, 0x56, 0x44, 0x44, 0x43, 0xff, 0xff, 0xff, 0xff,
  0xff, 0xff, 0xff, 0xff, 0xff, 0xff, 0xff, 0xff, 0xff, 0xff, 0xff, 0xff, 0x4b, 0xc8, 0xcc, 0x86,
  0x56, 0x5d, 0xff, 0xff, 0xff, 0xff, 0xff, 0xff, 0xff, 0xff, 0xff, 0xff, 0xf2, 0xff, 0xff, 0xff,
  0xff, 0xff, 0x3d, 0x45, 0x55, 0x55, 0x66, 0x68, 0x76, 0x6c, 0xc8, 0x8c, 0x78, 0x88, 0xcc, 0xa9,
  0x9a, 0xc8, 0x8c, 0x99, 0x65, 0x55, 0x44, 0x44, 0x33, 0x33, 0x22, 0x10, 0x00, 0x00, 0x00, 0x00,
  0x00, 0x00, 0x00, 0x00, 0x00, 0x00, 0x00, 0x00, 0x00, 0x00, 0x00, 0x00, 0x00, 0x00, 0x00, 0x00,
  0x00, 0x00, 0x01, 0x22, 0x22, 0x22, 0x33, 0x33, 0x33, 0x34, 0x44, 0x45, 0x54, 0x55, 0x56, 0x65,
  0x66, 0x6c, 0x99, 0x99, 0x99, 0xac, 0xcc, 0xbb, 0xbb, 0xb9, 0x88, 0x88, 0x86, 0x66, 0x55, 0x55,
  0x44, 0x4d, 0xff, 0xff, 0xff, 0xff, 0xff, 0xf2, 0x65, 0x54, 0x44, 0x44, 0x44, 0x4f, 0xff, 0xff,
  0xff, 0xff, 0xff, 0xff, 0xff, 0xff, 0xff, 0xff, 0xff, 0xf4, 0x44, 0x44, 0x44, 0x44, 0x43, 0xff,
  0xff, 0xff, 0xff, 0xff, 0xff, 0xff, 0xff, 0xff, 0xff, 0xff, 0xff, 0xfd, 0x44, 0x45, 0x55, 0x44,
  0x44, 0xdf, 0xff, 0xff, 0xff, 0xff, 0xff, 0xff, 0xff, 0xff, 0xf5, 0xbb, 0x86, 0x44, 0x44, 0xdf,
  0xff, 0xff, 0xff, 0xff, 0xff, 0xff, 0xff, 0xff, 0xff, 0xff, 0xff, 0xff, 0xff, 0xff, 0xff, 0xff,
  0x5b, 0xc8, 0x88, 0x76, 0x45, 0xdf, 0xff, 0xff, 0xff, 0xff, 0xff, 0xff, 0xff, 0xff, 0xff, 0xff,
  0xff, 0xff, 0xff, 0xff, 0xff, 0xff, 0x35, 0x55, 0x55, 0x55, 0x66, 0x66, 0x76, 0x78, 0xc8, 0x88,
  0x88, 0x77, 0xcc, 0xa9, 0x96, 0x66, 0x78, 0x99, 0x65, 0x54, 0x44, 0x44, 0x33, 0x33, 0x22, 0x10,
  0x00, 0x00, 0x00, 0x00, 0x00, 0x00, 0x00, 0x00, 0x00, 0x00, 0x00, 0x00, 0x00, 0x00, 0x00, 0x00,
  0x00, 0x00, 0x00, 0x00, 0x00, 0x00, 0x01, 0x22, 0x22, 0x22, 0x33, 0x33, 0x33, 0x34, 0x44, 0x45,
  0x54, 0x55, 0x56, 0x65, 0x66, 0x6e, 0x99, 0x99, 0x9a, 0xcc, 0xcc, 0xbb, 0xbb, 0xb9, 0x68, 0x88,
  0x86, 0x66, 0x55, 0x55, 0x54, 0x4f, 0xff, 0xff, 0xff, 0xff, 0xff, 0xf3, 0x65, 0x54, 0x44, 0x44,
  0x44, 0x4f, 0xff, 0xff, 0xff, 0xff, 0xff, 0xff, 0xff, 0xff, 0xff, 0xff, 0xff, 0xf5, 0x44, 0x44,
  0x44, 0x44, 0x3f, 0xff, 0xff, 0xff, 0xff, 0xff, 0xff, 0xff, 0xff, 0xff, 0xff, 0xff, 0xff, 0xff,
  0x34, 0x44, 0x45, 0x44, 0x47, 0xff, 0xff, 0xff, 0xff, 0xff, 0xff, 0xff, 0xff, 0xff, 0xd6, 0xbb,
  0x86, 0x54, 0x4f, 0xff, 0xff, 0xff, 0xff, 0xff, 0xff, 0xff, 0xff, 0xff, 0xff, 0xff, 0xff, 0xff,
  0xff, 0xff, 0xff, 0xff, 0xeb, 0xc8, 0x88, 0x64, 0x4d, 0xff, 0xff, 0xff, 0xff, 0xff, 0xff, 0xff,
  0xff, 0xff, 0xff, 0xff, 0xff, 0xff, 0xff, 0xff, 0xff, 0xff, 0x35, 0x55, 0x55, 0x55, 0x55, 0x66,
  0x68, 0x88, 0xcc, 0x87, 0x88, 0x88, 0xcc, 0xc9, 0x99, 0x98, 0x76, 0x99, 0x65, 0x54, 0x44, 0x44,
  0x33, 0x33, 0x22, 0x10, 0x00, 0x00, 0x00, 0x00, 0x00, 0x00, 0x00, 0x00, 0x00, 0x00, 0x00, 0x00,
  0x00, 0x00, 0x00, 0x00, 0x00, 0x00, 0x00, 0x00, 0x02, 0x21, 0x00, 0x11, 0x22, 0x22, 0x33, 0x33,
  0x33, 0x44, 0x44, 0x44, 0x55, 0x55, 0x55, 0x55, 0x9c, 0xa9, 0x9a, 0xc9, 0xca, 0x9b, 0xbb, 0xbb,
  0xbe, 0xa9, 0x69, 0x88, 0x78, 0x76, 0x55, 0x55, 0x44, 0x4f, 0xff, 0xff, 0xff, 0xff, 0xff, 0xf4,
  0x86, 0x54, 0x44, 0x44, 0x44, 0x4f, 0xff, 0xff, 0xff, 0xff, 0xff, 0xff, 0xff, 0xff, 0xff, 0xff,
  0xff, 0x35, 0x44, 0x44, 0x44, 0x43, 0xff, 0xff, 0xff, 0xff, 0xff, 0xff, 0xff, 0xff, 0xff, 0xff,
  0xff, 0xff, 0xff, 0xff, 0xf4, 0x45, 0x44, 0x44, 0x44, 0xff, 0xff, 0xff, 0xff, 0xff, 0xff, 0xff,
  0xff, 0xff, 0x36, 0xce, 0xb7, 0x54, 0xff, 0xff, 0xff, 0xff, 0xff, 0xff, 0xff, 0xff, 0xff, 0xff,
  0xff, 0xff, 0xff, 0xff, 0xff, 0xff, 0xff, 0xff, 0xeb, 0xc8, 0x75, 0x46, 0xdf, 0xff, 0xff, 0xff,
  0xff, 0xff, 0xff, 0xff, 0xff, 0xff, 0xff, 0xff, 0xff, 0xff, 0xff, 0xff, 0xff, 0xff, 0x45, 0x65,
  0x55, 0x54, 0x88, 0x88, 0x8c, 0x88, 0x8a, 0xac, 0x8c, 0x88, 0x89, 0x96, 0x88, 0x88, 0x87, 0x56,
  0x44, 0x44, 0x44, 0x33, 0x33, 0x32, 0x22, 0x10, 0x00, 0x00, 0x00, 0x00, 0x00, 0x00, 0x00, 0x00,
  0x00, 0x00, 0x00, 0x00, 0x00, 0x00, 0x00, 0x00, 0x00, 0x00, 0x00, 0x00, 0x11, 0x11, 0x00, 0x11,
  0x22, 0x22, 0x33, 0x33, 0x33, 0x44, 0x44, 0x44, 0x45, 0x56, 0x66, 0x65, 0x9a, 0xa9, 0xae, 0xca,
  0xca, 0x9b, 0xbb, 0xbb, 0xbe, 0xa6, 0xa6, 0x86, 0x76, 0x88, 0x55, 0x55, 0x44, 0x4f, 0xff, 0xff,
  0xff, 0xff, 0xff, 0xfe, 0x87, 0x54, 0x44, 0x44, 0x44, 0x4f, 0xff, 0xff, 0xff, 0xff, 0xff, 0xff,
  0xff, 0xff, 0xff, 0xff, 0xff, 0x25, 0x55, 0x54, 0x44, 0x3f, 0xff, 0xff, 0xff, 0xff, 0xff, 0xff,
  0xff, 0xff, 0xff, 0xff, 0xff, 0xff, 0xff, 0xff, 0xff, 0x44, 0x44, 0x44, 0x44, 0xff, 0xff, 0xff,
  0xff, 0xff, 0xff, 0xff, 0xff, 0xff, 0xd6, 0xce, 0xb7, 0x4d, 0xff, 0xff, 0xff, 0xff, 0xff, 0xff,
  0xff, 0xff, 0xff, 0xff, 0xff, 0xff, 0xff, 0xff, 0xff, 0xff, 0xff, 0xfd, 0xee, 0xc8, 0x78, 0x5d,
  0xff, 0xff, 0xff, 0xff, 0xff, 0xff, 0xff, 0xff, 0xff, 0xff, 0xff, 0xff, 0xff, 0xff, 0xff, 0xff,
  0xff, 0xff, 0x45, 0x65, 0x55, 0x56, 0x66, 0x86, 0x8c, 0x88, 0x89, 0xa9, 0x78, 0x88, 0x89, 0xa9,
  0x88, 0x88, 0x87, 0x56, 0x54, 0x44, 0x44, 0x33, 0x33, 0x33, 0x21, 0x10, 0x00, 0x00, 0x00, 0x00,
  0x00, 0x00, 0x00, 0x00, 0x00, 0x00, 0x00, 0x00, 0x00, 0x00, 0x00, 0x00, 0x00, 0x00, 0x00, 0x00,
  0x11, 0x11, 0x00, 0x11, 0x22, 0x22, 0x33, 0x33, 0x33, 0x44, 0x44, 0x44, 0x44, 0x56, 0x66, 0x66,
  0x99, 0x99, 0xae, 0xcc, 0xca, 0x9b, 0xbb, 0xbb, 0xbe, 0xe6, 0x96, 0x86, 0x88, 0x66, 0x55, 0x55,
  0x44, 0x4f, 0xff, 0xff, 0xff, 0xff, 0xff, 0xfd, 0x88, 0x54, 0x44, 0x44, 0x44, 0x3f, 0xff, 0xff,
  0xff, 0xff, 0xff, 0xff, 0xff, 0xff, 0xff, 0xff, 0xff, 0x46, 0x55, 0x54, 0x44, 0xff, 0xff, 0xff,
  0xff, 0xff, 0xff, 0xff, 0xff, 0xff, 0xff, 0xff, 0xff, 0xff, 0xff, 0xff, 0xff, 0x34, 0x44, 0x44,
  0x44, 0xff, 0xff, 0xff, 0xff, 0xff, 0xff, 0xff, 0xff, 0xff, 0xd9, 0xcb, 0xe4, 0xdf, 0xff, 0xff,
  0xff, 0xff, 0xff, 0xff, 0xff, 0xff, 0xff, 0xff, 0xff, 0xff, 0xff, 0xff, 0xff, 0xff, 0xff, 0xf3,
  0x78, 0x87, 0x79, 0x3f, 0xff, 0xff, 0xff, 0xff, 0xff, 0xff, 0xff, 0xff, 0xff, 0xff, 0xff, 0xff,
  0xff, 0xff, 0xff, 0xff, 0xff, 0xff, 0x55, 0x65, 0x55, 0x56, 0x8c, 0x77, 0xcc, 0xcc, 0xc9, 0x99,
  0x88, 0x8c, 0x89, 0xa9, 0x88, 0x88, 0x77, 0x55, 0x44, 0x44, 0x43, 0x33, 0x33, 0x33, 0x21, 0x10,
  0x00, 0x00, 0x00, 0x00, 0x00, 0x00, 0x00, 0x00, 0x00, 0x00, 0x00, 0x00, 0x00, 0x00, 0x00, 0x00,
  0x00, 0x00, 0x00, 0x00, 0x01, 0x00, 0x00, 0x00, 0x12, 0x22, 0x22, 0x23, 0x33, 0x33, 0x34, 0x44,
  0x44, 0x55, 0x56, 0x66, 0x99, 0xac, 0x6c, 0xc9, 0xca, 0x9c, 0xcc, 0xcc, 0xcc, 0x99, 0x99, 0x88,
  0x75, 0x55, 0x55, 0x55, 0x44, 0x3f, 0xff, 0xff, 0xff, 0xff, 0xff, 0xde, 0xc9, 0x88, 0x64, 0x44,
  0x44, 0x3f, 0xff, 0xff, 0xff, 0xff, 0xff, 0xff, 0xff, 0xff, 0xff, 0xff, 0xff, 0x5a, 0x55, 0x54,
  0x4d, 0xff, 0xff, 0xff, 0xff, 0xff, 0xff, 0xf3, 0x34, 0x33, 0x3d, 0xff, 0xff, 0xff, 0xff, 0xff,
  0xff, 0xd4, 0x44, 0x44, 0x44, 0xff, 0xff, 0xff, 0xff, 0xff, 0xff, 0xff, 0xff, 0xff, 0x78, 0x88,
  0xbd, 0xff, 0xff, 0xff, 0xff, 0xff, 0xff, 0xff, 0xff, 0xff, 0xff, 0xff, 0xff, 0xff, 0xff, 0xff,
  0xff, 0xff, 0xff, 0xf3, 0xe7, 0x74, 0x74, 0xff, 0xff, 0xff, 0xff, 0xff, 0xff, 0xff, 0xff, 0xff,
  0xff, 0xff, 0xff, 0xff, 0xff, 0xff, 0xff, 0xff, 0xff, 0xff, 0xa5, 0x55, 0x55, 0x56, 0x77, 0x88,
  0x87, 0xcc, 0xc8, 0x88, 0xc8, 0x68, 0x87, 0x88, 0x66, 0x66, 0x65, 0x54, 0x44, 0x44, 0x43, 0x33,
  0x33, 0x22, 0x21, 0x10, 0x00, 0x00, 0x00, 0x00, 0x00, 0x00, 0x00, 0x00, 0x00, 0x00, 0x00, 0x00,
  0x00, 0x00, 0x00, 0x00, 0x00, 0x00, 0x00, 0x10, 0x00, 0x00, 0x00, 0x00, 0x01, 0x22, 0x22, 0x23,
  0x33, 0x33, 0x44, 0x44, 0x44, 0x56, 0x65, 0x66, 0x99, 0xac, 0x99, 0x99, 0x99, 0x9e, 0x99, 0x99,
  0x99, 0x69, 0x99, 0xc6, 0x66, 0x65, 0x55, 0x55, 0x44, 0x2f, 0xff, 0xff, 0xff, 0xff, 0xff, 0xd7,
  0xcc, 0xcc, 0x87, 0x44, 0x54, 0xff, 0xff, 0xff, 0xff, 0xff, 0xff, 0xff, 0xff, 0xff, 0xff, 0xff,
  0xff, 0xe7, 0x66, 0x55, 0x3f, 0xff, 0xff, 0xff, 0xff, 0xff, 0xf3, 0x44, 0x45, 0x44, 0x53, 0x0f,
  0xff, 0xff, 0xff, 0xff, 0xff, 0xf3, 0x44, 0x44, 0x44, 0xff, 0xff, 0xff, 0xff, 0xff, 0xff, 0xff,
  0xff, 0xff, 0xe8, 0x89, 0x7f, 0xff, 0xff, 0xff, 0xff, 0xff, 0xff, 0xf4, 0xca, 0xa4, 0x44, 0x3d,
  0xff, 0xff, 0xff, 0xff, 0xff, 0xff, 0xff, 0xf4, 0xa7, 0x77, 0xcd, 0xff, 0xff, 0xff, 0xff, 0xff,
  0xff, 0xf3, 0xaa, 0x5a, 0x44, 0x43, 0xff, 0xff, 0xff, 0xff, 0xff, 0xff, 0xff, 0xff, 0xa5, 0x55,
  0x55, 0x55, 0x66, 0xcc, 0xcc, 0xc8, 0x88, 0x68, 0x86, 0x68, 0x88, 0x76, 0x55, 0x55, 0x55, 0x45,
  0x44, 0x44, 0x43, 0x33, 0x33, 0x22, 0x21, 0x10, 0x00, 0x00, 0x00, 0x00, 0x00, 0x00, 0x00, 0x00,
  0x00, 0x00, 0x00, 0x00, 0x00, 0x00, 0x00, 0x00, 0x00, 0x00, 0x00, 0x10, 0x00, 0x00, 0x11, 0x11,
  0x11, 0x12, 0x22, 0x23, 0x33, 0x33, 0x34, 0x44, 0x44, 0x55, 0x55, 0x66, 0x99, 0xac, 0x99, 0x9a,
  0x99, 0xac, 0xaa, 0x9a, 0xa9, 0x9a, 0x9a, 0xc6, 0x88, 0x66, 0x55, 0x55, 0x44, 0x3f, 0xff, 0xff,
  0xff, 0xff, 0xff, 0xd8, 0xcc, 0xcc, 0x87, 0x44, 0x54, 0xff, 0xff, 0xff, 0xff, 0xff, 0xff, 0xff,
  0xff, 0xff, 0xff, 0xff, 0xff, 0xeb, 0x88, 0x64, 0xff, 0xff, 0xff, 0xff, 0xff, 0xff, 0x34, 0x54,
  0x44, 0x44, 0x44, 0x33, 0xff, 0xff, 0xff, 0xff, 0xff, 0xf3, 0x44, 0x44, 0x43, 0xff, 0xff, 0xff,
  0xff, 0xff, 0xff, 0xff, 0xff, 0xfd, 0x55, 0x57, 0xdf, 0xff, 0xff, 0xff, 0xff, 0xff, 0xfd, 0x57,
  0xcc, 0x8e, 0x65, 0x54, 0x2f, 0xff, 0xff, 0xff, 0xff, 0xff, 0xff, 0xf4, 0x64, 0x74, 0xdf, 0xff,
  0xff, 0xff, 0xff, 0xff, 0xff, 0x46, 0x44, 0x85, 0x65, 0x44, 0xdf, 0xff, 0xff, 0xff, 0xff, 0xff,
  0xff, 0xfd, 0xa5, 0x55, 0x55, 0x66, 0x8c, 0xcc, 0xcc, 0xc8, 0x88, 0x68, 0x66, 0x66, 0x66, 0x66,
  0x55, 0x55, 0x54, 0x44, 0x44, 0x44, 0x43, 0x33, 0x32, 0x22, 0x21, 0x10, 0x00, 0x00, 0x00, 0x00,
  0x00, 0x00, 0x00, 0x00, 0x00, 0x00, 0x00, 0x00, 0x00, 0x00, 0x00, 0x00, 0x00, 0x00, 0x00, 0x00,
  0x00, 0x01, 0x21, 0x11, 0x21, 0x12, 0x22, 0x22, 0x33, 0x33, 0x33, 0x44, 0x44, 0x44, 0x55, 0x55,
  0x99, 0x66, 0x99, 0x9c, 0x9a, 0xc9, 0xac, 0x9a, 0xa9, 0xce, 0xea, 0x88, 0x88, 0x78, 0x55, 0x55,
  0x45, 0xdf, 0xff, 0xff, 0xff, 0xff, 0xff, 0xde, 0xcc, 0xcc, 0x88, 0x67, 0x65, 0x44, 0x44, 0x33,
  0x34, 0x34, 0x33, 0xdf, 0xff, 0xff, 0xff, 0xff, 0xff, 0xeb, 0xc8, 0x8d, 0xff, 0xff, 0xff, 0xff,
  0xff, 0xf4, 0x65, 0x55, 0x44, 0x44, 0x44, 0x44, 0xdf, 0xff, 0xff, 0xff, 0xff, 0xfd, 0x44, 0x44,
  0x42, 0xff, 0xff, 0xff, 0xff, 0xff, 0xf4, 0x44, 0x44, 0x44, 0x54, 0x44, 0xff, 0xff, 0xff, 0xff,
  0xff, 0xff, 0xdc, 0xec, 0xcc, 0xcc, 0x66, 0x44, 0x4d, 0xff, 0xff, 0xff, 0xff, 0xff, 0xff, 0xf5,
  0x65, 0x58, 0xdf, 0xff, 0xff, 0xff, 0xff, 0xff, 0xda, 0xa6, 0x66, 0x86, 0x65, 0x54, 0x4d, 0xff,
  0xff, 0xff, 0xff, 0xff, 0xff, 0xfd, 0x96, 0x65, 0x55, 0x6c, 0xcc, 0xcc, 0xcc, 0xc8, 0x88, 0x66,
  0x55, 0x55, 0x55, 0x55, 0x55, 0x55, 0x54, 0x44, 0x44, 0x43, 0x33, 0x33, 0x32, 0x21, 0x21, 0x10,
  0x00, 0x00, 0x00, 0x00, 0x00, 0x00, 0x00, 0x00, 0x00, 0x00, 0x00, 0x00, 0x00, 0x00, 0x00, 0x00,
  0x00, 0x00, 0x00, 0x00, 0x00, 0x00, 0x11, 0x11, 0x22, 0x22, 0x22, 0x23, 0x33, 0x33, 0x33, 0x44,
  0x44, 0x44, 0x65, 0x65, 0x99, 0x99, 0x99, 0x9c, 0x9a, 0xc9, 0xac, 0x9a, 0x69, 0xa6, 0xac, 0x87,
  0x78, 0x76, 0x55, 0x55, 0x44, 0xff, 0xff, 0xff, 0xff, 0xff, 0xff, 0xde, 0xcc, 0xcc, 0xcc, 0x68,
  0x56, 0x56, 0x66, 0x65, 0x55, 0x55, 0x54, 0xff, 0xff, 0xff, 0xff, 0xff, 0xff, 0xbe, 0xc8, 0xcf,
  0xff, 0xff, 0xff, 0xff, 0xff, 0xd5, 0x54, 0x55, 0x44, 0x44, 0x44, 0x44, 0x3f, 0xff, 0xff, 0xff,
  0xff, 0xff, 0x44, 0x44, 0x4d, 0xff, 0xff, 0xff, 0xff, 0xff, 0xf5, 0x55, 0x56, 0x66, 0x67, 0x5d,
  0xff, 0xff, 0xff, 0xff, 0xff, 0xf3, 0xbe, 0xeb, 0x9c, 0xcc, 0xc7, 0x44, 0x44, 0xff, 0xff, 0xff,
  0xff, 0xff, 0xff, 0xf5, 0x55, 0x45, 0xff, 0xff, 0xff, 0xff, 0xff, 0xfd, 0xa5, 0xd8, 0x88, 0x68,
  0x66, 0x54, 0x64, 0xdf, 0xff, 0xff, 0xff, 0xff, 0xff, 0xfd, 0x99, 0x95, 0x55, 0x68, 0x8c, 0xcc,
  0xcc, 0x88, 0x68, 0x66, 0x55, 0x56, 0x55, 0x55, 0x55, 0x54, 0x44, 0x44, 0x44, 0x43, 0x33, 0x33,
  0x32, 0x21, 0x11, 0x10, 0x00, 0x00, 0x00, 0x00, 0x00, 0x00, 0x00, 0x00, 0x00, 0x00, 0x00, 0x00,
  0x00, 0x00, 0x00, 0x00, 0x00, 0x00, 0x00, 0x00, 0x00, 0x00, 0x11, 0x11, 0x11, 0x22, 0x22, 0x22,
  0x23, 0x33, 0x33, 0x34, 0x44, 0x44, 0x55, 0x66, 0x69, 0x99, 0x99, 0x9c, 0xe7, 0xab, 0xbb, 0xac,
  0xaa, 0xa9, 0xaa, 0x66, 0xc8, 0x88, 0x65, 0x54, 0x44, 0xff, 0xff, 0xff, 0xff, 0xff, 0xff, 0x4b,
  0x8c, 0xcc, 0xcc, 0x88, 0x77, 0x65, 0x55, 0x55, 0x55, 0x54, 0x43, 0xff, 0xff, 0xff, 0xff, 0xff,
  0xfd, 0xee, 0xbc, 0x4f, 0xff, 0xff, 0xff, 0xff, 0xff, 0x44, 0x44, 0x34, 0x44, 0x43, 0x33, 0x43,
  0x3d, 0xff, 0xff, 0xff, 0xff, 0xff, 0x45, 0x44, 0x4f, 0xff, 0xff, 0xff, 0xff, 0xff, 0xd5, 0x54,
  0x44, 0x66, 0x67, 0x6f, 0xff, 0xff, 0xff, 0xff, 0xff, 0xd6, 0xec, 0xeb, 0xcc, 0xcc, 0xc8, 0x75,
  0x44, 0x3f, 0xff, 0xff, 0xff, 0xff, 0xff, 0xf5, 0x55, 0x4d, 0xff, 0xff, 0xff, 0xff, 0xff, 0xf5,
  0x6a, 0xe8, 0x77, 0x86, 0x68, 0x65, 0x54, 0x3f, 0xff, 0xff, 0xff, 0xff, 0xff, 0xf5, 0x66, 0x96,
  0x66, 0x76, 0xcc, 0x88, 0x8c, 0x68, 0x88, 0x66, 0x55, 0x55, 0x55, 0x55, 0x55, 0x54, 0x44, 0x44,
  0x44, 0x33, 0x33, 0x33, 0x32, 0x21, 0x11, 0x11, 0x00, 0x00, 0x00, 0x00, 0x00, 0x00, 0x00, 0x00,
  0x00, 0x00, 0x00, 0x00, 0x00, 0x00, 0x00, 0x00, 0x00, 0x00, 0x00, 0x00, 0x00, 0x00, 0x10, 0x00,
  0x01, 0x22, 0x22, 0x22, 0x23, 0x33, 0x33, 0x33, 0x44, 0x44, 0x45, 0x66, 0x69, 0x99, 0x99, 0x96,
  0xaa, 0xab, 0xbb, 0xcc, 0xa6, 0x9a, 0xc9, 0xac, 0xc8, 0x76, 0x66, 0x54, 0x43, 0xff, 0xff, 0xff,
  0xff, 0xff, 0xff, 0xae, 0x8c, 0xcc, 0x88, 0x88, 0x86, 0x55, 0x55, 0x55, 0x55, 0x44, 0x53, 0xff,
  0xff, 0xff, 0xff, 0xff, 0xfd, 0xee, 0xe7, 0xdf, 0xff, 0xff, 0xff, 0xff, 0xfd, 0xdd, 0xdd, 0xdd,
  0xdd, 0xdd, 0xdd, 0xdd, 0xdd, 0xff, 0xff, 0xff, 0xff, 0xff, 0x66, 0x44, 0x4f, 0xff, 0xff, 0xff,
  0xff, 0xff, 0xd5, 0x55, 0x55, 0x66, 0x67, 0x5f, 0xff, 0xff, 0xff, 0xff, 0xff, 0x46, 0xce, 0xec,
  0xcc, 0xcc, 0xcc, 0xc5, 0x54, 0x4f, 0xff, 0xff, 0xff, 0xff, 0xff, 0xd5, 0x55, 0x4f, 0xff, 0xff,
  0xff, 0xff, 0xff, 0x36, 0x9a, 0xa8, 0x88, 0x8c, 0x7c, 0x86, 0x55, 0x4f, 0xff, 0xff, 0xff, 0xff,
  0xff, 0xfa, 0xca, 0x98, 0x87, 0x88, 0x78, 0x88, 0x76, 0x86, 0x68, 0x88, 0x55, 0x55, 0x55, 0x55,
  0x45, 0x54, 0x44, 0x44, 0x44, 0x33, 0x33, 0x33, 0x32, 0x22, 0x22, 0x21, 0x00, 0x00, 0x00, 0x00,
  0x00, 0x00, 0x00, 0x00, 0x00, 0x00, 0x00, 0x00, 0x00, 0x00, 0x00, 0x00, 0x00, 0x00, 0x00, 0x00,
  0x00, 0x00, 0x00, 0x00, 0x12, 0x22, 0x22, 0x22, 0x22, 0x33, 0x33, 0x33, 0x44, 0x44, 0x45, 0x65,
  0x99, 0x99, 0x9a, 0xc9, 0x6e, 0xcb, 0xbb, 0xc9, 0x99, 0xa6, 0x99, 0xaa, 0x98, 0x88, 0x55, 0x54,
  0x4d, 0xff, 0xff, 0xff, 0xff, 0xff, 0xff, 0x7e, 0xcc, 0xcc, 0x88, 0x88, 0x88, 0x85, 0x55, 0x55,
  0x55, 0x44, 0x53, 0xff, 0xff, 0xff, 0xff, 0xff, 0xf4, 0xee, 0xe7, 0xff, 0xff, 0xff, 0xff, 0xff,
  0xff, 0xff, 0xff, 0xff, 0xff, 0xff, 0xff, 0xff, 0xff, 0xff, 0xff, 0xff, 0xff, 0xff, 0x88, 0x45,
  0x3f, 0xff, 0xff, 0xff, 0xff, 0xff, 0x45, 0x55, 0x55, 0x66, 0x8c, 0x3f, 0xff, 0xff, 0xff, 0xff,
  0xfd, 0x59, 0xac, 0xcc, 0xcc, 0xcc, 0xcc, 0x86, 0x55, 0x4d, 0xff, 0xff, 0xff, 0xff, 0xff, 0xd5,
  0x55, 0x3f, 0xff, 0xff, 0xff, 0xff, 0xff, 0xae, 0xca, 0x98, 0x88, 0xcc, 0xcc, 0xcc, 0x55, 0x5d,
  0xff, 0xff, 0xff, 0xff, 0xff, 0xfa, 0xcc, 0xc8, 0x78, 0x88, 0x8c, 0xc8, 0x88, 0x66, 0x88, 0x87,
  0x56, 0x65, 0x55, 0x54, 0x44, 0x44, 0x44, 0x44, 0x44, 0x33, 0x33, 0x33, 0x32, 0x22, 0x22, 0x10,
  0x00, 0x00, 0x00, 0x00, 0x00, 0x00, 0x00, 0x00, 0x00, 0x00, 0x00, 0x00, 0x00, 0x00, 0x00, 0x00,
  0x00, 0x00, 0x00, 0x00, 0x00, 0x00, 0x00, 0x00, 0x01, 0x12, 0x11, 0x21, 0x23, 0x33, 0x33, 0x33,
  0x34, 0x44, 0x44, 0x45, 0x55, 0x56, 0x56, 0xc8, 0x9a, 0xcc, 0xa9, 0xc9, 0xa9, 0x6a, 0x96, 0xcc,
  0xc8, 0x88, 0x55, 0x54, 0x4d, 0xff, 0xff, 0xff, 0xff, 0xff, 0xfd, 0x8e, 0xcc, 0xcc, 0x88, 0x88,
  0x87, 0x65, 0x55, 0x55, 0x55, 0x55, 0x4d, 0xff, 0xff, 0xff, 0xff, 0xff, 0xf6, 0xee, 0xe4, 0xff,
  0xff, 0xff, 0xff, 0xff, 0xff, 0xff, 0xff, 0xff, 0xff, 0xff, 0xff, 0xff, 0xff, 0xff, 0xff, 0xff,
  0xff, 0xff, 0xbb, 0xd4, 0x3f, 0xff, 0xff, 0xff, 0xff, 0xff, 0x45, 0x44, 0x44, 0x66, 0x68, 0xdf,
  0xff, 0xff, 0xff, 0xff, 0xf3, 0x7a, 0xcc, 0xcc, 0xcc, 0xcc, 0xcc, 0x66, 0x54, 0x4d, 0xff, 0xff,
  0xff, 0xff, 0xff, 0xd5, 0x55, 0x4f, 0xff, 0xff, 0xff, 0xff, 0xf4, 0xe8, 0x9a, 0xc8, 0x88, 0xcc,
  0xcc, 0xc7, 0x74, 0x42, 0xff, 0xff, 0xff, 0xff, 0xff, 0xde, 0xbb, 0xbc, 0xcc, 0x86, 0xcc, 0x88,
  0x88, 0x87, 0x86, 0x78, 0x65, 0x55, 0x55, 0x54, 0x44, 0x44, 0x44, 0x44, 0x43, 0x33, 0x33, 0x33,
  0x22, 0x22, 0x22, 0x10, 0x00, 0x00, 0x00, 0x00, 0x00, 0x00, 0x00, 0x00, 0x00, 0x00, 0x00, 0x00,
  0x00, 0x00, 0x00, 0x00, 0x00, 0x00, 0x00, 0x00, 0x00, 0x00, 0x00, 0x00, 0x01, 0x12, 0x11, 0x22,
  0x22, 0x33, 0x33, 0x33, 0x33, 0x44, 0x44, 0x45, 0x55, 0x56, 0x56, 0x88, 0x9a, 0xaa, 0xaa, 0xce,
  0xe9, 0x6a, 0x9a, 0xaa, 0xc8, 0x88, 0x65, 0x54, 0x4f, 0xff, 0xff, 0xff, 0xff, 0xff, 0xfd, 0xee,
  0xcc, 0xcc, 0x88, 0x88, 0x76, 0x65, 0x55, 0x55, 0x55, 0x55, 0x4f, 0xff, 0xff, 0xff, 0xff, 0xff,
  0xfe, 0xee, 0x7d, 0xff, 0xff, 0xff, 0xff, 0xff, 0xff, 0xff, 0xff, 0xff, 0xff, 0xff, 0xff, 0xff,
  0xff, 0xff, 0xff, 0xff, 0xff, 0xff, 0x7b, 0x84, 0xdf, 0xff, 0xff, 0xff, 0xff, 0xff, 0x56, 0x44,
  0x44, 0x55, 0x54, 0xff, 0xff, 0xff, 0xff, 0xff, 0xf5, 0xea, 0x67, 0xcc, 0xcc, 0xcc, 0xcc, 0x66,
  0x54, 0x4d, 0xff, 0xff, 0xff, 0xff, 0xff, 0x46, 0x55, 0xdf, 0xff, 0xff, 0xff, 0xff, 0xfa, 0xe8,
  0xaa, 0xcc, 0xcc, 0xcc, 0xcc, 0xc7, 0x74, 0x42, 0xff, 0xff, 0xff, 0xff, 0xff, 0x3c, 0xbe, 0xec,
  0xcc, 0xc8, 0x66, 0x87, 0x78, 0x88, 0x87, 0x76, 0x65, 0x55, 0x65, 0x55, 0x44, 0x44, 0x44, 0x43,
  0x33, 0x33, 0x33, 0x22, 0x22, 0x22, 0x21, 0x10, 0x00, 0x00, 0x00, 0x00, 0x00, 0x00, 0x00, 0x00,
  0x00, 0x00, 0x00, 0x00, 0x00, 0x00, 0x00, 0x00, 0x00, 0x00, 0x00, 0x00, 0x00, 0x00, 0x00, 0x00,
  0x01, 0x12, 0x11, 0x22, 0x22, 0x33, 0x32, 0x33, 0x33, 0x44, 0x44, 0x44, 0x55, 0x55, 0x56, 0x68,
  0x99, 0x99, 0xac, 0x69, 0xa9, 0x8a, 0x9c, 0xaa, 0xc8, 0x76, 0x66, 0x54, 0x4f, 0xff, 0xff, 0xff,
  0xff, 0xff, 0xf3, 0x7e, 0xcc, 0xcc, 0x88, 0x76, 0x66, 0x65, 0x55, 0x55, 0x55, 0x44, 0x5f, 0xff,
  0xff, 0xff, 0xff, 0xff, 0xfe, 0xeb, 0xed, 0xff, 0xff, 0xff, 0xff, 0xff, 0xff, 0xff, 0xff, 0xff,
  0xff, 0xff, 0xff, 0xff, 0xff, 0xff, 0xff, 0xff, 0xff, 0xff, 0xbb, 0x77, 0xff, 0xff, 0xff, 0xff,
  0xff, 0xff, 0x56, 0x44, 0x47, 0x55, 0x54, 0xff, 0xff, 0xff, 0xff, 0xff, 0xda, 0xea, 0x68, 0xcc,
  0xcc, 0xcc, 0xcc, 0x66, 0x54, 0x5f, 0xff, 0xff, 0xff, 0xff, 0xff, 0x56, 0x65, 0xff, 0xff, 0xff,
  0xff, 0xff, 0xfe, 0xe8, 0xcc, 0xcc, 0xcc, 0xcc, 0xcc, 0xc7, 0x74, 0x4d, 0xff, 0xff, 0xff, 0xff,
  0xff, 0x5e, 0xbe, 0xec, 0xcc, 0xc8, 0x78, 0x86, 0x68, 0x88, 0x87, 0x85, 0x55, 0x55, 0x66, 0x55,
  0x44, 0x44, 0x44, 0x43, 0x33, 0x33, 0x33, 0x22, 0x22, 0x22, 0x21, 0x11, 0x00, 0x00, 0x00, 0x00,
  0x00, 0x00, 0x00, 0x00, 0x00, 0x00, 0x00, 0x00, 0x00, 0x00, 0x00, 0x00, 0x00, 0x00, 0x00, 0x00,
  0x00, 0x00, 0x00, 0x00, 0x00, 0x00, 0x11, 0x12, 0x22, 0x22, 0x33, 0x33, 0x33, 0x44, 0x44, 0x44,
  0x44, 0x46, 0x55, 0x69, 0x88, 0x89, 0x99, 0x9a, 0xa9, 0x99, 0x9c, 0xca, 0x98, 0x88, 0x55, 0x54,
  0x4f, 0xff, 0xff, 0xff, 0xff, 0xff, 0xf4, 0xbc, 0xc9, 0x99, 0x95, 0x68, 0x55, 0x55, 0x55, 0x55,
  0x55, 0x44, 0x4f, 0xff, 0xff, 0xff, 0xff, 0xff, 0xde, 0xec, 0xcf, 0xff, 0xff, 0xff, 0xff, 0xff,
  0xff, 0xff, 0xff, 0xff, 0xff, 0xff, 0xff, 0xff, 0xff, 0xff, 0xff, 0xff, 0xff, 0xfd, 0xe7, 0x77,
  0xff, 0xff, 0xff, 0xff, 0xff, 0xfd, 0x56, 0x67, 0x74, 0x44, 0x44, 0xff, 0xff, 0xff, 0xff, 0xff,
  0xde, 0xe8, 0x78, 0x88, 0x88, 0xcc, 0x88, 0x87, 0x65, 0x4f, 0xff, 0xff, 0xff, 0xff, 0xff, 0x5e,
  0x87, 0xff, 0xff, 0xff, 0xff, 0xff, 0xfe, 0xea, 0x9a, 0xcc, 0xcc, 0xcc, 0xcc, 0xc7, 0x74, 0x4f,
  0xff, 0xff, 0xff, 0xff, 0xff, 0xa9, 0xbb, 0xbc, 0xcc, 0xc6, 0x88, 0x67, 0x88, 0x88, 0x88, 0x87,
  0x68, 0x76, 0x66, 0x65, 0x44, 0x44, 0x43, 0x33, 0x33, 0x33, 0x22, 0x22, 0x20, 0x00, 0x00, 0x00,
  0x00, 0x00, 0x00, 0x00, 0x00, 0x00, 0x00, 0x00, 0x00, 0x00, 0x00, 0x00, 0x00, 0x00, 0x00, 0x00,
  0x00, 0x00, 0x00, 0x00, 0x00, 0x00, 0x00, 0x00, 0x00, 0x00, 0x11, 0x11, 0x22, 0x12, 0x33, 0x33,
  0x33, 0x44, 0x44, 0x44, 0x44, 0x56, 0x56, 0x69, 0x66, 0x69, 0x99, 0x9a, 0xa9, 0xaa, 0xaa, 0xaa,
  0x98, 0x76, 0x55, 0x54, 0x4f, 0xff, 0xff, 0xff, 0xff, 0xff, 0xf5, 0xba, 0xa9, 0x99, 0x96, 0x78,
  0x55, 0x55, 0x54, 0x55, 0x55, 0x44, 0x4f, 0xff, 0xff, 0xff, 0xff, 0xff, 0x3e, 0xac, 0x8f, 0xff,
  0xff, 0xff, 0xff, 0xff, 0xff, 0xff, 0xff, 0xff, 0xff, 0xff, 0xff, 0xff, 0xff, 0xff, 0xff, 0xff,
  0xff, 0xf4, 0xe7, 0x74, 0xff, 0xff, 0xff, 0xff, 0xff, 0xf3, 0x68, 0x77, 0x77, 0x44, 0x43, 0xff,
  0xff, 0xff, 0xff, 0xff, 0x3e, 0xa7, 0x66, 0x66, 0x68, 0x88, 0x88, 0x66, 0x64, 0xdf, 0xff, 0xff,
  0xff, 0xff, 0xff, 0xee, 0x87, 0xff, 0xff, 0xff, 0xff, 0xff, 0xfe, 0xee, 0x9a, 0xc8, 0xcc, 0xcc,
  0xc8, 0x84, 0x44, 0x4f, 0xff, 0xff, 0xff, 0xff, 0xff, 0xee, 0xee, 0xbc, 0xcc, 0x88, 0x88, 0x88,
  0x88, 0x87, 0x86, 0x77, 0x68, 0x86, 0x65, 0x45, 0x44, 0x44, 0x43, 0x33, 0x33, 0x33, 0x32, 0x22,
  0x10, 0x00, 0x00, 0x00, 0x00, 0x00, 0x00, 0x00, 0x00, 0x00, 0x00, 0x00, 0x00, 0x00, 0x00, 0x00,
  0x00, 0x00, 0x00, 0x00, 0x00, 0x00, 0x00, 0x00, 0x00, 0x00, 0x00, 0x00, 0x00, 0x00, 0x11, 0x11,
  0x12, 0x22, 0x33, 0x33, 0x33, 0x34, 0x44, 0x44, 0x44, 0x55, 0x56, 0x99, 0x66, 0x69, 0x99, 0x99,
  0x99, 0xcc, 0xc9, 0x99, 0x98, 0x76, 0x55, 0x44, 0x4f, 0xff, 0xff, 0xff, 0xff, 0xff, 0xd6, 0x96,
  0x99, 0x99, 0x98, 0x87, 0x55, 0x55, 0x54, 0x44, 0x44, 0x44, 0xdf, 0xff, 0xff, 0xff, 0xff, 0xff,
  0x5e, 0xcc, 0x7f, 0xff, 0xff, 0xff, 0xff, 0xff, 0xff, 0xff, 0xff, 0xff, 0xff, 0xff, 0xff, 0xff,
  0xff, 0xff, 0xff, 0xff, 0xff, 0xfa, 0xb7, 0x74, 0xff, 0xff, 0xff, 0xff, 0xff, 0xf4, 0xe8, 0x87,
  0x77, 0x44, 0x43, 0xff, 0xff, 0xff, 0xff, 0xff, 0xde, 0xe6, 0x56, 0x56, 0x55, 0x68, 0x87, 0x66,
  0x64, 0xff, 0xff, 0xff, 0xff, 0xff, 0xf3, 0xbe, 0x87, 0xff, 0xff, 0xff, 0xff, 0xff, 0xfe, 0xee,
  0x9a, 0xc8, 0x88, 0xcc, 0xc8, 0x84, 0x44, 0xdf, 0xff, 0xff, 0xff, 0xff, 0xfd, 0xee, 0xee, 0xbc,
  0xcc, 0xcc, 0x88, 0x88, 0x88, 0x87, 0x88, 0x87, 0x67, 0x86, 0x65, 0x44, 0x44, 0x44, 0x43, 0x33,
  0x33, 0x32, 0x22, 0x21, 0x10, 0x00, 0x00, 0x00, 0x00, 0x00, 0x00, 0x00, 0x00, 0x00, 0x00, 0x00,
  0x00, 0x00, 0x00, 0x00, 0x00, 0x00, 0x00, 0x00, 0x00, 0x00, 0x00, 0x00, 0x00, 0x00, 0x00, 0x00,
  0x00, 0x00, 0x00, 0x02, 0x12, 0x22, 0x23, 0x33, 0x33, 0x33, 0x34, 0x44, 0x44, 0x44, 0x56, 0x65,
  0x55, 0x86, 0x66, 0x6a, 0xac, 0x98, 0x87, 0x88, 0x86, 0x65, 0x44, 0x44, 0x3f, 0xff, 0xff, 0xff,
  0xff, 0xff, 0x2e, 0xec, 0xc9, 0x99, 0x96, 0x65, 0x55, 0x55, 0x55, 0x44, 0x44, 0x44, 0xdf, 0xff,
  0xff, 0xff, 0xff, 0xff, 0xee, 0xc4, 0x7d, 0xff, 0xff, 0xff, 0xff, 0xff, 0xdd, 0xdd, 0xdd, 0xdd,
  0xdd, 0xdd, 0xdd, 0xdd, 0xdd, 0xdd, 0xdd, 0xdd, 0xdd, 0xd7, 0xc8, 0x8d, 0xff, 0xff, 0xff, 0xff,
  0xff, 0xfa, 0xee, 0xcc, 0x88, 0x74, 0x44, 0xff, 0xff, 0xff, 0xff, 0xff, 0xf5, 0xa5, 0x55, 0x45,
  0x55, 0x55, 0x55, 0x65, 0x6d, 0xff, 0xff, 0xff, 0xff, 0xff, 0xf3, 0xec, 0xcc, 0xff, 0xff, 0xff,
  0xff, 0xff, 0xfd, 0xee, 0x99, 0x98, 0x88, 0xcc, 0xcc, 0x74, 0xa4, 0xff, 0xff, 0xff, 0xff, 0xff,
  0xfd, 0xeb, 0xee, 0xec, 0xcc, 0x8c, 0x99, 0xe8, 0x88, 0x88, 0x88, 0x66, 0x55, 0x55, 0x55, 0x54,
  0x44, 0x44, 0x43, 0x33, 0x32, 0x22, 0x22, 0x00, 0x00, 0x00, 0x00, 0x00, 0x00, 0x00, 0x00, 0x00,
  0x00, 0x00, 0x00, 0x00, 0x00, 0x00, 0x00, 0x00, 0x00, 0x00, 0x00, 0x00, 0x00, 0x00, 0x00, 0x00,
  0x00, 0x00, 0x00, 0x00, 0x00, 0x00, 0x00, 0x01, 0x12, 0x22, 0x23, 0x33, 0x33, 0x33, 0x34, 0x44,
  0x44, 0x45, 0x45, 0x55, 0x55, 0x55, 0x55, 0x6a, 0x99, 0xa6, 0x87, 0x87, 0x86, 0x65, 0x44, 0x44,
  0x3f, 0xff, 0xff, 0xff, 0xff, 0xff, 0x3a, 0xec, 0xcc, 0xcc, 0x96, 0x66, 0x55, 0x55, 0x54, 0x44,
  0x44, 0x44, 0xdf, 0xff, 0xff, 0xff, 0xff, 0xff, 0xea, 0x94, 0x4d, 0xff, 0xff, 0xff, 0xff, 0xff,
  0x3e, 0xee, 0xe4, 0x44, 0x44, 0x45, 0x55, 0x56, 0x5d, 0x5a, 0xaa, 0xaa, 0xa7, 0xbe, 0xc8, 0x7d,
  0xff, 0xff, 0xff, 0xff, 0xff, 0xfe, 0xee, 0xcc, 0x88, 0x44, 0x43, 0xff, 0xff, 0xff, 0xff, 0xff,
  0xf3, 0x65, 0x55, 0x44, 0x55, 0x55, 0x55, 0x45, 0x3f, 0xff, 0xff, 0xff, 0xff, 0xff, 0xf5, 0xbc,
  0xc8, 0xff, 0xff, 0xff, 0xff, 0xff, 0xf2, 0xae, 0x99, 0x98, 0x88, 0xcc, 0xc6, 0x65, 0x4d, 0xff,
  0xff, 0xff, 0xff, 0xff, 0xfd, 0xee, 0xee, 0xec, 0xcc, 0x7c, 0xcc, 0x98, 0x78, 0x88, 0x88, 0x77,
  0x56, 0x55, 0x55, 0x44, 0x44, 0x44, 0x33, 0x33, 0x32, 0x22, 0x11, 0x00, 0x00, 0x00, 0x00, 0x00,
  0x00, 0x00, 0x00, 0x00, 0x00, 0x00, 0x00, 0x00, 0x00, 0x00, 0x00, 0x00, 0x00, 0x00, 0x00, 0x00,
  0x00, 0x00, 0x00, 0x00, 0x00, 0x00, 0x00, 0x00, 0x00, 0x00, 0x00, 0x01, 0x22, 0x22, 0x22, 0x33,
  0x33, 0x33, 0x34, 0x44, 0x44, 0x44, 0x45, 0x55, 0x54, 0x56, 0x66, 0x69, 0x99, 0xc6, 0x87, 0x76,
  0x65, 0x55, 0x44, 0x44, 0x2f, 0xff, 0xff, 0xff, 0xff, 0xff, 0x4a, 0x55, 0x55, 0x55, 0x45, 0x44,
  0x44, 0x44, 0x44, 0x44, 0x44, 0x44, 0xdf, 0xff, 0xff, 0xff, 0xff, 0xfd, 0xea, 0x94, 0x54, 0xff,
  0xff, 0xff, 0xff, 0xff, 0xf5, 0x44, 0x45, 0x55, 0x44, 0x44, 0x44, 0x54, 0x35, 0x44, 0x44, 0x56,
  0x6b, 0x78, 0xcc, 0x7d, 0xff, 0xff, 0xff, 0xff, 0xff, 0xfd, 0xee, 0xcc, 0x88, 0x54, 0x44, 0xff,
  0xff, 0xff, 0xff, 0xff, 0xff, 0xa5, 0x45, 0x44, 0x55, 0x54, 0x55, 0x4d, 0xff, 0xff, 0xff, 0xff,
  0xff, 0xff, 0xfa, 0xbc, 0xc7, 0xdf, 0xff, 0xff, 0xff, 0xff, 0xff, 0xd4, 0x9a, 0xa6, 0x66, 0x66,
  0x86, 0x45, 0xdf, 0xff, 0xff, 0xff, 0xff, 0xff, 0xfd, 0xee, 0xee, 0xec, 0xcc, 0x76, 0x8c, 0x68,
  0x87, 0x77, 0x78, 0x76, 0x55, 0x55, 0x54, 0x44, 0x44, 0x43, 0x33, 0x33, 0x22, 0x21, 0x11, 0x00,
  0x00, 0x00, 0x00, 0x00, 0x00, 0x00, 0x00, 0x00, 0x00, 0x00, 0x00, 0x00, 0x00, 0x00, 0x00, 0x00,
  0x00, 0x00, 0x00, 0x00, 0x00, 0x00, 0x00, 0x00, 0x00, 0x00, 0x00, 0x00, 0x00, 0x00, 0x00, 0x00,
  0x01, 0x22, 0x22, 0x22, 0x22, 0x33, 0x33, 0x33, 0x44, 0x44, 0x44, 0x45, 0x54, 0x56, 0x86, 0x66,
  0x68, 0x87, 0x88, 0x65, 0x55, 0x55, 0x44, 0x44, 0xdf, 0xff, 0xff, 0xff, 0xff, 0xff, 0x33, 0x33,
  0x33, 0x33, 0x33, 0x33, 0x33, 0x33, 0x44, 0x54, 0x44, 0x44, 0xdf, 0xff, 0xff, 0xff, 0xff, 0xfd,
  0xbb, 0x88, 0xa3, 0xff, 0xff, 0xff, 0xff, 0xff, 0xfd, 0xe4, 0x44, 0x44, 0x44, 0x44, 0x44, 0x3f,
  0xff, 0x34, 0x4a, 0x67, 0x8c, 0xcc, 0xcc, 0x9d, 0xff, 0xff, 0xff, 0xff, 0xff, 0xfe, 0xeb, 0x9c,
  0xcc, 0x65, 0x54, 0xdf, 0xff, 0xff, 0xff, 0xff, 0xff, 0xd4, 0x44, 0x44, 0x55, 0x56, 0x44, 0x4f,
  0xff, 0xff, 0xff, 0xff, 0xff, 0xff, 0xfe, 0xcc, 0xc6, 0x4f, 0xff, 0xff, 0xff, 0xff, 0xff, 0xf4,
  0xa4, 0x55, 0x55, 0x56, 0x45, 0x42, 0xff, 0xff, 0xff, 0xff, 0xff, 0xff, 0xfd, 0xee, 0xee, 0xbc,
  0xc8, 0x88, 0x78, 0x88, 0x87, 0x65, 0x78, 0x75, 0x55, 0x54, 0x44, 0x44, 0x44, 0x43, 0x33, 0x32,
  0x22, 0x21, 0x00, 0x00, 0x00, 0x00, 0x00, 0x00, 0x00, 0x00, 0x00, 0x00, 0x00, 0x00, 0x00, 0x00,
  0x00, 0x00, 0x00, 0x00, 0x00, 0x00, 0x00, 0x00, 0x00, 0x00, 0x00, 0x00, 0x00, 0x00, 0x00, 0x00,
  0x00, 0x00, 0x00, 0x00, 0x00, 0x12, 0x22, 0x22, 0x23, 0x33, 0x33, 0x33, 0x44, 0x44, 0x44, 0x45,
  0x54, 0x58, 0x66, 0x55, 0x68, 0x67, 0x86, 0x55, 0x55, 0x55, 0x44, 0x45, 0xff, 0xff, 0xff, 0xff,
  0xff, 0xff, 0xff, 0xff, 0xff, 0xff, 0xff, 0xff, 0xff, 0xff, 0xd5, 0x44, 0x44, 0x44, 0xff, 0xff,
  0xff, 0xff, 0xff, 0xfd, 0xeb, 0x88, 0xa4, 0xff, 0xff, 0xff, 0xff, 0xff, 0xff, 0xd4, 0x44, 0x44,
  0x44, 0x44, 0x4d, 0xff, 0xff, 0xfd, 0x44, 0x58, 0x88, 0xcc, 0xcc, 0xad, 0xff, 0xff, 0xff, 0xff,
  0xff, 0xde, 0xee, 0x9c, 0xcc, 0x85, 0x54, 0x3f, 0xff, 0xff, 0xff, 0xff, 0xff, 0xfd, 0x54, 0x44,
  0x44, 0x44, 0x5d, 0xff, 0xff, 0xff, 0xff, 0xff, 0xff, 0xff, 0xde, 0xec, 0x88, 0x4f, 0xff, 0xff,
  0xff, 0xff, 0xff, 0xff, 0xda, 0x54, 0x55, 0x55, 0x5d, 0xdf, 0xff, 0xff, 0xff, 0xff, 0xff, 0xff,
  0xf5, 0xee, 0xee, 0x9c, 0xc6, 0x88, 0x78, 0x88, 0x8c, 0x88, 0x88, 0x88, 0x65, 0x65, 0x44, 0x44,
  0x43, 0x33, 0x33, 0x22, 0x22, 0x11, 0x00, 0x00, 0x00, 0x00, 0x00, 0x00, 0x00, 0x00, 0x00, 0x00,
  0x00, 0x00, 0x00, 0x00, 0x00, 0x00, 0x00, 0x00, 0x00, 0x00, 0x00, 0x00, 0x00, 0x00, 0x00, 0x00,
  0x00, 0x00, 0x00, 0x00, 0x00, 0x00, 0x00, 0x00, 0x00, 0x12, 0x22, 0x22, 0x22, 0x33, 0x33, 0x33,
  0x34, 0x44, 0x44, 0x44, 0x54, 0x58, 0x66, 0x65, 0x68, 0x66, 0x66, 0x55, 0x55, 0x55, 0x44, 0x43,
  0xff, 0xff, 0xff, 0xff, 0xff, 0xff, 0xff, 0xff, 0xff, 0xff, 0xff, 0xff, 0xff, 0xff, 0xd5, 0x44,
  0x44, 0x44, 0xff, 0xff, 0xff, 0xff, 0xff, 0xfd, 0xee, 0xa8, 0x74, 0x3f, 0xff, 0xff, 0xff, 0xff,
  0xff, 0xff, 0x44, 0x44, 0x44, 0x43, 0xdf, 0xff, 0xff, 0xff, 0xf4, 0x44, 0xa8, 0xc8, 0x78, 0x5f,
  0xff, 0xff, 0xff, 0xff, 0xff, 0xde, 0xeb, 0xbc, 0xcc, 0x88, 0x65, 0x4f, 0xff, 0xff, 0xff, 0xff,
  0xff, 0xff, 0xfd, 0x34, 0x44, 0x3d, 0xff, 0xff, 0xff, 0xff, 0xff, 0xff, 0xff, 0xff, 0xd8, 0x98,
  0x77, 0x4d, 0xff, 0xff, 0xff, 0xff, 0xff, 0xff, 0xff, 0x34, 0x54, 0x53, 0xff, 0xff, 0xff, 0xff,
  0xff, 0xff, 0xff, 0xff, 0xf6, 0xee, 0xcc, 0x98, 0x88, 0x9c, 0x68, 0x88, 0x8c, 0x68, 0x76, 0x68,
  0xc6, 0x64, 0x44, 0x44, 0x43, 0x33, 0x33, 0x22, 0x21, 0x11, 0x00, 0x00, 0x00, 0x00, 0x00, 0x00,
  0x00, 0x00, 0x00, 0x00, 0x00, 0x00, 0x00, 0x00, 0x00, 0x00, 0x00, 0x00, 0x00, 0x00, 0x00, 0x00,
  0x00, 0x00, 0x00, 0x00, 0x00, 0x00, 0x00, 0x00, 0x00, 0x00, 0x00, 0x00, 0x00, 0x22, 0x22, 0x22,
  0x22, 0x33, 0x33, 0x33, 0x33, 0x44, 0x44, 0x44, 0x55, 0x54, 0x55, 0x65, 0x66, 0x55, 0x55, 0x55,
  0x54, 0x44, 0x44, 0x43, 0xff, 0xff, 0xff, 0xff, 0xff, 0xff, 0xff, 0xff, 0xff, 0xff, 0xff, 0xff,
  0xff, 0xff, 0xd4, 0x44, 0x44, 0x43, 0xff, 0xff, 0xff, 0xff, 0xff, 0xfd, 0xee, 0xac, 0x86, 0x5f,
  0xff, 0xff, 0xff, 0xff, 0xff, 0xff, 0xff, 0xd2, 0x22, 0xff, 0xff, 0xff, 0xff, 0xff, 0xff, 0xd4,
  0x48, 0xc7, 0x47, 0xdf, 0xff, 0xff, 0xff, 0xff, 0xff, 0xde, 0xeb, 0xbc, 0xcc, 0xcc, 0x65, 0x6d,
  0xff, 0xff, 0xff, 0xff, 0xff, 0xff, 0xff, 0xff, 0xff, 0xff, 0xff, 0xff, 0xff, 0xff, 0xff, 0xff,
  0xff, 0xff, 0xdb, 0xb7, 0x77, 0x43, 0xff, 0xff, 0xff, 0xff, 0xff, 0xff, 0xff, 0xff, 0xff, 0xff,
  0xff, 0xff, 0xff, 0xff, 0xff, 0xff, 0xff, 0xff, 0xfa, 0xbb, 0xc7, 0x68, 0x88, 0xca, 0x68, 0x86,
  0x6c, 0x86, 0x75, 0x66, 0x55, 0x54, 0x44, 0x44, 0x33, 0x33, 0x33, 0x22, 0x21, 0x11, 0x00, 0x00,
  0x00, 0x00, 0x00, 0x00, 0x00, 0x00, 0x00, 0x00, 0x00, 0x00, 0x00, 0x00, 0x00, 0x00, 0x00, 0x00,
  0x00, 0x00, 0x00, 0x00, 0x00, 0x00, 0x00, 0x00, 0x00, 0x00, 0x00, 0x00, 0x00, 0x00, 0x00, 0x00,
  0x00, 0x21, 0x12, 0x22, 0x22, 0x22, 0x33, 0x33, 0x34, 0x44, 0x44, 0x44, 0x55, 0x55, 0x55, 0x65,
  0x55, 0x55, 0x55, 0x55, 0x54, 0x44, 0x44, 0x42, 0xff, 0xff, 0xff, 0xff, 0xff, 0xff, 0xff, 0xff,
  0xff, 0xff, 0xff, 0xff, 0xff, 0xff, 0x45, 0x55, 0x54, 0x42, 0xff, 0xff, 0xff, 0xff, 0xff, 0xfe,
  0xce, 0xec, 0xb8, 0x6d, 0xff, 0xff, 0xff, 0xff, 0xff, 0xff, 0xff, 0xff, 0xff, 0xff, 0xff, 0xff,
  0xff, 0xff, 0xff, 0xff, 0x68, 0x87, 0x77, 0x4f, 0xff, 0xff, 0xff, 0xff, 0xff, 0xec, 0xee, 0xec,
  0xcc, 0xcc, 0xc9, 0x44, 0xff, 0xff, 0xff, 0xff, 0xff, 0xff, 0xff, 0xff, 0xff, 0xff, 0xff, 0xff,
  0xff, 0xff, 0xff, 0xff, 0xff, 0xff, 0xde, 0xb7, 0x77, 0x74, 0xdf, 0xff, 0xff, 0xff, 0xff, 0xff,
  0xff, 0xff, 0xff, 0xff, 0xff, 0xff, 0xff, 0xff, 0xff, 0xff, 0xff, 0xff, 0xfb, 0xbb, 0x88, 0x88,
  0x8c, 0xc9, 0x88, 0x88, 0x88, 0x87, 0x66, 0x66, 0x55, 0x54, 0x44, 0x44, 0x33, 0x33, 0x33, 0x22,
  0x22, 0x11, 0x00, 0x00, 0x00, 0x00, 0x00, 0x00, 0x00, 0x00, 0x00, 0x00, 0x00, 0x00, 0x00, 0x00,
  0x00, 0x00, 0x00, 0x00, 0x00, 0x00, 0x00, 0x00, 0x00, 0x00, 0x00, 0x00, 0x00, 0x00, 0x00, 0x00,
  0x00, 0x00, 0x00, 0x00, 0x11, 0x20, 0x12, 0x12, 0x22, 0x22, 0x23, 0x33, 0x33, 0x44, 0x44, 0x44,
  0x45, 0x55, 0x55, 0x55, 0x55, 0x55, 0x55, 0x55, 0x54, 0x44, 0x44, 0x4d, 0xff, 0xff, 0xff, 0xff,
  0xff, 0xff, 0xff, 0xff, 0xff, 0xff, 0xff, 0xff, 0xff, 0xff, 0x45, 0x44, 0x44, 0x4d, 0xff, 0xff,
  0xff, 0xff, 0xff, 0xfe, 0xee, 0x8c, 0x9c, 0xc4, 0xff, 0xff, 0xff, 0xff, 0xff, 0xff, 0xff, 0xff,
  0xff, 0xff, 0xff, 0xff, 0xff, 0xff, 0xff, 0xfd, 0xa8, 0x67, 0x77, 0x3f, 0xff, 0xff, 0xff, 0xff,
  0xff, 0xee, 0xee, 0xec, 0xcc, 0xcc, 0xc6, 0x44, 0xdf, 0xff, 0xff, 0xff, 0xff, 0xff, 0xff, 0xff,
  0xff, 0xff, 0xff, 0xff, 0xff, 0xff, 0xff, 0xff, 0xff, 0xff, 0xde, 0xc7, 0x77, 0x77, 0xdf, 0xff,
  0xff, 0xff, 0xff, 0xff, 0xff, 0xff, 0xff, 0xff, 0xff, 0xff, 0xff, 0xff, 0xff, 0xff, 0xff, 0xff,
  0xd9, 0xec, 0xc8, 0x88, 0x78, 0x88, 0x88, 0x89, 0x99, 0x99, 0x96, 0x65, 0x44, 0x44, 0x44, 0x43,
  0x33, 0x33, 0x32, 0x21, 0x10, 0x00, 0x00, 0x00, 0x00, 0x00, 0x00, 0x00, 0x00, 0x00, 0x00, 0x00,
  0x00, 0x00, 0x00, 0x00, 0x00, 0x00, 0x00, 0x00, 0x00, 0x00, 0x00, 0x00, 0x00, 0x00, 0x00, 0x00,
  0x00, 0x00, 0x00, 0x00, 0x00, 0x00, 0x00, 0x00, 0x11, 0x00, 0x12, 0x11, 0x22, 0x22, 0x23, 0x33,
  0x33, 0x34, 0x44, 0x44, 0x45, 0x55, 0x55, 0x55, 0x55, 0x65, 0x55, 0x55, 0x54, 0x44, 0x44, 0x4f,
  0xff, 0xff, 0xff, 0xff, 0xff, 0xff, 0xff, 0xff, 0xff, 0xff, 0xff, 0xff, 0xff, 0xff, 0x46, 0x44,
  0x44, 0x4f, 0xff, 0xff, 0xff, 0xff, 0xff, 0xfe, 0xee, 0x8b, 0xcc, 0xc7, 0x4f, 0xff, 0xff, 0xff,
  0xff, 0xff, 0xff, 0xff, 0xff, 0xff, 0xff, 0xff, 0xff, 0xff, 0xff, 0xd8, 0x78, 0xc7, 0x77, 0xdf,
  0xff, 0xff, 0xff, 0xff, 0xff, 0xee, 0xee, 0xec, 0xcb, 0xcc, 0xcc, 0x75, 0x4d, 0xff, 0xff, 0xff,
  0xff, 0xff, 0xff, 0xff, 0xff, 0xff, 0xff, 0xff, 0xff, 0xff, 0xff, 0xff, 0xff, 0xff, 0xee, 0xc7,
  0x77, 0x77, 0x4d, 0xff, 0xff, 0xff, 0xff, 0xff, 0xff, 0xff, 0xff, 0xff, 0xff, 0xff, 0xff, 0xff,
  0xff, 0xff, 0xff, 0xff, 0x3a, 0xea, 0x87, 0x88, 0x78, 0x88, 0x88, 0x89, 0x99, 0x99, 0x94, 0x55,
  0x44, 0x44, 0x44, 0x33, 0x33, 0x33, 0x22, 0x21, 0x10, 0x00, 0x00, 0x00, 0x00, 0x00, 0x00, 0x00,
  0x00, 0x00, 0x00, 0x00, 0x00, 0x00, 0x00, 0x00, 0x00, 0x00, 0x00, 0x00, 0x00, 0x00, 0x00, 0x00,
  0x00, 0x00, 0x00, 0x00, 0x00, 0x00, 0x00, 0x00, 0x00, 0x00, 0x00, 0x00, 0x00, 0x00, 0x11, 0x11,
  0x22, 0x22, 0x22, 0x33, 0x33, 0x34, 0x44, 0x44, 0x45, 0x55, 0x55, 0x55, 0x55, 0x66, 0x55, 0x55,
  0x54, 0x44, 0x44, 0x4f, 0xff, 0xff, 0xff, 0xff, 0xff, 0xff, 0xff, 0xff, 0xff, 0xff, 0xff, 0xff,
  0xff, 0xff, 0x4a, 0x74, 0x44, 0x4f, 0xff, 0xff, 0xff, 0xff, 0xff, 0xde, 0xee, 0xcb, 0xcc, 0xca,
  0x93, 0xff, 0xff, 0xff, 0xff, 0xff, 0xff, 0xff, 0xff, 0xff, 0xff, 0xff, 0xff, 0xff, 0xfd, 0xac,
  0xbc, 0xc7, 0x74, 0xff, 0xff, 0xff, 0xff, 0xff, 0xff, 0xee, 0xee, 0xec, 0xcb, 0xcc, 0xcc, 0x86,
  0x6d, 0xff, 0xff, 0xff, 0xff, 0xff, 0xff, 0xff, 0xff, 0xff, 0xff, 0xff, 0xff, 0xff, 0xff, 0xff,
  0xff, 0xff, 0xee, 0xc7, 0x77, 0x77, 0x54, 0xdf, 0xff, 0xff, 0xff, 0xff, 0xff, 0xff, 0xff, 0xff,
  0xff, 0xff, 0xff, 0xff, 0xff, 0xff, 0xff, 0xff, 0x3a, 0x99, 0x86, 0x88, 0x88, 0x88, 0x88, 0xc9,
  0x99, 0x99, 0x95, 0x55, 0x44, 0x44, 0x44, 0x33, 0x33, 0x33, 0x22, 0x21, 0x10, 0x00, 0x00, 0x00,
  0x00, 0x00, 0x00, 0x00, 0x00, 0x00, 0x00, 0x00, 0x00, 0x00, 0x00, 0x00, 0x00, 0x00, 0x00, 0x00,
  0x00, 0x00, 0x00, 0x00, 0x00, 0x00, 0x00, 0x00, 0x00, 0x00, 0x00, 0x00, 0x00, 0x00, 0x00, 0x00,
  0x00, 0x00, 0x00, 0x01, 0x12, 0x22, 0x22, 0x33, 0x33, 0x33, 0x34, 0x44, 0x44, 0x44, 0x55, 0x55,
  0x56, 0x66, 0x55, 0x55, 0x55, 0x55, 0x44, 0x4f, 0xff, 0xff, 0xff, 0xff, 0xff, 0xff, 0xff, 0xff,
  0xff, 0xff, 0xff, 0xff, 0xff, 0xfd, 0xa7, 0x74, 0x74, 0x5f, 0xff, 0xff, 0xff, 0xff, 0xff, 0xde,
  0xec, 0xcb, 0xcc, 0xc6, 0x76, 0x3f, 0xff, 0xff, 0xff, 0xff, 0xff, 0xff, 0xff, 0xff, 0xff, 0xff,
  0xff, 0xff, 0x4d, 0xee, 0xbc, 0x86, 0x64, 0xff, 0xff, 0xff, 0xff, 0xff, 0xfd, 0xee, 0xee, 0xec,
  0xcb, 0xcc, 0xcc, 0x88, 0x88, 0x4f, 0xff, 0xff, 0xff, 0xff, 0xff, 0xff, 0xff, 0xff, 0xff, 0xff,
  0xfd, 0xff, 0xff, 0xff, 0xff, 0xff, 0xee, 0xeb, 0xbb, 0xc8, 0x86, 0x4f, 0xff, 0xff, 0xff, 0xff,
  0xff, 0xff, 0xff, 0xff, 0xff, 0xff, 0xf3, 0xff, 0xff, 0xff, 0xff, 0xff, 0x4e, 0xe8, 0x88, 0x88,
  0x88, 0x88, 0x88, 0x89, 0x99, 0x66, 0x55, 0x54, 0x44, 0x44, 0x43, 0x33, 0x33, 0x22, 0x22, 0x21,
  0x10, 0x00, 0x00, 0x00, 0x00, 0x00, 0x00, 0x00, 0x00, 0x00, 0x00, 0x00, 0x00, 0x00, 0x00, 0x00,
  0x00, 0x00, 0x00, 0x00, 0x00, 0x00, 0x00, 0x00, 0x00, 0x00, 0x00, 0x00, 0x00, 0x00, 0x00, 0x00,
  0x00, 0x00, 0x00, 0x00, 0x00, 0x00, 0x00, 0x01, 0x12, 0x22, 0x22, 0x23, 0x23, 0x33, 0x34, 0x44,
  0x44, 0x44, 0x55, 0x55, 0x56, 0x66, 0x65, 0x55, 0x55, 0x55, 0x44, 0x4f, 0xff, 0xff, 0xff, 0xff,
  0xff, 0xff, 0xff, 0xff, 0xff, 0xff, 0xff, 0xff, 0xff, 0xf3, 0x79, 0x77, 0x84, 0x4f, 0xff, 0xff,
  0xff, 0xff, 0xff, 0x4e, 0xec, 0xcb, 0xcc, 0xc8, 0x76, 0x53, 0xff, 0xff, 0xff, 0xff, 0xff, 0xff,
  0xff, 0xff, 0xff, 0xff, 0xff, 0xf4, 0xce, 0xee, 0xbc, 0x87, 0x44, 0xff, 0xff, 0xff, 0xff, 0xff,
  0xf3, 0xee, 0xee, 0xec, 0xcc, 0xcc, 0xcc, 0x88, 0x88, 0x75, 0xff, 0xff, 0xff, 0xff, 0xff, 0xff,
  0xff, 0xff, 0xff, 0xff, 0xdd, 0xff, 0xff, 0xff, 0xff, 0xff, 0xee, 0xec, 0xcb, 0xc8, 0x88, 0xd5,
  0xdf, 0xff, 0xff, 0xff, 0xff, 0xff, 0xff, 0xff, 0xff, 0xff, 0x3d, 0xff, 0xff, 0xff, 0xff, 0xff,
  0xae, 0xe7, 0x88, 0x88, 0x88, 0x88, 0x88, 0x89, 0x99, 0x66, 0x55, 0x44, 0x44, 0x44, 0x43, 0x33,
  0x33, 0x22, 0x22, 0x11, 0x10, 0x00, 0x00, 0x00, 0x00, 0x00, 0x00, 0x00, 0x00, 0x00, 0x00, 0x00,
  0x00, 0x00, 0x00, 0x00, 0x00, 0x00, 0x00, 0x00, 0x00, 0x00, 0x00, 0x00, 0x00, 0x00, 0x00, 0x00,
  0x00, 0x00, 0x00, 0x00, 0x00, 0x00, 0x00, 0x00, 0x00, 0x00, 0x00, 0x01, 0x12, 0x22, 0x22, 0x23,
  0x33, 0x33, 0x34, 0x44, 0x44, 0x44, 0x45, 0x65, 0x55, 0x56, 0x65, 0x55, 0x55, 0x55, 0x44, 0xdf,
  0xff, 0xff, 0xff, 0xff, 0xff, 0xff, 0xff, 0xff, 0xff, 0xff, 0xff, 0xff, 0xff, 0xf5, 0x4e, 0x77,
  0x77, 0xdf, 0xff, 0xff, 0xff, 0xff, 0xff, 0xae, 0xec, 0xcb, 0xcc, 0xcc, 0x88, 0xa4, 0x43, 0xff,
  0xff, 0xff, 0xff, 0xff, 0xff, 0xff, 0xff, 0xff, 0xf3, 0x5e, 0xbb, 0xee, 0xbc, 0x86, 0x63, 0xff,
  0xff, 0xff, 0xff, 0xff, 0xf4, 0xee, 0xee, 0xec, 0xcc, 0xcc, 0xcc, 0xcc, 0xcc, 0x77, 0x43, 0xff,
  0xff, 0xff, 0xff, 0xff, 0xff, 0xff, 0xff, 0xdd, 0xdf, 0xff, 0xff, 0xff, 0xff, 0xfd, 0xee, 0xec,
  0xcb, 0xcc, 0x88, 0x85, 0x43, 0xff, 0xff, 0xff, 0xff, 0xff, 0xff, 0xff, 0xff, 0xd4, 0x6f, 0xff,
  0xff, 0xff, 0xff, 0xfd, 0x6e, 0xe7, 0x88, 0x88, 0x66, 0x88, 0x88, 0x89, 0x99, 0x55, 0x54, 0x44,
  0x44, 0x44, 0x43, 0x33, 0x22, 0x22, 0x22, 0x11, 0x10, 0x00, 0x00, 0x00, 0x00, 0x00, 0x00, 0x00,
  0x00, 0x00, 0x00, 0x00, 0x00, 0x00, 0x00, 0x00, 0x00, 0x00, 0x00, 0x00, 0x00, 0x00, 0x00, 0x00,
  0x00, 0x00, 0x00, 0x00, 0x00, 0x00, 0x00, 0x00, 0x00, 0x00, 0x00, 0x00, 0x00, 0x00, 0x00, 0x00,
  0x00, 0x22, 0x22, 0x22, 0x33, 0x33, 0x33, 0x44, 0x44, 0x44, 0x44, 0x55, 0x55, 0x56, 0x65, 0x66,
  0x68, 0x88, 0x77, 0xdf, 0xff, 0xff, 0xff, 0xff, 0xff, 0xff, 0xff, 0xff, 0xff, 0xff, 0xff, 0xff,
  0xff, 0xf5, 0x9c, 0xcc, 0x8b, 0xdf, 0xff, 0xff, 0xff, 0xff, 0xff, 0xae, 0xec, 0xcb, 0xbb, 0xbe,
  0xee, 0xb9, 0x96, 0x3d, 0xff, 0xff, 0xff, 0xff, 0xff, 0xff, 0xff, 0xfd, 0x6e, 0xee, 0xee, 0xcc,
  0xcc, 0x86, 0x73, 0xff, 0xff, 0xff, 0xff, 0xff, 0xfa, 0xee, 0xee, 0xee, 0xee, 0xee, 0xee, 0xee,
  0xb8, 0x8b, 0x87, 0x4f, 0xff, 0xff, 0xff, 0xff, 0xff, 0xff, 0xf4, 0xce, 0xed, 0xff, 0xff, 0xff,
  0xff, 0xf4, 0xee, 0xec, 0xcc, 0xbc, 0xcb, 0x9a, 0xa6, 0x5d, 0xff, 0xff, 0xff, 0xff, 0xff, 0xff,
  0xf3, 0x57, 0xef, 0xff, 0xff, 0xff, 0xff, 0xf2, 0xee, 0xe7, 0x88, 0x88, 0x88, 0x88, 0x88, 0x88,
  0x88, 0x55, 0x54, 0x44, 0x44, 0x33, 0x33, 0x33, 0x22, 0x22, 0x11, 0x00, 0x00, 0x01, 0x10, 0x00,
  0x00, 0x00, 0x00, 0x00, 0x00, 0x00, 0x00, 0x00, 0x00, 0x00, 0x00, 0x00, 0x00, 0x00, 0x00, 0x00,
  0x00, 0x00, 0x00, 0x00, 0x00, 0x00, 0x00, 0x00, 0x00, 0x00, 0x00, 0x00, 0x00, 0x00, 0x00, 0x00,
  0x00, 0x00, 0x00, 0x00, 0x00, 0x22, 0x22, 0x22, 0x23, 0x33, 0x33, 0x34, 0x44, 0x44, 0x44, 0x55,
  0x55, 0x55, 0x56, 0x87, 0x78, 0x88, 0xc8, 0x74, 0xd4, 0x43, 0x44, 0x44, 0x44, 0x44, 0x44, 0x44,
  0x44, 0x33, 0x33, 0x34, 0x34, 0xde, 0x99, 0xcc, 0xa9, 0x5d, 0xd4, 0x43, 0x33, 0x44, 0x4d, 0x4b,
  0xec, 0xcb, 0xcc, 0xce, 0xee, 0xeb, 0xba, 0x64, 0x4d, 0xdd, 0xff, 0xff, 0xff, 0xfd, 0xdd, 0x4d,
  0xee, 0xee, 0xee, 0xcc, 0xcc, 0x86, 0x95, 0x44, 0x33, 0x33, 0x44, 0x45, 0xdc, 0xee, 0xee, 0xee,
  0xee, 0xee, 0xee, 0xee, 0xcc, 0xcc, 0x8e, 0xbd, 0x5d, 0xdf, 0xff, 0xff, 0xfd, 0xdd, 0xee, 0xcc,
  0xea, 0xdd, 0x44, 0x44, 0x44, 0x4e, 0xee, 0xe8, 0x8c, 0xbc, 0xcb, 0xbe, 0xec, 0xaa, 0x4d, 0xdd,
  0xff, 0xff, 0xfd, 0xdd, 0xe8, 0xde, 0x7d, 0xdd, 0x44, 0x44, 0x44, 0x5e, 0xee, 0xe7, 0x88, 0x88,
  0x87, 0x78, 0x88, 0x88, 0x66, 0x55, 0x45, 0x44, 0x44, 0x33, 0x33, 0x32, 0x22, 0x22, 0x11, 0x00,
  0x00, 0x01, 0x10, 0x00, 0x00, 0x00, 0x00, 0x00, 0x00, 0x00, 0x00, 0x00, 0x00, 0x00, 0x00, 0x00,
  0x00, 0x00, 0x00, 0x00, 0x00, 0x00, 0x00, 0x00, 0x00, 0x00, 0x00, 0x00, 0x00, 0x00, 0x00, 0x00,
  0x00, 0x00, 0x00, 0x00, 0x00, 0x00, 0x00, 0x00, 0x00, 0x11, 0x22, 0x22, 0x22, 0x33, 0x33, 0x33,
  0x44, 0x44, 0x44, 0x55, 0x55, 0x55, 0x56, 0x88, 0x88, 0x8c, 0xcc, 0xbe, 0x4c, 0xee, 0xaa, 0xee,
  0xee, 0xee, 0xee, 0xee, 0xee, 0xaa, 0xad, 0xea, 0xe5, 0xae, 0x99, 0xcc, 0x87, 0x8b, 0xee, 0xea,
  0x65, 0xa6, 0x6e, 0xab, 0xec, 0xc9, 0xcc, 0xce, 0xee, 0xee, 0xba, 0xea, 0xa5, 0x55, 0x54, 0x33,
  0x44, 0xaa, 0x67, 0xcb, 0xce, 0xeb, 0xce, 0xcc, 0xcc, 0x86, 0x75, 0x45, 0x56, 0x66, 0x88, 0x87,
  0x7e, 0xee, 0xee, 0xee, 0xee, 0xee, 0xee, 0xee, 0xcc, 0xcc, 0xc7, 0xeb, 0x97, 0x5a, 0x65, 0x44,
  0xeb, 0xce, 0xeb, 0xcc, 0xcc, 0xe4, 0xee, 0xeb, 0xbe, 0xb7, 0xbb, 0xbc, 0xcc, 0xbc, 0xcb, 0xbb,
  0xeb, 0x7a, 0xa6, 0x4a, 0x54, 0x45, 0x6e, 0xe8, 0x7e, 0xbb, 0xe7, 0x5b, 0x59, 0xa7, 0x7b, 0xee,
  0xee, 0xe8, 0x88, 0x88, 0x88, 0x88, 0x88, 0x88, 0x65, 0x55, 0x44, 0x44, 0x44, 0x33, 0x33, 0x22,
  0x22, 0x21, 0x11, 0x00, 0x00, 0x00, 0x10, 0x00, 0x00, 0x00, 0x00, 0x00, 0x00, 0x00, 0x00, 0x00,
  0x00, 0x00, 0x00, 0x00, 0x00, 0x00, 0x00, 0x00, 0x00, 0x00, 0x00, 0x00, 0x00, 0x00, 0x00, 0x00,
  0x00, 0x00, 0x00, 0x00, 0x00, 0x00, 0x00, 0x00, 0x00, 0x00, 0x00, 0x00, 0x00, 0x11, 0x11, 0x12,
  0x22, 0x23, 0x33, 0x33, 0x33, 0x44, 0x44, 0x45, 0x55, 0x55, 0x55, 0x66, 0x68, 0x8c, 0xcc, 0xcb,
  0xee, 0xeb, 0xbc, 0xee, 0xee, 0xbb, 0xbb, 0xbb, 0xbb, 0xbc, 0xa9, 0x99, 0xcc, 0xcc, 0xcc, 0xc7,
  0x78, 0x79, 0xac, 0xcc, 0x68, 0x88, 0xcc, 0xcc, 0xca, 0xac, 0xbe, 0xeb, 0xee, 0xee, 0xeb, 0x99,
  0x96, 0x66, 0x66, 0x66, 0x66, 0x69, 0x9b, 0xbe, 0xcc, 0x8c, 0x88, 0xcc, 0xcc, 0x88, 0x86, 0x65,
  0x57, 0x78, 0xcc, 0xcc, 0xce, 0xee, 0xee, 0xbb, 0xbb, 0xcc, 0xce, 0xee, 0xbc, 0xcc, 0xce, 0xee,
  0xee, 0xee, 0xee, 0xee, 0xee, 0xee, 0xee, 0xcc, 0xcc, 0xcc, 0xee, 0xeb, 0xec, 0xbb, 0xbb, 0xbc,
  0xcc, 0xbc, 0xce, 0xee, 0xee, 0xeb, 0xbc, 0xa9, 0xbb, 0xbb, 0xee, 0xee, 0xcc, 0xcc, 0xcc, 0xea,
  0x98, 0x88, 0x9c, 0xcc, 0xcc, 0xcc, 0xcc, 0xcc, 0xaa, 0xca, 0x88, 0x86, 0x55, 0x54, 0x44, 0x44,
  0x33, 0x33, 0x32, 0x22, 0x22, 0x20, 0x00, 0x00, 0x00, 0x00, 0x00, 0x00, 0x00, 0x00, 0x00, 0x00,
  0x00, 0x00, 0x00, 0x00, 0x00, 0x00, 0x00, 0x00, 0x00, 0x00, 0x00, 0x00, 0x00, 0x00, 0x00, 0x00,
  0x00, 0x00, 0x00, 0x00, 0x00, 0x00, 0x00, 0x00, 0x00, 0x00, 0x00, 0x10, 0x00, 0x00, 0x00, 0x00,
  0x00, 0x11, 0x21, 0x12, 0x22, 0x23, 0x33, 0x33, 0x33, 0x44, 0x44, 0x44, 0x44, 0x55, 0x55, 0x55,
  0x58, 0x78, 0xcc, 0xcb, 0xbb, 0xbb, 0xbb, 0xbe, 0xee, 0xee, 0xbb, 0xee, 0xbb, 0xbc, 0xc9, 0xac,
  0xcc, 0xcc, 0xcc, 0x78, 0x88, 0x69, 0x9e, 0xe6, 0x68, 0x88, 0x9c, 0xa9, 0xca, 0xac, 0xbb, 0xbe,
  0xee, 0xee, 0xeb, 0xba, 0x99, 0x99, 0x99, 0x99, 0x77, 0x8c, 0xce, 0xeb, 0x98, 0x88, 0x8c, 0x88,
  0x88, 0x88, 0xc8, 0x65, 0x68, 0x88, 0xee, 0xca, 0xcb, 0xbb, 0xee, 0xb8, 0xcb, 0xcc, 0xcb, 0xbb,
  0xbb, 0xbb, 0xce, 0xee, 0xee, 0xee, 0xee, 0xee, 0xee, 0xee, 0xee, 0xcc, 0xbc, 0xcc, 0xec, 0xbb,
  0xee, 0xbb, 0xbb, 0xbc, 0xcc, 0xcc, 0xce, 0xee, 0xee, 0xee, 0xbc, 0xcc, 0xbb, 0xbb, 0xee, 0xbe,
  0xcc, 0xcb, 0xbb, 0xcc, 0xc8, 0x88, 0x9a, 0xec, 0x9a, 0xcc, 0xcc, 0xce, 0xaa, 0xc9, 0x88, 0x86,
  0x56, 0x54, 0x44, 0x43, 0x33, 0x33, 0x32, 0x22, 0x21, 0x10, 0x00, 0x00, 0x00, 0x00, 0x00, 0x00,
  0x01, 0x00, 0x00, 0x00, 0x00, 0x00, 0x00, 0x00, 0x00, 0x00, 0x00, 0x00, 0x00, 0x00, 0x00, 0x00,
  0x00, 0x00, 0x00, 0x00, 0x00, 0x00, 0x00, 0x00, 0x00, 0x00, 0x00, 0x00, 0x00, 0x00, 0x00, 0x10,
  0x00, 0x00, 0x00, 0x00, 0x00, 0x11, 0x21, 0x22, 0x22, 0x22, 0x23, 0x33, 0x33, 0x34, 0x44, 0x44,
  0x45, 0x45, 0x65, 0x55, 0x68, 0x78, 0x9c, 0xcb, 0xbb, 0xbb, 0xbb, 0xbe, 0xee, 0xee, 0xbb, 0xee,
  0xbb, 0xcc, 0xc9, 0xac, 0xcc, 0xcc, 0xcc, 0x78, 0x86, 0x69, 0x9c, 0xe7, 0x68, 0x88, 0x8c, 0xbb,
  0xbe, 0xeb, 0xbb, 0xbe, 0xee, 0xee, 0xeb, 0xb9, 0xaa, 0x99, 0x99, 0xaa, 0x88, 0x8a, 0xce, 0xeb,
  0xc8, 0x88, 0x88, 0x88, 0x88, 0xc8, 0x88, 0x66, 0x68, 0x88, 0x99, 0x96, 0xcc, 0x99, 0x99, 0x98,
  0xcc, 0xcc, 0xc9, 0x99, 0x99, 0xcb, 0xce, 0xee, 0xee, 0xee, 0xee, 0xee, 0xee, 0xee, 0xcc, 0xcc,
  0xcc, 0xcc, 0xeb, 0xbb, 0xec, 0xbb, 0xbb, 0xb9, 0xcc, 0xcc, 0xee, 0xee, 0xee, 0xee, 0xbb, 0xbb,
  0xbb, 0xbb, 0xee, 0xbe, 0xec, 0xc9, 0x99, 0xcc, 0xc7, 0x88, 0x89, 0xcc, 0xa9, 0xac, 0xca, 0xa9,
  0x99, 0x98, 0x88, 0x66, 0x54, 0x44, 0x44, 0x33, 0x33, 0x33, 0x32, 0x22, 0x11, 0x10, 0x00, 0x00,
  0x00, 0x00, 0x00, 0x00, 0x01, 0x00, 0x00, 0x00, 0x00, 0x00, 0x00, 0x00, 0x00, 0x00, 0x00, 0x00,
  0x00, 0x00, 0x00, 0x00, 0x00, 0x00, 0x00, 0x00, 0x00, 0x00, 0x00, 0x00, 0x00, 0x00, 0x00, 0x00,
  0x00, 0x00, 0x00, 0x00, 0x00, 0x00, 0x00, 0x00, 0x00, 0x11, 0x22, 0x22, 0x22, 0x22, 0x23, 0x33,
  0x33, 0x34, 0x44, 0x44, 0x44, 0x55, 0x45, 0x55, 0x68, 0x88, 0x86, 0x6c, 0xcc, 0xc6, 0xac, 0xcc,
  0xee, 0xbb, 0xbb, 0xbb, 0xcc, 0xcc, 0xc9, 0xac, 0xcc, 0xcc, 0xcc, 0x78, 0x99, 0x99, 0xac, 0xc4,
  0xa8, 0x88, 0x8c, 0x9b, 0xee, 0xeb, 0xcc, 0xcc, 0xcc, 0xbe, 0xec, 0xcc, 0xee, 0x9a, 0xee, 0xec,
  0x88, 0x89, 0xcc, 0xcc, 0xcc, 0xc8, 0x88, 0x86, 0x6c, 0x88, 0x88, 0x88, 0x88, 0x8c, 0xc8, 0x88,
  0x67, 0xc8, 0x8c, 0xc6, 0x88, 0xcc, 0xcc, 0xcc, 0xcc, 0x9b, 0xbe, 0xee, 0xee, 0xee, 0xee, 0xee,
  0xec, 0xac, 0xcc, 0xbc, 0xcc, 0xcb, 0xbb, 0xbb, 0xee, 0xbb, 0xbb, 0xbb, 0xcc, 0xee, 0xee, 0xee,
  0xee, 0xee, 0xbb, 0xbb, 0xbb, 0xbc, 0xcb, 0xbb, 0xee, 0xec, 0xcc, 0xcc, 0x87, 0x88, 0x8c, 0xcc,
  0xcc, 0xcc, 0xca, 0x99, 0x99, 0x88, 0x89, 0x65, 0x44, 0x44, 0x43, 0x33, 0x33, 0x33, 0x22, 0x22,
  0x00, 0x00, 0x00, 0x00, 0x00, 0x00, 0x00, 0x00, 0x00, 0x00, 0x00, 0x00, 0x00, 0x00, 0x00, 0x00,
  0x00, 0x00, 0x00, 0x00, 0x00, 0x00, 0x00, 0x00, 0x00, 0x00, 0x00, 0x00, 0x00, 0x00, 0x00, 0x00,
  0x00, 0x00, 0x00, 0x00, 0x00, 0x00, 0x00, 0x00, 0x00, 0x00, 0x00, 0x00, 0x00, 0x11, 0x22, 0x22,
  0x22, 0x22, 0x23, 0x33, 0x33, 0x34, 0x44, 0x44, 0x44, 0x45, 0x45, 0x55, 0x68, 0x88, 0x86, 0x6a,
  0xcc, 0xc6, 0xac, 0xc6, 0xac, 0xbb, 0xee, 0xcb, 0xcc, 0xcc, 0xcc, 0xcc, 0xcc, 0xcc, 0xcc, 0xc8,
  0x9c, 0x9a, 0xa9, 0x67, 0xe7, 0x77, 0x7c, 0x9b, 0xbb, 0xcb, 0xcc, 0xcc, 0xcc, 0xbb, 0xbc, 0xcc,
  0xee, 0xcc, 0xcc, 0xe9, 0x88, 0xcc, 0xcc, 0xcc, 0x88, 0x88, 0x88, 0x88, 0x88, 0x88, 0xcc, 0x88,
  0x88, 0x8c, 0xc8, 0x88, 0x78, 0x8c, 0x88, 0xcc, 0xcc, 0x8c, 0xcc, 0xcc, 0xcc, 0x9b, 0xbb, 0xee,
  0xee, 0xee, 0xee, 0xee, 0xec, 0xcc, 0xcc, 0xbc, 0xcb, 0xcc, 0xee, 0xee, 0xbb, 0xbb, 0xbb, 0xbc,
  0xcc, 0xee, 0xee, 0xee, 0xee, 0xee, 0xbe, 0xeb, 0xbb, 0xbc, 0xcb, 0xbb, 0xee, 0xbc, 0xcc, 0xcc,
  0x87, 0x88, 0x88, 0x99, 0xcc, 0xcc, 0xcc, 0xc9, 0x99, 0x88, 0x89, 0x65, 0x44, 0x44, 0x43, 0x33,
  0x33, 0x32, 0x22, 0x22, 0x00, 0x00, 0x00, 0x00, 0x00, 0x00, 0x00, 0x00, 0x00, 0x11, 0x00, 0x00,
  0x00, 0x00, 0x00, 0x00, 0x00, 0x00, 0x00, 0x00, 0x00, 0x00, 0x00, 0x00, 0x00, 0x00, 0x00, 0x00,
  0x00, 0x00, 0x00, 0x00, 0x00, 0x00, 0x00, 0x00, 0x00, 0x00, 0x00, 0x00, 0x00, 0x10, 0x11, 0x11,
  0x11, 0x11, 0x11, 0x11, 0x22, 0x21, 0x22, 0x33, 0x33, 0x33, 0x44, 0x44, 0x44, 0x44, 0x45, 0x45,
  0x66, 0x78, 0x87, 0x78, 0xcc, 0xcc, 0xc8, 0xc9, 0xec, 0xee, 0xee, 0xbb, 0xbe, 0xeb, 0xbc, 0xcc,
  0xcc, 0xcc, 0xcc, 0xcc, 0xcc, 0x9a, 0xca, 0xcc, 0xe7, 0x88, 0xc8, 0xce, 0xbe, 0xeb, 0xcc, 0xcc,
  0xcc, 0xbb, 0xbb, 0xbb, 0xea, 0xcc, 0x8c, 0xca, 0x78, 0xcc, 0xc9, 0x88, 0x88, 0x78, 0x88, 0x86,
  0x68, 0x88, 0xc8, 0x86, 0x89, 0x7c, 0x88, 0x88, 0x88, 0x9c, 0xcc, 0xc8, 0x88, 0x88, 0x8c, 0x88,
  0xcc, 0xc9, 0x9b, 0xee, 0xee, 0xee, 0xee, 0xee, 0xee, 0xcc, 0xcc, 0xbc, 0xcb, 0xcc, 0xee, 0xee,
  0xec, 0xbb, 0xee, 0xeb, 0xcc, 0xee, 0xee, 0xee, 0xee, 0xee, 0xeb, 0xbb, 0xbb, 0xcc, 0xce, 0xaa,
  0xee, 0xbc, 0xcc, 0xcc, 0xcc, 0xe8, 0x87, 0x88, 0x8c, 0xcc, 0xcc, 0xcc, 0x66, 0x65, 0x66, 0x44,
  0x44, 0x44, 0x43, 0x33, 0x32, 0x22, 0x22, 0x21, 0x00, 0x00, 0x00, 0x00, 0x00, 0x01, 0x11, 0x11,
  0x10, 0x00, 0x00, 0x00, 0x00, 0x00, 0x00, 0x00, 0x00, 0x00, 0x00, 0x00, 0x00, 0x00, 0x00, 0x00,
  0x00, 0x00, 0x00, 0x00, 0x00, 0x00, 0x00, 0x00, 0x00, 0x00, 0x00, 0x00, 0x00, 0x00, 0x00, 0x00,
  0x00, 0x10, 0x11, 0x22, 0x21, 0x11, 0x11, 0x11, 0x22, 0x22, 0x22, 0x33, 0x33, 0x33, 0x44, 0x44,
  0x44, 0x44, 0x45, 0x45, 0x56, 0x78, 0x88, 0x78, 0x88, 0x88, 0x86, 0x69, 0xec, 0xee, 0xbb, 0xbb,
  0xbe, 0xeb, 0xbc, 0xcc, 0xcc, 0xcc, 0xcc, 0xcc, 0xcc, 0xee, 0xcc, 0xcc, 0xa8, 0x8c, 0x88, 0xce,
  0xee, 0xeb, 0xcc, 0xac, 0xcc, 0xbb, 0xbb, 0xbb, 0xca, 0xc8, 0x8c, 0xca, 0x78, 0xca, 0xa9, 0x88,
  0x78, 0x77, 0x77, 0x86, 0x68, 0x88, 0xc8, 0x87, 0xc9, 0x7a, 0x88, 0x88, 0x88, 0x9c, 0xcc, 0xac,
  0xc8, 0x88, 0x88, 0x88, 0xcc, 0xcc, 0xcb, 0xce, 0xee, 0xbb, 0xee, 0xee, 0xee, 0xcc, 0x8c, 0xcc,
  0xcb, 0xbb, 0xee, 0xee, 0xee, 0xee, 0xee, 0xeb, 0xeb, 0xbb, 0xee, 0xee, 0xee, 0xee, 0xeb, 0xbb,
  0xcc, 0xcc, 0xee, 0xaa, 0xec, 0xcc, 0xcc, 0xcc, 0xcc, 0xe9, 0x86, 0x88, 0x8c, 0xcc, 0xcc, 0xa8,
  0x66, 0x66, 0x44, 0x44, 0x44, 0x43, 0x33, 0x33, 0x32, 0x22, 0x22, 0x21, 0x00, 0x00, 0x00, 0x00,
  0x00, 0x01, 0x11, 0x22, 0x10, 0x00, 0x00, 0x00, 0x00, 0x00, 0x00, 0x00, 0x00, 0x00, 0x00, 0x00,
  0x00, 0x00, 0x00, 0x00, 0x00, 0x00, 0x00, 0x00, 0x00, 0x00, 0x00, 0x00, 0x00, 0x00, 0x00, 0x00,
  0x00, 0x00, 0x00, 0x00, 0x00, 0x00, 0x11, 0x22, 0x21, 0x11, 0x22, 0x22, 0x21, 0x12, 0x22, 0x33,
  0x33, 0x33, 0x33, 0x44, 0x44, 0x44, 0x45, 0x55, 0x58, 0x77, 0x88, 0x88, 0x88, 0x88, 0x88, 0x8c,
  0xcc, 0xbb, 0xbb, 0xbb, 0xbb, 0xbb, 0xbc, 0xcc, 0xcc, 0xcc, 0xaa, 0xcc, 0xcc, 0xcc, 0xcc, 0xca,
  0xac, 0xcc, 0xc8, 0xcb, 0xee, 0xeb, 0xcc, 0xec, 0xcc, 0xbb, 0xbb, 0xbb, 0xc6, 0x88, 0x8c, 0xa9,
  0x87, 0x96, 0x98, 0x88, 0x66, 0x86, 0x66, 0x88, 0x88, 0xcc, 0xcc, 0xcc, 0xcc, 0x76, 0x88, 0x77,
  0x88, 0x9c, 0xcc, 0x9c, 0x88, 0x88, 0x88, 0x8c, 0xcc, 0xcc, 0xcb, 0xbb, 0xee, 0xbb, 0xbb, 0xbb,
  0xea, 0xc8, 0x8c, 0xcc, 0xcb, 0xbb, 0xee, 0xee, 0xee, 0xee, 0xee, 0xbb, 0xbb, 0xbb, 0xbb, 0xbb,
  0xbb, 0xee, 0xeb, 0xbb, 0xcc, 0xcc, 0xac, 0xcc, 0xa9, 0xcc, 0xcc, 0xcc, 0xcc, 0x99, 0x88, 0x88,
  0x7c, 0xa6, 0x69, 0x96, 0x66, 0x55, 0x44, 0x44, 0x44, 0x33, 0x33, 0x33, 0x22, 0x22, 0x22, 0x11,
  0x00, 0x00, 0x00, 0x00, 0x00, 0x01, 0x12, 0x22, 0x10, 0x00, 0x00, 0x00, 0x00, 0x00, 0x00, 0x00,
  0x00, 0x00, 0x00, 0x00, 0x00, 0x00, 0x00, 0x00, 0x00, 0x00, 0x00, 0x00, 0x00, 0x00, 0x00, 0x00,
  0x00, 0x00, 0x00, 0x00, 0x00, 0x00, 0x00, 0x00, 0x00, 0x00, 0x12, 0x21, 0x00, 0x00, 0x00, 0x00,
  0x10, 0x11, 0x22, 0x22, 0x23, 0x33, 0x33, 0x44, 0x44, 0x44, 0x45, 0x56, 0x55, 0x66, 0x88, 0x68,
  0x88, 0x88, 0x88, 0x8c, 0xcc, 0xcc, 0xcc, 0xcc, 0xcc, 0xa9, 0xcc, 0x88, 0xcc, 0xcc, 0xcc, 0xcc,
  0xa9, 0xc8, 0x88, 0xcc, 0xcb, 0xbc, 0xeb, 0xbb, 0xce, 0xee, 0xbe, 0xec, 0xcc, 0xcc, 0xa9, 0x99,
  0x99, 0x97, 0x99, 0x99, 0x88, 0x88, 0x66, 0x65, 0x66, 0x55, 0x55, 0x67, 0x88, 0x6c, 0xcc, 0xcc,
  0xcc, 0xcc, 0x88, 0xcc, 0xcc, 0xcc, 0xcc, 0xcc, 0xcc, 0xc8, 0x88, 0x8c, 0xcc, 0xcc, 0xcc, 0xcc,
  0xcc, 0xcc, 0xee, 0xcc, 0xc8, 0xcc, 0x88, 0xca, 0x9c, 0xcc, 0xbc, 0xce, 0xee, 0xeb, 0xbe, 0xee,
  0xeb, 0xbb, 0xbc, 0xcc, 0xcc, 0xcc, 0xcc, 0xcc, 0xca, 0x9c, 0x9a, 0xcc, 0xcc, 0xcc, 0x6e, 0x99,
  0x9c, 0x99, 0x99, 0x99, 0x98, 0x76, 0x56, 0x45, 0x44, 0x54, 0x44, 0x44, 0x43, 0x33, 0x33, 0x32,
  0x22, 0x22, 0x21, 0x00, 0x00, 0x00, 0x00, 0x00, 0x00, 0x00, 0x00, 0x00, 0x00, 0x00, 0x00, 0x00,
  0x00, 0x00, 0x00, 0x00, 0x00, 0x00, 0x00, 0x00, 0x00, 0x00, 0x00, 0x00, 0x00, 0x00, 0x00, 0x00,
  0x00, 0x00, 0x00, 0x00, 0x00, 0x00, 0x00, 0x00, 0x00, 0x00, 0x00, 0x00, 0x00, 0x00, 0x11, 0x11,
  0x00, 0x00, 0x00, 0x00, 0x10, 0x11, 0x22, 0x22, 0x22, 0x23, 0x33, 0x44, 0x44, 0x44, 0x45, 0x55,
  0x56, 0x66, 0x88, 0x68, 0x88, 0x87, 0x88, 0x8a, 0xac, 0xca, 0xac, 0xcc, 0xca, 0xa9, 0xcc, 0x88,
  0xaa, 0x9c, 0xaa, 0xcc, 0xaa, 0xc9, 0x88, 0xcc, 0xcb, 0xbc, 0xeb, 0xbb, 0xce, 0xee, 0xbe, 0xec,
  0xcc, 0xcc, 0xaa, 0xaa, 0x99, 0x97, 0x99, 0xaa, 0x88, 0x76, 0x66, 0x65, 0x66, 0x65, 0x55, 0x67,
  0x88, 0x7c, 0xac, 0xcc, 0xcc, 0xcc, 0x88, 0xcc, 0xcc, 0xcc, 0xcc, 0xac, 0xcc, 0x88, 0x88, 0x8c,
  0xcc, 0xcc, 0xcc, 0x88, 0xcc, 0xcc, 0xaa, 0xac, 0x98, 0x88, 0x88, 0xaa, 0x9c, 0xcc, 0xbe, 0xee,
  0xee, 0xeb, 0xee, 0xee, 0xeb, 0xbb, 0xbc, 0xcc, 0xce, 0xcc, 0xcc, 0xcc, 0xca, 0xac, 0xec, 0xac,
  0xac, 0xa9, 0x9e, 0x99, 0x9a, 0x66, 0x69, 0x99, 0xa8, 0x88, 0x56, 0x55, 0x44, 0x44, 0x44, 0x44,
  0x33, 0x33, 0x32, 0x22, 0x22, 0x22, 0x11, 0x00, 0x00, 0x00, 0x00, 0x00, 0x00, 0x00, 0x00, 0x00,
  0x00, 0x00, 0x00, 0x00, 0x00, 0x00, 0x00, 0x00, 0x00, 0x00, 0x00, 0x00, 0x00, 0x00, 0x00, 0x00,
  0x00, 0x00, 0x00, 0x00, 0x00, 0x00, 0x00, 0x00, 0x00, 0x00, 0x00, 0x00, 0x00, 0x00, 0x00, 0x00,
  0x00, 0x00, 0x11, 0x11, 0x00, 0x00, 0x00, 0x00, 0x00, 0x11, 0x22, 0x22, 0x22, 0x23, 0x33, 0x34,
  0x44, 0x44, 0x44, 0x44, 0x56, 0x65, 0x68, 0x68, 0x88, 0x86, 0x66, 0x69, 0xac, 0xca, 0x9c, 0xcc,
  0xc9, 0x99, 0xcc, 0x88, 0x9a, 0xac, 0xaa, 0xcc, 0xcc, 0xcc, 0xcc, 0xcc, 0xcb, 0xbc, 0xeb, 0xbb,
  0xce, 0xeb, 0xbe, 0xec, 0xcc, 0xcc, 0xcc, 0xca, 0x99, 0x97, 0x9e, 0xec, 0xc8, 0x88, 0x86, 0x55,
  0x55, 0x68, 0x65, 0x88, 0x88, 0xc9, 0x9c, 0xcc, 0xcc, 0xcc, 0xcc, 0xcc, 0xcc, 0xcc, 0xcc, 0x9c,
  0xcc, 0x8c, 0xcc, 0xcc, 0xcc, 0xcc, 0xcc, 0x88, 0xcc, 0xcc, 0xcc, 0x96, 0x68, 0x88, 0x8c, 0x99,
  0x9c, 0xcc, 0xbb, 0xce, 0xee, 0xbb, 0xee, 0xeb, 0xbb, 0xbb, 0xbc, 0x69, 0xca, 0xac, 0xcc, 0xcc,
  0xcc, 0xcc, 0xca, 0x9c, 0x6c, 0x96, 0xcc, 0x99, 0x99, 0xaa, 0xa9, 0x99, 0x68, 0x55, 0x55, 0x54,
  0x44, 0x44, 0x44, 0x44, 0x33, 0x33, 0x22, 0x22, 0x22, 0x22, 0x11, 0x00, 0x00, 0x00, 0x00, 0x00,
  0x00, 0x00, 0x00, 0x00, 0x00, 0x00, 0x00, 0x00, 0x00, 0x00, 0x00, 0x00, 0x00, 0x00, 0x00, 0x00,
  0x00, 0x00, 0x00, 0x00, 0x00, 0x00, 0x00, 0x00, 0x00, 0x00, 0x00, 0x00, 0x00, 0x00, 0x00, 0x00,
  0x00, 0x00, 0x00, 0x00, 0x00, 0x00, 0x00, 0x00, 0x00, 0x00, 0x00, 0x00, 0x00, 0x00, 0x02, 0x22,
  0x22, 0x23, 0x33, 0x33, 0x34, 0x44, 0x44, 0x44, 0x45, 0x56, 0x55, 0x58, 0x88, 0x69, 0x87, 0x89,
  0xac, 0xcc, 0xce, 0xcc, 0xca, 0xec, 0x9c, 0xcc, 0xbb, 0xbc, 0xcc, 0xcc, 0xcc, 0xcc, 0xcc, 0xcc,
  0xcb, 0xbb, 0xee, 0xee, 0xee, 0xce, 0xee, 0xec, 0xcc, 0xce, 0xec, 0xcb, 0xbb, 0xcc, 0xcb, 0xbb,
  0xcc, 0xc8, 0x86, 0x55, 0x55, 0x58, 0x76, 0x99, 0x9c, 0xcc, 0xcc, 0xcc, 0xcc, 0xcc, 0x9a, 0xcc,
  0x9a, 0xcc, 0xcc, 0xcb, 0xbb, 0xca, 0xec, 0xcc, 0xee, 0xcc, 0xcc, 0x88, 0xcc, 0xcc, 0x88, 0x88,
  0x88, 0x88, 0x88, 0x99, 0x9a, 0xa9, 0xbb, 0xee, 0xbb, 0xbb, 0xbe, 0xeb, 0xee, 0xbb, 0xb9, 0xcb,
  0xb9, 0xba, 0x9b, 0xbb, 0xcc, 0xc9, 0xca, 0x99, 0xac, 0x99, 0xac, 0xca, 0x99, 0xca, 0x99, 0x99,
  0x9c, 0x55, 0x67, 0x54, 0x44, 0x44, 0x44, 0x33, 0x33, 0x33, 0x22, 0x22, 0x22, 0x22, 0x11, 0x00,
  0x00, 0x00, 0x00, 0x00, 0x00, 0x00, 0x00, 0x00, 0x00, 0x00, 0x00, 0x00, 0x00, 0x00, 0x00, 0x00,
  0x00, 0x00, 0x00, 0x00, 0x00, 0x00, 0x00, 0x00, 0x00, 0x00, 0x00, 0x00, 0x00, 0x00, 0x00, 0x00,
  0x00, 0x00, 0x00, 0x00, 0x00, 0x00, 0x00, 0x00, 0x00, 0x00, 0x00, 0x00, 0x00, 0x00, 0x00, 0x00,
  0x00, 0x00, 0x02, 0x22, 0x22, 0x22, 0x33, 0x33, 0x33, 0x34, 0x44, 0x44, 0x44, 0x45, 0x55, 0x58,
  0x89, 0xc9, 0x88, 0x69, 0xac, 0xca, 0xaa, 0xca, 0xaa, 0xcc, 0xac, 0xcc, 0xbb, 0xba, 0xcc, 0xcc,
  0xcc, 0xaa, 0xcc, 0xcc, 0xce, 0xee, 0xee, 0xee, 0xee, 0xce, 0xee, 0xec, 0xce, 0xee, 0x8c, 0xcb,
  0xbb, 0xcc, 0xcb, 0xbb, 0xca, 0x97, 0x86, 0x56, 0x56, 0x56, 0x87, 0x9a, 0xac, 0xcc, 0xcc, 0xc8,
  0x88, 0x88, 0xac, 0xca, 0x9e, 0xec, 0xcc, 0xcb, 0xbb, 0xcc, 0xec, 0xcc, 0xee, 0xcc, 0xac, 0x88,
  0xae, 0xcc, 0x88, 0x88, 0x88, 0x67, 0x77, 0x9e, 0xa9, 0xaa, 0xbb, 0xbe, 0xbb, 0xbe, 0xee, 0xeb,
  0xee, 0xbb, 0xba, 0xcb, 0xbb, 0xbc, 0xab, 0xbb, 0xcc, 0xc9, 0xaa, 0x99, 0x6c, 0x99, 0x9a, 0xac,
  0xaa, 0xaa, 0x9a, 0xa9, 0xa6, 0x55, 0x44, 0x44, 0x44, 0x44, 0x43, 0x33, 0x33, 0x32, 0x22, 0x22,
  0x12, 0x11, 0x21, 0x00, 0x00, 0x00, 0x00, 0x00, 0x00, 0x00, 0x00, 0x00, 0x00, 0x00, 0x00, 0x00,
  0x00, 0x00, 0x00, 0x00, 0x00, 0x00, 0x00, 0x00, 0x00, 0x00, 0x00, 0x00, 0x00, 0x00, 0x00, 0x00,
  0x00, 0x00, 0x00, 0x00, 0x00, 0x00, 0x00, 0x00, 0x00, 0x00, 0x00, 0x00, 0x00, 0x00, 0x00, 0x00,
  0x00, 0x00, 0x00, 0x00, 0x00, 0x00, 0x01, 0x22, 0x12, 0x22, 0x23, 0x33, 0x33, 0x34, 0x44, 0x44,
  0x44, 0x44, 0x56, 0x66, 0x79, 0xc9, 0x88, 0xc9, 0xac, 0xca, 0xac, 0xca, 0x9c, 0xcc, 0xcc, 0xcc,
  0xbb, 0x99, 0xac, 0xcc, 0xcc, 0x9a, 0xcc, 0xcc, 0xce, 0xee, 0xee, 0xee, 0xee, 0xee, 0xee, 0xbc,
  0xcc, 0xce, 0xec, 0xcb, 0xbb, 0xbb, 0xcb, 0xbb, 0xca, 0x98, 0x86, 0x55, 0x58, 0x88, 0x78, 0x9a,
  0xcc, 0xcc, 0xcc, 0xc8, 0x88, 0x88, 0xcc, 0xa9, 0xe9, 0x9c, 0xcc, 0xcb, 0xbb, 0xcc, 0xcc, 0xcc,
  0xee, 0xcc, 0x99, 0xcc, 0xe9, 0xa6, 0x77, 0x88, 0x88, 0xc8, 0x88, 0x9e, 0xce, 0xec, 0xbb, 0xbb,
  0xbb, 0xce, 0xee, 0xcb, 0xbb, 0xbb, 0xbc, 0xcb, 0xbb, 0xbc, 0xcb, 0xbb, 0xcc, 0xc9, 0x99, 0x99,
  0x6a, 0x99, 0x99, 0xae, 0xcc, 0x99, 0x96, 0x69, 0x65, 0x54, 0x44, 0x44, 0x44, 0x44, 0x33, 0x33,
  0x33, 0x32, 0x22, 0x22, 0x12, 0x11, 0x21, 0x00, 0x00, 0x00, 0x00, 0x00, 0x00, 0x00, 0x00, 0x00,
  0x00, 0x00, 0x00, 0x00, 0x00, 0x00, 0x00, 0x00, 0x00, 0x00, 0x00, 0x00, 0x00, 0x00, 0x00, 0x00,
  0x00, 0x00, 0x00, 0x00, 0x00, 0x00, 0x00, 0x00, 0x00, 0x00, 0x00, 0x00, 0x00, 0x00, 0x00, 0x00,
  0x00, 0x00, 0x00, 0x00, 0x00, 0x00, 0x00, 0x00, 0x00, 0x00, 0x00, 0x00, 0x22, 0x22, 0x22, 0x23,
  0x33, 0x34, 0x44, 0x44, 0x44, 0x44, 0x45, 0x55, 0x56, 0x99, 0x96, 0x9b, 0xbb, 0xcc, 0xcc, 0xcc,
  0xcc, 0xcc, 0xcc, 0xa9, 0x9a, 0xcc, 0xcc, 0xcc, 0xcc, 0xcc, 0xcc, 0xee, 0xee, 0xee, 0xee, 0xec,
  0xce, 0xeb, 0xcc, 0xcb, 0xbb, 0xbb, 0xbb, 0xbb, 0xbc, 0xbc, 0xbb, 0xbb, 0xcc, 0xcc, 0x96, 0x66,
  0x67, 0x88, 0x77, 0xcc, 0xcc, 0xcb, 0xbb, 0x98, 0x88, 0x88, 0x99, 0x99, 0xcc, 0xcc, 0xcc, 0xcb,
  0xbb, 0xee, 0xbc, 0xaa, 0xc9, 0xac, 0xca, 0xac, 0x87, 0x6c, 0x88, 0x88, 0x88, 0xc9, 0x99, 0xcc,
  0xcc, 0xcc, 0xcc, 0xcc, 0xce, 0xee, 0xee, 0xeb, 0xbb, 0xcc, 0xcc, 0xcc, 0xc9, 0x9a, 0xc9, 0xac,
  0xcc, 0xc9, 0x9a, 0xca, 0xa9, 0x99, 0xac, 0xca, 0xec, 0x99, 0x99, 0x65, 0x54, 0x44, 0x44, 0x44,
  0x44, 0x44, 0x33, 0x33, 0x33, 0x22, 0x22, 0x11, 0x10, 0x00, 0x01, 0x11, 0x00, 0x00, 0x00, 0x00,
  0x00, 0x00, 0x00, 0x00, 0x00, 0x00, 0x00, 0x00, 0x00, 0x00, 0x00, 0x00, 0x00, 0x00, 0x00, 0x00,
  0x00, 0x00, 0x00, 0x00, 0x00, 0x00, 0x00, 0x00, 0x00, 0x00, 0x00, 0x00, 0x00, 0x00, 0x00, 0x00,
  0x00, 0x00, 0x00, 0x00, 0x00, 0x00, 0x00, 0x00, 0x00, 0x00, 0x00, 0x00, 0x00, 0x00, 0x00, 0x00,
  0x11, 0x22, 0x22, 0x23, 0x33, 0x33, 0x43, 0x44, 0x44, 0x44, 0x44, 0x45, 0x56, 0x66, 0xa9, 0x9b,
  0xb9, 0x9a, 0xc9, 0xcc, 0xcc, 0xcc, 0x66, 0xa9, 0xcc, 0xcc, 0xcc, 0xcc, 0xcc, 0xcc, 0xcc, 0xbb,
  0xbe, 0xee, 0xee, 0xec, 0xcc, 0xbb, 0xcc, 0xcb, 0xbb, 0xbb, 0xee, 0xee, 0xeb, 0xee, 0xbb, 0xbb,
  0xcc, 0xa9, 0x66, 0x87, 0x87, 0x66, 0x68, 0x68, 0xcc, 0xcc, 0xcb, 0x9c, 0xcc, 0xcc, 0xca, 0xe9,
  0xcc, 0xcc, 0xcc, 0xcb, 0xbb, 0xbb, 0xbc, 0xaa, 0xcc, 0xa9, 0xca, 0x99, 0xc8, 0x88, 0x88, 0xcc,
  0xcc, 0xcc, 0xcc, 0xcc, 0xcc, 0xcc, 0xcc, 0xcc, 0xcb, 0xbb, 0xbb, 0xbb, 0xbb, 0xcc, 0xa9, 0xcc,
  0xc9, 0xac, 0xc6, 0x69, 0x9a, 0x69, 0x99, 0x99, 0x99, 0x99, 0xac, 0x9a, 0xcc, 0x99, 0x96, 0x55,
  0x54, 0x44, 0x44, 0x44, 0x44, 0x43, 0x33, 0x32, 0x22, 0x22, 0x21, 0x11, 0x00, 0x00, 0x01, 0x21,
  0x00, 0x00, 0x00, 0x00, 0x00, 0x00, 0x00, 0x00, 0x00, 0x00, 0x00, 0x00, 0x00, 0x00, 0x00, 0x00,
  0x00, 0x00, 0x00, 0x00, 0x00, 0x00, 0x00, 0x00, 0x00, 0x00, 0x00, 0x00, 0x00, 0x00, 0x00, 0x00,
  0x00, 0x00, 0x00, 0x00, 0x00, 0x00, 0x00, 0x01, 0x11, 0x11, 0x10, 0x00, 0x00, 0x00, 0x00, 0x00,
  0x00, 0x00, 0x00, 0x00, 0x11, 0x22, 0x22, 0x22, 0x33, 0x33, 0x33, 0x44, 0x44, 0x44, 0x44, 0x44,
  0x55, 0x66, 0xaa, 0xab, 0xa9, 0x9a, 0xc9, 0xaa, 0xca, 0xac, 0x66, 0x99, 0xac, 0xcb, 0xbb, 0xcc,
  0xcb, 0xbc, 0xcc, 0xbb, 0xbe, 0xee, 0xee, 0xec, 0xcc, 0xeb, 0xcc, 0xcb, 0xbb, 0xbb, 0xee, 0xee,
  0xee, 0xee, 0xeb, 0xbb, 0xcc, 0xca, 0xa7, 0x77, 0x78, 0x88, 0x88, 0xcc, 0xcb, 0xbc, 0xcb, 0x9c,
  0xcc, 0xcc, 0xca, 0xc9, 0x9c, 0xcc, 0xcc, 0xcb, 0xbb, 0xbb, 0xbc, 0xee, 0xcc, 0xaa, 0xa9, 0x99,
  0x66, 0x87, 0x88, 0xcc, 0xcc, 0xcc, 0xcc, 0xcc, 0xcb, 0xbb, 0xbe, 0xbc, 0xcb, 0xbe, 0xcc, 0xbb,
  0xbb, 0xac, 0xaa, 0x69, 0xa9, 0x66, 0xcc, 0xaa, 0xaa, 0x6a, 0x99, 0x99, 0xaa, 0x9a, 0xaa, 0x9a,
  0xaa, 0x99, 0x66, 0x55, 0x44, 0x44, 0x44, 0x44, 0x44, 0x33, 0x33, 0x32, 0x22, 0x22, 0x11, 0x11,
  0x11, 0x11, 0x11, 0x21, 0x00, 0x00, 0x00, 0x00, 0x00, 0x00, 0x00, 0x00, 0x00, 0x00, 0x00, 0x00,
  0x00, 0x00, 0x00, 0x00, 0x00, 0x00, 0x00, 0x00, 0x00, 0x00, 0x00, 0x00, 0x00, 0x00, 0x00, 0x00,
  0x00, 0x00, 0x00, 0x00, 0x00, 0x00, 0x00, 0x00, 0x00, 0x00, 0x00, 0x01, 0x11, 0x11, 0x11, 0x00,
  0x00, 0x00, 0x00, 0x00, 0x00, 0x00, 0x00, 0x00, 0x00, 0x02, 0x22, 0x22, 0x23, 0x33, 0x33, 0x33,
  0x44, 0x44, 0x44, 0x44, 0x44, 0x56, 0xac, 0xc9, 0x99, 0x9a, 0xc9, 0x9a, 0xc9, 0xac, 0x9a, 0xa9,
  0xaa, 0xcb, 0xbb, 0xcc, 0xbb, 0xbb, 0xcc, 0xbb, 0xbb, 0xeb, 0xbe, 0xee, 0xec, 0xe8, 0x8c, 0xcc,
  0xcc, 0xbb, 0xbb, 0xbe, 0xee, 0xee, 0xeb, 0xbb, 0xcc, 0xcc, 0x97, 0x86, 0x78, 0x88, 0x8c, 0xcc,
  0xcb, 0xbe, 0xeb, 0x9c, 0xcc, 0xcc, 0xca, 0x9c, 0x88, 0xcc, 0xcc, 0xcc, 0xcc, 0xcc, 0xcc, 0xaa,
  0xcc, 0xcc, 0x9c, 0x88, 0x88, 0x67, 0x88, 0xcc, 0xcc, 0xcc, 0xcc, 0xcc, 0xcb, 0xbb, 0xbb, 0x9c,
  0xcb, 0xbe, 0xee, 0xbc, 0xcc, 0x95, 0xac, 0x99, 0x99, 0xee, 0xcc, 0xcc, 0xca, 0x9c, 0x99, 0x99,
  0xac, 0x9c, 0xa9, 0x99, 0x99, 0x96, 0x66, 0x54, 0x44, 0x44, 0x44, 0x44, 0x43, 0x33, 0x33, 0x22,
  0x22, 0x21, 0x12, 0x22, 0x21, 0x12, 0x21, 0x21, 0x00, 0x00, 0x00, 0x00, 0x00, 0x00, 0x00, 0x00,
  0x00, 0x00, 0x00, 0x00, 0x00, 0x00, 0x00, 0x00, 0x00, 0x00, 0x00, 0x00, 0x00, 0x00, 0x00, 0x00,
  0x00, 0x00, 0x00, 0x00, 0x00, 0x00, 0x00, 0x00, 0x00, 0x00, 0x00, 0x00, 0x00, 0x00, 0x00, 0x01,
  0x22, 0x11, 0x10, 0x00, 0x00, 0x00, 0x01, 0x00, 0x00, 0x00, 0x00, 0x00, 0x00, 0x02, 0x22, 0x22,
  0x23, 0x33, 0x33, 0x33, 0x33, 0x33, 0x44, 0x44, 0x44, 0x55, 0x56, 0x6a, 0xa9, 0x96, 0x69, 0xcc,
  0xcc, 0xcc, 0xcc, 0xaa, 0xcc, 0xcb, 0xbb, 0xcc, 0xbb, 0xbb, 0xcc, 0xbe, 0xee, 0xee, 0xee, 0xee,
  0xe7, 0xb8, 0x8c, 0xcc, 0xcc, 0xbb, 0xbe, 0xee, 0xee, 0xbe, 0xee, 0xee, 0xcc, 0xcc, 0x67, 0x88,
  0x88, 0x88, 0x8c, 0xcc, 0xcb, 0xbb, 0xbe, 0xcc, 0xcc, 0xcc, 0xca, 0x98, 0x88, 0xa9, 0xac, 0xcc,
  0xa9, 0xcc, 0xcc, 0xa9, 0x99, 0xac, 0x98, 0x88, 0x88, 0x88, 0x88, 0xcc, 0xcc, 0xcc, 0xcc, 0xcc,
  0xcb, 0xbb, 0xbb, 0x9c, 0xcb, 0xbe, 0xcb, 0xbc, 0xcc, 0xcc, 0xcc, 0x99, 0x99, 0x99, 0x6c, 0xcc,
  0x9a, 0xc9, 0xaa, 0x9c, 0xa9, 0x99, 0xac, 0x96, 0xa9, 0x66, 0xa6, 0x54, 0x44, 0x44, 0x44, 0x43,
  0x33, 0x33, 0x32, 0x22, 0x22, 0x21, 0x11, 0x11, 0x22, 0x11, 0x22, 0x21, 0x00, 0x00, 0x00, 0x00,
  0x00, 0x00, 0x00, 0x00, 0x00, 0x00, 0x00, 0x00, 0x00, 0x00, 0x00, 0x00, 0x00, 0x00, 0x00, 0x00,
  0x00, 0x00, 0x00, 0x00, 0x00, 0x00, 0x00, 0x00, 0x00, 0x00, 0x00, 0x00, 0x00, 0x00, 0x00, 0x00,
  0x00, 0x00, 0x00, 0x01, 0x11, 0x11, 0x11, 0x11, 0x01, 0x00, 0x00, 0x00, 0x00, 0x00, 0x00, 0x00,
  0x00, 0x02, 0x22, 0x22, 0x22, 0x32, 0x23, 0x33, 0x33, 0x33, 0x33, 0x34, 0x44, 0x44, 0x54, 0x45,
  0x56, 0x66, 0x6a, 0xaa, 0xaa, 0xac, 0xca, 0x96, 0xcc, 0xcb, 0xbb, 0xcc, 0xbb, 0xbb, 0xbb, 0xee,
  0xeb, 0xce, 0xee, 0xee, 0xeb, 0xe9, 0xcc, 0xcb, 0xbb, 0xbe, 0xee, 0xee, 0xee, 0xee, 0xee, 0xee,
  0xbb, 0xbc, 0xc8, 0x88, 0x87, 0x69, 0xcc, 0xcc, 0xcb, 0xbe, 0xee, 0xbb, 0xbc, 0xcc, 0xca, 0x96,
  0x99, 0xa9, 0xac, 0xcc, 0xca, 0xca, 0xaa, 0x6a, 0xaa, 0xaa, 0x98, 0x88, 0x77, 0x89, 0x99, 0xaa,
  0xee, 0xce, 0xec, 0xcc, 0xcb, 0xbb, 0xbb, 0xbb, 0xee, 0xbe, 0xbb, 0xbb, 0xbb, 0xcc, 0xcc, 0x9a,
  0xaa, 0xa9, 0xaa, 0xaa, 0x9a, 0xa9, 0xaa, 0x96, 0x99, 0x9a, 0x8a, 0x88, 0x86, 0x65, 0x54, 0x54,
  0x44, 0x44, 0x44, 0x43, 0x33, 0x33, 0x32, 0x22, 0x21, 0x11, 0x11, 0x11, 0x11, 0x11, 0x11, 0x21,
  0x11, 0x10, 0x00, 0x00, 0x00, 0x00, 0x00, 0x00, 0x00, 0x00, 0x00, 0x00, 0x00, 0x00, 0x00, 0x00,
  0x00, 0x00, 0x00, 0x00, 0x00, 0x00, 0x00, 0x00, 0x00, 0x00, 0x00, 0x00, 0x00, 0x00, 0x00, 0x00,
  0x00, 0x00, 0x00, 0x00, 0x00, 0x00, 0x00, 0x01, 0x11, 0x00, 0x11, 0x21, 0x01, 0x00, 0x00, 0x00,
  0x00, 0x00, 0x00, 0x00, 0x00, 0x01, 0x12, 0x22, 0x22, 0x22, 0x22, 0x33, 0x33, 0x33, 0x33, 0x34,
  0x44, 0x44, 0x44, 0x44, 0x55, 0x56, 0x96, 0x96, 0x69, 0xac, 0xca, 0xac, 0xcc, 0xcc, 0xcc, 0xcc,
  0xbb, 0xbb, 0xbb, 0xee, 0xce, 0xeb, 0xbb, 0xbb, 0xbb, 0xcc, 0xcc, 0xcb, 0xbb, 0xca, 0x9b, 0xee,
  0xee, 0xee, 0xee, 0xee, 0xcb, 0xbc, 0x88, 0x88, 0x88, 0xc7, 0x77, 0xcc, 0xcb, 0xbe, 0xeb, 0xbb,
  0xbc, 0xcc, 0xca, 0x99, 0x99, 0x99, 0xac, 0xcc, 0xcc, 0xca, 0x99, 0x6a, 0xcc, 0xa9, 0x98, 0x88,
  0x87, 0x8a, 0x99, 0x99, 0xc9, 0xca, 0xac, 0xcc, 0xcb, 0xbb, 0xbb, 0xbc, 0xee, 0xeb, 0xbb, 0xbb,
  0xbb, 0xcc, 0xcc, 0x9a, 0xcc, 0xa9, 0x99, 0x99, 0x99, 0x99, 0xca, 0x9c, 0xa9, 0x9e, 0x8a, 0x87,
  0x74, 0x55, 0x44, 0x54, 0x44, 0x44, 0x43, 0x33, 0x33, 0x32, 0x22, 0x21, 0x10, 0x00, 0x00, 0x00,
  0x11, 0x11, 0x11, 0x21, 0x22, 0x20, 0x00, 0x00, 0x00, 0x00, 0x00, 0x00, 0x00, 0x00, 0x00, 0x00,
  0x00, 0x00, 0x00, 0x00, 0x00, 0x00, 0x00, 0x00, 0x00, 0x00, 0x00, 0x00, 0x00, 0x00, 0x00, 0x00,
  0x00, 0x00, 0x00, 0x00, 0x00, 0x00, 0x00, 0x00, 0x00, 0x00, 0x00, 0x01, 0x22, 0x10, 0x11, 0x11,
  0x00, 0x00, 0x00, 0x00, 0x00, 0x00, 0x00, 0x00, 0x11, 0x01, 0x12, 0x22, 0x22, 0x22, 0x22, 0x22,
  0x33, 0x33, 0x33, 0x33, 0x44, 0x44, 0x44, 0x44, 0x46, 0x66, 0x96, 0x99, 0x99, 0xac, 0xcc, 0xcc,
  0xcc, 0xc9, 0xac, 0xcc, 0xbb, 0xbb, 0xbb, 0xee, 0xee, 0xee, 0xbb, 0xbb, 0xbb, 0xcc, 0xcc, 0xcb,
  0xbb, 0xcc, 0xee, 0xee, 0xee, 0xee, 0xee, 0xee, 0xbb, 0xbc, 0xc8, 0x8c, 0xcc, 0xcc, 0xcc, 0xcc,
  0xcb, 0xbb, 0xbb, 0xbb, 0xbe, 0xea, 0xae, 0x69, 0x9a, 0xc9, 0xac, 0xcc, 0xcc, 0xca, 0x9c, 0xc6,
  0x99, 0x99, 0x98, 0x88, 0x88, 0xcc, 0xcc, 0xc9, 0xac, 0xcc, 0xcc, 0xcc, 0xcb, 0xbb, 0xbb, 0xee,
  0xee, 0xeb, 0xbb, 0xbb, 0xbb, 0xcc, 0xcc, 0xcc, 0xc6, 0xa9, 0x99, 0xac, 0x9a, 0xc9, 0x99, 0x99,
  0x6c, 0x9a, 0x76, 0x57, 0x74, 0x55, 0x44, 0x44, 0x44, 0x44, 0x33, 0x33, 0x32, 0x22, 0x22, 0x10,
  0x00, 0x00, 0x00, 0x00, 0x22, 0x22, 0x22, 0x22, 0x22, 0x10, 0x00, 0x01, 0x10, 0x00, 0x00, 0x00,
  0x00, 0x00, 0x00, 0x00, 0x00, 0x00, 0x00, 0x00, 0x00, 0x00, 0x00, 0x00, 0x00, 0x00, 0x00, 0x00,
  0x00, 0x00, 0x00, 0x00, 0x00, 0x00, 0x00, 0x00, 0x00, 0x00, 0x00, 0x00, 0x00, 0x00, 0x00, 0x00,
  0x01, 0x21, 0x12, 0x11, 0x00, 0x00, 0x00, 0x11, 0x00, 0x00, 0x00, 0x00, 0x00, 0x02, 0x22, 0x12,
  0x10, 0x01, 0x22, 0x22, 0x22, 0x23, 0x33, 0x33, 0x33, 0x44, 0x44, 0x44, 0x44, 0x46, 0x65, 0x66,
  0x99, 0x99, 0x9c, 0xa9, 0xcc, 0xcc, 0xca, 0x9c, 0xbb, 0xbb, 0xbb, 0xbe, 0xee, 0xee, 0xeb, 0xbc,
  0xcc, 0xcc, 0x9b, 0xbb, 0xbb, 0xeb, 0xbb, 0xbb, 0x9e, 0xee, 0xee, 0xeb, 0xbb, 0xbc, 0xcc, 0x8c,
  0xcc, 0xcb, 0xbb, 0xbb, 0xbb, 0xbb, 0xbb, 0xeb, 0xbc, 0xa9, 0xca, 0x99, 0x9a, 0xcc, 0x98, 0xcc,
  0xcc, 0xcc, 0xcc, 0xa9, 0x99, 0x99, 0x96, 0x68, 0x99, 0x99, 0x99, 0x99, 0xac, 0xcc, 0xcc, 0x88,
  0xcb, 0xbb, 0xcc, 0xbb, 0xee, 0xeb, 0xee, 0xee, 0xeb, 0xbb, 0xbe, 0x9b, 0xbb, 0xec, 0xcc, 0xcc,
  0xca, 0x99, 0x99, 0x88, 0x88, 0x86, 0x55, 0x55, 0x54, 0x44, 0x44, 0x44, 0x44, 0x43, 0x33, 0x33,
  0x22, 0x22, 0x22, 0x10, 0x10, 0x00, 0x00, 0x00, 0x00, 0x12, 0x22, 0x22, 0x00, 0x00, 0x00, 0x00,
  0x00, 0x00, 0x00, 0x00, 0x00, 0x00, 0x00, 0x00, 0x00, 0x00, 0x00, 0x00, 0x00, 0x00, 0x00, 0x00,
  0x00, 0x00, 0x00, 0x00, 0x00, 0x00, 0x00, 0x00, 0x00, 0x00, 0x00, 0x00, 0x00, 0x00, 0x00, 0x00,
  0x00, 0x00, 0x00, 0x00, 0x00, 0x21, 0x11, 0x11, 0x00, 0x00, 0x00, 0x01, 0x00, 0x00, 0x00, 0x00,
  0x00, 0x01, 0x11, 0x11, 0x10, 0x01, 0x11, 0x22, 0x22, 0x22, 0x22, 0x33, 0x33, 0x44, 0x44, 0x44,
  0x44, 0x44, 0x45, 0x55, 0x99, 0x9a, 0x9a, 0xa9, 0xcc, 0xac, 0xcc, 0xec, 0xbb, 0xbb, 0xbb, 0xbe,
  0xee, 0xee, 0xeb, 0xbc, 0xcc, 0xcc, 0xee, 0xbe, 0xcb, 0xeb, 0xce, 0xee, 0xee, 0xee, 0xee, 0xee,
  0xbb, 0xbc, 0xcc, 0xcc, 0xee, 0xeb, 0xbb, 0xbb, 0xbb, 0xbb, 0xbb, 0xeb, 0xee, 0xaa, 0x69, 0xa9,
  0xaa, 0xca, 0x98, 0xcc, 0xcc, 0xcc, 0xcc, 0xaa, 0x99, 0x99, 0x9c, 0x88, 0x9a, 0x99, 0x99, 0x96,
  0xac, 0xac, 0xca, 0x88, 0xcb, 0xbb, 0xcc, 0xbb, 0xee, 0xeb, 0xee, 0xee, 0xee, 0xbb, 0xbe, 0xec,
  0xbb, 0xbc, 0xca, 0xac, 0xca, 0x99, 0x99, 0x77, 0x87, 0x76, 0x55, 0x65, 0x44, 0x44, 0x44, 0x44,
  0x43, 0x33, 0x33, 0x32, 0x22, 0x21, 0x12, 0x11, 0x00, 0x00, 0x00, 0x00, 0x00, 0x11, 0x11, 0x11,
  0x00, 0x00, 0x00, 0x00, 0x00, 0x00, 0x00, 0x00, 0x00, 0x00, 0x00, 0x00, 0x00, 0x00, 0x00, 0x00,
  0x00, 0x00, 0x00, 0x00, 0x00, 0x00, 0x00, 0x00, 0x00, 0x00, 0x00, 0x00, 0x00, 0x00, 0x00, 0x00,
  0x00, 0x00, 0x00, 0x00, 0x00, 0x00, 0x00, 0x00, 0x00, 0x21, 0x11, 0x11, 0x10, 0x00, 0x00, 0x00,
  0x00, 0x00, 0x01, 0x20, 0x00, 0x01, 0x11, 0x11, 0x10, 0x01, 0x11, 0x22, 0x21, 0x11, 0x22, 0x23,
  0x33, 0x44, 0x44, 0x44, 0x44, 0x44, 0x45, 0x56, 0x99, 0x9e, 0x99, 0x99, 0xcc, 0x6c, 0xcc, 0xcc,
  0xbb, 0xbb, 0xbb, 0xbb, 0xbe, 0xee, 0xeb, 0xbc, 0xcc, 0xcc, 0xbb, 0xbb, 0xbb, 0xbb, 0xee, 0xee,
  0xee, 0xee, 0xee, 0xee, 0xbb, 0xbc, 0xcc, 0xcc, 0xcc, 0xcb, 0xbb, 0xbb, 0xbb, 0xbb, 0xbb, 0xbb,
  0xbe, 0xac, 0x96, 0x69, 0xcc, 0xc9, 0x9c, 0xcc, 0xcc, 0xcc, 0xcc, 0xcc, 0x69, 0x99, 0x98, 0x78,
  0x9c, 0x99, 0x99, 0x96, 0xa6, 0x9a, 0xa9, 0xcc, 0xcb, 0xbb, 0xcc, 0xbb, 0xbb, 0xbb, 0xbb, 0xbe,
  0xee, 0xbe, 0xeb, 0xbb, 0xbb, 0xec, 0xc9, 0xac, 0x66, 0x99, 0x99, 0x67, 0xc6, 0x65, 0x55, 0x54,
  0x44, 0x44, 0x44, 0x33, 0x33, 0x33, 0x32, 0x22, 0x22, 0x21, 0x12, 0x21, 0x00, 0x11, 0x00, 0x00,
  0x00, 0x11, 0x11, 0x11, 0x00, 0x00, 0x00, 0x00, 0x00, 0x00, 0x00, 0x00, 0x00, 0x00, 0x00, 0x00,
  0x00, 0x00, 0x00, 0x00, 0x00, 0x00, 0x00, 0x00, 0x00, 0x00, 0x00, 0x00, 0x00, 0x00, 0x00, 0x00,
  0x00, 0x00, 0x00, 0x00, 0x00, 0x00, 0x00, 0x00, 0x00, 0x00, 0x00, 0x00, 0x00, 0x00, 0x00, 0x00,
  0x00, 0x00, 0x00, 0x00, 0x00, 0x00, 0x00, 0x00, 0x00, 0x00, 0x00, 0x00, 0x00, 0x00, 0x00, 0x12,
  0x11, 0x12, 0x22, 0x23, 0x33, 0x33, 0x44, 0x44, 0x44, 0x44, 0x44, 0x45, 0x64, 0x5a, 0x99, 0x99,
  0x99, 0x9c, 0xaa, 0xcc, 0xcc, 0xcc, 0xcc, 0xbb, 0xbb, 0xee, 0xec, 0xcc, 0xcc, 0xca, 0xcc, 0xcc,
  0xcc, 0xcc, 0xcc, 0xcb, 0xbe, 0xcb, 0xbb, 0xbb, 0xcc, 0xcc, 0xcc, 0xcc, 0xcc, 0xcc, 0xcc, 0xbb,
  0xbb, 0xbe, 0xeb, 0xbb, 0xbc, 0xa9, 0x99, 0x9c, 0xcb, 0xbb, 0xbb, 0xbb, 0xbb, 0xbb, 0xbb, 0xbb,
  0x99, 0x68, 0x66, 0x68, 0x99, 0x99, 0x99, 0x99, 0x98, 0x88, 0x8c, 0x88, 0x8c, 0xcc, 0xcc, 0xeb,
  0xbe, 0xeb, 0xeb, 0xeb, 0xee, 0xee, 0xeb, 0xbb, 0xbb, 0xbc, 0xc8, 0x88, 0x96, 0x96, 0x86, 0x56,
  0x65, 0x54, 0x44, 0x44, 0x44, 0x44, 0x43, 0x33, 0x33, 0x33, 0x22, 0x22, 0x11, 0x00, 0x00, 0x00,
  0x00, 0x00, 0x00, 0x00, 0x00, 0x00, 0x00, 0x00, 0x00, 0x00, 0x00, 0x01, 0x10, 0x00, 0x00, 0x00,
  0x00, 0x00, 0x00, 0x00, 0x00, 0x00, 0x00, 0x00, 0x00, 0x00, 0x00, 0x00, 0x00, 0x00, 0x00, 0x00,
  0x00, 0x00, 0x00, 0x00, 0x00, 0x00, 0x00, 0x00, 0x00, 0x00, 0x00, 0x00, 0x00, 0x00, 0x00, 0x00,
  0x00, 0x00, 0x00, 0x00, 0x00, 0x00, 0x00, 0x00, 0x00, 0x00, 0x00, 0x00, 0x00, 0x00, 0x00, 0x00,
  0x00, 0x00, 0x00, 0x11, 0x11, 0x12, 0x22, 0x23, 0x33, 0x33, 0x44, 0x44, 0x44, 0x44, 0x44, 0x44,
  0x55, 0x66, 0x9a, 0xa9, 0x9a, 0xac, 0x6a, 0xac, 0xcc, 0xcc, 0xcc, 0xbb, 0xbb, 0x88, 0xac, 0xcc,
  0xcc, 0xce, 0xaa, 0xcc, 0xcc, 0xcc, 0xcc, 0xcb, 0xbe, 0xbb, 0xbb, 0xbb, 0xcc, 0xcc, 0xcc, 0xcc,
  0x88, 0xcc, 0xcc, 0xbb, 0xbe, 0xec, 0xeb, 0xbb, 0xba, 0xaa, 0x99, 0x9a, 0xcb, 0xbb, 0xee, 0xbe,
  0xee, 0xbb, 0xbb, 0xbb, 0xaa, 0x98, 0x77, 0x78, 0x99, 0x9a, 0xa9, 0x99, 0x97, 0x88, 0x88, 0x88,
  0x8c, 0xcc, 0xcc, 0xeb, 0xbe, 0xeb, 0xeb, 0xeb, 0xee, 0xbe, 0xce, 0xbb, 0xbb, 0xbc, 0xc8, 0x88,
  0x9a, 0x67, 0x86, 0x56, 0x56, 0x54, 0x44, 0x44, 0x44, 0x43, 0x33, 0x33, 0x33, 0x32, 0x22, 0x21,
  0x11, 0x00, 0x00, 0x00, 0x00, 0x00, 0x00, 0x00, 0x00, 0x00, 0x00, 0x00, 0x00, 0x00, 0x00, 0x00,
  0x01, 0x00, 0x00, 0x00, 0x00, 0x00, 0x00, 0x00, 0x00, 0x00, 0x00, 0x00, 0x00, 0x00, 0x00, 0x00,
  0x00, 0x00, 0x00, 0x00, 0x00, 0x00, 0x00, 0x00, 0x00, 0x00, 0x00, 0x00, 0x00, 0x00, 0x00, 0x00,
  0x00, 0x00, 0x00, 0x00, 0x00, 0x00, 0x00, 0x00, 0x00, 0x00, 0x00, 0x00, 0x00, 0x00, 0x00, 0x00,
  0x00, 0x00, 0x00, 0x00, 0x00, 0x00, 0x00, 0x11, 0x21, 0x12, 0x22, 0x23, 0x33, 0x33, 0x33, 0x34,
  0x44, 0x44, 0x44, 0x44, 0x44, 0x66, 0x96, 0x69, 0x9a, 0xcc, 0x6a, 0x9c, 0xcc, 0xcc, 0xcc, 0xbb,
  0xbb, 0xbe, 0xcc, 0xcc, 0xcc, 0xcc, 0x9a, 0xcc, 0xcc, 0xcc, 0xcc, 0xcb, 0xbb, 0xbb, 0xbb, 0xbb,
  0xcc, 0xcc, 0xcc, 0xc8, 0x88, 0xcc, 0xcc, 0xbb, 0xee, 0xeb, 0xbb, 0xbb, 0xb9, 0xaa, 0x99, 0x99,
  0xcb, 0xbb, 0xee, 0xbe, 0xee, 0xbb, 0xbb, 0xbb, 0xcc, 0x86, 0x88, 0x88, 0x99, 0x9c, 0xa9, 0x99,
  0x96, 0x88, 0x88, 0x88, 0x8c, 0xcc, 0xcc, 0xeb, 0xbb, 0xbb, 0xbb, 0xbe, 0xee, 0xee, 0xbe, 0xbb,
  0xbb, 0xbc, 0xc8, 0x88, 0x99, 0x97, 0x55, 0x55, 0x64, 0x44, 0x44, 0x44, 0x44, 0x43, 0x33, 0x33,
  0x32, 0x22, 0x22, 0x21, 0x11, 0x00, 0x00, 0x00, 0x00, 0x00, 0x00, 0x00, 0x00, 0x00, 0x00, 0x00,
  0x00, 0x00, 0x00, 0x00, 0x01, 0x00, 0x00, 0x00, 0x00, 0x00, 0x00, 0x00, 0x00, 0x00, 0x00, 0x00,
  0x00, 0x00, 0x00, 0x00, 0x00, 0x00, 0x00, 0x00, 0x00, 0x00, 0x00, 0x00, 0x00, 0x00, 0x00, 0x00,
  0x00, 0x00, 0x00, 0x00, 0x00, 0x00, 0x00, 0x00, 0x00, 0x00, 0x00, 0x00, 0x00, 0x00, 0x00, 0x00,
  0x00, 0x00, 0x00, 0x00, 0x00, 0x00, 0x00, 0x00, 0x00, 0x00, 0x00, 0x00, 0x00, 0x02, 0x22, 0x22,
  0x23, 0x33, 0x33, 0x33, 0x44, 0x44, 0x44, 0x44, 0x44, 0x55, 0x54, 0x65, 0x6a, 0x9c, 0x99, 0x99,
  0xac, 0x9c, 0xec, 0xcc, 0xcb, 0xbb, 0xcc, 0xcc, 0xcc, 0xcc, 0xcc, 0x6a, 0xec, 0xcc, 0xcc, 0xcb,
  0xbb, 0xcc, 0xcb, 0xbb, 0xcc, 0xcc, 0xcc, 0xc8, 0x8c, 0xcc, 0xcc, 0xbe, 0xee, 0xbb, 0xbb, 0xbb,
  0xbc, 0xa9, 0xcc, 0xcb, 0xbb, 0xbe, 0xee, 0xee, 0xee, 0xcc, 0xcc, 0xcc, 0xcc, 0xa9, 0x99, 0x9c,
  0xca, 0x99, 0xac, 0x99, 0x98, 0x88, 0x88, 0x88, 0x8c, 0xcc, 0xcc, 0xcc, 0xcb, 0xbb, 0xbb, 0xbe,
  0xee, 0xee, 0xeb, 0xbe, 0xcc, 0xca, 0x99, 0x99, 0x66, 0x55, 0x55, 0x55, 0x54, 0x44, 0x44, 0x44,
  0x44, 0x33, 0x33, 0x33, 0x32, 0x22, 0x22, 0x21, 0x00, 0x00, 0x00, 0x00, 0x00, 0x00, 0x00, 0x00,
  0x00, 0x00, 0x00, 0x00, 0x00, 0x00, 0x00, 0x21, 0x10, 0x00, 0x00, 0x00, 0x00, 0x00, 0x00, 0x00,
  0x00, 0x00, 0x00, 0x00, 0x00, 0x00, 0x00, 0x00, 0x00, 0x00, 0x00, 0x00, 0x00, 0x00, 0x00, 0x00,
  0x00, 0x00, 0x00, 0x00, 0x00, 0x00, 0x00, 0x00, 0x00, 0x00, 0x00, 0x00, 0x00, 0x00, 0x00, 0x00,
  0x00, 0x00, 0x00, 0x00, 0x00, 0x00, 0x00, 0x00, 0x00, 0x00, 0x00, 0x00, 0x00, 0x00, 0x00, 0x00,
  0x00, 0x00, 0x11, 0x22, 0x22, 0x33, 0x33, 0x33, 0x33, 0x44, 0x44, 0x44, 0x44, 0x44, 0x56, 0x64,
  0xaa, 0xa9, 0xaa, 0x99, 0x99, 0xcc, 0xec, 0xcc, 0xcb, 0xbb, 0xcc, 0xcc, 0xca, 0x99, 0x99, 0x99,
  0x99, 0xca, 0xac, 0xcb, 0xbb, 0xcc, 0xcb, 0xbb, 0xca, 0xac, 0x99, 0x67, 0xcc, 0xcc, 0xcc, 0xbe,
  0xeb, 0xbb, 0xbb, 0xbb, 0xbc, 0xcc, 0xcc, 0xcb, 0xbe, 0xee, 0xee, 0xce, 0xec, 0xcc, 0xcc, 0xcc,
  0xc9, 0xac, 0xcc, 0xcc, 0xca, 0x9c, 0xa9, 0x9c, 0x96, 0x86, 0x88, 0x88, 0x8c, 0xcc, 0xca, 0xee,
  0x6b, 0xbb, 0xbb, 0xbc, 0xee, 0xbe, 0xeb, 0xab, 0xc9, 0x99, 0x99, 0x99, 0x55, 0x55, 0x56, 0x54,
  0x44, 0x44, 0x44, 0x44, 0x43, 0x33, 0x33, 0x32, 0x22, 0x22, 0x21, 0x10, 0x00, 0x00, 0x00, 0x00,
  0x00, 0x00, 0x00, 0x00, 0x00, 0x00, 0x00, 0x00, 0x00, 0x00, 0x00, 0x11, 0x10, 0x00, 0x00, 0x00,
  0x00, 0x00, 0x00, 0x00, 0x00, 0x00, 0x00, 0x00, 0x00, 0x00, 0x00, 0x00, 0x00, 0x00, 0x00, 0x00,
  0x00, 0x00, 0x00, 0x00, 0x00, 0x00, 0x00, 0x00, 0x00, 0x00, 0x00, 0x00, 0x00, 0x00, 0x00, 0x00,
  0x00, 0x00, 0x00, 0x00, 0x00, 0x00, 0x00, 0x00, 0x00, 0x00, 0x00, 0x00, 0x00, 0x00, 0x00, 0x00,
  0x00, 0x00, 0x00, 0x00, 0x00, 0x00, 0x12, 0x22, 0x22, 0x23, 0x33, 0x33, 0x33, 0x33, 0x33, 0x44,
  0x44, 0x44, 0x54, 0x44, 0x56, 0x66, 0x99, 0x99, 0x99, 0xac, 0xaa, 0xaa, 0xcb, 0xbb, 0xac, 0xcc,
  0xca, 0xaa, 0x99, 0xa9, 0x69, 0xc9, 0xaa, 0xcb, 0xbb, 0xcc, 0xcb, 0xbb, 0xce, 0xea, 0xa9, 0x67,
  0x88, 0xcc, 0xcc, 0xbb, 0xbb, 0xbb, 0xbb, 0xbb, 0xbb, 0xbb, 0xac, 0xcb, 0xbe, 0xeb, 0xee, 0xbe,
  0xce, 0xbb, 0xbc, 0xac, 0xce, 0xec, 0xca, 0xa6, 0x66, 0x99, 0x99, 0x96, 0x89, 0x8c, 0x88, 0x89,
  0xcc, 0xcc, 0xce, 0xa6, 0x6b, 0xbb, 0xbb, 0xee, 0xee, 0xbb, 0xbe, 0xa9, 0xa9, 0x99, 0x9a, 0x66,
  0x55, 0x55, 0x45, 0x54, 0x44, 0x44, 0x44, 0x33, 0x33, 0x33, 0x32, 0x22, 0x22, 0x22, 0x21, 0x10,
  0x00, 0x00, 0x00, 0x00, 0x00, 0x00, 0x00, 0x00, 0x00, 0x00, 0x00, 0x00, 0x00, 0x00, 0x00, 0x11,
  0x10, 0x00, 0x00, 0x00, 0x00, 0x00, 0x00, 0x00, 0x00, 0x00, 0x00, 0x00, 0x00, 0x00, 0x00, 0x00,
  0x00, 0x00, 0x00, 0x00, 0x00, 0x00, 0x00, 0x00, 0x00, 0x00, 0x00, 0x00, 0x00, 0x00, 0x00, 0x00,
  0x00, 0x00, 0x00, 0x00, 0x00, 0x00, 0x00, 0x00, 0x00, 0x00, 0x00, 0x00, 0x00, 0x00, 0x00, 0x00,
  0x00, 0x00, 0x00, 0x00, 0x00, 0x00, 0x00, 0x00, 0x00, 0x00, 0x12, 0x22, 0x22, 0x22, 0x23, 0x33,
  0x33, 0x33, 0x34, 0x44, 0x44, 0x44, 0x44, 0x44, 0x44, 0x45, 0x66, 0x88, 0x89, 0x6c, 0x69, 0x9a,
  0xcc, 0xa9, 0x9c, 0xcc, 0xcc, 0xc6, 0x99, 0x69, 0x69, 0xca, 0x69, 0xcc, 0xcc, 0xcc, 0xcb, 0xbb,
  0xcc, 0xa9, 0xc9, 0x88, 0x88, 0xcc, 0xcc, 0xbb, 0xbb, 0xbb, 0xbb, 0xbb, 0xbb, 0xbb, 0x9a, 0xcb,
  0xbb, 0xbb, 0xee, 0xee, 0xce, 0xbb, 0xbc, 0x6c, 0xcc, 0xcc, 0xca, 0x99, 0x88, 0x88, 0x77, 0x88,
  0x99, 0xcc, 0xcc, 0xcc, 0xcc, 0xcc, 0xcc, 0xc6, 0x9a, 0xc9, 0x99, 0xa9, 0xcc, 0xcc, 0xcc, 0xca,
  0x99, 0x99, 0x9c, 0x55, 0x44, 0x44, 0x45, 0x54, 0x44, 0x44, 0x44, 0x33, 0x33, 0x32, 0x22, 0x22,
  0x22, 0x22, 0x10, 0x00, 0x00, 0x00, 0x00, 0x00, 0x00, 0x00, 0x00, 0x00, 0x00, 0x00, 0x00, 0x00,
  0x00, 0x00, 0x00, 0x00, 0x00, 0x00, 0x00, 0x00, 0x00, 0x00, 0x00, 0x00, 0x00, 0x00, 0x00, 0x00,
  0x00, 0x00, 0x00, 0x00, 0x00, 0x00, 0x00, 0x00, 0x00, 0x00, 0x00, 0x00, 0x00, 0x00, 0x00, 0x00,
  0x00, 0x00, 0x00, 0x00, 0x00, 0x00, 0x00, 0x00, 0x00, 0x00, 0x00, 0x00, 0x00, 0x00, 0x00, 0x00,
  0x00, 0x00, 0x00, 0x00, 0x00, 0x00, 0x00, 0x00, 0x00, 0x00, 0x00, 0x00, 0x00, 0x00, 0x11, 0x12,
  0x22, 0x21, 0x23, 0x33, 0x33, 0x33, 0x33, 0x34, 0x44, 0x44, 0x44, 0x44, 0x44, 0x44, 0x45, 0x76,
  0x69, 0x99, 0x99, 0x9a, 0xec, 0xcc, 0xcc, 0xcc, 0xca, 0x99, 0x9a, 0xca, 0xcc, 0x9c, 0xaa, 0x99,
  0x9c, 0x9a, 0xcb, 0xbb, 0xcc, 0xa9, 0xcc, 0xc8, 0x78, 0xcc, 0xcc, 0xbe, 0xeb, 0xbb, 0xbb, 0xbb,
  0xbe, 0xb9, 0x9c, 0xeb, 0xbe, 0xee, 0xee, 0xee, 0xce, 0xbb, 0xbc, 0xca, 0xa9, 0x69, 0x99, 0x99,
  0x88, 0xc8, 0x76, 0x86, 0xcc, 0xcc, 0xcc, 0xcc, 0xcc, 0xcc, 0xcc, 0xcc, 0x99, 0x99, 0x9a, 0xcc,
  0xcc, 0x99, 0xac, 0x9a, 0xaa, 0x99, 0x96, 0x55, 0x44, 0x44, 0x44, 0x44, 0x44, 0x44, 0x33, 0x33,
  0x33, 0x32, 0x22, 0x10, 0x01, 0x11, 0x00, 0x00, 0x00, 0x00, 0x00, 0x00, 0x00, 0x00, 0x00, 0x00,
  0x00, 0x00, 0x00, 0x00, 0x00, 0x00, 0x00, 0x00, 0x00, 0x00, 0x00, 0x00, 0x00, 0x00, 0x00, 0x00,
  0x00, 0x00, 0x00, 0x00, 0x00, 0x00, 0x00, 0x00, 0x00, 0x00, 0x00, 0x00, 0x00, 0x00, 0x00, 0x00,
  0x00, 0x00, 0x00, 0x00, 0x00, 0x00, 0x00, 0x00, 0x00, 0x00, 0x00, 0x00, 0x00, 0x00, 0x00, 0x00,
  0x00, 0x00, 0x00, 0x00, 0x00, 0x00, 0x00, 0x00, 0x00, 0x00, 0x00, 0x00, 0x00, 0x00, 0x00, 0x00,
  0x00, 0x00, 0x11, 0x11, 0x11, 0x22, 0x22, 0x23, 0x33, 0x33, 0x33, 0x33, 0x34, 0x44, 0x44, 0x44,
  0x44, 0x45, 0x45, 0x55, 0x55, 0x69, 0x99, 0x99, 0x9b, 0xbb, 0xcc, 0xcc, 0xca, 0x9a, 0xaa, 0xca,
  0xaa, 0xaa, 0xa6, 0x6a, 0x9a, 0xbb, 0xbb, 0xbb, 0xbb, 0x98, 0x99, 0x88, 0x98, 0x9c, 0xae, 0xbe,
  0xeb, 0xbb, 0xbb, 0xbb, 0xb8, 0x88, 0x99, 0x9b, 0xbc, 0xee, 0xee, 0xee, 0xee, 0xee, 0xbc, 0xca,
  0x9a, 0x99, 0x99, 0x88, 0x58, 0x88, 0x88, 0x66, 0x9c, 0xcc, 0xcc, 0xcc, 0xcc, 0xcc, 0xcc, 0xcc,
  0xa9, 0xa9, 0xaa, 0xac, 0xee, 0xaa, 0xaa, 0x96, 0x66, 0x66, 0x65, 0x55, 0x44, 0x44, 0x44, 0x44,
  0x44, 0x43, 0x33, 0x33, 0x32, 0x22, 0x21, 0x10, 0x01, 0x11, 0x00, 0x00, 0x00, 0x00, 0x00, 0x00,
  0x00, 0x00, 0x00, 0x00, 0x00, 0x00, 0x00, 0x00, 0x00, 0x00, 0x00, 0x00, 0x00, 0x00, 0x00, 0x00,
  0x00, 0x00, 0x00, 0x00, 0x00, 0x00, 0x00, 0x00, 0x00, 0x00, 0x00, 0x00, 0x00, 0x00, 0x00, 0x00,
  0x00, 0x00, 0x00, 0x00, 0x00, 0x00, 0x00, 0x00, 0x00, 0x00, 0x00, 0x00, 0x00, 0x00, 0x00, 0x00,
  0x00, 0x00, 0x00, 0x00, 0x00, 0x00, 0x00, 0x00, 0x00, 0x00, 0x00, 0x00, 0x00, 0x00, 0x00, 0x00,
  0x00, 0x00, 0x00, 0x00, 0x00, 0x00, 0x00, 0x01, 0x11, 0x22, 0x11, 0x13, 0x33, 0x33, 0x33, 0x33,
  0x33, 0x44, 0x44, 0x44, 0x44, 0x44, 0x44, 0x65, 0x66, 0x6a, 0x99, 0x99, 0x9e, 0xeb, 0xcc, 0xcc,
  0xca, 0x9c, 0xcc, 0xcc, 0xa9, 0xc9, 0xa6, 0x6a, 0x99, 0xbb, 0xbb, 0xbb, 0xbb, 0x98, 0x68, 0x88,
  0x99, 0x9c, 0xae, 0xbb, 0xbb, 0xbb, 0xbb, 0xbc, 0xc8, 0x88, 0x99, 0x9b, 0xbb, 0xbb, 0xee, 0xee,
  0xee, 0xee, 0xbc, 0xca, 0x96, 0x69, 0x98, 0x88, 0x75, 0x88, 0x88, 0xc9, 0xac, 0xcc, 0xcc, 0xcc,
  0xcc, 0xcc, 0xcc, 0xcc, 0xcc, 0x69, 0xca, 0x9c, 0xa9, 0xcc, 0xa9, 0x96, 0x66, 0x65, 0x55, 0x55,
  0x44, 0x44, 0x44, 0x44, 0x43, 0x33, 0x33, 0x33, 0x32, 0x22, 0x21, 0x10, 0x00, 0x00, 0x00, 0x00,
  0x00, 0x00, 0x00, 0x00, 0x00, 0x00, 0x00, 0x00, 0x00, 0x00, 0x00, 0x00, 0x00, 0x00, 0x00, 0x00,
  0x00, 0x00, 0x00, 0x00, 0x00, 0x00, 0x00, 0x00, 0x00, 0x00, 0x00, 0x00, 0x00, 0x00, 0x00, 0x00,
  0x00, 0x00, 0x00, 0x00, 0x00, 0x00, 0x00, 0x00, 0x00, 0x00, 0x00, 0x00, 0x00, 0x00, 0x00, 0x00,
  0x00, 0x00, 0x00, 0x00, 0x00, 0x00, 0x00, 0x00, 0x00, 0x00, 0x00, 0x00, 0x00, 0x00, 0x00, 0x00,
  0x00, 0x00, 0x00, 0x00, 0x00, 0x00, 0x00, 0x00, 0x00, 0x00, 0x00, 0x01, 0x22, 0x22, 0x22, 0x22,
  0x33, 0x33, 0x33, 0x33, 0x33, 0x33, 0x44, 0x44, 0x44, 0x44, 0x44, 0x55, 0x55, 0x55, 0x69, 0x66,
  0xab, 0xbb, 0x99, 0x99, 0x99, 0x99, 0xca, 0x99, 0xac, 0x99, 0xac, 0xae, 0xcc, 0xbb, 0xbb, 0xbb,
  0xbb, 0xbc, 0x88, 0x86, 0x9a, 0xcc, 0xcc, 0xbb, 0xbb, 0xbb, 0xbb, 0xbc, 0xcc, 0x88, 0x9a, 0xce,
  0xcb, 0xbe, 0xee, 0xee, 0xee, 0xee, 0xbc, 0xcc, 0xcc, 0xcc, 0x98, 0x76, 0x66, 0x86, 0x78, 0xcc,
  0xcc, 0x98, 0x88, 0x8c, 0xcc, 0xcc, 0xca, 0x99, 0xca, 0x99, 0xca, 0x99, 0x99, 0x96, 0x69, 0x65,
  0x55, 0x55, 0x55, 0x55, 0x44, 0x44, 0x44, 0x34, 0x43, 0x33, 0x33, 0x33, 0x32, 0x22, 0x22, 0x10,
  0x00, 0x00, 0x00, 0x00, 0x00, 0x00, 0x00, 0x00, 0x00, 0x00, 0x00, 0x00, 0x00, 0x00, 0x00, 0x00,
  0x00, 0x00, 0x00, 0x00, 0x00, 0x00, 0x00, 0x00, 0x00, 0x00, 0x00, 0x00, 0x00, 0x00, 0x00, 0x00,
  0x00, 0x00, 0x00, 0x00, 0x00, 0x00, 0x00, 0x00, 0x00, 0x00, 0x00, 0x00, 0x00, 0x00, 0x00, 0x00,
  0x00, 0x00, 0x00, 0x00, 0x00, 0x00, 0x00, 0x00, 0x00, 0x00, 0x00, 0x00, 0x00, 0x00, 0x00, 0x00,
  0x00, 0x00, 0x00, 0x00, 0x00, 0x00, 0x00, 0x00, 0x00, 0x00, 0x00, 0x00, 0x00, 0x00, 0x00, 0x00,
  0x01, 0x12, 0x11, 0x22, 0x22, 0x22, 0x33, 0x33, 0x33, 0x33, 0x34, 0x44, 0x44, 0x44, 0x55, 0x44,
  0x44, 0x55, 0x55, 0x55, 0xc9, 0xbb, 0x99, 0x99, 0x66, 0x99, 0xcc, 0xc9, 0x9a, 0xcc, 0xeb, 0xbb,
  0xbb, 0xbb, 0xbb, 0xbb, 0xcc, 0xb9, 0x96, 0x66, 0xa9, 0x9a, 0xec, 0xbb, 0xbb, 0xbb, 0xbb, 0xbb,
  0xbb, 0xb6, 0x6b, 0xbc, 0xee, 0xee, 0xee, 0xee, 0xee, 0xee, 0xbc, 0xcc, 0xcc, 0xcc, 0xc8, 0x76,
  0x66, 0x66, 0x78, 0xc8, 0x8c, 0x66, 0x99, 0xca, 0x9c, 0xaa, 0xc9, 0x99, 0xca, 0xac, 0xcc, 0xa9,
  0x99, 0x66, 0x66, 0x55, 0x55, 0x55, 0x44, 0x44, 0x44, 0x44, 0x43, 0x33, 0x33, 0x33, 0x32, 0x22,
  0x22, 0x22, 0x21, 0x10, 0x00, 0x00, 0x00, 0x00, 0x00, 0x00, 0x00, 0x00, 0x00, 0x00, 0x00, 0x00,
  0x00, 0x00, 0x00, 0x00, 0x00, 0x00, 0x00, 0x00, 0x00, 0x00, 0x00, 0x00, 0x00, 0x00, 0x00, 0x00,
  0x00, 0x00, 0x00, 0x00, 0x00, 0x00, 0x00, 0x00, 0x00, 0x00, 0x00, 0x00, 0x00, 0x00, 0x00, 0x00,
  0x00, 0x00, 0x00, 0x00, 0x00, 0x00, 0x00, 0x00, 0x00, 0x00, 0x00, 0x00, 0x00, 0x00, 0x00, 0x00,
  0x00, 0x00, 0x00, 0x00, 0x00, 0x00, 0x00, 0x00, 0x00, 0x00, 0x00, 0x00, 0x00, 0x00, 0x00, 0x00,
  0x00, 0x00, 0x00, 0x00, 0x01, 0x12, 0x11, 0x22, 0x22, 0x22, 0x33, 0x33, 0x33, 0x33, 0x33, 0x33,
  0x44, 0x44, 0x55, 0x44, 0x44, 0x45, 0x55, 0x55, 0xc6, 0x66, 0x99, 0xa9, 0xaa, 0xaa, 0xcc, 0xa9,
  0xaa, 0xac, 0xeb, 0xbb, 0xbb, 0xbb, 0xbb, 0xbb, 0xca, 0xaa, 0xa9, 0xca, 0xa6, 0xa9, 0xec, 0xbb,
  0xbb, 0xbb, 0xbb, 0xbb, 0xbb, 0xbb, 0xbb, 0xbb, 0xee, 0xeb, 0xee, 0xee, 0xee, 0xee, 0xbc, 0xcc,
  0xaa, 0xcc, 0xa8, 0x76, 0x66, 0x56, 0x77, 0x68, 0x88, 0x69, 0x69, 0xca, 0x9c, 0xa9, 0xaa, 0x99,
  0xac, 0xca, 0xaa, 0x69, 0x96, 0xa9, 0x65, 0x55, 0x55, 0x55, 0x44, 0x44, 0x44, 0x43, 0x33, 0x33,
  0x33, 0x33, 0x22, 0x22, 0x22, 0x22, 0x21, 0x10, 0x00, 0x00, 0x00, 0x00, 0x00, 0x00, 0x00, 0x00,
  0x00, 0x00, 0x00, 0x00, 0x00, 0x00, 0x00, 0x00, 0x00, 0x00, 0x00, 0x00, 0x00, 0x00, 0x00, 0x00,
  0x00, 0x00, 0x00, 0x00, 0x00, 0x00, 0x00, 0x00, 0x00, 0x00, 0x00, 0x00, 0x00, 0x00, 0x00, 0x00,
  0x00, 0x00, 0x00, 0x00, 0x00, 0x00, 0x00, 0x00, 0x00, 0x00, 0x00, 0x00, 0x00, 0x00, 0x00, 0x00,
  0x00, 0x00, 0x00, 0x00, 0x00, 0x00, 0x00, 0x00, 0x00, 0x00, 0x00, 0x00, 0x00, 0x00, 0x00, 0x00,
  0x00, 0x00, 0x00, 0x00, 0x00, 0x00, 0x00, 0x00, 0x01, 0x11, 0x11, 0x12, 0x22, 0x22, 0x22, 0x33,
  0x33, 0x33, 0x33, 0x33, 0x33, 0x34, 0x44, 0x44, 0x44, 0x45, 0x55, 0x55, 0x55, 0x69, 0x96, 0xa9,
  0x9a, 0xcc, 0xca, 0x99, 0x66, 0x98, 0xeb, 0xbb, 0xbb, 0xbb, 0xbb, 0xbb, 0xca, 0xac, 0xa6, 0xac,
  0xaa, 0xc9, 0xac, 0xbb, 0xbb, 0xbb, 0xbb, 0xbb, 0xbb, 0xbb, 0xbb, 0xbb, 0xee, 0xee, 0xee, 0xeb,
  0xee, 0xee, 0xbc, 0xca, 0x99, 0xac, 0x98, 0x88, 0x56, 0x58, 0x88, 0x88, 0x88, 0x89, 0x69, 0xcc,
  0xec, 0xa9, 0x9c, 0xaa, 0x9a, 0xc9, 0x99, 0x99, 0x66, 0x56, 0x55, 0x55, 0x44, 0x44, 0x44, 0x44,
  0x44, 0x43, 0x33, 0x33, 0x33, 0x22, 0x22, 0x22, 0x22, 0x22, 0x22, 0x10, 0x00, 0x00, 0x00, 0x00,
  0x00, 0x00, 0x00, 0x00, 0x00, 0x00, 0x00, 0x11, 0x00, 0x00, 0x00, 0x00, 0x00, 0x00, 0x00, 0x00,
  0x00, 0x00, 0x00, 0x00, 0x00, 0x00, 0x00, 0x00, 0x01, 0x00, 0x00, 0x00, 0x00, 0x00, 0x00, 0x00,
  0x00, 0x00, 0x00, 0x00, 0x00, 0x00, 0x00, 0x00, 0x00, 0x00, 0x00, 0x00, 0x00, 0x00, 0x00, 0x00,
  0x00, 0x00, 0x00, 0x00, 0x00, 0x00, 0x00, 0x00, 0x00, 0x00, 0x00, 0x00, 0x00, 0x00, 0x00, 0x00,
  0x00, 0x00, 0x00, 0x00, 0x00, 0x00, 0x00, 0x00, 0x00, 0x00, 0x00, 0x00, 0x00, 0x00, 0x00, 0x01,
  0x12, 0x22, 0x22, 0x22, 0x23, 0x33, 0x33, 0x33, 0x33, 0x34, 0x44, 0x44, 0x44, 0x44, 0x44, 0x44,
  0x55, 0x55, 0x55, 0x69, 0x98, 0x88, 0x99, 0x99, 0x99, 0x9c, 0xbb, 0xbb, 0xbb, 0xbb, 0xbb, 0xbb,
  0x99, 0x99, 0x99, 0xa9, 0xac, 0xcb, 0xbb, 0xbb, 0xbb, 0xbb, 0xbb, 0xbb, 0xbb, 0xbb, 0xbe, 0xeb,
  0xbe, 0xee, 0xee, 0xee, 0xee, 0xbb, 0xbc, 0xa9, 0x99, 0x99, 0x9a, 0x69, 0x99, 0x99, 0x99, 0x96,
  0x69, 0xa6, 0xc9, 0x9a, 0xa9, 0x99, 0x9c, 0xca, 0xea, 0xc9, 0x99, 0x99, 0x99, 0x96, 0x65, 0x54,
  0x44, 0x44, 0x44, 0x43, 0x33, 0x33, 0x33, 0x33, 0x32, 0x22, 0x22, 0x22, 0x21, 0x22, 0x22, 0x22,
  0x10, 0x00, 0x00, 0x00, 0x00, 0x00, 0x00, 0x00, 0x00, 0x00, 0x00, 0x00, 0x00, 0x00, 0x00, 0x00,
  0x00, 0x00, 0x00, 0x00, 0x00, 0x00, 0x00, 0x00, 0x00, 0x00, 0x00, 0x00, 0x10, 0x00, 0x00, 0x00,
  0x00, 0x00, 0x00, 0x00, 0x00, 0x00, 0x00, 0x00, 0x00, 0x00, 0x00, 0x00, 0x00, 0x00, 0x00, 0x00,
  0x00, 0x00, 0x00, 0x00, 0x00, 0x00, 0x00, 0x00, 0x00, 0x00, 0x00, 0x00, 0x00, 0x00, 0x00, 0x00,
  0x00, 0x00, 0x00, 0x00, 0x00, 0x00, 0x00, 0x00, 0x00, 0x00, 0x00, 0x00, 0x00, 0x00, 0x00, 0x00,
  0x00, 0x00, 0x00, 0x01, 0x12, 0x22, 0x22, 0x22, 0x22, 0x22, 0x23, 0x33, 0x33, 0x33, 0x33, 0x44,
  0x44, 0x44, 0x44, 0x44, 0x45, 0x55, 0x55, 0x59, 0xa8, 0x67, 0x99, 0x9a, 0xa9, 0x6a, 0xbb, 0xbb,
  0xbb, 0xbb, 0xbb, 0xbb, 0xa6, 0xaa, 0x96, 0x69, 0xac, 0xcb, 0xbb, 0xbb, 0xbb, 0xbb, 0xbe, 0xeb,
  0xbb, 0xee, 0xbe, 0xeb, 0xbe, 0xee, 0xee, 0xee, 0xee, 0xee, 0xbc, 0xaa, 0x99, 0x99, 0x96, 0xa9,
  0x99, 0x99, 0x99, 0x66, 0x99, 0x66, 0xa9, 0x99, 0x96, 0x69, 0x9a, 0xa6, 0xae, 0xe6, 0x99, 0x99,
  0x66, 0x55, 0x55, 0x44, 0x44, 0x43, 0x43, 0x33, 0x33, 0x33, 0x33, 0x23, 0x22, 0x22, 0x22, 0x21,
  0x11, 0x11, 0x11, 0x11, 0x11, 0x20, 0x00, 0x00, 0x00, 0x00, 0x00, 0x00, 0x00, 0x10, 0x00, 0x00,
  0x00, 0x00, 0x00, 0x00, 0x00, 0x00, 0x00, 0x00, 0x00, 0x00, 0x00, 0x00, 0x00, 0x00, 0x00, 0x00,
  0x00, 0x00, 0x00, 0x00, 0x00, 0x00, 0x00, 0x00, 0x00, 0x00, 0x00, 0x00, 0x00, 0x00, 0x00, 0x00,
  0x00, 0x00, 0x00, 0x00, 0x00, 0x00, 0x00, 0x00, 0x00, 0x00, 0x00, 0x00, 0x00, 0x00, 0x00, 0x00,
  0x00, 0x00, 0x00, 0x00, 0x00, 0x00, 0x00, 0x00, 0x00, 0x00, 0x00, 0x00, 0x00, 0x00, 0x00, 0x00,
  0x00, 0x00, 0x00, 0x00, 0x00, 0x00, 0x00, 0x01, 0x12, 0x22, 0x22, 0x22, 0x22, 0x22, 0x22, 0x33,
  0x33, 0x33, 0x33, 0x33, 0x44, 0x44, 0x44, 0x44, 0x45, 0x55, 0x55, 0x59, 0x66, 0x56, 0x55, 0x56,
  0x69, 0xa9, 0xab, 0xbb, 0xbb, 0xbb, 0xbb, 0xbb, 0xc6, 0xcc, 0x99, 0x99, 0x66, 0x6b, 0xbb, 0xbb,
  0xbb, 0xbb, 0xb9, 0xbb, 0xbb, 0xee, 0xbb, 0xeb, 0xee, 0xee, 0xee, 0xeb, 0xee, 0x9b, 0xbc, 0x66,
  0x99, 0x99, 0x99, 0x99, 0x99, 0x99, 0x99, 0x66, 0xa9, 0x99, 0x99, 0x96, 0x66, 0x69, 0x99, 0x99,
  0xca, 0x95, 0x55, 0x55, 0x54, 0x44, 0x44, 0x44, 0x33, 0x33, 0x33, 0x33, 0x33, 0x33, 0x22, 0x22,
  0x22, 0x22, 0x22, 0x21, 0x11, 0x11, 0x11, 0x11, 0x12, 0x22, 0x00, 0x00, 0x00, 0x00, 0x00, 0x00,
  0x00, 0x11, 0x00, 0x11, 0x00, 0x00, 0x00, 0x00, 0x00, 0x00, 0x00, 0x00, 0x00, 0x00, 0x00, 0x00,
  0x00, 0x00, 0x00, 0x00, 0x00, 0x00, 0x00, 0x00, 0x00, 0x00, 0x00, 0x00, 0x00, 0x00, 0x00, 0x00,
  0x00, 0x00, 0x00, 0x00, 0x00, 0x00, 0x00, 0x00, 0x00, 0x00, 0x00, 0x00, 0x00, 0x00, 0x00, 0x00,
  0x00, 0x00, 0x00, 0x00, 0x00, 0x00, 0x00, 0x00, 0x00, 0x00, 0x00, 0x00, 0x00, 0x00, 0x00, 0x00,
  0x00, 0x00, 0x00, 0x00, 0x00, 0x00, 0x00, 0x00, 0x00, 0x00, 0x00, 0x00, 0x00, 0x00, 0x02, 0x22,
  0x22, 0x22, 0x22, 0x22, 0x23, 0x33, 0x33, 0x33, 0x33, 0x33, 0x44, 0x44, 0x44, 0x44, 0x44, 0x44,
  0x45, 0x55, 0x69, 0x96, 0x65, 0x9a, 0xaa, 0x9a, 0xcc, 0xbb, 0xbc, 0xa9, 0x99, 0xac, 0x9a, 0xc6,
  0xc6, 0xc9, 0xbb, 0xbb, 0xbb, 0xbb, 0xbb, 0xbb, 0xee, 0xeb, 0xbe, 0xee, 0xee, 0xcc, 0xee, 0xee,
  0xeb, 0xec, 0xb9, 0x9a, 0x69, 0x99, 0xca, 0x99, 0x99, 0x99, 0x99, 0xaa, 0x65, 0x55, 0x56, 0x55,
  0x55, 0x55, 0x55, 0x6a, 0xa5, 0x65, 0x55, 0x55, 0x54, 0x44, 0x44, 0x44, 0x33, 0x33, 0x33, 0x33,
  0x33, 0x32, 0x22, 0x22, 0x22, 0x21, 0x11, 0x21, 0x10, 0x00, 0x00, 0x00, 0x03, 0x23, 0x10, 0x00,
  0x00, 0x00, 0x00, 0x00, 0x00, 0x00, 0x00, 0x00, 0x00, 0x00, 0x00, 0x00, 0x00, 0x00, 0x00, 0x00,
  0x00, 0x00, 0x00, 0x00, 0x00, 0x00, 0x00, 0x00, 0x00, 0x00, 0x00, 0x00, 0x00, 0x00, 0x00, 0x00,
  0x00, 0x00, 0x00, 0x00, 0x00, 0x00, 0x00, 0x00, 0x00, 0x00, 0x00, 0x00, 0x00, 0x00, 0x00, 0x00,
  0x00, 0x00, 0x00, 0x00, 0x00, 0x00, 0x00, 0x00, 0x00, 0x00, 0x00, 0x00, 0x00, 0x00, 0x00, 0x00,
  0x00, 0x00, 0x00, 0x00, 0x00, 0x00, 0x00, 0x00, 0x00, 0x00, 0x00, 0x00, 0x00, 0x00, 0x00, 0x00,
  0x00, 0x00, 0x01, 0x22, 0x22, 0x22, 0x22, 0x22, 0x23, 0x33, 0x33, 0x33, 0x33, 0x33, 0x33, 0x44,
  0x44, 0x44, 0x44, 0x44, 0x45, 0x65, 0x99, 0x95, 0x96, 0x99, 0x66, 0xaa, 0xaa, 0xbb, 0xbc, 0xa9,
  0x99, 0x9a, 0x99, 0xaa, 0xea, 0xcb, 0xbb, 0xbb, 0xbb, 0xbb, 0xbb, 0xbb, 0x9c, 0xee, 0xbc, 0xee,
  0xee, 0xcc, 0xee, 0xee, 0xeb, 0xbb, 0xb9, 0xac, 0x69, 0x99, 0xa9, 0x96, 0x99, 0x99, 0x99, 0x66,
  0x65, 0x65, 0x66, 0x66, 0x55, 0x54, 0x56, 0x69, 0x66, 0x55, 0x55, 0x54, 0x44, 0x44, 0x33, 0x33,
  0x33, 0x33, 0x33, 0x33, 0x22, 0x22, 0x22, 0x22, 0x22, 0x20, 0x00, 0x11, 0x10, 0x00, 0x00, 0x00,
  0x03, 0x22, 0x30, 0x10, 0x00, 0x00, 0x00, 0x00, 0x00, 0x00, 0x00, 0x00, 0x00, 0x00, 0x00, 0x00,
  0x00, 0x00, 0x00, 0x00, 0x00, 0x00, 0x00, 0x00, 0x00, 0x00, 0x00, 0x00, 0x00, 0x00, 0x00, 0x00,
  0x00, 0x00, 0x00, 0x00, 0x00, 0x00, 0x00, 0x00, 0x00, 0x00, 0x00, 0x00, 0x00, 0x00, 0x00, 0x00,
  0x00, 0x00, 0x00, 0x00, 0x00, 0x00, 0x00, 0x00, 0x00, 0x00, 0x00, 0x00, 0x00, 0x00, 0x00, 0x00,
  0x00, 0x00, 0x00, 0x00, 0x00, 0x00, 0x00, 0x00, 0x00, 0x00, 0x00, 0x00, 0x00, 0x00, 0x00, 0x00,
  0x00, 0x00, 0x00, 0x00, 0x00, 0x00, 0x01, 0x11, 0x11, 0x22, 0x22, 0x22, 0x22, 0x33, 0x33, 0x33,
  0x33, 0x33, 0x33, 0x33, 0x44, 0x44, 0x44, 0x44, 0x45, 0x65, 0x55, 0x55, 0x66, 0x99, 0x99, 0x66,
  0xaa, 0xbb, 0xbc, 0xa6, 0x66, 0x69, 0x99, 0xaa, 0xeb, 0xbb, 0xbb, 0xbb, 0xeb, 0xbc, 0xeb, 0xbb,
  0xeb, 0xee, 0xbb, 0xbe, 0xee, 0xee, 0xee, 0xeb, 0xbb, 0xbb, 0xb9, 0x9c, 0x99, 0x99, 0x99, 0x96,
  0x69, 0x96, 0x66, 0x65, 0x55, 0x54, 0x64, 0x45, 0x55, 0x55, 0x44, 0x45, 0x66, 0x55, 0x44, 0x44,
  0x43, 0x33, 0x33, 0x33, 0x33, 0x33, 0x33, 0x32, 0x22, 0x22, 0x22, 0x22, 0x21, 0x10, 0x00, 0x11,
  0x10, 0x00, 0x00, 0x00, 0x02, 0x11, 0x13, 0x20, 0x00, 0x00, 0x00, 0x00, 0x00, 0x00, 0x00, 0x00,
  0x00, 0x00, 0x00, 0x00, 0x00, 0x00, 0x00, 0x00, 0x11, 0x00, 0x00, 0x00, 0x00, 0x00, 0x00, 0x00,
  0x00, 0x00, 0x00, 0x00, 0x01, 0x11, 0x10, 0x00, 0x00, 0x00, 0x00, 0x00, 0x00, 0x00, 0x00, 0x00,
  0x00, 0x00, 0x00, 0x01, 0x10, 0x00, 0x00, 0x00, 0x00, 0x00, 0x00, 0x00, 0x00, 0x00, 0x00, 0x00,
  0x00, 0x00, 0x00, 0x00, 0x00, 0x00, 0x00, 0x00, 0x00, 0x00, 0x00, 0x00, 0x00, 0x00, 0x00, 0x00,
  0x00, 0x00, 0x00, 0x00, 0x00, 0x00, 0x00, 0x00, 0x00, 0x00, 0x00, 0x00, 0x00, 0x12, 0x22, 0x22,
  0x22, 0x22, 0x33, 0x33, 0x33, 0x33, 0x33, 0x33, 0x33, 0x44, 0x44, 0x44, 0x55, 0x55, 0x55, 0x55,
  0x55, 0x55, 0x55, 0x96, 0x66, 0x99, 0x66, 0xa6, 0x55, 0x55, 0x96, 0x6c, 0xbb, 0xbb, 0xb9, 0x9a,
  0xbb, 0xbb, 0xbb, 0xbb, 0xbb, 0xbb, 0xbb, 0xbe, 0xee, 0xee, 0xee, 0xec, 0xbb, 0xbb, 0xb8, 0x78,
  0x88, 0x65, 0x66, 0x66, 0x65, 0x55, 0x55, 0x44, 0x54, 0x44, 0x44, 0x45, 0x54, 0x44, 0x55, 0x55,
  0x55, 0x54, 0x44, 0x43, 0x33, 0x33, 0x33, 0x33, 0x33, 0x33, 0x22, 0x22, 0x22, 0x22, 0x22, 0x22,
  0x10, 0x00, 0x00, 0x00, 0x00, 0x00, 0x00, 0x00, 0x01, 0x20, 0x01, 0x22, 0x10, 0x00, 0x00, 0x00,
  0x00, 0x00, 0x01, 0x11, 0x11, 0x11, 0x22, 0x10, 0x11, 0x11, 0x12, 0x12, 0x22, 0x11, 0x22, 0x22,
  0x12, 0x10, 0x00, 0x00, 0x11, 0x20, 0x00, 0x00, 0x02, 0x21, 0x20, 0x00, 0x00, 0x00, 0x00, 0x00,
  0x00, 0x00, 0x00, 0x00, 0x00, 0x10, 0x00, 0x00, 0x00, 0x00, 0x00, 0x00, 0x00, 0x00, 0x00, 0x00,
  0x00, 0x00, 0x00, 0x00, 0x00, 0x00, 0x00, 0x00, 0x00, 0x00, 0x00, 0x00, 0x00, 0x00, 0x00, 0x00,
  0x00, 0x00, 0x00, 0x00, 0x00, 0x00, 0x00, 0x00, 0x00, 0x00, 0x00, 0x00, 0x00, 0x00, 0x00, 0x00,
  0x00, 0x12, 0x22, 0x22, 0x22, 0x22, 0x22, 0x23, 0x33, 0x33, 0x33, 0x33, 0x33, 0x33, 0x34, 0x45,
  0x44, 0x45, 0x45, 0x55, 0x55, 0x55, 0x55, 0x55, 0x66, 0x96, 0x66, 0x66, 0x55, 0x56, 0x56, 0x56,
  0xbb, 0xb9, 0xbb, 0xca, 0x99, 0xbb, 0xbb, 0xbb, 0xbb, 0xbb, 0xbe, 0xeb, 0xbb, 0xee, 0xeb, 0xbb,
  0xbb, 0xbb, 0xb8, 0x68, 0x86, 0x65, 0x86, 0x56, 0x65, 0x55, 0x55, 0x54, 0x44, 0x44, 0x44, 0x44,
  0x44, 0x44, 0x55, 0x55, 0x44, 0x44, 0x44, 0x43, 0x33, 0x33, 0x33, 0x33, 0x32, 0x22, 0x22, 0x22,
  0x22, 0x21, 0x11, 0x21, 0x10, 0x00, 0x00, 0x00, 0x00, 0x00, 0x00, 0x00, 0x01, 0x30, 0x00, 0x01,
  0x33, 0x20, 0x12, 0x32, 0x00, 0x00, 0x02, 0x12, 0x20, 0x00, 0x33, 0x23, 0x01, 0x02, 0x10, 0x00,
  0x01, 0x11, 0x00, 0x10, 0x01, 0x20, 0x00, 0x01, 0x21, 0x22, 0x00, 0x00, 0x02, 0x00, 0x20, 0x00,
  0x00, 0x00, 0x00, 0x00, 0x00, 0x00, 0x00, 0x00, 0x11, 0x21, 0x11, 0x00, 0x00, 0x11, 0x00, 0x00,
  0x00, 0x00, 0x00, 0x00, 0x00, 0x00, 0x00, 0x00, 0x00, 0x00, 0x00, 0x00, 0x00, 0x00, 0x00, 0x00,
  0x00, 0x00, 0x00, 0x00, 0x00, 0x00, 0x00, 0x00, 0x00, 0x00, 0x00, 0x00, 0x00, 0x00, 0x00, 0x00,
  0x00, 0x00, 0x00, 0x00, 0x00, 0x11, 0x11, 0x11, 0x22, 0x22, 0x22, 0x22, 0x22, 0x33, 0x33, 0x33,
  0x33, 0x33, 0x33, 0x44, 0x44, 0x44, 0x44, 0x45, 0x55, 0x55, 0x55, 0x65, 0x55, 0x54, 0x45, 0x55,
  0x5a, 0x65, 0x66, 0x65, 0x9b, 0xb9, 0xbb, 0xaa, 0xa9, 0xbb, 0xbb, 0xee, 0xee, 0xee, 0xee, 0xbb,
  0xbe, 0xeb, 0xeb, 0xbb, 0xbb, 0xee, 0x98, 0x96, 0x66, 0x55, 0x55, 0x55, 0x44, 0x44, 0x44, 0x44,
  0x44, 0x44, 0x44, 0x44, 0x44, 0x44, 0x55, 0x55, 0x54, 0x44, 0x43, 0x33, 0x33, 0x33, 0x32, 0x33,
  0x22, 0x22, 0x22, 0x22, 0x22, 0x21, 0x11, 0x11, 0x00, 0x00, 0x00, 0x00, 0x00, 0x00, 0x00, 0x00,
  0x00, 0x20, 0x00, 0x00, 0x00, 0x11, 0x10, 0x23, 0x00, 0x00, 0x02, 0x11, 0x12, 0x11, 0x23, 0x13,
  0x12, 0x02, 0x12, 0x20, 0x02, 0x22, 0x02, 0x20, 0x02, 0x21, 0x00, 0x02, 0x21, 0x02, 0x00, 0x00,
  0x01, 0x00, 0x10, 0x00, 0x00, 0x00, 0x00, 0x00, 0x00, 0x00, 0x00, 0x00, 0x11, 0x12, 0x11, 0x00,
  0x00, 0x00, 0x00, 0x00, 0x00, 0x00, 0x00, 0x00, 0x00, 0x00, 0x00, 0x00, 0x00, 0x00, 0x00, 0x00,
  0x00, 0x00, 0x00, 0x00, 0x00, 0x00, 0x00, 0x00, 0x00, 0x00, 0x00, 0x00, 0x00, 0x00, 0x00, 0x00,
  0x00, 0x00, 0x00, 0x00, 0x00, 0x00, 0x00, 0x00, 0x00, 0x00, 0x00, 0x00, 0x22, 0x12, 0x11, 0x22,
  0x22, 0x33, 0x33, 0x33, 0x33, 0x33, 0x33, 0x34, 0x44, 0x44, 0x44, 0x45, 0x55, 0x44, 0x55, 0x44,
  0x55, 0x44, 0x45, 0x54, 0x45, 0x54, 0x45, 0x55, 0x5a, 0x96, 0xa6, 0x9a, 0xc9, 0x69, 0xbb, 0xa9,
  0x9b, 0xcc, 0x99, 0xac, 0xcb, 0xbb, 0xbc, 0xcc, 0xcc, 0x96, 0xa9, 0x96, 0x55, 0x55, 0x55, 0x55,
  0x44, 0x44, 0x44, 0x44, 0x44, 0x44, 0x44, 0x44, 0x44, 0x44, 0x44, 0x44, 0x44, 0x43, 0x33, 0x33,
  0x33, 0x22, 0x22, 0x22, 0x22, 0x22, 0x22, 0x22, 0x22, 0x22, 0x11, 0x00, 0x00, 0x00, 0x00, 0x00,
  0x00, 0x00, 0x00, 0x00, 0x01, 0x20, 0x00, 0x00, 0x00, 0x00, 0x00, 0x23, 0x10, 0x00, 0x01, 0x11,
  0x10, 0x12, 0x02, 0x02, 0x02, 0x03, 0x02, 0x20, 0x01, 0x02, 0x13, 0x22, 0x22, 0x21, 0x00, 0x22,
  0xd1, 0x01, 0x00, 0x00, 0x00, 0x02, 0x10, 0x00, 0x00, 0x00, 0x00, 0x00, 0x00, 0x00, 0x00, 0x00,
  0x12, 0x11, 0x12, 0x00, 0x00, 0x00, 0x00, 0x00, 0x00, 0x00, 0x00, 0x00, 0x00, 0x00, 0x00, 0x00,
  0x00, 0x00, 0x00, 0x00, 0x00, 0x00, 0x00, 0x00, 0x00, 0x00, 0x00, 0x00, 0x00, 0x00, 0x00, 0x00,
  0x00, 0x00, 0x00, 0x00, 0x00, 0x00, 0x00, 0x00, 0x00, 0x00, 0x00, 0x00, 0x00, 0x00, 0x00, 0x00,
  0x11, 0x12, 0x22, 0x22, 0x22, 0x22, 0x23, 0x33, 0x33, 0x33, 0x33, 0x33, 0x33, 0x33, 0x34, 0x44,
  0x44, 0x44, 0x45, 0x54, 0x44, 0x44, 0x45, 0x44, 0x55, 0x54, 0x55, 0x56, 0x66, 0x69, 0x99, 0xa9,
  0xa9, 0xcb, 0x9b, 0xbc, 0x9b, 0xbb, 0xaa, 0xc9, 0x99, 0x9b, 0xbc, 0xc9, 0x99, 0x9a, 0xc9, 0x6a,
  0x66, 0x56, 0x55, 0x55, 0x44, 0x44, 0x44, 0x44, 0x44, 0x44, 0x44, 0x44, 0x44, 0x44, 0x44, 0x44,
  0x44, 0x43, 0x33, 0x33, 0x33, 0x22, 0x22, 0x22, 0x22, 0x22, 0x22, 0x22, 0x12, 0x22, 0x12, 0x00,
  0x00, 0x00, 0x00, 0x00, 0x00, 0x00, 0x00, 0x00, 0x13, 0x10, 0x00, 0x00, 0x00, 0x01, 0x22, 0x30,
  0x01, 0x22, 0x22, 0x23, 0x23, 0x12, 0x12, 0x12, 0x12, 0x13, 0x23, 0x10, 0x23, 0x22, 0x23, 0x32,
  0x22, 0x21, 0x01, 0x33, 0x22, 0x22, 0x10, 0x00, 0x22, 0x03, 0x22, 0x22, 0x21, 0x00, 0x00, 0x00,
  0x00, 0x00, 0x00, 0x00, 0x01, 0x11, 0x11, 0x00, 0x00, 0x00, 0x00, 0x00, 0x00, 0x00, 0x00, 0x00,
  0x00, 0x00, 0x00, 0x00, 0x00, 0x00, 0x00, 0x00, 0x00, 0x00, 0x00, 0x00, 0x00, 0x00, 0x00, 0x00,
  0x00, 0x00, 0x00, 0x00, 0x00, 0x00, 0x00, 0x00, 0x00, 0x00, 0x00, 0x00, 0x00, 0x00, 0x00, 0x00,
  0x00, 0x00, 0x00, 0x00, 0x00, 0x01, 0x11, 0x22, 0x22, 0x22, 0x22, 0x22, 0x22, 0x33, 0x33, 0x33,
  0x33, 0x33, 0x33, 0x44, 0x44, 0x44, 0x44, 0x44, 0x44, 0x44, 0x44, 0x44, 0x44, 0x44, 0x44, 0x44,
  0x45, 0x56, 0xac, 0x96, 0x9e, 0xc9, 0x9a, 0x6a, 0x9e, 0xeb, 0x99, 0xa9, 0xaa, 0xbb, 0xac, 0xa6,
  0x66, 0x66, 0xa6, 0x66, 0x55, 0x55, 0x55, 0x55, 0x44, 0x44, 0x44, 0x44, 0x44, 0x44, 0x33, 0x33,
  0x34, 0x44, 0x33, 0x33, 0x33, 0x33, 0x33, 0x32, 0x22, 0x22, 0x22, 0x22, 0x22, 0x22, 0x21, 0x11,
  0x01, 0x22, 0x22, 0x10, 0x00, 0x00, 0x00, 0x00, 0x01, 0x11, 0x00, 0x00, 0x32, 0x00, 0x00, 0x00,
  0x00, 0x03, 0x21, 0x01, 0x13, 0xdd, 0xdd, 0xdd, 0xdd, 0xd3, 0x3d, 0xd3, 0x33, 0x23, 0x21, 0x12,
  0x22, 0x33, 0x32, 0x22, 0x23, 0x32, 0x13, 0xdd, 0x3d, 0xd2, 0x10, 0x01, 0x32, 0x03, 0x3d, 0xd3,
  0xd3, 0x20, 0x00, 0x00, 0x00, 0x00, 0x00, 0x00, 0x00, 0x10, 0x00, 0x00, 0x00, 0x00, 0x00, 0x00,
  0x00, 0x00, 0x00, 0x00, 0x00, 0x00, 0x00, 0x00, 0x00, 0x00, 0x00, 0x00, 0x00, 0x00, 0x00, 0x00,
  0x00, 0x00, 0x00, 0x00, 0x00, 0x00, 0x00, 0x00, 0x00, 0x00, 0x00, 0x00, 0x00, 0x00, 0x00, 0x00,
  0x00, 0x00, 0x00, 0x00, 0x00, 0x00, 0x00, 0x00, 0x00, 0x00, 0x01, 0x22, 0x22, 0x22, 0x22, 0x22,
  0x22, 0x33, 0x33, 0x33, 0x33, 0x33, 0x33, 0x33, 0x33, 0x33, 0x44, 0x44, 0x44, 0x44, 0x44, 0x44,
  0x44, 0x44, 0x44, 0x44, 0x44, 0x55, 0x55, 0x69, 0x99, 0x5a, 0xa9, 0x6a, 0x99, 0x66, 0x99, 0x69,
  0x66, 0x66, 0x66, 0x66, 0x55, 0x55, 0x55, 0x55, 0x55, 0x55, 0x55, 0x54, 0x44, 0x44, 0x44, 0x44,
  0x33, 0x33, 0x33, 0x33, 0x33, 0x33, 0x33, 0x33, 0x33, 0x33, 0x32, 0x22, 0x22, 0x22, 0x22, 0x22,
  0x21, 0x11, 0x20, 0x00, 0x11, 0x12, 0x22, 0x10, 0x00, 0x00, 0x00, 0x00, 0x01, 0x11, 0x00, 0x00,
  0x31, 0x00, 0x00, 0x00, 0x02, 0xd3, 0x30, 0x01, 0x13, 0x11, 0x11, 0x11, 0x11, 0x3d, 0x32, 0x23,
  0xdd, 0xdd, 0x32, 0x10, 0x23, 0x12, 0x33, 0x33, 0x32, 0x13, 0x3d, 0x1d, 0x33, 0x13, 0x32, 0x21,
  0x23, 0x33, 0x33, 0x0d, 0x23, 0x20, 0x00, 0x00, 0x00, 0x00, 0x00, 0x00, 0x00, 0x00, 0x00, 0x00,
  0x00, 0x00, 0x00, 0x00, 0x00, 0x00, 0x00, 0x00, 0x00, 0x00, 0x00, 0x00, 0x00, 0x00, 0x00, 0x00,
  0x00, 0x00, 0x00, 0x00, 0x00, 0x00, 0x00, 0x00, 0x00, 0x00, 0x00, 0x00, 0x00, 0x00, 0x00, 0x00,
  0x00, 0x00, 0x00, 0x00, 0x00, 0x00, 0x00, 0x00, 0x00, 0x00, 0x00, 0x00, 0x00, 0x00, 0x00, 0x12,
  0x22, 0x22, 0x22, 0x22, 0x22, 0x22, 0x23, 0x33, 0x33, 0x33, 0x33, 0x33, 0x33, 0x33, 0x33, 0x33,
  0x33, 0x33, 0x33, 0x33, 0x44, 0x44, 0x44, 0x44, 0x44, 0x45, 0x55, 0x59, 0x96, 0x66, 0x69, 0x96,
  0x99, 0x65, 0x56, 0x66, 0x56, 0x99, 0x65, 0x55, 0x55, 0x55, 0x55, 0x55, 0x55, 0x54, 0x44, 0x44,
  0x44, 0x33, 0x33, 0x33, 0x33, 0x33, 0x33, 0x33, 0x33, 0x33, 0x33, 0x33, 0x32, 0x22, 0x22, 0x22,
  0x22, 0x22, 0x21, 0x11, 0x11, 0x11, 0x10, 0x00, 0x00, 0x01, 0x11, 0x00, 0x00, 0x00, 0x00, 0x00,
  0x02, 0x11, 0x00, 0x02, 0x30, 0x00, 0x00, 0x02, 0x23, 0x3d, 0x10, 0x00, 0x13, 0xdd, 0xdd, 0xdd,
  0xdd, 0xd3, 0x31, 0x01, 0x20, 0x10, 0x13, 0x21, 0x33, 0x11, 0x23, 0x21, 0x32, 0x13, 0x3d, 0x23,
  0x32, 0x12, 0x22, 0x32, 0x33, 0x33, 0x32, 0x13, 0x22, 0x30, 0x00, 0x00, 0x00, 0x00, 0x00, 0x00,
  0x00, 0x00, 0x00, 0x00, 0x01, 0x11, 0x00, 0x00, 0x00, 0x00, 0x00, 0x00, 0x00, 0x00, 0x00, 0x00,
  0x00, 0x00, 0x00, 0x00, 0x00, 0x00, 0x00, 0x00, 0x00, 0x00, 0x00, 0x00, 0x00, 0x00, 0x00, 0x00,
  0x00, 0x00, 0x00, 0x00, 0x00, 0x00, 0x00, 0x00, 0x00, 0x00, 0x00, 0x00, 0x00, 0x00, 0x00, 0x00,
  0x00, 0x00, 0x00, 0x00, 0x12, 0x22, 0x22, 0x22, 0x22, 0x22, 0x22, 0x22, 0x23, 0x33, 0x33, 0x33,
  0x33, 0x33, 0x33, 0x33, 0x33, 0x33, 0x33, 0x33, 0x33, 0x34, 0x44, 0x44, 0x44, 0x44, 0x44, 0x55,
  0x55, 0x55, 0x55, 0x55, 0x45, 0x44, 0x55, 0x44, 0x44, 0x45, 0x55, 0x55, 0x54, 0x45, 0x55, 0x44,
  0x44, 0x44, 0x43, 0x33, 0x33, 0x33, 0x33, 0x33, 0x33, 0x33, 0x33, 0x33, 0x33, 0x33, 0x33, 0x32,
  0x22, 0x22, 0x22, 0x22, 0x22, 0x21, 0x20, 0x00, 0x00, 0x00, 0x00, 0x00, 0x00, 0x00, 0x00, 0x00,
  0x00, 0x01, 0x12, 0x11, 0x11, 0x11, 0x22, 0x23, 0x00, 0x01, 0x01, 0xd2, 0x3d, 0x23, 0x10, 0x00,
  0x02, 0xdd, 0xdd, 0xdd, 0xdd, 0xd3, 0xdd, 0xdd, 0xdd, 0xd1, 0x13, 0x33, 0x32, 0x11, 0x03, 0x21,
  0x30, 0x13, 0xdd, 0x21, 0x11, 0x10, 0x02, 0x33, 0x32, 0x22, 0x11, 0x01, 0x13, 0x30, 0x00, 0x00,
  0x00, 0x00, 0x00, 0x00, 0x00, 0x00, 0x00, 0x00, 0x01, 0x11, 0x00, 0x00, 0x00, 0x00, 0x00, 0x00,
  0x00, 0x00, 0x00, 0x00, 0x00, 0x00, 0x00, 0x00, 0x00, 0x00, 0x00, 0x00, 0x00, 0x00, 0x00, 0x00,
  0x00, 0x00, 0x00, 0x00, 0x00, 0x00, 0x00, 0x00, 0x00, 0x00, 0x00, 0x00, 0x00, 0x00, 0x00, 0x00,
  0x00, 0x00, 0x00, 0x00, 0x00, 0x00, 0x00, 0x00, 0x11, 0x22, 0x22, 0x22, 0x22, 0x22, 0x22, 0x22,
  0x22, 0x23, 0x23, 0x23, 0x33, 0x33, 0x33, 0x33, 0x33, 0x33, 0x33, 0x33, 0x33, 0x34, 0x43, 0x34,
  0x44, 0x44, 0x44, 0x55, 0x55, 0x55, 0x44, 0x44, 0x44, 0x44, 0x44, 0x44, 0x44, 0x44, 0x44, 0x44,
  0x44, 0x44, 0x44, 0x44, 0x44, 0x43, 0x43, 0x33, 0x33, 0x33, 0x33, 0x33, 0x33, 0x33, 0x33, 0x33,
  0x33, 0x33, 0x22, 0x22, 0x22, 0x12, 0x22, 0x22, 0x21, 0x11, 0x20, 0x00, 0x00, 0x00, 0x00, 0x00,
  0x00, 0x00, 0x00, 0x00, 0x00, 0x01, 0x12, 0x21, 0x11, 0x11, 0x22, 0x31, 0x00, 0x23, 0x33, 0x23,
  0x21, 0x31, 0x10, 0x00, 0x02, 0x31, 0x11, 0x10, 0x22, 0xd3, 0x33, 0x3d, 0x33, 0xd1, 0x13, 0x22,
  0x32, 0x33, 0x03, 0x32, 0x30, 0x1d, 0x3d, 0x33, 0x33, 0x23, 0x23, 0x32, 0xd2, 0x3d, 0xdd, 0x13,
  0xdd, 0x20, 0x00, 0x00, 0x00, 0x00, 0x00, 0x00, 0x00, 0x00, 0x00, 0x00, 0x01, 0x21, 0x00, 0x00,
  0x00, 0x00, 0x00, 0x00, 0x00, 0x00, 0x00, 0x00, 0x00, 0x00, 0x00, 0x00, 0x00, 0x00, 0x00, 0x00,
  0x00, 0x00, 0x00, 0x00, 0x00, 0x00, 0x00, 0x00, 0x00, 0x00, 0x00, 0x00, 0x00, 0x00, 0x00, 0x00,
  0x00, 0x00, 0x00, 0x00, 0x00, 0x00, 0x00, 0x00, 0x00, 0x00, 0x00, 0x00, 0x11, 0x22, 0x22, 0x22,
  0x22, 0x22, 0x22, 0x22, 0x22, 0x22, 0x22, 0x22, 0x22, 0x32, 0x33, 0x33, 0x33, 0x23, 0x32, 0x33,
  0x33, 0x33, 0x33, 0x33, 0x33, 0x44, 0x44, 0x44, 0x44, 0x44, 0x44, 0x44, 0x44, 0x44, 0x44, 0x34,
  0x44, 0x44, 0x44, 0x44, 0x44, 0x44, 0x44, 0x44, 0x33, 0x34, 0x33, 0x33, 0x33, 0x33, 0x33, 0x33,
  0x32, 0x22, 0x22, 0x23, 0x22, 0x22, 0x22, 0x22, 0x22, 0x22, 0x22, 0x12, 0x11, 0x12, 0x10, 0x00,
  0x00, 0x00, 0x00, 0x00, 0x00, 0x00, 0x00, 0x00, 0x00, 0x02, 0x22, 0x11, 0x11, 0x22, 0x22, 0x20,
  0x33, 0x2d, 0x31, 0x20, 0x01, 0xd1, 0x10, 0x00, 0x13, 0x11, 0xdd, 0xdd, 0x31, 0xd3, 0x30, 0x10,
  0x12, 0xd1, 0x13, 0x23, 0x32, 0x2d, 0x1d, 0x32, 0x30, 0x13, 0x31, 0x33, 0x33, 0x13, 0x33, 0x32,
  0xd1, 0x3d, 0xdd, 0x23, 0x32, 0x00, 0x00, 0x00, 0x00, 0x00, 0x00, 0x00, 0x12, 0x10, 0x00, 0x00,
  0x00, 0x00, 0x00, 0x00, 0x00, 0x00, 0x00, 0x00, 0x00, 0x00, 0x00, 0x00, 0x00, 0x00, 0x00, 0x00,
  0x00, 0x00, 0x00, 0x00, 0x00, 0x00, 0x00, 0x00, 0x00, 0x00, 0x00, 0x00, 0x00, 0x00, 0x00, 0x00,
  0x00, 0x00, 0x00, 0x00, 0x00, 0x00, 0x00, 0x00, 0x00, 0x00, 0x00, 0x00, 0x00, 0x00, 0x00, 0x00,
  0x12, 0x22, 0x11, 0x00, 0x12, 0x22, 0x22, 0x22, 0x22, 0x22, 0x22, 0x22, 0x22, 0x22, 0x22, 0x22,
  0x22, 0x33, 0x33, 0x33, 0x33, 0x33, 0x33, 0x33, 0x33, 0x33, 0x33, 0x34, 0x44, 0x44, 0x44, 0x44,
  0x44, 0x44, 0x44, 0x43, 0x33, 0x33, 0x33, 0x33, 0x33, 0x33, 0x33, 0x33, 0x33, 0x33, 0x33, 0x33,
  0x23, 0x33, 0x33, 0x32, 0x22, 0x22, 0x22, 0x22, 0x22, 0x22, 0x22, 0x22, 0x22, 0x22, 0x22, 0x20,
  0x00, 0x00, 0x00, 0x00, 0x00, 0x00, 0x00, 0x00, 0x00, 0x00, 0x00, 0x00, 0x12, 0x22, 0x22, 0x22,
  0x22, 0x22, 0x22, 0x33, 0x22, 0x22, 0x23, 0x32, 0x11, 0x30, 0x00, 0x00, 0x13, 0x11, 0xdd, 0xdd,
  0x32, 0xd3, 0x31, 0x3d, 0x22, 0xd1, 0x13, 0x33, 0x30, 0xdd, 0x22, 0x32, 0x30, 0x1d, 0x22, 0x33,
  0x32, 0x03, 0x32, 0x32, 0x32, 0x20, 0x03, 0x32, 0x32, 0x10, 0x00, 0x00, 0x00, 0x00, 0x00, 0x00,
  0x11, 0x10, 0x00, 0x00, 0x00, 0x00, 0x00, 0x00, 0x00, 0x00, 0x00, 0x00, 0x00, 0x00, 0x00, 0x00,
  0x00, 0x00, 0x00, 0x00, 0x00, 0x00, 0x00, 0x00, 0x00, 0x00, 0x00, 0x00, 0x00, 0x00, 0x00, 0x00,
  0x00, 0x00, 0x00, 0x00, 0x00, 0x00, 0x00, 0x00, 0x00, 0x00, 0x00, 0x00, 0x00, 0x00, 0x00, 0x00,
  0x00, 0x00, 0x00, 0x00, 0x11, 0x21, 0x11, 0x00, 0x02, 0x22, 0x22, 0x22, 0x22, 0x22, 0x22, 0x22,
  0x22, 0x22, 0x22, 0x22, 0x22, 0x22, 0x22, 0x33, 0x33, 0x33, 0x33, 0x33, 0x33, 0x33, 0x33, 0x33,
  0x33, 0x33, 0x33, 0x33, 0x33, 0x33, 0x33, 0x33, 0x33, 0x33, 0x33, 0x33, 0x33, 0x33, 0x33, 0x33,
  0x33, 0x33, 0x33, 0x33, 0x22, 0x22, 0x22, 0x22, 0x22, 0x22, 0x22, 0x22, 0x22, 0x22, 0x11, 0x12,
  0x22, 0x21, 0x22, 0x10, 0x00, 0x00, 0x00, 0x00, 0x00, 0x00, 0x00, 0x00, 0x00, 0x00, 0x00, 0x00,
  0x11, 0x11, 0x11, 0x11, 0x12, 0x22, 0x22, 0x22, 0x22, 0x22, 0x22, 0x23, 0xd2, 0x20, 0x00, 0x00,
  0x02, 0x21, 0x11, 0x11, 0x12, 0x33, 0x21, 0x3d, 0x22, 0xd1, 0x13, 0x23, 0x20, 0x33, 0x10, 0x33,
  0x30, 0x13, 0x22, 0xd1, 0x11, 0x01, 0x22, 0x22, 0x21, 0x3d, 0x13, 0xd2, 0xd3, 0x21, 0x00, 0x00,
  0x00, 0x00, 0x00, 0x00, 0x11, 0x10, 0x00, 0x00, 0x00, 0x00, 0x00, 0x00, 0x00, 0x00, 0x00, 0x00,
  0x00, 0x00, 0x00, 0x00, 0x00, 0x00, 0x00, 0x00, 0x00, 0x00, 0x00, 0x00, 0x00, 0x00, 0x00, 0x00,
  0x00, 0x00, 0x00, 0x00, 0x00, 0x00, 0x00, 0x00, 0x00, 0x00, 0x00, 0x00, 0x00, 0x00, 0x00, 0x00,
  0x00, 0x00, 0x00, 0x00, 0x00, 0x00, 0x00, 0x00, 0x11, 0x21, 0x11, 0x00, 0x02, 0x22, 0x22, 0x22,
  0x22, 0x22, 0x22, 0x22, 0x22, 0x22, 0x22, 0x22, 0x22, 0x22, 0x22, 0x22, 0x33, 0x22, 0x23, 0x33,
  0x33, 0x33, 0x33, 0x33, 0x33, 0x33, 0x33, 0x33, 0x33, 0x33, 0x33, 0x33, 0x33, 0x33, 0x33, 0x33,
  0x33, 0x33, 0x33, 0x33, 0x33, 0x33, 0x22, 0x22, 0x22, 0x22, 0x22, 0x22, 0x22, 0x22, 0x22, 0x22,
  0x22, 0x22, 0x11, 0x12, 0x22, 0x21, 0x11, 0x10, 0x00, 0x00, 0x00, 0x00, 0x00, 0x00, 0x00, 0x00,
  0x00, 0x00, 0x00, 0x00, 0x11, 0x11, 0x11, 0x11, 0x12, 0x22, 0x22, 0x22, 0x22, 0x22, 0x22, 0x22,
  0x2d, 0x20, 0x00, 0x00, 0x02, 0x3d, 0xdd, 0xdd, 0xdd, 0x32, 0x21, 0x02, 0x12, 0x31, 0x13, 0x2d,
  0x10, 0x11, 0x10, 0x33, 0x30, 0x13, 0x22, 0xd2, 0x31, 0x02, 0x23, 0x22, 0x20, 0xdd, 0x13, 0xd1,
  0x13, 0x31, 0x00, 0x00, 0x00, 0x00, 0x00, 0x00, 0x11, 0x21, 0x11, 0x11, 0x11, 0x11, 0x00, 0x00,
  0x00, 0x00, 0x00, 0x00, 0x00, 0x00, 0x00, 0x00, 0x00, 0x00, 0x00, 0x00, 0x00, 0x00, 0x00, 0x00,
  0x00, 0x00, 0x00, 0x00, 0x00, 0x00, 0x00, 0x00, 0x00, 0x00, 0x00, 0x00, 0x00, 0x00, 0x00, 0x00,
  0x00, 0x00, 0x11, 0x11, 0x00, 0x00, 0x00, 0x00, 0x00, 0x01, 0x11, 0x12, 0x22, 0x10, 0x00, 0x00,
  0x02, 0x22, 0x22, 0x22, 0x22, 0x22, 0x22, 0x22, 0x11, 0x22, 0x22, 0x22, 0x22, 0x22, 0x22, 0x22,
  0x22, 0x22, 0x22, 0x22, 0x22, 0x23, 0x33, 0x33, 0x33, 0x33, 0x33, 0x33, 0x33, 0x33, 0x32, 0x22,
  0x22, 0x22, 0x33, 0x33, 0x33, 0x33, 0x33, 0x33, 0x22, 0x22, 0x22, 0x22, 0x22, 0x22, 0x22, 0x22,
  0x22, 0x22, 0x22, 0x22, 0x22, 0x11, 0x00, 0x00, 0x00, 0x00, 0x00, 0x00, 0x00, 0x00, 0x00, 0x00,
  0x00, 0x00, 0x00, 0x00, 0x00, 0x00, 0x00, 0x00, 0x00, 0x00, 0x00, 0x00, 0x01, 0x22, 0x22, 0x22,
  0x12, 0x22, 0x22, 0x22, 0x22, 0x10, 0x00, 0x00, 0x02, 0x3d, 0x3d, 0x3d, 0x3d, 0x22, 0x21, 0x2d,
  0xdd, 0x33, 0x32, 0x33, 0x12, 0x33, 0x31, 0x23, 0x30, 0x13, 0x22, 0x23, 0xd3, 0x03, 0x33, 0x22,
  0x20, 0xdd, 0x13, 0x31, 0x03, 0x31, 0x00, 0x00, 0x00, 0x00, 0x00, 0x01, 0x11, 0x12, 0x22, 0x22,
  0x22, 0x22, 0x10, 0x00, 0x00, 0x00, 0x00, 0x00, 0x00, 0x00, 0x00, 0x00, 0x00, 0x00, 0x00, 0x00,
  0x00, 0x00, 0x00, 0x00, 0x00, 0x00, 0x00, 0x00, 0x00, 0x00, 0x00, 0x00, 0x00, 0x00, 0x00, 0x00,
  0x00, 0x00, 0x00, 0x00, 0x00, 0x00, 0x01, 0x22, 0x10, 0x00, 0x00, 0x00, 0x00, 0x01, 0x11, 0x11,
  0x12, 0x21, 0x00, 0x00, 0x01, 0x11, 0x11, 0x11, 0x22, 0x22, 0x22, 0x21, 0x11, 0x11, 0x11, 0x22,
  0x22, 0x22, 0x22, 0x22, 0x22, 0x22, 0x22, 0x22, 0x22, 0x32, 0x22, 0x22, 0x22, 0x22, 0x23, 0x22,
  0x22, 0x22, 0x22, 0x22, 0x22, 0x22, 0x22, 0x22, 0x22, 0x22, 0x22, 0x22, 0x33, 0x22, 0x22, 0x22,
  0x11, 0x11, 0x11, 0x11, 0x11, 0x22, 0x22, 0x22, 0x22, 0x11, 0x00, 0x00, 0x00, 0x00, 0x00, 0x00,
  0x00, 0x00, 0x00, 0x00, 0x00, 0x00, 0x00, 0x00, 0x00, 0x00, 0x00, 0x00, 0x00, 0x00, 0x00, 0x00,
  0x01, 0x11, 0x22, 0x22, 0x22, 0x22, 0x11, 0x12, 0x21, 0x00, 0x00, 0x01, 0x13, 0x33, 0x0d, 0xd3,
  0x0d, 0x33, 0x32, 0x2d, 0x33, 0x33, 0x33, 0x32, 0x13, 0x33, 0x32, 0x1d, 0x30, 0x13, 0x23, 0x33,
  0xd3, 0x0d, 0xd3, 0x23, 0x30, 0xdd, 0x03, 0x11, 0x0d, 0x20, 0x00, 0x00, 0x00, 0x00, 0x00, 0x01,
  0x11, 0x11, 0x12, 0x11, 0x22, 0x22, 0x10, 0x00, 0x00, 0x00, 0x00, 0x00, 0x00, 0x00, 0x00, 0x00,
  0x00, 0x00, 0x00, 0x00, 0x00, 0x00, 0x00, 0x00, 0x00, 0x00, 0x00, 0x00, 0x00, 0x01, 0x11, 0x00,
  0x00, 0x00, 0x00, 0x00, 0x00, 0x00, 0x00, 0x00, 0x00, 0x00, 0x01, 0x11, 0x00, 0x00, 0x00, 0x00,
  0x00, 0x01, 0x11, 0x11, 0x11, 0x11, 0x00, 0x11, 0x11, 0x11, 0x12, 0x11, 0x22, 0x22, 0x11, 0x11,
  0x11, 0x11, 0x11, 0x11, 0x11, 0x11, 0x12, 0x21, 0x22, 0x22, 0x22, 0x22, 0x11, 0x22, 0x22, 0x12,
  0x22, 0x22, 0x22, 0x22, 0x22, 0x21, 0x22, 0x22, 0x22, 0x22, 0x22, 0x22, 0x22, 0x12, 0x22, 0x22,
  0x22, 0x22, 0x22, 0x21, 0x11, 0x11, 0x11, 0x11, 0x11, 0x22, 0x22, 0x22, 0x22, 0x11, 0x00, 0x00,
  0x00, 0x00, 0x00, 0x00, 0x00, 0x00, 0x00, 0x00, 0x00, 0x00, 0x00, 0x00, 0x00, 0x00, 0x00, 0x00,
  0x00, 0x00, 0x00, 0x00, 0x01, 0x11, 0x12, 0x21, 0x21, 0x12, 0x11, 0x11, 0x11, 0x00, 0x00, 0x00,
  0x22, 0x11, 0x01, 0x11, 0x02, 0x23, 0x32, 0x02, 0x11, 0x22, 0x22, 0x32, 0x23, 0x22, 0x23, 0x23,
  0x30, 0x13, 0x32, 0x11, 0x11, 0x01, 0x11, 0x33, 0x30, 0x33, 0x13, 0x23, 0x22, 0x20, 0x00, 0x00,
  0x00, 0x00, 0x00, 0x00, 0x00, 0x00, 0x01, 0x00, 0x12, 0x22, 0x00, 0x00, 0x00, 0x00, 0x00, 0x00,
  0x00, 0x00, 0x00, 0x00, 0x00, 0x00, 0x00, 0x00, 0x00, 0x00, 0x00, 0x00, 0x00, 0x00, 0x00, 0x00,
  0x00, 0x12, 0x21, 0x00, 0x00, 0x00, 0x00, 0x00, 0x00, 0x00, 0x00, 0x00, 0x00, 0x00, 0x00, 0x00,
  0x00, 0x00, 0x00, 0x00, 0x00, 0x00, 0x00, 0x12, 0x11, 0x10, 0x01, 0x22, 0x22, 0x22, 0x11, 0x11,
  0x12, 0x22, 0x00, 0x10, 0x00, 0x00, 0x00, 0x00, 0x00, 0x00, 0x02, 0x11, 0x22, 0x22, 0x22, 0x22,
  0x22, 0x22, 0x22, 0x22, 0x22, 0x22, 0x22, 0x22, 0x22, 0x22, 0x22, 0x22, 0x22, 0x22, 0x22, 0x22,
  0x22, 0x22, 0x22, 0x22, 0x22, 0x22, 0x22, 0x21, 0x21, 0x10, 0x00, 0x10, 0x00, 0x12, 0x22, 0x22,
  0x22, 0x11, 0x00, 0x00, 0x00, 0x00, 0x00, 0x00, 0x00, 0x00, 0x00, 0x00, 0x00, 0x00, 0x00, 0x00,
  0x00, 0x00, 0x00, 0x00, 0x00, 0x00, 0x00, 0x00, 0x00, 0x00, 0x01, 0x00, 0x00, 0x00, 0x00, 0x00,
  0x00, 0x00, 0x00, 0x00, 0x23, 0x11, 0x11, 0x11, 0x11, 0x23, 0x33, 0x21, 0x11, 0x11, 0x33, 0x3d,
  0xd2, 0x01, 0x23, 0xd3, 0x3d, 0xd3, 0x23, 0x21, 0x11, 0x11, 0x12, 0x33, 0x33, 0x33, 0x23, 0x23,
  0x22, 0x20, 0x00, 0x00, 0x00, 0x00, 0x00, 0x00, 0x00, 0x00, 0x00, 0x00, 0x01, 0x11, 0x00, 0x00,
  0x00, 0x00, 0x00, 0x00, 0x00, 0x00, 0x00, 0x00, 0x00, 0x00, 0x00, 0x00, 0x00, 0x00, 0x00, 0x00,
  0x00, 0x00, 0x00, 0x00, 0x00, 0x01, 0x11, 0x11, 0x00, 0x00, 0x00, 0x00, 0x00, 0x00, 0x00, 0x00,
  0x00, 0x00, 0x00, 0x00, 0x00, 0x00, 0x00, 0x00, 0x00, 0x00, 0x00, 0x12, 0x22, 0x10, 0x00, 0x11,
  0x11, 0x11, 0x11, 0x11, 0x11, 0x11, 0x00, 0x00, 0x00, 0x00, 0x00, 0x00, 0x01, 0x00, 0x01, 0x11,
  0x22, 0x22, 0x21, 0x00, 0x12, 0x22, 0x22, 0x21, 0x12, 0x22, 0x10, 0x11, 0x21, 0x12, 0x11, 0x12,
  0x21, 0x11, 0x12, 0x10, 0x00, 0x11, 0x21, 0x11, 0x12, 0x11, 0x22, 0x21, 0x11, 0x10, 0x00, 0x00,
  0x00, 0x01, 0x21, 0x22, 0x21, 0x12, 0x00, 0x00, 0x00, 0x00, 0x00, 0x00, 0x00, 0x00, 0x00, 0x00,
  0x00, 0x00, 0x00, 0x00, 0x00, 0x00, 0x00, 0x00, 0x00, 0x00, 0x00, 0x00, 0x00, 0x00, 0x00, 0x00,
  0x00, 0x00, 0x00, 0x00, 0x00, 0x00, 0x00, 0x00, 0x01, 0x22, 0x33, 0x33, 0x32, 0x22, 0x12, 0x23,
  0x33, 0x32, 0x21, 0x22, 0x21, 0x00, 0x01, 0x22, 0x22, 0x21, 0x22, 0x23, 0x33, 0x33, 0x22, 0x22,
  0x22, 0x22, 0x22, 0x22, 0x22, 0x10, 0x00, 0x00, 0x00, 0x00, 0x00, 0x00, 0x00, 0x00, 0x00, 0x00,
  0x01, 0x10, 0x00, 0x00, 0x00, 0x00, 0x00, 0x00, 0x00, 0x00, 0x00, 0x00, 0x00, 0x00, 0x00, 0x00,
  0x00, 0x00, 0x00, 0x00, 0x00, 0x00, 0x00, 0x00, 0x00, 0x00, 0x11, 0x00, 0x00, 0x00, 0x00, 0x00,
  0x00, 0x00, 0x00, 0x00, 0x00, 0x00, 0x00, 0x00, 0x00, 0x00, 0x00, 0x00, 0x00, 0x00, 0x00, 0x11,
  0x11, 0x10, 0x00, 0x11, 0x11, 0x11, 0x11, 0x11, 0x11, 0x11, 0x00, 0x00, 0x00, 0x00, 0x00, 0x00,
  0x00, 0x00, 0x01, 0x11, 0x11, 0x11, 0x10, 0x00, 0x11, 0x11, 0x11, 0x11, 0x11, 0x10, 0x00, 0x01,
  0x11, 0x11, 0x00, 0x01, 0x11, 0x11, 0x11, 0x10, 0x00, 0x11, 0x11, 0x11, 0x11, 0x11, 0x11, 0x11,
  0x11, 0x10, 0x00, 0x00, 0x00, 0x01, 0x11, 0x11, 0x11, 0x11, 0x00, 0x00, 0x00, 0x00, 0x00, 0x00,
  0x00, 0x00, 0x00, 0x00, 0x00, 0x00, 0x00, 0x00, 0x00, 0x00, 0x00, 0x00, 0x00, 0x00, 0x00, 0x00,
  0x00, 0x00, 0x00, 0x00, 0x00, 0x00, 0x00, 0x00, 0x00, 0x00, 0x00, 0x00, 0x00, 0x01, 0x00, 0x00,
  0x00, 0x00, 0x00, 0x10, 0x00, 0x00, 0x00, 0x00, 0x01, 0x00, 0x00, 0x00, 0x00, 0x00, 0x00, 0x00,
  0x00, 0x00, 0x00, 0x00, 0x00, 0x00, 0x00, 0x00, 0x01, 0x00, 0x00, 0x00, 0x00, 0x00, 0x00, 0x00,
  0x00, 0x00, 0x00, 0x00, 0x00, 0x00, 0x00, 0x00, 0x00, 0x00, 0x00, 0x00, 0x00, 0x00, 0x00, 0x00,
  0x00, 0x00, 0x00, 0x00, 0x00, 0x00, 0x00, 0x00, 0x00, 0x00, 0x00, 0x00, 0x00, 0x00, 0x00, 0x00,
  0x00, 0x00, 0x00, 0x00, 0x00, 0x00, 0x00, 0x00, 0x00, 0x00, 0x00, 0x00, 0x00, 0x00, 0x00, 0x00,
  0x00, 0x00, 0x00, 0x00, 0x00, 0x00, 0x00, 0x00, 0x00, 0x00, 0x00, 0x00, 0x00, 0x00, 0x00, 0x00,
  0x00, 0x00, 0x00, 0x00, 0x00, 0x00, 0x00, 0x00, 0x00, 0x00, 0x00, 0x00, 0x00, 0x00, 0x00, 0x00,
  0x00, 0x00, 0x00, 0x00, 0x00, 0x00, 0x00, 0x00, 0x00, 0x00, 0x00, 0x00, 0x00, 0x00, 0x00, 0x00,
  0x00, 0x00, 0x00, 0x00, 0x00, 0x00, 0x00, 0x00, 0x00, 0x00, 0x00, 0x00, 0x00, 0x00, 0x00, 0x00,
  0x00, 0x00, 0x00, 0x00, 0x00, 0x00, 0x00, 0x00, 0x00, 0x00, 0x00, 0x00, 0x00, 0x00, 0x00, 0x00,
  0x00, 0x00, 0x00, 0x00, 0x00, 0x00, 0x00, 0x00, 0x00, 0x00, 0x00, 0x00, 0x00, 0x00, 0x00, 0x00,
  0x00, 0x00, 0x00, 0x00, 0x00, 0x00, 0x00, 0x00, 0x00, 0x00, 0x00, 0x00, 0x00, 0x00, 0x00, 0x00,
  0x00, 0x00, 0x00, 0x00, 0x00, 0x00, 0x00, 0x00, 0x00, 0x00, 0x00, 0x00, 0x00, 0x00, 0x00, 0x00,
  0x00, 0x00, 0x00, 0x00, 0x00, 0x00, 0x00, 0x00, 0x00, 0x00, 0x00, 0x00, 0x00, 0x00, 0x00, 0x00,
  0x00, 0x00, 0x00, 0x00, 0x00, 0x00, 0x00, 0x00, 0x00, 0x00, 0x00, 0x00, 0x00, 0x00, 0x00, 0x00,
  0x00, 0x00, 0x00, 0x00, 0x00, 0x00, 0x00, 0x00, 0x00, 0x00, 0x00, 0x00, 0x00, 0x00, 0x00, 0x00,
  0x00, 0x00, 0x00, 0x00, 0x00, 0x00, 0x00, 0x00, 0x00, 0x00, 0x00, 0x00, 0x00, 0x00, 0x00, 0x00,
  0x00, 0x00, 0x00, 0x00, 0x00, 0x00, 0x00, 0x00, 0x00, 0x00, 0x00, 0x00, 0x00, 0x00, 0x00, 0x00,
  0x00, 0x00, 0x00, 0x00, 0x00, 0x00, 0x00, 0x00, 0x00, 0x00, 0x00, 0x00, 0x00, 0x00, 0x00, 0x00,
  0x00, 0x00, 0x00, 0x00, 0x00, 0x00, 0x00, 0x00, 0x00, 0x00, 0x00, 0x00, 0x00, 0x00, 0x00, 0x00,
  0x00, 0x00, 0x00, 0x00, 0x00, 0x00, 0x00, 0x00, 0x00, 0x00, 0x00, 0x00, 0x00, 0x00, 0x00, 0x00,
  0x00, 0x00, 0x00, 0x00, 0x00, 0x00, 0x00, 0x00, 0x00, 0x00, 0x00, 0x00, 0x00, 0x00, 0x00, 0x00,
  0x00, 0x00, 0x00, 0x00, 0x00, 0x00, 0x00, 0x00, 0x00, 0x00, 0x00, 0x00, 0x00, 0x00, 0x00, 0x00,
  0x00, 0x00, 0x00, 0x00, 0x00, 0x00, 0x00, 0x00, 0x00, 0x00, 0x00, 0x00, 0x00, 0x00, 0x00, 0x00,
  0x00, 0x00, 0x00, 0x00, 0x00, 0x00, 0x00, 0x00, 0x00, 0x00, 0x00, 0x00, 0x00, 0x00, 0x00, 0x00,
  0x00, 0x00, 0x00, 0x00, 0x00, 0x00, 0x00, 0x00, 0x00, 0x00, 0x00, 0x00, 0x00, 0x00, 0x00, 0x00,
  0x00, 0x00, 0x00, 0x00, 0x00, 0x00, 0x00, 0x00, 0x00, 0x00, 0x00, 0x00, 0x00, 0x00, 0x00, 0x00,
  0x00, 0x00, 0x00, 0x00, 0x00, 0x00, 0x00, 0x00, 0x00, 0x00, 0x00, 0x00, 0x00, 0x00, 0x00, 0x00,
  0x00, 0x00, 0x00, 0x00, 0x00, 0x00, 0x00, 0x00, 0x00, 0x00, 0x00, 0x00, 0x00, 0x00, 0x00, 0x00,
  0x00, 0x00, 0x00, 0x00, 0x00, 0x00, 0x00, 0x00, 0x00, 0x00, 0x00, 0x00, 0x00, 0x00, 0x00, 0x00,
  0x00, 0x00, 0x00, 0x00, 0x00, 0x00, 0x00, 0x00, 0x00, 0x00, 0x00, 0x00, 0x00, 0x00, 0x00, 0x00,
  0x00, 0x00, 0x00, 0x00, 0x00, 0x00, 0x00, 0x00, 0x00, 0x00, 0x00, 0x00, 0x00, 0x00, 0x00, 0x00,
  0x00, 0x00, 0x00, 0x00, 0x00, 0x00, 0x00, 0x00, 0x00, 0x00, 0x00, 0x00, 0x00, 0x00, 0x00, 0x00,
  0x00, 0x00, 0x00, 0x00, 0x00, 0x00, 0x00, 0x00, 0x00, 0x00, 0x00, 0x00, 0x00, 0x00, 0x00, 0x00,
  0x00, 0x00, 0x00, 0x00, 0x00, 0x00, 0x00, 0x00, 0x00, 0x00, 0x00, 0x00, 0x00, 0x00, 0x00, 0x00,
  0x00, 0x00, 0x00, 0x00, 0x00, 0x00, 0x00, 0x00, 0x00, 0x00, 0x00, 0x00, 0x00, 0x00, 0x00, 0x00,
  0x00, 0x00, 0x00, 0x00, 0x00, 0x00, 0x00, 0x00, 0x00, 0x00, 0x00, 0x00, 0x00, 0x00, 0x00, 0x00,
  0x00, 0x00, 0x00, 0x00, 0x00, 0x00, 0x00, 0x00, 0x00, 0x00, 0x00, 0x00, 0x00, 0x00, 0x00, 0x00,
  0x00, 0x00, 0x00, 0x00, 0x00, 0x00, 0x00, 0x00, 0x00, 0x00, 0x00, 0x00, 0x00, 0x00, 0x00, 0x00,
  0x00, 0x00, 0x00, 0x00, 0x00, 0x00, 0x00, 0x00, 0x00, 0x00, 0x00, 0x00, 0x00, 0x00, 0x00, 0x00,
  0x00, 0x00, 0x00, 0x00, 0x00, 0x00, 0x00, 0x00, 0x00, 0x00, 0x00, 0x00, 0x00, 0x00, 0x00, 0x00,
  0x00, 0x00, 0x00, 0x00, 0x00, 0x00, 0x00, 0x00, 0x00, 0x00, 0x00, 0x00, 0x00, 0x00, 0x00, 0x00,
  0x00, 0x00, 0x00, 0x00, 0x00, 0x00, 0x00, 0x00, 0x00, 0x00, 0x00, 0x00, 0x00, 0x00, 0x00, 0x00,
  0x00, 0x00, 0x00, 0x00, 0x00, 0x00, 0x00, 0x00, 0x00, 0x00, 0x00, 0x00, 0x00, 0x00, 0x00, 0x00,
  0x00, 0x00, 0x00, 0x00, 0x00, 0x00, 0x00, 0x00, 0x00, 0x00, 0x00, 0x00, 0x00, 0x00, 0x00, 0x00,
  0x00, 0x00, 0x00, 0x00, 0x00, 0x00, 0x00, 0x00, 0x00, 0x00, 0x00, 0x00, 0x00, 0x00, 0x00, 0x00,
  0x00, 0x00, 0x00, 0x00, 0x00, 0x00, 0x00, 0x00, 0x00, 0x00, 0x00, 0x00, 0x10, 0x00, 0x00, 0x00,
  0x00, 0x00, 0x00, 0x00, 0x00, 0x00, 0x00, 0x00, 0x00, 0x00, 0x00, 0x00, 0x00, 0x00, 0x00, 0x00,
  0x00, 0x00, 0x00, 0x00, 0x00, 0x00, 0x00, 0x00, 0x00, 0x00, 0x00, 0x00, 0x00, 0x00, 0x00, 0x00,
  0x00, 0x00, 0x00, 0x00, 0x00, 0x00, 0x00, 0x00, 0x00, 0x00, 0x00, 0x00, 0x00, 0x00, 0x00, 0x00,
  0x00, 0x00, 0x00, 0x00, 0x00, 0x00, 0x00, 0x00, 0x00, 0x00, 0x00, 0x00, 0x00, 0x00, 0x00, 0x00,
  0x00, 0x00, 0x00, 0x00, 0x00, 0x00, 0x00, 0x00, 0x00, 0x00, 0x00, 0x00, 0x00, 0x00, 0x00, 0x00,
  0x00, 0x00, 0x00, 0x00, 0x00, 0x00, 0x00, 0x00, 0x00, 0x00, 0x00, 0x00, 0x00, 0x00, 0x00, 0x00,
  0x00, 0x00, 0x00, 0x00, 0x00, 0x00, 0x00, 0x00, 0x00, 0x00, 0x00, 0x00, 0x00, 0x00, 0x00, 0x00,
  0x00, 0x00, 0x00, 0x00, 0x00, 0x00, 0x00, 0x00, 0x00, 0x00, 0x00, 0x00, 0x00, 0x00, 0x00, 0x00,
  0x00, 0x00, 0x00, 0x00, 0x00, 0x00, 0x00, 0x00, 0x00, 0x00, 0x00, 0x00, 0x00, 0x00, 0x00, 0x00,
  0x00, 0x00, 0x00, 0x00, 0x00, 0x00, 0x00, 0x00, 0x00, 0x00, 0x00, 0x00, 0x00, 0x00, 0x00, 0x00,
  0x00, 0x00, 0x00, 0x00, 0x00, 0x00, 0x00, 0x00, 0x00, 0x00, 0x00, 0x00, 0x00, 0x00, 0x00, 0x00,
};

const lv_img_dsc_t _watch_360x360 = {
  .header.always_zero = 0,
  .header.w = 360,
  .header.h = 360,
  .data_size = 64864,
  .header.cf = LV_IMG_CF_INDEXED_4BIT,
  .data = _watch_360x360_map,
};
